{"type":"FeatureCollection","name":"canals","crs":{"type":"name","properties":{"name":"urn:ogc:def:crs:OGC:1.3:CRS84"}},"features":[{"type":"Feature","properties":{"fid":1,"osm_id":"23185857","code":8103,"fclass":"canal","width":0,"name":null},"geometry":{"type":"MultiLineString","coordinates":[[[79.8874,6.905],[79.8886,6.9048],[79.8898,6.9049],[79.891,6.9052],[79.8937,6.9049],[79.8947,6.9046],[79.8966,6.9032],[79.897,6.9031],[79.8974,6.9031],[79.8991,6.9037],[79.9008,6.9034],[79.9013,6.9028],[79.9021,6.903]]]}},{"type":"Feature","properties":{"fid":2,"osm_id":"23811051","code":8103,"fclass":"canal","width":0,"name":null},"geometry":{"type":"MultiLineString","coordinates":[[[79.8863,6.9245],[79.886,6.9225],[79.8864,6.921]]]}},{"type":"Feature","properties":{"fid":3,"osm_id":"23811071","code":8103,"fclass":"canal","width":0,"name":null},"geometry":{"type":"MultiLineString","coordinates":[[[79.8834,6.9012],[79.8841,6.902],[79.8857,6.9043],[79.8865,6.905],[79.8874,6.905]]]}},{"type":"Feature","properties":{"fid":4,"osm_id":"28509584","code":8103,"fclass":"canal","width":0,"name":"Hamilton Canal"},"geometry":{"type":"MultiLineString","coordinates":[[[79.8371,7.2079],[79.848,7.2334],[79.8479,7.2348],[79.8469,7.239],[79.8467,7.2395],[79.8459,7.2402],[79.8451,7.2421],[79.8452,7.2456],[79.8448,7.2465],[79.8451,7.2509],[79.8451,7.2554],[79.8448,7.2575],[79.844,7.2583],[79.8438,7.2587],[79.844,7.2599],[79.8445,7.2616],[79.8442,7.2631],[79.8441,7.2673],[79.8446,7.2678],[79.8474,7.269]]]}},{"type":"Feature","properties":{"fid":5,"osm_id":"29484289","code":8103,"fclass":"canal","width":0,"name":"Beira Lake"},"geometry":{"type":"MultiLineString","coordinates":[[[79.8481,6.9331],[79.8482,6.932]]]}},{"type":"Feature","properties":{"fid":6,"osm_id":"48797701","code":8103,"fclass":"canal","width":0,"name":null},"geometry":{"type":"MultiLineString","coordinates":[[[79.8741,6.9434],[79.8751,6.9444],[79.8755,6.9451],[79.8766,6.949],[79.8764,6.9492],[79.8753,6.9495],[79.8749,6.95],[79.8747,6.9508],[79.8749,6.9523],[79.8757,6.953],[79.8765,6.9546],[79.8769,6.9548],[79.8772,6.9552],[79.8774,6.9558],[79.8787,6.9579],[79.8792,6.9583]]]}},{"type":"Feature","properties":{"fid":7,"osm_id":"48797702","code":8103,"fclass":"canal","width":10,"name":null},"geometry":{"type":"MultiLineString","coordinates":[[[79.8741,6.9434],[79.8724,6.9422],[79.8713,6.9418],[79.8706,6.9405],[79.8702,6.9391],[79.8689,6.9377],[79.8681,6.9375],[79.8666,6.9364],[79.8632,6.9345],[79.8606,6.9336],[79.8578,6.9323],[79.8574,6.9323]]]}},{"type":"Feature","properties":{"fid":8,"osm_id":"48797739","code":8103,"fclass":"canal","width":0,"name":"Kirulapana Canal"},"geometry":{"type":"MultiLineString","coordinates":[[[79.9033,6.9062],[79.902,6.9032],[79.9021,6.9027],[79.902,6.9015],[79.9012,6.8975],[79.9009,6.8971],[79.8986,6.8949],[79.8981,6.8942],[79.8971,6.8932],[79.8966,6.8923],[79.8956,6.8918],[79.895,6.8897],[79.8928,6.8839],[79.89,6.8835],[79.8858,6.8839],[79.885,6.8841],[79.8845,6.8846],[79.8826,6.8878],[79.8812,6.8886],[79.8795,6.8889],[79.8752,6.8879],[79.8734,6.8868],[79.8726,6.886],[79.8647,6.8824],[79.8631,6.881],[79.8617,6.8802],[79.8559,6.8786]]]}},{"type":"Feature","properties":{"fid":9,"osm_id":"48892625","code":8103,"fclass":"canal","width":0,"name":"Nedimala Canal"},"geometry":{"type":"MultiLineString","coordinates":[[[79.8891,6.8429],[79.8888,6.8433],[79.885,6.8447],[79.8775,6.8464],[79.8773,6.847],[79.8772,6.8501],[79.8781,6.8568],[79.8781,6.8577],[79.877,6.8603],[79.8761,6.8612],[79.8753,6.8616],[79.8724,6.8618],[79.8696,6.8623],[79.8682,6.8639],[79.8675,6.8645],[79.865,6.8646]]]}},{"type":"Feature","properties":{"fid":10,"osm_id":"48902900","code":8103,"fclass":"canal","width":0,"name":null},"geometry":{"type":"MultiLineString","coordinates":[[[79.9496,6.8904],[79.951,6.8907],[79.9525,6.8905],[79.9568,6.8886],[79.9574,6.8887],[79.9596,6.8893],[79.9603,6.8898],[79.9607,6.8904],[79.9632,6.893],[79.9647,6.895],[79.9663,6.8959],[79.9665,6.8962],[79.9666,6.897],[79.9666,6.8992],[79.9632,6.9061]]]}},{"type":"Feature","properties":{"fid":11,"osm_id":"48960854","code":8103,"fclass":"canal","width":0,"name":"Hamilton Canal"},"geometry":{"type":"MultiLineString","coordinates":[[[79.8745,6.9808],[79.8742,6.9936],[79.874,6.9942],[79.8688,7.0051],[79.8639,7.039],[79.8634,7.0412],[79.858,7.0625],[79.8565,7.0677],[79.8479,7.0936],[79.8488,7.1083],[79.8493,7.1094]]]}},{"type":"Feature","properties":{"fid":12,"osm_id":"49331742","code":8103,"fclass":"canal","width":0,"name":null},"geometry":{"type":"MultiLineString","coordinates":[[[79.8994,6.9108],[79.9005,6.9108],[79.9013,6.9117],[79.902,6.912]]]}},{"type":"Feature","properties":{"fid":13,"osm_id":"50315992","code":8103,"fclass":"canal","width":0,"name":null},"geometry":{"type":"MultiLineString","coordinates":[[[80.0063,7.2187],[80.0048,7.2182],[80.0047,7.2187],[80.004,7.2187],[80.0022,7.2183],[79.9996,7.2172],[79.9988,7.2173],[79.9982,7.2177],[79.9966,7.2181],[79.994,7.22],[79.9931,7.2209],[79.9911,7.222],[79.9909,7.2218],[79.9906,7.2217],[79.9903,7.2219],[79.9901,7.2218],[79.9896,7.2226],[79.9887,7.2232],[79.9877,7.2249],[79.9874,7.2249],[79.9871,7.2253],[79.9861,7.2257],[79.9847,7.2251],[79.9842,7.2255],[79.9839,7.226],[79.9836,7.2261],[79.9831,7.227],[79.9832,7.2277],[79.9827,7.2281],[79.9824,7.2282],[79.9818,7.2278],[79.9812,7.2279],[79.9803,7.2279],[79.98,7.2282],[79.9795,7.2279],[79.9793,7.2281],[79.9787,7.2282],[79.9785,7.228],[79.9773,7.2278],[79.9766,7.2279],[79.9754,7.2282],[79.9748,7.2281],[79.9744,7.2282],[79.9745,7.2289],[79.974,7.2292],[79.9739,7.2295],[79.9726,7.2298],[79.9712,7.2297],[79.9704,7.2301],[79.9702,7.2305],[79.9693,7.2307],[79.9692,7.2306],[79.9693,7.2304],[79.9678,7.231],[79.9678,7.2309],[79.9672,7.2308],[79.9666,7.2299],[79.9668,7.2295],[79.9666,7.2291],[79.9663,7.2288],[79.9661,7.228],[79.9661,7.2279],[79.9665,7.2278],[79.967,7.2274],[79.9667,7.2271],[79.9672,7.2268],[79.9673,7.2263],[79.9668,7.2263],[79.9667,7.2257],[79.9669,7.2249],[79.9672,7.2247],[79.9672,7.2245],[79.967,7.224],[79.966,7.2235],[79.9658,7.2224],[79.9653,7.2222],[79.9653,7.222],[79.9648,7.2218],[79.9647,7.2213],[79.965,7.2212],[79.9647,7.2206],[79.964,7.2189],[79.9637,7.2186],[79.9636,7.2179],[79.9638,7.2176],[79.9635,7.2171],[79.9629,7.2172],[79.9628,7.2166],[79.9626,7.2163],[79.9625,7.2164],[79.9621,7.2161],[79.9622,7.2159],[79.9617,7.2151],[79.9616,7.2149],[79.9613,7.2149],[79.9612,7.2147],[79.9605,7.2145],[79.9605,7.214],[79.9602,7.2139],[79.9598,7.214],[79.9593,7.2136],[79.9589,7.2138],[79.9586,7.2136],[79.9574,7.2137],[79.9572,7.2135],[79.9566,7.2135],[79.9559,7.2137],[79.9551,7.2135],[79.9543,7.2137],[79.9542,7.2134],[79.9535,7.2136],[79.9531,7.2141],[79.9523,7.2144],[79.9505,7.2143],[79.9497,7.2152],[79.9494,7.2151],[79.9492,7.2155],[79.9493,7.2157],[79.9488,7.2161],[79.9481,7.2164],[79.9479,7.2163],[79.9476,7.217],[79.9473,7.217],[79.9469,7.2167],[79.9463,7.2172],[79.9463,7.2174],[79.9458,7.2173],[79.9451,7.2187],[79.9453,7.219],[79.945,7.2193],[79.9448,7.2198],[79.945,7.2205],[79.9449,7.2208],[79.9453,7.2208],[79.9451,7.2217],[79.9449,7.2219],[79.945,7.2225],[79.9438,7.2239],[79.9431,7.2242],[79.9434,7.2246],[79.9434,7.225],[79.9432,7.225],[79.9433,7.2253],[79.9431,7.2265],[79.9422,7.227],[79.9421,7.2272],[79.9423,7.2275],[79.9421,7.2278],[79.9408,7.2287],[79.9402,7.2289],[79.9401,7.2292],[79.9395,7.2289],[79.9392,7.229],[79.939,7.2295],[79.9372,7.2296],[79.9371,7.2302],[79.9365,7.2302],[79.9363,7.2314],[79.934,7.2316],[79.9331,7.2315],[79.9328,7.2312],[79.9301,7.2303],[79.9298,7.23],[79.9296,7.2294],[79.9289,7.2298],[79.9282,7.23],[79.9278,7.2294],[79.9277,7.229],[79.9266,7.2291],[79.926,7.2282],[79.9254,7.2279],[79.9252,7.2282],[79.9247,7.2282],[79.924,7.2287],[79.9233,7.2288],[79.9224,7.2294],[79.9222,7.2295],[79.922,7.2292],[79.9216,7.2294],[79.9213,7.2287],[79.921,7.2286],[79.9209,7.2283],[79.9206,7.2283],[79.9205,7.2285],[79.9201,7.2283],[79.9202,7.227],[79.9197,7.2268],[79.9196,7.2263],[79.9187,7.2267],[79.9185,7.2263],[79.9181,7.2261],[79.9178,7.2255],[79.9174,7.2254],[79.9165,7.2258],[79.9162,7.2257],[79.9159,7.2244],[79.9164,7.2241],[79.9164,7.2239],[79.915,7.2235],[79.9147,7.2228],[79.9144,7.2226],[79.9127,7.2223],[79.9125,7.2218],[79.9111,7.2211],[79.911,7.2206],[79.91,7.2205],[79.9091,7.2197],[79.9087,7.2189],[79.9085,7.2188],[79.9078,7.2189],[79.9075,7.2186],[79.9051,7.217],[79.9049,7.2169],[79.9048,7.2172],[79.9042,7.2171],[79.9034,7.2164],[79.9034,7.2156],[79.9027,7.2153],[79.9026,7.2149],[79.9024,7.2148],[79.902,7.2149],[79.9012,7.2142],[79.901,7.2145],[79.9011,7.2152],[79.9008,7.2154],[79.8995,7.2144],[79.8993,7.2138],[79.8985,7.2133],[79.898,7.2132],[79.8964,7.2135],[79.8953,7.2134],[79.8955,7.212],[79.8952,7.2115],[79.8953,7.2114],[79.8955,7.2117],[79.8956,7.2115],[79.8947,7.2106],[79.8947,7.21],[79.8943,7.2099],[79.8938,7.2103],[79.8936,7.2103],[79.8933,7.2095],[79.8937,7.2093],[79.8935,7.209],[79.8937,7.2089],[79.8936,7.2088],[79.8932,7.2086],[79.8931,7.209],[79.8929,7.2087],[79.8925,7.2088],[79.8921,7.2081],[79.8921,7.2071],[79.8915,7.2066],[79.8914,7.2067],[79.8914,7.2069],[79.891,7.2069],[79.8906,7.2065],[79.8908,7.2061],[79.8906,7.2058],[79.8903,7.206],[79.8896,7.2059],[79.8894,7.2062],[79.8895,7.2064],[79.8891,7.2068],[79.8886,7.2068],[79.8879,7.2065],[79.8878,7.2069],[79.8871,7.2065],[79.8869,7.2062],[79.8865,7.206],[79.8866,7.2056],[79.8871,7.2051],[79.8872,7.2031],[79.8875,7.2029],[79.8878,7.2017],[79.8884,7.2016],[79.8888,7.2012],[79.8892,7.2006],[79.8893,7.1996],[79.8898,7.1991],[79.8895,7.1982],[79.8891,7.1981],[79.8888,7.1974],[79.8889,7.1967],[79.8892,7.1967],[79.8893,7.1969],[79.8897,7.1969],[79.8901,7.1964],[79.8905,7.1962],[79.8906,7.1958],[79.8911,7.1956],[79.8938,7.196],[79.8942,7.1959],[79.8957,7.1948],[79.8964,7.1934],[79.8968,7.1931],[79.8971,7.1923],[79.8973,7.1919],[79.897,7.1909],[79.8962,7.1893],[79.896,7.1882],[79.8974,7.187],[79.8975,7.1859],[79.8977,7.1855],[79.8975,7.1846],[79.8979,7.1844],[79.8979,7.1841],[79.8979,7.1838],[79.8974,7.1834],[79.8969,7.1832],[79.8962,7.1815],[79.8962,7.1812],[79.8964,7.1809],[79.8981,7.1808],[79.8982,7.1803],[79.8978,7.1795],[79.8989,7.1783],[79.8991,7.1776],[79.8985,7.1766],[79.8966,7.1769],[79.8959,7.1768],[79.8946,7.1749],[79.8945,7.1746],[79.8953,7.1741],[79.8954,7.1732],[79.8958,7.1717],[79.8968,7.1704],[79.8971,7.1701],[79.898,7.1698],[79.8989,7.1699],[79.8994,7.1696],[79.8994,7.1694],[79.8988,7.1691],[79.8986,7.1687],[79.8991,7.1685],[79.8993,7.1675],[79.9001,7.1671],[79.901,7.1673]]]}},{"type":"Feature","properties":{"fid":14,"osm_id":"50539761","code":8103,"fclass":"canal","width":0,"name":null},"geometry":{"type":"MultiLineString","coordinates":[[[79.874,6.8757],[79.8739,6.8765],[79.873,6.8785],[79.8727,6.8791],[79.8712,6.8805],[79.871,6.8808],[79.8713,6.8854]]]}},{"type":"Feature","properties":{"fid":15,"osm_id":"50633766","code":8103,"fclass":"canal","width":0,"name":null},"geometry":{"type":"MultiLineString","coordinates":[[[79.8817,6.9185],[79.8832,6.9184],[79.8843,6.9175],[79.8864,6.9173]]]}},{"type":"Feature","properties":{"fid":16,"osm_id":"50634199","code":8103,"fclass":"canal","width":5,"name":null},"geometry":{"type":"MultiLineString","coordinates":[[[79.8827,6.8997],[79.8817,6.8996],[79.8799,6.9],[79.8795,6.8999],[79.8788,6.8993],[79.878,6.8995],[79.8765,6.8995],[79.8756,6.8993]]]}},{"type":"Feature","properties":{"fid":17,"osm_id":"50634200","code":8103,"fclass":"canal","width":5,"name":null},"geometry":{"type":"MultiLineString","coordinates":[[[79.8721,6.9093],[79.8726,6.9093],[79.873,6.9088],[79.874,6.9087],[79.8744,6.9082],[79.8755,6.9075]]]}},{"type":"Feature","properties":{"fid":18,"osm_id":"50634201","code":8103,"fclass":"canal","width":5,"name":null},"geometry":{"type":"MultiLineString","coordinates":[[[79.8756,6.8993],[79.8749,6.8986],[79.8722,6.8977],[79.8707,6.8969],[79.8701,6.8952],[79.8686,6.8938],[79.8687,6.8936]]]}},{"type":"Feature","properties":{"fid":19,"osm_id":"50740178","code":8103,"fclass":"canal","width":0,"name":null},"geometry":{"type":"MultiLineString","coordinates":[[[79.8937,6.9188],[79.8931,6.9191],[79.892,6.9201]]]}},{"type":"Feature","properties":{"fid":20,"osm_id":"51133937","code":8103,"fclass":"canal","width":0,"name":null},"geometry":{"type":"MultiLineString","coordinates":[[[79.8741,6.7949],[79.8727,6.7947]]]}},{"type":"Feature","properties":{"fid":21,"osm_id":"51133938","code":8103,"fclass":"canal","width":0,"name":null},"geometry":{"type":"MultiLineString","coordinates":[[[79.8741,6.7949],[79.8742,6.7955],[79.8744,6.796],[79.8751,6.7968],[79.8754,6.7977],[79.8752,6.7984],[79.8745,6.7993],[79.8743,6.8],[79.8748,6.8018],[79.8747,6.8022],[79.8744,6.8028],[79.8731,6.804],[79.8729,6.805],[79.8727,6.8054],[79.8722,6.8058],[79.8722,6.8064],[79.8719,6.8069],[79.8718,6.8083],[79.8716,6.8085],[79.8712,6.8084],[79.8709,6.8086],[79.8707,6.8091],[79.8709,6.8096],[79.8706,6.8103],[79.8702,6.8124],[79.8697,6.8136],[79.8692,6.8143],[79.8693,6.8149],[79.869,6.8153],[79.8685,6.8154],[79.8681,6.8161],[79.8679,6.8184],[79.8675,6.8197],[79.8669,6.8209],[79.8669,6.8217],[79.8678,6.822],[79.8677,6.8226],[79.8671,6.8229],[79.867,6.8242],[79.868,6.8248],[79.8681,6.825]]]}},{"type":"Feature","properties":{"fid":22,"osm_id":"51214831","code":8103,"fclass":"canal","width":0,"name":"Katu Ela"},"geometry":{"type":"MultiLineString","coordinates":[[[79.8976,6.8568],[79.8968,6.8566],[79.897,6.8558],[79.8975,6.8525]]]}},{"type":"Feature","properties":{"fid":23,"osm_id":"51270707","code":8103,"fclass":"canal","width":0,"name":null},"geometry":{"type":"MultiLineString","coordinates":[[[79.8766,6.949],[79.8775,6.9483],[79.8782,6.948]]]}},{"type":"Feature","properties":{"fid":24,"osm_id":"51271085","code":8103,"fclass":"canal","width":0,"name":null},"geometry":{"type":"MultiLineString","coordinates":[[[79.8685,6.9498],[79.8694,6.9514],[79.8701,6.9519],[79.8709,6.9533],[79.8669,6.9539],[79.8663,6.9538],[79.8657,6.9547],[79.8653,6.9547],[79.8647,6.9549],[79.8649,6.9556],[79.8648,6.9564],[79.8627,6.9578]]]}},{"type":"Feature","properties":{"fid":25,"osm_id":"51272612","code":8103,"fclass":"canal","width":0,"name":null},"geometry":{"type":"MultiLineString","coordinates":[[[79.8693,6.9696],[79.8694,6.9701],[79.8703,6.9703],[79.8705,6.9711],[79.8726,6.9717],[79.8729,6.972],[79.8733,6.9735],[79.8733,6.974],[79.8726,6.974],[79.8726,6.9749],[79.8728,6.9754],[79.8711,6.9772]]]}},{"type":"Feature","properties":{"fid":26,"osm_id":"52241112","code":8103,"fclass":"canal","width":0,"name":null},"geometry":{"type":"MultiLineString","coordinates":[[[79.9023,6.929],[79.9004,6.9281],[79.8997,6.9283],[79.8987,6.9288],[79.898,6.9297],[79.8979,6.9303],[79.8974,6.9309],[79.8973,6.9311],[79.8977,6.932],[79.8976,6.9333],[79.8984,6.9345],[79.8985,6.9351],[79.8978,6.9365],[79.8973,6.9369],[79.8972,6.9381],[79.8967,6.9385],[79.8969,6.94],[79.8968,6.9404],[79.8964,6.9405],[79.8956,6.9402],[79.8948,6.9412],[79.8938,6.941],[79.8934,6.9407],[79.8926,6.9405],[79.891,6.9415],[79.8904,6.941],[79.8898,6.9417],[79.8883,6.9424],[79.8881,6.9426],[79.8883,6.9437],[79.888,6.9442],[79.887,6.9439],[79.8863,6.9445],[79.8858,6.9439],[79.8854,6.944],[79.8862,6.9458],[79.8898,6.9518],[79.89,6.9532],[79.8899,6.9546]]]}},{"type":"Feature","properties":{"fid":27,"osm_id":"52364437","code":8103,"fclass":"canal","width":0,"name":null},"geometry":{"type":"MultiLineString","coordinates":[[[79.9197,6.9313],[79.9193,6.9316],[79.9189,6.9317],[79.9172,6.9302],[79.9171,6.9286],[79.9168,6.9279]]]}},{"type":"Feature","properties":{"fid":28,"osm_id":"53790009","code":8103,"fclass":"canal","width":0,"name":null},"geometry":{"type":"MultiLineString","coordinates":[[[79.9132,6.9062],[79.9139,6.9053],[79.9169,6.9038],[79.9179,6.9037],[79.919,6.9041]]]}},{"type":"Feature","properties":{"fid":29,"osm_id":"54046803","code":8103,"fclass":"canal","width":0,"name":null},"geometry":{"type":"MultiLineString","coordinates":[[[79.8711,6.9538],[79.8721,6.9531],[79.8743,6.9526]]]}},{"type":"Feature","properties":{"fid":30,"osm_id":"54046829","code":8103,"fclass":"canal","width":0,"name":null},"geometry":{"type":"MultiLineString","coordinates":[[[79.8718,6.955],[79.8718,6.9546],[79.8709,6.9533]]]}},{"type":"Feature","properties":{"fid":31,"osm_id":"83986506","code":8103,"fclass":"canal","width":0,"name":null},"geometry":{"type":"MultiLineString","coordinates":[[[79.8947,6.8891],[79.8936,6.8894],[79.8932,6.8897],[79.8929,6.8908],[79.8923,6.8908],[79.8918,6.8911],[79.8917,6.8922],[79.8918,6.8923],[79.8927,6.892],[79.8934,6.8925],[79.8933,6.8928],[79.8934,6.893],[79.8945,6.8922],[79.8948,6.8924]]]}},{"type":"Feature","properties":{"fid":32,"osm_id":"98046410","code":8103,"fclass":"canal","width":0,"name":"Beira Lake"},"geometry":{"type":"MultiLineString","coordinates":[[[79.8478,6.9314],[79.8461,6.9308]]]}},{"type":"Feature","properties":{"fid":33,"osm_id":"98371193","code":8103,"fclass":"canal","width":0,"name":"Beira Lake"},"geometry":{"type":"MultiLineString","coordinates":[[[79.8484,6.9238],[79.8487,6.9229],[79.8494,6.9195],[79.85,6.9182]]]}},{"type":"Feature","properties":{"fid":34,"osm_id":"98371209","code":8103,"fclass":"canal","width":0,"name":null},"geometry":{"type":"MultiLineString","coordinates":[[[79.8697,6.8136],[79.8697,6.8138],[79.8702,6.8141],[79.8713,6.8137],[79.8727,6.8126],[79.8747,6.8105],[79.875,6.8102],[79.8761,6.8099]]]}},{"type":"Feature","properties":{"fid":35,"osm_id":"98371220","code":8103,"fclass":"canal","width":0,"name":null},"geometry":{"type":"MultiLineString","coordinates":[[[79.849,6.9329],[79.848,6.9332],[79.8475,6.938]]]}},{"type":"Feature","properties":{"fid":36,"osm_id":"98391423","code":8103,"fclass":"canal","width":0,"name":null},"geometry":{"type":"MultiLineString","coordinates":[[[79.88,6.7895],[79.8803,6.7897],[79.8814,6.7899],[79.8818,6.7901],[79.8813,6.7915],[79.8815,6.7918],[79.8821,6.7921],[79.8819,6.7926],[79.8823,6.7929],[79.8823,6.7934],[79.8829,6.7938],[79.883,6.794],[79.8831,6.7947],[79.8828,6.7949],[79.8828,6.7954],[79.8831,6.7972],[79.8827,6.7974],[79.8826,6.7982],[79.8827,6.7989],[79.8828,6.7993],[79.883,6.8005],[79.8835,6.8006],[79.8844,6.8004],[79.8848,6.8004]]]}},{"type":"Feature","properties":{"fid":37,"osm_id":"98391452","code":8103,"fclass":"canal","width":0,"name":null},"geometry":{"type":"MultiLineString","coordinates":[[[79.9402,6.6882],[79.9384,6.688],[79.9378,6.6877],[79.9364,6.6864],[79.9344,6.6838],[79.9328,6.6824],[79.9322,6.6821],[79.9307,6.6822],[79.9301,6.6824],[79.9292,6.6833],[79.9285,6.6847],[79.9274,6.6854],[79.9268,6.6855],[79.9244,6.6842],[79.9212,6.6836],[79.9196,6.683],[79.9173,6.6823]]]}},{"type":"Feature","properties":{"fid":38,"osm_id":"98963852","code":8103,"fclass":"canal","width":0,"name":null},"geometry":{"type":"MultiLineString","coordinates":[[[79.8874,6.905],[79.887,6.9048],[79.887,6.9041],[79.8864,6.9028],[79.8854,6.901],[79.8834,6.9012]]]}},{"type":"Feature","properties":{"fid":39,"osm_id":"98963853","code":8103,"fclass":"canal","width":0,"name":null},"geometry":{"type":"MultiLineString","coordinates":[[[79.9014,6.8984],[79.902,6.8983],[79.9021,6.898],[79.902,6.8963],[79.9007,6.8968]]]}},{"type":"Feature","properties":{"fid":40,"osm_id":"98963886","code":8103,"fclass":"canal","width":0,"name":null},"geometry":{"type":"MultiLineString","coordinates":[[[79.8834,6.9012],[79.8827,6.9002],[79.8827,6.8997],[79.8835,6.8978],[79.884,6.8948],[79.8847,6.8928],[79.884,6.8908],[79.8838,6.889],[79.8824,6.8879]]]}},{"type":"Feature","properties":{"fid":41,"osm_id":"98963900","code":8103,"fclass":"canal","width":0,"name":null},"geometry":{"type":"MultiLineString","coordinates":[[[79.8917,6.8777],[79.8923,6.8813]]]}},{"type":"Feature","properties":{"fid":42,"osm_id":"98963909","code":8103,"fclass":"canal","width":0,"name":null},"geometry":{"type":"MultiLineString","coordinates":[[[79.8934,6.8857],[79.8946,6.8851],[79.8947,6.8851],[79.8947,6.8855],[79.8953,6.8872],[79.8961,6.8877],[79.8966,6.8885],[79.8974,6.8877],[79.8977,6.8877],[79.8976,6.8884],[79.8961,6.8903],[79.8961,6.891],[79.8964,6.8914],[79.8964,6.8921]]]}},{"type":"Feature","properties":{"fid":43,"osm_id":"109403242","code":8103,"fclass":"canal","width":0,"name":null},"geometry":{"type":"MultiLineString","coordinates":[[[79.8795,6.7983],[79.8792,6.798],[79.8791,6.7971]]]}},{"type":"Feature","properties":{"fid":44,"osm_id":"112452048","code":8103,"fclass":"canal","width":0,"name":null},"geometry":{"type":"MultiLineString","coordinates":[[[79.901,7.1673],[79.9016,7.1671],[79.9019,7.1667],[79.9012,7.1655],[79.9008,7.1653],[79.9004,7.1646],[79.8973,7.1628],[79.8967,7.1622],[79.8973,7.1615],[79.8977,7.1613],[79.8982,7.1614],[79.8987,7.1612],[79.899,7.1604],[79.8988,7.1601],[79.8977,7.1599],[79.8975,7.1595]]]}},{"type":"Feature","properties":{"fid":45,"osm_id":"131347972","code":8103,"fclass":"canal","width":0,"name":null},"geometry":{"type":"MultiLineString","coordinates":[[[79.8793,6.7969],[79.879,6.7951],[79.8785,6.7939],[79.8787,6.7933],[79.8783,6.7921]]]}},{"type":"Feature","properties":{"fid":46,"osm_id":"131347976","code":8103,"fclass":"canal","width":0,"name":null},"geometry":{"type":"MultiLineString","coordinates":[[[79.8791,6.7971],[79.8793,6.7969]]]}},{"type":"Feature","properties":{"fid":47,"osm_id":"131349599","code":8103,"fclass":"canal","width":0,"name":null},"geometry":{"type":"MultiLineString","coordinates":[[[79.8975,6.8525],[79.8971,6.8507]]]}},{"type":"Feature","properties":{"fid":48,"osm_id":"146021988","code":8103,"fclass":"canal","width":0,"name":null},"geometry":{"type":"MultiLineString","coordinates":[[[79.8773,6.8458],[79.8774,6.8467]]]}},{"type":"Feature","properties":{"fid":49,"osm_id":"155999515","code":8103,"fclass":"canal","width":0,"name":null},"geometry":{"type":"MultiLineString","coordinates":[[[79.865,6.8646],[79.8644,6.8653],[79.8643,6.8658],[79.8645,6.8664],[79.8654,6.8674],[79.8657,6.8681],[79.8654,6.8695],[79.866,6.8713],[79.8664,6.8716],[79.8677,6.8717],[79.8688,6.8726],[79.8713,6.8736],[79.8729,6.8737],[79.8734,6.8739],[79.8739,6.8743],[79.874,6.8757]]]}},{"type":"Feature","properties":{"fid":50,"osm_id":"193042830","code":8103,"fclass":"canal","width":0,"name":"Attanagalu Oya"},"geometry":{"type":"MultiLineString","coordinates":[[[79.9585,7.1582],[79.9582,7.1585],[79.9582,7.1591],[79.9579,7.1592],[79.9575,7.1598],[79.9565,7.1601],[79.9565,7.1602],[79.9568,7.1614],[79.9565,7.1614],[79.9564,7.1618],[79.956,7.1623],[79.9557,7.1626],[79.9553,7.1626],[79.9553,7.1629],[79.9555,7.163],[79.9538,7.1645],[79.9536,7.1646],[79.9533,7.1644],[79.9526,7.1645],[79.9522,7.164],[79.9517,7.1646],[79.9514,7.1644],[79.9497,7.1649],[79.9494,7.1652],[79.9491,7.1651],[79.9488,7.1654],[79.9485,7.1653],[79.9482,7.1655],[79.9476,7.1654],[79.9474,7.1658],[79.9478,7.1664],[79.9478,7.167],[79.9471,7.1675],[79.9453,7.1678],[79.9446,7.1681],[79.9439,7.1682],[79.9433,7.168],[79.943,7.1684],[79.9423,7.1684],[79.9418,7.168],[79.941,7.1681],[79.939,7.1674],[79.9385,7.167],[79.9384,7.1674],[79.9382,7.1677],[79.9377,7.1677],[79.9374,7.168],[79.9367,7.1679],[79.9363,7.168],[79.936,7.1679],[79.9358,7.1684],[79.9352,7.1686],[79.9352,7.169],[79.9349,7.1696],[79.9349,7.1704],[79.9346,7.1709],[79.9343,7.1707],[79.9343,7.1703],[79.9333,7.1704],[79.933,7.1701],[79.9326,7.1703],[79.9324,7.1701],[79.9319,7.1703],[79.9313,7.1701],[79.9308,7.1703],[79.9306,7.1706],[79.9289,7.1706],[79.9287,7.1707],[79.9289,7.1712],[79.9287,7.1713],[79.9282,7.1711],[79.9279,7.1713],[79.9273,7.171],[79.9267,7.1713],[79.9262,7.1712],[79.9253,7.1698],[79.9258,7.1695],[79.9257,7.1692],[79.9248,7.1693],[79.9243,7.1689],[79.9234,7.1689],[79.9226,7.1687],[79.9222,7.1694],[79.922,7.1694],[79.9184,7.1679],[79.9173,7.1668],[79.9172,7.1662],[79.9167,7.1657],[79.9166,7.1651],[79.9163,7.1651],[79.9159,7.1653],[79.9155,7.1653],[79.9151,7.1649],[79.9145,7.1647],[79.9144,7.1643],[79.914,7.1643],[79.9135,7.1641],[79.9132,7.1642],[79.9128,7.1642],[79.9127,7.1637],[79.9124,7.1638],[79.912,7.1636],[79.9103,7.1639],[79.9101,7.1634],[79.9088,7.1632],[79.9084,7.1633],[79.9084,7.1636],[79.9081,7.1636],[79.9074,7.1622],[79.9064,7.1621],[79.9056,7.1614],[79.9054,7.1614],[79.9051,7.1623],[79.9048,7.1624],[79.9043,7.1619],[79.9041,7.1608],[79.9036,7.1603],[79.9033,7.1592],[79.9028,7.1588],[79.9022,7.159],[79.9015,7.1584],[79.9007,7.1589],[79.9004,7.1589],[79.8995,7.1599],[79.8988,7.1601]]]}},{"type":"Feature","properties":{"fid":51,"osm_id":"198177911","code":8103,"fclass":"canal","width":0,"name":null},"geometry":{"type":"MultiLineString","coordinates":[[[79.8782,6.948],[79.8788,6.948]]]}},{"type":"Feature","properties":{"fid":52,"osm_id":"198177912","code":8103,"fclass":"canal","width":0,"name":null},"geometry":{"type":"MultiLineString","coordinates":[[[79.8788,6.948],[79.8791,6.9486],[79.8801,6.9489]]]}},{"type":"Feature","properties":{"fid":53,"osm_id":"198186164","code":8103,"fclass":"canal","width":0,"name":null},"geometry":{"type":"MultiLineString","coordinates":[[[79.8743,6.9526],[79.8749,6.9523]]]}},{"type":"Feature","properties":{"fid":54,"osm_id":"198186171","code":8103,"fclass":"canal","width":0,"name":null},"geometry":{"type":"MultiLineString","coordinates":[[[79.8952,6.9685],[79.8952,6.9681],[79.8941,6.9669],[79.8941,6.9667],[79.8945,6.9662],[79.8944,6.9659],[79.8918,6.9628],[79.8901,6.96],[79.8894,6.9596]]]}},{"type":"Feature","properties":{"fid":55,"osm_id":"228885482","code":8103,"fclass":"canal","width":0,"name":null},"geometry":{"type":"MultiLineString","coordinates":[[[79.8819,6.9652],[79.8807,6.9659]]]}},{"type":"Feature","properties":{"fid":56,"osm_id":"228885484","code":8103,"fclass":"canal","width":0,"name":null},"geometry":{"type":"MultiLineString","coordinates":[[[79.9116,6.9019],[79.9113,6.9017]]]}},{"type":"Feature","properties":{"fid":57,"osm_id":"228885486","code":8103,"fclass":"canal","width":0,"name":null},"geometry":{"type":"MultiLineString","coordinates":[[[79.912,6.9017],[79.914,6.9011],[79.9136,6.9003],[79.9129,6.9],[79.912,6.9017],[79.9117,6.902]]]}},{"type":"Feature","properties":{"fid":58,"osm_id":"244792660","code":8103,"fclass":"canal","width":0,"name":null},"geometry":{"type":"MultiLineString","coordinates":[[[79.9828,6.6349],[79.983,6.6343],[79.9839,6.6325],[79.9846,6.6286],[79.9846,6.6268],[79.9843,6.626],[79.9839,6.6235],[79.984,6.6228]]]}},{"type":"Feature","properties":{"fid":59,"osm_id":"244792661","code":8103,"fclass":"canal","width":0,"name":null},"geometry":{"type":"MultiLineString","coordinates":[[[79.9722,6.6376],[79.9736,6.636],[79.9738,6.636],[79.9748,6.635],[79.9764,6.6341],[79.9771,6.6339],[79.9788,6.6337],[79.9797,6.6338],[79.9812,6.6337],[79.9824,6.6346],[79.9851,6.6361],[79.9859,6.6371],[79.9863,6.6383],[79.9875,6.6387],[79.9896,6.6381],[79.9911,6.6385],[79.9915,6.6388]]]}},{"type":"Feature","properties":{"fid":60,"osm_id":"306014872","code":8103,"fclass":"canal","width":0,"name":null},"geometry":{"type":"MultiLineString","coordinates":[[[79.9355,6.9064],[79.9341,6.9066],[79.9331,6.9063],[79.9315,6.9051],[79.9298,6.9044],[79.9294,6.9038],[79.9288,6.9037],[79.9285,6.9026],[79.9276,6.9008],[79.9273,6.8997],[79.9258,6.8979],[79.9251,6.8962]]]}},{"type":"Feature","properties":{"fid":61,"osm_id":"323367024","code":8103,"fclass":"canal","width":10,"name":"Dematagoda Canal"},"geometry":{"type":"MultiLineString","coordinates":[[[79.8842,6.9256],[79.8856,6.9255],[79.886,6.9253],[79.8863,6.9245]]]}},{"type":"Feature","properties":{"fid":62,"osm_id":"323367025","code":8103,"fclass":"canal","width":0,"name":null},"geometry":{"type":"MultiLineString","coordinates":[[[79.9153,6.8818],[79.914,6.8793],[79.9127,6.8783],[79.9098,6.8765],[79.9073,6.8762]]]}},{"type":"Feature","properties":{"fid":63,"osm_id":"323367027","code":8103,"fclass":"canal","width":0,"name":null},"geometry":{"type":"MultiLineString","coordinates":[[[79.9034,6.9065],[79.9033,6.9062]]]}},{"type":"Feature","properties":{"fid":64,"osm_id":"329628985","code":8103,"fclass":"canal","width":0,"name":null},"geometry":{"type":"MultiLineString","coordinates":[[[79.9048,7.0082],[79.9035,7.0073],[79.9032,7.0072],[79.9026,7.0067],[79.9027,7.0059],[79.9026,7.0054],[79.9021,7.0047],[79.902,7.0041],[79.9038,7.0013],[79.9045,7.0012],[79.9051,6.9996],[79.9052,6.9979],[79.9048,6.9976],[79.9041,6.9977],[79.9037,6.9975],[79.9034,6.9951],[79.9022,6.9935],[79.9018,6.9933],[79.9009,6.9937],[79.8976,6.9926],[79.897,6.9928],[79.8966,6.9933],[79.8963,6.994],[79.8963,6.9947],[79.8958,6.9954],[79.8956,6.9956],[79.8951,6.9955],[79.8936,6.9949],[79.893,6.9941],[79.8926,6.992],[79.8923,6.9914],[79.8896,6.9884],[79.888,6.9875],[79.8871,6.9858],[79.8871,6.9848],[79.8869,6.9845],[79.8866,6.9843],[79.8842,6.9848],[79.8835,6.9847],[79.883,6.9842],[79.8822,6.9822],[79.8816,6.982],[79.8805,6.9812]]]}},{"type":"Feature","properties":{"fid":65,"osm_id":"332011774","code":8103,"fclass":"canal","width":0,"name":null},"geometry":{"type":"MultiLineString","coordinates":[[[79.9709,7.0711],[79.971,7.071],[79.9708,7.0705],[79.9702,7.0697],[79.9705,7.0695],[79.9714,7.0687],[79.9718,7.0673],[79.9726,7.0667],[79.9731,7.0659],[79.9736,7.0657],[79.9734,7.0653],[79.9743,7.0631],[79.9744,7.0622],[79.9742,7.0604],[79.9744,7.0599],[79.9739,7.0572]]]}},{"type":"Feature","properties":{"fid":66,"osm_id":"332279679","code":8103,"fclass":"canal","width":0,"name":null},"geometry":{"type":"MultiLineString","coordinates":[[[79.9714,7.0518],[79.9713,7.0514],[79.9716,7.0507]]]}},{"type":"Feature","properties":{"fid":67,"osm_id":"340474538","code":8103,"fclass":"canal","width":0,"name":null},"geometry":{"type":"MultiLineString","coordinates":[[[79.9739,7.0572],[79.9733,7.0566],[79.9729,7.0556],[79.9717,7.0547],[79.9716,7.0539],[79.9711,7.0523],[79.9709,7.052],[79.9704,7.0518]]]}},{"type":"Feature","properties":{"fid":68,"osm_id":"340474555","code":8103,"fclass":"canal","width":0,"name":null},"geometry":{"type":"MultiLineString","coordinates":[[[79.9718,7.0532],[79.9715,7.0525],[79.9714,7.0518]]]}},{"type":"Feature","properties":{"fid":69,"osm_id":"343348108","code":8103,"fclass":"canal","width":0,"name":null},"geometry":{"type":"MultiLineString","coordinates":[[[79.9632,6.9061],[79.9618,6.9083]]]}},{"type":"Feature","properties":{"fid":70,"osm_id":"343348112","code":8103,"fclass":"canal","width":10,"name":null},"geometry":{"type":"MultiLineString","coordinates":[[[79.9618,6.9083],[79.96,6.911],[79.9597,6.9123],[79.9594,6.9159],[79.9584,6.919],[79.9579,6.9201],[79.9574,6.9206],[79.9553,6.922],[79.9537,6.9254],[79.9535,6.9277],[79.9528,6.9291],[79.9527,6.9298],[79.9511,6.9308],[79.9503,6.931],[79.9492,6.9317],[79.9486,6.9341],[79.9478,6.935],[79.9479,6.9358],[79.9474,6.9362],[79.9471,6.9368],[79.9466,6.937],[79.9465,6.9377],[79.946,6.9379],[79.9457,6.9385]]]}},{"type":"Feature","properties":{"fid":71,"osm_id":"351298482","code":8103,"fclass":"canal","width":0,"name":"Diyawanna Canal"},"geometry":{"type":"MultiLineString","coordinates":[[[79.9247,6.8948],[79.9238,6.8938],[79.9218,6.8922]]]}},{"type":"Feature","properties":{"fid":72,"osm_id":"360000363","code":8103,"fclass":"canal","width":10,"name":null},"geometry":{"type":"MultiLineString","coordinates":[[[79.8998,6.9188],[79.8998,6.9187]]]}},{"type":"Feature","properties":{"fid":73,"osm_id":"360008558","code":8103,"fclass":"canal","width":0,"name":"Dematagoda Canal"},"geometry":{"type":"MultiLineString","coordinates":[[[79.8836,6.9276],[79.8838,6.9282],[79.8845,6.9287],[79.8845,6.9291],[79.8844,6.9295],[79.8835,6.9308],[79.8831,6.9316],[79.8821,6.933],[79.8816,6.9344],[79.8816,6.935],[79.8817,6.9358],[79.8826,6.9371],[79.883,6.9379],[79.8838,6.9385],[79.8837,6.939],[79.8827,6.9397],[79.8821,6.9406],[79.882,6.9412],[79.8813,6.9422],[79.8809,6.9425],[79.8794,6.9428],[79.8789,6.9435],[79.8776,6.943],[79.8751,6.9426],[79.8747,6.9427],[79.8741,6.9434]]]}},{"type":"Feature","properties":{"fid":74,"osm_id":"360008563","code":8103,"fclass":"canal","width":0,"name":"Dematagoda Canal"},"geometry":{"type":"MultiLineString","coordinates":[[[79.8842,6.9256],[79.8839,6.9262],[79.884,6.9268],[79.8836,6.9276]]]}},{"type":"Feature","properties":{"fid":75,"osm_id":"360008570","code":8103,"fclass":"canal","width":10,"name":null},"geometry":{"type":"MultiLineString","coordinates":[[[79.891,6.9236],[79.8912,6.9236]]]}},{"type":"Feature","properties":{"fid":76,"osm_id":"360008572","code":8103,"fclass":"canal","width":0,"name":null},"geometry":{"type":"MultiLineString","coordinates":[[[79.8864,6.921],[79.8869,6.9201],[79.8868,6.9188],[79.8864,6.9176],[79.8867,6.9165],[79.8878,6.9162],[79.8894,6.9161],[79.8898,6.9155],[79.89,6.9146],[79.89,6.9143],[79.8894,6.9138],[79.8889,6.9132],[79.8892,6.9101],[79.8882,6.9089],[79.8875,6.9077],[79.8872,6.9062],[79.8874,6.905]]]}},{"type":"Feature","properties":{"fid":77,"osm_id":"360008577","code":8103,"fclass":"canal","width":10,"name":null},"geometry":{"type":"MultiLineString","coordinates":[[[79.8895,6.9235],[79.891,6.9237],[79.891,6.9236]]]}},{"type":"Feature","properties":{"fid":78,"osm_id":"360008579","code":8103,"fclass":"canal","width":10,"name":null},"geometry":{"type":"MultiLineString","coordinates":[[[79.8863,6.9245],[79.8866,6.9242],[79.8895,6.9235]]]}},{"type":"Feature","properties":{"fid":79,"osm_id":"370196594","code":8103,"fclass":"canal","width":0,"name":null},"geometry":{"type":"MultiLineString","coordinates":[[[79.8889,7.0235],[79.8892,7.025],[79.8889,7.0259],[79.8891,7.0271],[79.8889,7.028],[79.8888,7.0297],[79.8883,7.032],[79.887,7.0356],[79.8826,7.0449],[79.8805,7.0506],[79.8798,7.0533],[79.879,7.0587],[79.8771,7.0643],[79.877,7.065],[79.8774,7.0667],[79.878,7.0704],[79.8775,7.0745],[79.8769,7.0761],[79.8772,7.0768]]]}},{"type":"Feature","properties":{"fid":80,"osm_id":"370807055","code":8103,"fclass":"canal","width":0,"name":null},"geometry":{"type":"MultiLineString","coordinates":[[[80.0803,6.7011],[80.0809,6.6992],[80.0807,6.6991],[80.0808,6.6986],[80.0815,6.6979],[80.0817,6.6976],[80.0819,6.6967],[80.0818,6.6963]]]}},{"type":"Feature","properties":{"fid":81,"osm_id":"374662745","code":8103,"fclass":"canal","width":0,"name":null},"geometry":{"type":"MultiLineString","coordinates":[[[79.9009,6.9703],[79.8988,6.9721],[79.8989,6.9726]]]}},{"type":"Feature","properties":{"fid":82,"osm_id":"374662747","code":8103,"fclass":"canal","width":0,"name":null},"geometry":{"type":"MultiLineString","coordinates":[[[79.8987,6.9699],[79.9023,6.9704],[79.9045,6.971],[79.9067,6.9712],[79.9083,6.9713],[79.9099,6.971]]]}},{"type":"Feature","properties":{"fid":83,"osm_id":"376184062","code":8103,"fclass":"canal","width":0,"name":null},"geometry":{"type":"MultiLineString","coordinates":[[[80.0132,7.103],[80.014,7.1042],[80.014,7.1044],[80.0146,7.105]]]}},{"type":"Feature","properties":{"fid":84,"osm_id":"376336699","code":8103,"fclass":"canal","width":0,"name":null},"geometry":{"type":"MultiLineString","coordinates":[[[79.9323,7.0733],[79.9321,7.0737],[79.9334,7.0754]]]}},{"type":"Feature","properties":{"fid":85,"osm_id":"376336700","code":8103,"fclass":"canal","width":0,"name":null},"geometry":{"type":"MultiLineString","coordinates":[[[79.9334,7.0754],[79.9341,7.0764]]]}},{"type":"Feature","properties":{"fid":86,"osm_id":"376343112","code":8103,"fclass":"canal","width":0,"name":null},"geometry":{"type":"MultiLineString","coordinates":[[[79.9475,7.0751],[79.9477,7.0731],[79.9478,7.0718],[79.9476,7.0717],[79.9476,7.0702],[79.9478,7.0694]]]}},{"type":"Feature","properties":{"fid":87,"osm_id":"376343526","code":8103,"fclass":"canal","width":0,"name":null},"geometry":{"type":"MultiLineString","coordinates":[[[79.9341,7.0764],[79.9365,7.0792]]]}},{"type":"Feature","properties":{"fid":88,"osm_id":"376345331","code":8103,"fclass":"canal","width":0,"name":null},"geometry":{"type":"MultiLineString","coordinates":[[[79.9478,7.0694],[79.9479,7.0681]]]}},{"type":"Feature","properties":{"fid":89,"osm_id":"376484925","code":8103,"fclass":"canal","width":0,"name":null},"geometry":{"type":"MultiLineString","coordinates":[[[79.9276,7.1138],[79.9274,7.1127],[79.9281,7.1118]]]}},{"type":"Feature","properties":{"fid":90,"osm_id":"376485126","code":8103,"fclass":"canal","width":0,"name":null},"geometry":{"type":"MultiLineString","coordinates":[[[80.0366,7.0982],[80.0363,7.0992],[80.0363,7.1002],[80.0352,7.1007],[80.0354,7.101]]]}},{"type":"Feature","properties":{"fid":91,"osm_id":"376485994","code":8103,"fclass":"canal","width":0,"name":null},"geometry":{"type":"MultiLineString","coordinates":[[[80.0336,7.1012],[80.0335,7.0995],[80.0331,7.0993]]]}},{"type":"Feature","properties":{"fid":92,"osm_id":"376928399","code":8103,"fclass":"canal","width":0,"name":null},"geometry":{"type":"MultiLineString","coordinates":[[[79.9281,7.1118],[79.9282,7.112]]]}},{"type":"Feature","properties":{"fid":93,"osm_id":"376928400","code":8103,"fclass":"canal","width":0,"name":null},"geometry":{"type":"MultiLineString","coordinates":[[[79.9281,7.1118],[79.9281,7.1118]]]}},{"type":"Feature","properties":{"fid":94,"osm_id":"377583570","code":8103,"fclass":"canal","width":0,"name":null},"geometry":{"type":"MultiLineString","coordinates":[[[79.9736,7.0657],[79.974,7.0655],[79.9743,7.0647]]]}},{"type":"Feature","properties":{"fid":95,"osm_id":"377936892","code":8103,"fclass":"canal","width":0,"name":null},"geometry":{"type":"MultiLineString","coordinates":[[[79.9979,7.0802],[79.9984,7.0806]]]}},{"type":"Feature","properties":{"fid":96,"osm_id":"377943751","code":8103,"fclass":"canal","width":0,"name":null},"geometry":{"type":"MultiLineString","coordinates":[[[80.0293,7.0759],[80.0304,7.0761]]]}},{"type":"Feature","properties":{"fid":97,"osm_id":"377943752","code":8103,"fclass":"canal","width":0,"name":null},"geometry":{"type":"MultiLineString","coordinates":[[[80.0305,7.0766],[80.0309,7.0769]]]}},{"type":"Feature","properties":{"fid":98,"osm_id":"377943753","code":8103,"fclass":"canal","width":0,"name":null},"geometry":{"type":"MultiLineString","coordinates":[[[80.028,7.0753],[80.0291,7.0759]]]}},{"type":"Feature","properties":{"fid":99,"osm_id":"377957108","code":8103,"fclass":"canal","width":0,"name":"Galthata oya"},"geometry":{"type":"MultiLineString","coordinates":[[[80.0286,7.099],[80.0292,7.0983],[80.0315,7.0981],[80.0317,7.0973],[80.032,7.0971],[80.0328,7.0954],[80.0344,7.0939],[80.035,7.0936],[80.0356,7.0935],[80.0359,7.0932],[80.0362,7.0932]]]}},{"type":"Feature","properties":{"fid":100,"osm_id":"378068730","code":8103,"fclass":"canal","width":0,"name":null},"geometry":{"type":"MultiLineString","coordinates":[[[79.8687,7.1831],[79.8695,7.1836],[79.8694,7.1841],[79.8695,7.1843],[79.8703,7.1844],[79.8705,7.1846],[79.8705,7.1855],[79.8713,7.1856],[79.8722,7.1855],[79.8735,7.1842],[79.8739,7.1834],[79.8748,7.1831],[79.8777,7.184]]]}},{"type":"Feature","properties":{"fid":101,"osm_id":"378068731","code":8103,"fclass":"canal","width":0,"name":null},"geometry":{"type":"MultiLineString","coordinates":[[[79.8688,7.1831],[79.8689,7.1828],[79.8688,7.1825]]]}},{"type":"Feature","properties":{"fid":102,"osm_id":"378108579","code":8103,"fclass":"canal","width":0,"name":null},"geometry":{"type":"MultiLineString","coordinates":[[[79.888,7.1948],[79.8884,7.1952],[79.8892,7.1943],[79.8892,7.194],[79.8899,7.1936]]]}},{"type":"Feature","properties":{"fid":103,"osm_id":"378108865","code":8103,"fclass":"canal","width":0,"name":null},"geometry":{"type":"MultiLineString","coordinates":[[[79.8872,7.1946],[79.8873,7.1941],[79.8872,7.1937]]]}},{"type":"Feature","properties":{"fid":104,"osm_id":"378250243","code":8103,"fclass":"canal","width":0,"name":null},"geometry":{"type":"MultiLineString","coordinates":[[[80.0451,7.0906],[80.0459,7.0904],[80.0468,7.0898],[80.0481,7.0897],[80.0479,7.0893],[80.0481,7.089]]]}},{"type":"Feature","properties":{"fid":105,"osm_id":"378276681","code":8103,"fclass":"canal","width":0,"name":null},"geometry":{"type":"MultiLineString","coordinates":[[[79.863,7.113],[79.8639,7.113],[79.864,7.1132],[79.8643,7.113],[79.8646,7.1134]]]}},{"type":"Feature","properties":{"fid":106,"osm_id":"378621344","code":8103,"fclass":"canal","width":0,"name":null},"geometry":{"type":"MultiLineString","coordinates":[[[79.9208,7.0627],[79.9202,7.0644],[79.9205,7.0655]]]}},{"type":"Feature","properties":{"fid":107,"osm_id":"379863875","code":8103,"fclass":"canal","width":0,"name":null},"geometry":{"type":"MultiLineString","coordinates":[[[79.8822,7.1887],[79.8828,7.1901],[79.8831,7.1905],[79.8844,7.1904]]]}},{"type":"Feature","properties":{"fid":108,"osm_id":"380024721","code":8103,"fclass":"canal","width":0,"name":null},"geometry":{"type":"MultiLineString","coordinates":[[[79.9206,7.0664],[79.92,7.068],[79.9198,7.0683]]]}},{"type":"Feature","properties":{"fid":109,"osm_id":"380024722","code":8103,"fclass":"canal","width":0,"name":null},"geometry":{"type":"MultiLineString","coordinates":[[[79.9202,7.0676],[79.9234,7.0686]]]}},{"type":"Feature","properties":{"fid":110,"osm_id":"380025041","code":8103,"fclass":"canal","width":0,"name":null},"geometry":{"type":"MultiLineString","coordinates":[[[79.9204,7.0641],[79.9214,7.0641],[79.9214,7.0631]]]}},{"type":"Feature","properties":{"fid":111,"osm_id":"380933287","code":8103,"fclass":"canal","width":0,"name":null},"geometry":{"type":"MultiLineString","coordinates":[[[80.031,7.0392],[80.0311,7.0392]]]}},{"type":"Feature","properties":{"fid":112,"osm_id":"381336496","code":8103,"fclass":"canal","width":0,"name":null},"geometry":{"type":"MultiLineString","coordinates":[[[80.0573,7.1462],[80.0567,7.1443],[80.0566,7.1432],[80.0567,7.143]]]}},{"type":"Feature","properties":{"fid":113,"osm_id":"381342977","code":8103,"fclass":"canal","width":0,"name":null},"geometry":{"type":"MultiLineString","coordinates":[[[80.045,7.1333],[80.0449,7.1326],[80.0452,7.1315]]]}},{"type":"Feature","properties":{"fid":114,"osm_id":"381343915","code":8103,"fclass":"canal","width":0,"name":null},"geometry":{"type":"MultiLineString","coordinates":[[[80.0567,7.1429],[80.0568,7.1427],[80.0564,7.1419],[80.0538,7.1402],[80.0514,7.1379],[80.0502,7.1373],[80.0496,7.1346],[80.0485,7.1334],[80.047,7.1322]]]}},{"type":"Feature","properties":{"fid":115,"osm_id":"381348364","code":8103,"fclass":"canal","width":0,"name":null},"geometry":{"type":"MultiLineString","coordinates":[[[80.0394,7.1274],[80.0389,7.1274],[80.0376,7.1285],[80.0365,7.1292]]]}},{"type":"Feature","properties":{"fid":116,"osm_id":"381350133","code":8103,"fclass":"canal","width":0,"name":null},"geometry":{"type":"MultiLineString","coordinates":[[[80.0285,7.1308],[80.0295,7.1313],[80.033,7.1307],[80.035,7.13]]]}},{"type":"Feature","properties":{"fid":117,"osm_id":"381408767","code":8103,"fclass":"canal","width":0,"name":null},"geometry":{"type":"MultiLineString","coordinates":[[[80.0136,7.1341],[80.0135,7.1331],[80.0131,7.1318],[80.0132,7.1313],[80.0128,7.1286],[80.0123,7.1264],[80.0124,7.1245]]]}},{"type":"Feature","properties":{"fid":118,"osm_id":"381408769","code":8103,"fclass":"canal","width":0,"name":null},"geometry":{"type":"MultiLineString","coordinates":[[[80.0134,7.1271],[80.0132,7.1244]]]}},{"type":"Feature","properties":{"fid":119,"osm_id":"381408770","code":8103,"fclass":"canal","width":0,"name":null},"geometry":{"type":"MultiLineString","coordinates":[[[80.0133,7.13],[80.0133,7.1288],[80.0127,7.1263],[80.0128,7.1246]]]}},{"type":"Feature","properties":{"fid":120,"osm_id":"382203119","code":8103,"fclass":"canal","width":0,"name":null},"geometry":{"type":"MultiLineString","coordinates":[[[80.0362,7.0319],[80.0367,7.0315]]]}},{"type":"Feature","properties":{"fid":121,"osm_id":"383296306","code":8103,"fclass":"canal","width":0,"name":null},"geometry":{"type":"MultiLineString","coordinates":[[[79.9276,6.8753],[79.9294,6.8721],[79.9314,6.8669],[79.9328,6.8671]]]}},{"type":"Feature","properties":{"fid":122,"osm_id":"383296307","code":8103,"fclass":"canal","width":0,"name":null},"geometry":{"type":"MultiLineString","coordinates":[[[79.9274,6.8767],[79.9273,6.8771]]]}},{"type":"Feature","properties":{"fid":123,"osm_id":"383296308","code":8103,"fclass":"canal","width":0,"name":null},"geometry":{"type":"MultiLineString","coordinates":[[[79.9328,6.8671],[79.9338,6.8672],[79.9339,6.8679],[79.9331,6.8679],[79.932,6.8694],[79.9319,6.8701],[79.9321,6.8709],[79.9314,6.8728],[79.9319,6.8732],[79.9318,6.8737],[79.9311,6.8739],[79.9307,6.8744],[79.9305,6.8752],[79.9307,6.8755],[79.9305,6.8758],[79.9294,6.8756],[79.9288,6.876]]]}},{"type":"Feature","properties":{"fid":124,"osm_id":"383935050","code":8103,"fclass":"canal","width":0,"name":null},"geometry":{"type":"MultiLineString","coordinates":[[[79.9552,7.0657],[79.9537,7.0663],[79.9531,7.0663],[79.9527,7.0665],[79.9527,7.0669],[79.9523,7.067]]]}},{"type":"Feature","properties":{"fid":125,"osm_id":"384271110","code":8103,"fclass":"canal","width":0,"name":null},"geometry":{"type":"MultiLineString","coordinates":[[[79.9687,7.0679],[79.969,7.0674],[79.9689,7.0655],[79.9689,7.0646],[79.9691,7.0642]]]}},{"type":"Feature","properties":{"fid":126,"osm_id":"384277935","code":8103,"fclass":"canal","width":0,"name":"Kuganavila canal"},"geometry":{"type":"MultiLineString","coordinates":[[[80.0092,7.1009],[80.0098,7.1011],[80.0107,7.1028],[80.0115,7.1032],[80.0129,7.103],[80.0143,7.103],[80.0153,7.1032],[80.0159,7.1036]]]}},{"type":"Feature","properties":{"fid":127,"osm_id":"384290141","code":8103,"fclass":"canal","width":0,"name":null},"geometry":{"type":"MultiLineString","coordinates":[[[80.0097,7.0981],[80.0099,7.0978],[80.0104,7.0977]]]}},{"type":"Feature","properties":{"fid":128,"osm_id":"384290142","code":8103,"fclass":"canal","width":0,"name":null},"geometry":{"type":"MultiLineString","coordinates":[[[80.0089,7.0989],[80.0093,7.0994]]]}},{"type":"Feature","properties":{"fid":129,"osm_id":"384782819","code":8103,"fclass":"canal","width":0,"name":null},"geometry":{"type":"MultiLineString","coordinates":[[[80.0424,7.092],[80.0422,7.0915],[80.0417,7.0914]]]}},{"type":"Feature","properties":{"fid":130,"osm_id":"384786127","code":8103,"fclass":"canal","width":0,"name":null},"geometry":{"type":"MultiLineString","coordinates":[[[80.0315,7.0981],[80.0319,7.0979],[80.0322,7.0972],[80.0338,7.0958],[80.0352,7.0952],[80.0355,7.0955]]]}},{"type":"Feature","properties":{"fid":131,"osm_id":"384786128","code":8103,"fclass":"canal","width":0,"name":null},"geometry":{"type":"MultiLineString","coordinates":[[[80.037,7.0924],[80.0369,7.0928],[80.0365,7.0934],[80.0357,7.0939]]]}},{"type":"Feature","properties":{"fid":132,"osm_id":"384786129","code":8103,"fclass":"canal","width":0,"name":null},"geometry":{"type":"MultiLineString","coordinates":[[[80.045,7.0927],[80.0451,7.0926],[80.045,7.0924]]]}},{"type":"Feature","properties":{"fid":133,"osm_id":"384786130","code":8103,"fclass":"canal","width":0,"name":null},"geometry":{"type":"MultiLineString","coordinates":[[[80.0365,7.0934],[80.0365,7.0937]]]}},{"type":"Feature","properties":{"fid":134,"osm_id":"384803184","code":8103,"fclass":"canal","width":0,"name":null},"geometry":{"type":"MultiLineString","coordinates":[[[80.0443,7.0918],[80.0448,7.0915],[80.0454,7.092]]]}},{"type":"Feature","properties":{"fid":135,"osm_id":"384961813","code":8103,"fclass":"canal","width":0,"name":null},"geometry":{"type":"MultiLineString","coordinates":[[[80.0354,7.0953],[80.036,7.0948],[80.037,7.0945]]]}},{"type":"Feature","properties":{"fid":136,"osm_id":"384961814","code":8103,"fclass":"canal","width":0,"name":null},"geometry":{"type":"MultiLineString","coordinates":[[[80.0358,7.0951],[80.0353,7.095]]]}},{"type":"Feature","properties":{"fid":137,"osm_id":"385071601","code":8103,"fclass":"canal","width":0,"name":null},"geometry":{"type":"MultiLineString","coordinates":[[[79.9681,7.065],[79.9682,7.0645]]]}},{"type":"Feature","properties":{"fid":138,"osm_id":"385071602","code":8103,"fclass":"canal","width":0,"name":null},"geometry":{"type":"MultiLineString","coordinates":[[[79.9646,7.0624],[79.9646,7.0627],[79.965,7.063],[79.967,7.0639],[79.9672,7.0643],[79.9681,7.065],[79.9684,7.0655],[79.9683,7.0659],[79.9687,7.0671],[79.9684,7.0677]]]}},{"type":"Feature","properties":{"fid":139,"osm_id":"385357564","code":8103,"fclass":"canal","width":0,"name":null},"geometry":{"type":"MultiLineString","coordinates":[[[80.0458,7.0908],[80.0457,7.0904]]]}},{"type":"Feature","properties":{"fid":140,"osm_id":"385357565","code":8103,"fclass":"canal","width":0,"name":null},"geometry":{"type":"MultiLineString","coordinates":[[[80.045,7.0916],[80.0458,7.0908],[80.0464,7.091]]]}},{"type":"Feature","properties":{"fid":141,"osm_id":"385796452","code":8103,"fclass":"canal","width":0,"name":"Concrete Ela"},"geometry":{"type":"MultiLineString","coordinates":[[[80.0351,7.1063],[80.0355,7.1037],[80.037,7.1023]]]}},{"type":"Feature","properties":{"fid":142,"osm_id":"385801942","code":8103,"fclass":"canal","width":0,"name":null},"geometry":{"type":"MultiLineString","coordinates":[[[80.0484,7.0983],[80.0489,7.0982],[80.0497,7.0983],[80.0502,7.0991],[80.0509,7.0996],[80.0518,7.0999],[80.0523,7.1004]]]}},{"type":"Feature","properties":{"fid":143,"osm_id":"386433567","code":8103,"fclass":"canal","width":0,"name":null},"geometry":{"type":"MultiLineString","coordinates":[[[79.9799,7.1031],[79.9792,7.103],[79.9785,7.1022],[79.9777,7.1017],[79.977,7.1007],[79.9759,7.1006],[79.9756,7.1004],[79.9753,7.0996],[79.9739,7.0977],[79.9742,7.0968],[79.9741,7.0962],[79.9736,7.096],[79.9734,7.0964],[79.973,7.0966],[79.9724,7.0965],[79.9724,7.0962],[79.9727,7.096],[79.9728,7.0955],[79.9723,7.095],[79.9725,7.0942],[79.9723,7.0939],[79.9701,7.0941],[79.9693,7.0945],[79.9689,7.0951]]]}},{"type":"Feature","properties":{"fid":144,"osm_id":"387052747","code":8103,"fclass":"canal","width":0,"name":"Katu Ela"},"geometry":{"type":"MultiLineString","coordinates":[[[79.8974,6.8482],[79.8966,6.846],[79.8958,6.8456]]]}},{"type":"Feature","properties":{"fid":145,"osm_id":"387057241","code":8103,"fclass":"canal","width":0,"name":null},"geometry":{"type":"MultiLineString","coordinates":[[[79.9075,6.8448],[79.9042,6.8446],[79.9003,6.8438]]]}},{"type":"Feature","properties":{"fid":146,"osm_id":"387058081","code":8103,"fclass":"canal","width":0,"name":null},"geometry":{"type":"MultiLineString","coordinates":[[[79.9,6.8437],[79.8977,6.8432],[79.8954,6.8431]]]}},{"type":"Feature","properties":{"fid":147,"osm_id":"387058085","code":8103,"fclass":"canal","width":0,"name":null},"geometry":{"type":"MultiLineString","coordinates":[[[79.8998,6.846],[79.8991,6.8457],[79.898,6.8461],[79.8976,6.8461],[79.8975,6.8458],[79.897,6.8457],[79.8969,6.8456],[79.8965,6.8459]]]}},{"type":"Feature","properties":{"fid":148,"osm_id":"387058931","code":8103,"fclass":"canal","width":0,"name":null},"geometry":{"type":"MultiLineString","coordinates":[[[79.9072,6.846],[79.9043,6.846],[79.9033,6.8456],[79.9026,6.8456],[79.9014,6.8454],[79.9001,6.8448]]]}},{"type":"Feature","properties":{"fid":149,"osm_id":"387276350","code":8103,"fclass":"canal","width":0,"name":null},"geometry":{"type":"MultiLineString","coordinates":[[[80.003,7.0533],[80.0037,7.0532],[80.0044,7.0527]]]}},{"type":"Feature","properties":{"fid":150,"osm_id":"387279525","code":8103,"fclass":"canal","width":0,"name":null},"geometry":{"type":"MultiLineString","coordinates":[[[79.9894,7.0641],[79.9898,7.064],[79.99,7.0635],[79.9901,7.0635]]]}},{"type":"Feature","properties":{"fid":151,"osm_id":"387279526","code":8103,"fclass":"canal","width":0,"name":null},"geometry":{"type":"MultiLineString","coordinates":[[[79.9896,7.0648],[79.9897,7.0646],[79.9889,7.063]]]}},{"type":"Feature","properties":{"fid":152,"osm_id":"387279527","code":8103,"fclass":"canal","width":0,"name":null},"geometry":{"type":"MultiLineString","coordinates":[[[79.9897,7.0658],[79.99,7.0655],[79.9894,7.0646],[79.9885,7.0641],[79.9879,7.0641]]]}},{"type":"Feature","properties":{"fid":153,"osm_id":"387309218","code":8103,"fclass":"canal","width":0,"name":null},"geometry":{"type":"MultiLineString","coordinates":[[[80.0406,7.0982],[80.0394,7.0988],[80.0385,7.0987],[80.0386,7.0992]]]}},{"type":"Feature","properties":{"fid":154,"osm_id":"388190167","code":8103,"fclass":"canal","width":0,"name":null},"geometry":{"type":"MultiLineString","coordinates":[[[79.973,7.0551],[79.9721,7.0543],[79.9721,7.0538],[79.9719,7.0535],[79.9719,7.0533],[79.9718,7.0532]]]}},{"type":"Feature","properties":{"fid":155,"osm_id":"388839813","code":8103,"fclass":"canal","width":0,"name":null},"geometry":{"type":"MultiLineString","coordinates":[[[79.9715,7.0506],[79.9718,7.0497],[79.9714,7.0494]]]}},{"type":"Feature","properties":{"fid":156,"osm_id":"389831952","code":8103,"fclass":"canal","width":0,"name":null},"geometry":{"type":"MultiLineString","coordinates":[[[79.9485,7.0738],[79.9493,7.0735]]]}},{"type":"Feature","properties":{"fid":157,"osm_id":"389839755","code":8103,"fclass":"canal","width":0,"name":null},"geometry":{"type":"MultiLineString","coordinates":[[[79.9526,7.0664],[79.9534,7.0659],[79.9546,7.0656],[79.9545,7.0654],[79.9558,7.0649],[79.9568,7.0643]]]}},{"type":"Feature","properties":{"fid":158,"osm_id":"392050952","code":8103,"fclass":"canal","width":0,"name":null},"geometry":{"type":"MultiLineString","coordinates":[[[79.8921,7.2081],[79.8931,7.208],[79.8933,7.2077],[79.8944,7.2077],[79.8954,7.2072],[79.8958,7.2075],[79.8965,7.2076],[79.8966,7.2084],[79.8969,7.2087],[79.8975,7.2085],[79.8981,7.2081],[79.8982,7.2076]]]}},{"type":"Feature","properties":{"fid":159,"osm_id":"392219604","code":8103,"fclass":"canal","width":0,"name":null},"geometry":{"type":"MultiLineString","coordinates":[[[79.9078,7.2102],[79.9088,7.2101],[79.9088,7.2086]]]}},{"type":"Feature","properties":{"fid":160,"osm_id":"392219605","code":8103,"fclass":"canal","width":0,"name":null},"geometry":{"type":"MultiLineString","coordinates":[[[79.9072,7.2072],[79.9077,7.2076],[79.908,7.2082],[79.9078,7.2102]]]}},{"type":"Feature","properties":{"fid":161,"osm_id":"392219606","code":8103,"fclass":"canal","width":0,"name":null},"geometry":{"type":"MultiLineString","coordinates":[[[79.9106,7.2107],[79.9099,7.2106],[79.9096,7.2103],[79.9072,7.2102],[79.9055,7.2105],[79.9039,7.2102],[79.9019,7.2106]]]}},{"type":"Feature","properties":{"fid":162,"osm_id":"392233614","code":8103,"fclass":"canal","width":0,"name":null},"geometry":{"type":"MultiLineString","coordinates":[[[79.8981,7.2079],[79.8987,7.2087],[79.8994,7.2091],[79.9008,7.2092]]]}},{"type":"Feature","properties":{"fid":163,"osm_id":"392233615","code":8103,"fclass":"canal","width":0,"name":null},"geometry":{"type":"MultiLineString","coordinates":[[[79.901,7.2061],[79.9006,7.2073],[79.9008,7.2085],[79.8996,7.2091],[79.9007,7.2089]]]}},{"type":"Feature","properties":{"fid":164,"osm_id":"392549919","code":8103,"fclass":"canal","width":0,"name":null},"geometry":{"type":"MultiLineString","coordinates":[[[79.9147,7.2062],[79.9153,7.2049],[79.9146,7.2036],[79.9145,7.2021],[79.9137,7.2017],[79.9125,7.2016],[79.9121,7.2014],[79.9121,7.201]]]}},{"type":"Feature","properties":{"fid":165,"osm_id":"392550049","code":8103,"fclass":"canal","width":0,"name":null},"geometry":{"type":"MultiLineString","coordinates":[[[79.9103,7.2025],[79.9107,7.2028],[79.9115,7.2025],[79.9118,7.2021],[79.9118,7.2001],[79.9116,7.1995],[79.9114,7.1995],[79.9106,7.1984],[79.9105,7.1971],[79.9101,7.1966],[79.9097,7.1964],[79.9091,7.1959],[79.9084,7.1958],[79.9073,7.1963],[79.9068,7.196],[79.9057,7.196],[79.9046,7.1957],[79.9037,7.1959],[79.9008,7.1961],[79.8977,7.1956],[79.8966,7.1941],[79.8962,7.194]]]}},{"type":"Feature","properties":{"fid":166,"osm_id":"394317697","code":8103,"fclass":"canal","width":0,"name":null},"geometry":{"type":"MultiLineString","coordinates":[[[79.8967,7.1903],[79.8974,7.19]]]}},{"type":"Feature","properties":{"fid":167,"osm_id":"394317699","code":8103,"fclass":"canal","width":0,"name":null},"geometry":{"type":"MultiLineString","coordinates":[[[79.8962,7.1887],[79.8969,7.1891],[79.8972,7.1893],[79.8974,7.19],[79.8974,7.1905],[79.8979,7.192],[79.8985,7.1931],[79.8985,7.1937],[79.8991,7.1954],[79.9011,7.1955],[79.9017,7.1953],[79.9009,7.195]]]}},{"type":"Feature","properties":{"fid":168,"osm_id":"394317704","code":8103,"fclass":"canal","width":0,"name":null},"geometry":{"type":"MultiLineString","coordinates":[[[79.8972,7.1921],[79.8979,7.1919],[79.8983,7.1913]]]}},{"type":"Feature","properties":{"fid":169,"osm_id":"394519709","code":8103,"fclass":"canal","width":0,"name":null},"geometry":{"type":"MultiLineString","coordinates":[[[79.9078,7.196],[79.908,7.1957],[79.9097,7.1958],[79.9101,7.1957],[79.9106,7.1949],[79.9107,7.194],[79.9113,7.1938],[79.9116,7.1935],[79.9127,7.1919],[79.913,7.1917],[79.915,7.1915],[79.9163,7.193],[79.9192,7.1942],[79.9198,7.1942],[79.9217,7.1938],[79.9227,7.194]]]}},{"type":"Feature","properties":{"fid":170,"osm_id":"394519710","code":8103,"fclass":"canal","width":0,"name":null},"geometry":{"type":"MultiLineString","coordinates":[[[79.9017,7.1953],[79.9024,7.1955],[79.9036,7.1948],[79.9044,7.1948],[79.906,7.1956],[79.9066,7.1953],[79.9077,7.1957],[79.9081,7.1954],[79.9085,7.1956],[79.9093,7.1956],[79.9099,7.1949],[79.9103,7.1937],[79.9111,7.1937],[79.9124,7.1921],[79.9126,7.1915],[79.9136,7.1914],[79.9146,7.1911],[79.915,7.1911],[79.9158,7.1921],[79.9163,7.1922],[79.9173,7.1932],[79.9185,7.1935],[79.9191,7.1939],[79.9198,7.194],[79.9216,7.1936],[79.9226,7.1937],[79.9231,7.1939]]]}},{"type":"Feature","properties":{"fid":171,"osm_id":"394519711","code":8103,"fclass":"canal","width":0,"name":null},"geometry":{"type":"MultiLineString","coordinates":[[[79.8969,7.1946],[79.8984,7.1938],[79.8984,7.1931],[79.8981,7.1923]]]}},{"type":"Feature","properties":{"fid":172,"osm_id":"396123102","code":8103,"fclass":"canal","width":0,"name":null},"geometry":{"type":"MultiLineString","coordinates":[[[79.9674,7.0491],[79.9679,7.0504],[79.9688,7.0505],[79.9691,7.0503],[79.97,7.0507],[79.9704,7.0518]]]}},{"type":"Feature","properties":{"fid":173,"osm_id":"396147382","code":8103,"fclass":"canal","width":0,"name":null},"geometry":{"type":"MultiLineString","coordinates":[[[79.9714,7.0494],[79.9717,7.0487],[79.9714,7.048],[79.9705,7.0471],[79.9698,7.0469],[79.9689,7.0461],[79.9679,7.0456]]]}},{"type":"Feature","properties":{"fid":174,"osm_id":"397738561","code":8103,"fclass":"canal","width":0,"name":null},"geometry":{"type":"MultiLineString","coordinates":[[[79.9653,7.0391],[79.9652,7.0385],[79.9658,7.0388],[79.9658,7.0399],[79.9663,7.0412],[79.9664,7.0417],[79.9662,7.0418]]]}},{"type":"Feature","properties":{"fid":175,"osm_id":"397744537","code":8103,"fclass":"canal","width":0,"name":null},"geometry":{"type":"MultiLineString","coordinates":[[[79.9605,7.0404],[79.9606,7.0395],[79.9602,7.0381],[79.9601,7.0381]]]}},{"type":"Feature","properties":{"fid":176,"osm_id":"398447580","code":8103,"fclass":"canal","width":0,"name":null},"geometry":{"type":"MultiLineString","coordinates":[[[79.9768,7.0372],[79.9759,7.0374],[79.9749,7.0374],[79.9748,7.0383],[79.9742,7.0395],[79.9741,7.0402],[79.9745,7.0413],[79.9744,7.042],[79.9739,7.0436],[79.9737,7.0448],[79.9737,7.0455],[79.9735,7.0462],[79.9729,7.0468],[79.9729,7.0477]]]}},{"type":"Feature","properties":{"fid":177,"osm_id":"398447581","code":8103,"fclass":"canal","width":0,"name":null},"geometry":{"type":"MultiLineString","coordinates":[[[79.9735,7.0393],[79.9742,7.0395]]]}},{"type":"Feature","properties":{"fid":178,"osm_id":"398448472","code":8103,"fclass":"canal","width":0,"name":null},"geometry":{"type":"MultiLineString","coordinates":[[[79.9712,7.039],[79.9715,7.0389],[79.9719,7.0395],[79.9725,7.0396],[79.9726,7.0399],[79.9729,7.0398],[79.9734,7.0401],[79.9738,7.04],[79.9741,7.0401]]]}},{"type":"Feature","properties":{"fid":179,"osm_id":"399698092","code":8103,"fclass":"canal","width":0,"name":null},"geometry":{"type":"MultiLineString","coordinates":[[[79.8542,7.1054],[79.8552,7.1055]]]}},{"type":"Feature","properties":{"fid":180,"osm_id":"400927408","code":8103,"fclass":"canal","width":0,"name":null},"geometry":{"type":"MultiLineString","coordinates":[[[79.9662,7.0418],[79.9665,7.0433],[79.9679,7.0456]]]}},{"type":"Feature","properties":{"fid":181,"osm_id":"401583676","code":8103,"fclass":"canal","width":5,"name":"depa ela"},"geometry":{"type":"MultiLineString","coordinates":[[[79.8873,7.1231],[79.8875,7.1236],[79.8874,7.1251],[79.8863,7.1275],[79.8862,7.1283],[79.8865,7.1307],[79.8864,7.1321],[79.886,7.133],[79.8847,7.1348],[79.8838,7.1364],[79.8817,7.1438]]]}},{"type":"Feature","properties":{"fid":182,"osm_id":"402808665","code":8103,"fclass":"canal","width":0,"name":"Mada Ela"},"geometry":{"type":"MultiLineString","coordinates":[[[79.9807,7.0564],[79.9795,7.0573],[79.9771,7.0585],[79.9753,7.0597],[79.9747,7.0602],[79.9745,7.061],[79.9743,7.0611]]]}},{"type":"Feature","properties":{"fid":183,"osm_id":"402808669","code":8103,"fclass":"canal","width":0,"name":null},"geometry":{"type":"MultiLineString","coordinates":[[[79.9802,7.0569],[79.9802,7.0571],[79.9804,7.057]]]}},{"type":"Feature","properties":{"fid":184,"osm_id":"402809467","code":8103,"fclass":"canal","width":0,"name":null},"geometry":{"type":"MultiLineString","coordinates":[[[79.9776,7.058],[79.9752,7.0595],[79.975,7.0599]]]}},{"type":"Feature","properties":{"fid":185,"osm_id":"402809468","code":8103,"fclass":"canal","width":0,"name":null},"geometry":{"type":"MultiLineString","coordinates":[[[79.9773,7.0587],[79.9755,7.0599],[79.975,7.0607],[79.9747,7.0618],[79.9744,7.0618]]]}},{"type":"Feature","properties":{"fid":186,"osm_id":"402810178","code":8103,"fclass":"canal","width":0,"name":null},"geometry":{"type":"MultiLineString","coordinates":[[[79.9731,7.0479],[79.9727,7.0483]]]}},{"type":"Feature","properties":{"fid":187,"osm_id":"402810179","code":8103,"fclass":"canal","width":0,"name":null},"geometry":{"type":"MultiLineString","coordinates":[[[79.9729,7.0477],[79.9725,7.0479],[79.9727,7.0483],[79.9724,7.0494],[79.9718,7.0506],[79.9716,7.0507]]]}},{"type":"Feature","properties":{"fid":188,"osm_id":"402817231","code":8103,"fclass":"canal","width":0,"name":null},"geometry":{"type":"MultiLineString","coordinates":[[[79.983,7.0543],[79.9819,7.0553],[79.9819,7.0557],[79.9813,7.0563],[79.9812,7.0561],[79.9807,7.0564]]]}},{"type":"Feature","properties":{"fid":189,"osm_id":"403573343","code":8103,"fclass":"canal","width":2,"name":"Drai8nage cannel"},"geometry":{"type":"MultiLineString","coordinates":[[[79.9889,6.8424],[79.9897,6.843],[79.9903,6.8436]]]}},{"type":"Feature","properties":{"fid":190,"osm_id":"403787956","code":8103,"fclass":"canal","width":0,"name":null},"geometry":{"type":"MultiLineString","coordinates":[[[79.8883,7.0822],[79.8882,7.0821],[79.887,7.0821],[79.8853,7.0818]]]}},{"type":"Feature","properties":{"fid":191,"osm_id":"404181392","code":8103,"fclass":"canal","width":0,"name":null},"geometry":{"type":"MultiLineString","coordinates":[[[79.8889,7.098],[79.8891,7.0982],[79.8894,7.0981],[79.8893,7.0988],[79.8896,7.0993]]]}},{"type":"Feature","properties":{"fid":192,"osm_id":"404181393","code":8103,"fclass":"canal","width":0,"name":"Depa Ela"},"geometry":{"type":"MultiLineString","coordinates":[[[79.883,7.1116],[79.8854,7.111],[79.8856,7.1103],[79.8862,7.1101],[79.8862,7.1095],[79.8882,7.1051],[79.8887,7.1024],[79.8896,7.0995],[79.8898,7.0947]]]}},{"type":"Feature","properties":{"fid":193,"osm_id":"404367456","code":8103,"fclass":"canal","width":0,"name":null},"geometry":{"type":"MultiLineString","coordinates":[[[79.8781,7.1069],[79.8788,7.0945]]]}},{"type":"Feature","properties":{"fid":194,"osm_id":"404669992","code":8103,"fclass":"canal","width":0,"name":null},"geometry":{"type":"MultiLineString","coordinates":[[[79.8812,7.1091],[79.8811,7.1097],[79.8798,7.111],[79.8791,7.1121],[79.8784,7.1129],[79.878,7.113],[79.8775,7.1124],[79.8759,7.1113],[79.8755,7.1113],[79.875,7.1117]]]}},{"type":"Feature","properties":{"fid":195,"osm_id":"404669993","code":8103,"fclass":"canal","width":0,"name":null},"geometry":{"type":"MultiLineString","coordinates":[[[79.8805,7.107],[79.8805,7.1068],[79.88,7.1067],[79.8793,7.1064]]]}},{"type":"Feature","properties":{"fid":196,"osm_id":"404669994","code":8103,"fclass":"canal","width":0,"name":null},"geometry":{"type":"MultiLineString","coordinates":[[[79.8803,7.108],[79.8805,7.107],[79.8809,7.1072],[79.8812,7.1075]]]}},{"type":"Feature","properties":{"fid":197,"osm_id":"404674416","code":8103,"fclass":"canal","width":0,"name":null},"geometry":{"type":"MultiLineString","coordinates":[[[79.882,7.0974],[79.8819,7.0979],[79.8826,7.0982],[79.8822,7.0993]]]}},{"type":"Feature","properties":{"fid":198,"osm_id":"405278049","code":8103,"fclass":"canal","width":0,"name":null},"geometry":{"type":"MultiLineString","coordinates":[[[79.8907,7.0891],[79.892,7.0893]]]}},{"type":"Feature","properties":{"fid":199,"osm_id":"405641305","code":8103,"fclass":"canal","width":0,"name":null},"geometry":{"type":"MultiLineString","coordinates":[[[79.9058,7.0771],[79.906,7.0789],[79.9058,7.0809],[79.906,7.0821],[79.9061,7.0823],[79.9067,7.0823],[79.9068,7.0825],[79.9058,7.084]]]}},{"type":"Feature","properties":{"fid":200,"osm_id":"405846765","code":8103,"fclass":"canal","width":0,"name":null},"geometry":{"type":"MultiLineString","coordinates":[[[79.8791,7.0887],[79.879,7.0883],[79.8799,7.0867]]]}},{"type":"Feature","properties":{"fid":201,"osm_id":"405846766","code":8103,"fclass":"canal","width":0,"name":null},"geometry":{"type":"MultiLineString","coordinates":[[[79.879,7.0873],[79.8809,7.0878],[79.8808,7.0891]]]}},{"type":"Feature","properties":{"fid":202,"osm_id":"406900018","code":8103,"fclass":"canal","width":0,"name":null},"geometry":{"type":"MultiLineString","coordinates":[[[79.8795,7.0812],[79.8833,7.0812],[79.884,7.0813]]]}},{"type":"Feature","properties":{"fid":203,"osm_id":"406906560","code":8103,"fclass":"canal","width":0,"name":null},"geometry":{"type":"MultiLineString","coordinates":[[[79.878,7.0768],[79.8779,7.0774],[79.879,7.0896]]]}},{"type":"Feature","properties":{"fid":204,"osm_id":"407978740","code":8103,"fclass":"canal","width":0,"name":null},"geometry":{"type":"MultiLineString","coordinates":[[[79.8851,6.8772],[79.8845,6.8819],[79.8844,6.8843],[79.8845,6.8846]]]}},{"type":"Feature","properties":{"fid":205,"osm_id":"411277707","code":8103,"fclass":"canal","width":0,"name":null},"geometry":{"type":"MultiLineString","coordinates":[[[79.9255,7.1989],[79.9251,7.1987],[79.9252,7.1984],[79.925,7.1979],[79.9237,7.1971],[79.9238,7.1968],[79.9233,7.1964]]]}},{"type":"Feature","properties":{"fid":206,"osm_id":"411904792","code":8103,"fclass":"canal","width":0,"name":null},"geometry":{"type":"MultiLineString","coordinates":[[[79.9153,7.1914],[79.9157,7.1912],[79.9162,7.1897],[79.9166,7.1893]]]}},{"type":"Feature","properties":{"fid":207,"osm_id":"413239795","code":8103,"fclass":"canal","width":0,"name":null},"geometry":{"type":"MultiLineString","coordinates":[[[79.9658,7.0583],[79.9663,7.0589]]]}},{"type":"Feature","properties":{"fid":208,"osm_id":"413239796","code":8103,"fclass":"canal","width":0,"name":null},"geometry":{"type":"MultiLineString","coordinates":[[[79.966,7.0581],[79.9652,7.0572],[79.9648,7.057],[79.9646,7.0567]]]}},{"type":"Feature","properties":{"fid":209,"osm_id":"413272485","code":8103,"fclass":"canal","width":0,"name":null},"geometry":{"type":"MultiLineString","coordinates":[[[79.9183,7.1873],[79.9185,7.1872]]]}},{"type":"Feature","properties":{"fid":210,"osm_id":"413775574","code":8103,"fclass":"canal","width":0,"name":null},"geometry":{"type":"MultiLineString","coordinates":[[[79.9038,7.1258],[79.9033,7.1266],[79.9047,7.1271],[79.9067,7.1284]]]}},{"type":"Feature","properties":{"fid":211,"osm_id":"415686464","code":8103,"fclass":"canal","width":0,"name":null},"geometry":{"type":"MultiLineString","coordinates":[[[80.0095,7.0828],[80.01,7.0829]]]}},{"type":"Feature","properties":{"fid":212,"osm_id":"416065330","code":8103,"fclass":"canal","width":0,"name":null},"geometry":{"type":"MultiLineString","coordinates":[[[79.872,7.1205],[79.8733,7.1205],[79.8736,7.1203],[79.8743,7.1205],[79.876,7.1203]]]}},{"type":"Feature","properties":{"fid":213,"osm_id":"418887888","code":8103,"fclass":"canal","width":0,"name":null},"geometry":{"type":"MultiLineString","coordinates":[[[79.919,7.1295],[79.9191,7.1292],[79.9195,7.1291],[79.9195,7.1288],[79.9199,7.129]]]}},{"type":"Feature","properties":{"fid":214,"osm_id":"418901386","code":8103,"fclass":"canal","width":0,"name":null},"geometry":{"type":"MultiLineString","coordinates":[[[79.9223,7.1223],[79.9219,7.124]]]}},{"type":"Feature","properties":{"fid":215,"osm_id":"418911797","code":8103,"fclass":"canal","width":0,"name":null},"geometry":{"type":"MultiLineString","coordinates":[[[79.9172,7.1222],[79.9172,7.1219],[79.9168,7.1215]]]}},{"type":"Feature","properties":{"fid":216,"osm_id":"418921146","code":8103,"fclass":"canal","width":0,"name":null},"geometry":{"type":"MultiLineString","coordinates":[[[79.9078,7.1287],[79.9095,7.1294],[79.9095,7.1297],[79.9121,7.1301],[79.9144,7.1294],[79.9146,7.1297],[79.9157,7.1297],[79.9162,7.1301],[79.9165,7.1313],[79.9164,7.1318],[79.9159,7.1329],[79.9148,7.1346],[79.9144,7.1354]]]}},{"type":"Feature","properties":{"fid":217,"osm_id":"418923520","code":8103,"fclass":"canal","width":0,"name":"Geekiyanage Othe Ela"},"geometry":{"type":"MultiLineString","coordinates":[[[79.9102,7.1345],[79.9106,7.1338],[79.9112,7.1319],[79.9111,7.1311],[79.9109,7.1311],[79.9107,7.1306],[79.9109,7.1306],[79.9114,7.13]]]}},{"type":"Feature","properties":{"fid":218,"osm_id":"418934967","code":8103,"fclass":"canal","width":0,"name":null},"geometry":{"type":"MultiLineString","coordinates":[[[79.9162,7.1301],[79.9169,7.1297],[79.9172,7.129],[79.9174,7.1289]]]}},{"type":"Feature","properties":{"fid":219,"osm_id":"418934968","code":8103,"fclass":"canal","width":0,"name":null},"geometry":{"type":"MultiLineString","coordinates":[[[79.9169,7.1297],[79.9175,7.1318],[79.9171,7.1337]]]}},{"type":"Feature","properties":{"fid":220,"osm_id":"419443001","code":8103,"fclass":"canal","width":0,"name":null},"geometry":{"type":"MultiLineString","coordinates":[[[79.9023,6.929],[79.9028,6.9321],[79.9028,6.9324],[79.9025,6.933],[79.9034,6.9335],[79.9045,6.9337],[79.9061,6.9334],[79.9077,6.9336],[79.9084,6.9334],[79.9109,6.9321],[79.9119,6.9325]]]}},{"type":"Feature","properties":{"fid":221,"osm_id":"419531328","code":8103,"fclass":"canal","width":0,"name":null},"geometry":{"type":"MultiLineString","coordinates":[[[79.8945,6.9715],[79.8947,6.9735],[79.8945,6.9736]]]}},{"type":"Feature","properties":{"fid":222,"osm_id":"419531330","code":8103,"fclass":"canal","width":0,"name":null},"geometry":{"type":"MultiLineString","coordinates":[[[79.894,6.9724],[79.8938,6.9724],[79.8939,6.973],[79.8944,6.9745],[79.8957,6.9762]]]}},{"type":"Feature","properties":{"fid":223,"osm_id":"419531331","code":8103,"fclass":"canal","width":0,"name":null},"geometry":{"type":"MultiLineString","coordinates":[[[79.8909,6.968],[79.8908,6.9679],[79.8912,6.9669],[79.8912,6.9661],[79.891,6.9657],[79.89,6.9646]]]}},{"type":"Feature","properties":{"fid":224,"osm_id":"419531332","code":8103,"fclass":"canal","width":0,"name":null},"geometry":{"type":"MultiLineString","coordinates":[[[79.89,6.9646],[79.889,6.9656]]]}},{"type":"Feature","properties":{"fid":225,"osm_id":"419531334","code":8103,"fclass":"canal","width":0,"name":null},"geometry":{"type":"MultiLineString","coordinates":[[[79.8919,6.9657],[79.8924,6.9653]]]}},{"type":"Feature","properties":{"fid":226,"osm_id":"419531335","code":8103,"fclass":"canal","width":0,"name":null},"geometry":{"type":"MultiLineString","coordinates":[[[79.8906,6.9638],[79.8921,6.9652],[79.8922,6.9655]]]}},{"type":"Feature","properties":{"fid":227,"osm_id":"419531336","code":8103,"fclass":"canal","width":0,"name":null},"geometry":{"type":"MultiLineString","coordinates":[[[79.8922,6.9654],[79.8941,6.9667]]]}},{"type":"Feature","properties":{"fid":228,"osm_id":"419531337","code":8103,"fclass":"canal","width":0,"name":null},"geometry":{"type":"MultiLineString","coordinates":[[[79.8941,6.9669],[79.8929,6.9665],[79.892,6.9656]]]}},{"type":"Feature","properties":{"fid":229,"osm_id":"419531339","code":8103,"fclass":"canal","width":0,"name":null},"geometry":{"type":"MultiLineString","coordinates":[[[79.8886,6.9671],[79.8883,6.9675],[79.888,6.9673]]]}},{"type":"Feature","properties":{"fid":230,"osm_id":"419531340","code":8103,"fclass":"canal","width":0,"name":null},"geometry":{"type":"MultiLineString","coordinates":[[[79.8886,6.9671],[79.8887,6.9668],[79.8884,6.9661],[79.8885,6.9659],[79.889,6.9656]]]}},{"type":"Feature","properties":{"fid":231,"osm_id":"419586723","code":8103,"fclass":"canal","width":0,"name":null},"geometry":{"type":"MultiLineString","coordinates":[[[79.8945,6.9709],[79.8945,6.9715],[79.8951,6.9723],[79.896,6.9728]]]}},{"type":"Feature","properties":{"fid":232,"osm_id":"419874450","code":8103,"fclass":"canal","width":0,"name":null},"geometry":{"type":"MultiLineString","coordinates":[[[80.0476,6.9253],[80.0474,6.9262],[80.0469,6.9265]]]}},{"type":"Feature","properties":{"fid":233,"osm_id":"419896372","code":8103,"fclass":"canal","width":0,"name":null},"geometry":{"type":"MultiLineString","coordinates":[[[79.9891,6.9346],[79.9881,6.9348]]]}},{"type":"Feature","properties":{"fid":234,"osm_id":"420000705","code":8103,"fclass":"canal","width":0,"name":null},"geometry":{"type":"MultiLineString","coordinates":[[[79.8894,6.9596],[79.8883,6.9591],[79.8878,6.959],[79.8859,6.9594],[79.8848,6.9593],[79.8829,6.9615],[79.8827,6.9633],[79.883,6.9641],[79.8819,6.9652]]]}},{"type":"Feature","properties":{"fid":235,"osm_id":"420045849","code":8103,"fclass":"canal","width":0,"name":null},"geometry":{"type":"MultiLineString","coordinates":[[[80.0486,6.8912],[80.0487,6.8909],[80.0485,6.8907],[80.049,6.8902],[80.0482,6.8882],[80.0483,6.8879],[80.0481,6.8877],[80.0481,6.8875],[80.0479,6.8873],[80.0484,6.8866],[80.0485,6.8847],[80.0481,6.8844],[80.0482,6.8838],[80.048,6.883],[80.0462,6.8811],[80.0464,6.8795],[80.0464,6.8783],[80.0462,6.8778],[80.0464,6.8773],[80.0458,6.8758],[80.0455,6.8744],[80.0452,6.8741],[80.0453,6.8733],[80.0451,6.8728]]]}},{"type":"Feature","properties":{"fid":236,"osm_id":"420107433","code":8103,"fclass":"canal","width":0,"name":null},"geometry":{"type":"MultiLineString","coordinates":[[[79.9357,6.931],[79.9365,6.9303],[79.9371,6.9302]]]}},{"type":"Feature","properties":{"fid":237,"osm_id":"420107434","code":8103,"fclass":"canal","width":0,"name":null},"geometry":{"type":"MultiLineString","coordinates":[[[79.9371,6.9302],[79.9371,6.9298]]]}},{"type":"Feature","properties":{"fid":238,"osm_id":"420107435","code":8103,"fclass":"canal","width":0,"name":null},"geometry":{"type":"MultiLineString","coordinates":[[[79.9371,6.9298],[79.9375,6.9288],[79.9382,6.9289]]]}},{"type":"Feature","properties":{"fid":239,"osm_id":"420107680","code":8103,"fclass":"canal","width":0,"name":null},"geometry":{"type":"MultiLineString","coordinates":[[[79.9371,6.9302],[79.939,6.9301],[79.939,6.9306],[79.9394,6.9308]]]}},{"type":"Feature","properties":{"fid":240,"osm_id":"420107714","code":8103,"fclass":"canal","width":0,"name":null},"geometry":{"type":"MultiLineString","coordinates":[[[79.9394,6.9308],[79.94,6.9308],[79.9401,6.9312]]]}},{"type":"Feature","properties":{"fid":241,"osm_id":"420107739","code":8103,"fclass":"canal","width":0,"name":null},"geometry":{"type":"MultiLineString","coordinates":[[[79.9394,6.9308],[79.9395,6.931]]]}},{"type":"Feature","properties":{"fid":242,"osm_id":"420107793","code":8103,"fclass":"canal","width":0,"name":null},"geometry":{"type":"MultiLineString","coordinates":[[[79.9395,6.931],[79.9396,6.9314]]]}},{"type":"Feature","properties":{"fid":243,"osm_id":"420108235","code":8103,"fclass":"canal","width":0,"name":null},"geometry":{"type":"MultiLineString","coordinates":[[[79.9395,6.931],[79.939,6.9307]]]}},{"type":"Feature","properties":{"fid":244,"osm_id":"420338954","code":8103,"fclass":"canal","width":0,"name":null},"geometry":{"type":"MultiLineString","coordinates":[[[80.1178,6.9526],[80.1181,6.9527]]]}},{"type":"Feature","properties":{"fid":245,"osm_id":"420437476","code":8103,"fclass":"canal","width":0,"name":null},"geometry":{"type":"MultiLineString","coordinates":[[[79.9067,7.1284],[79.9069,7.1286],[79.9073,7.1286],[79.9075,7.1288],[79.9076,7.1286],[79.9078,7.1287]]]}},{"type":"Feature","properties":{"fid":246,"osm_id":"421265920","code":8103,"fclass":"canal","width":0,"name":null},"geometry":{"type":"MultiLineString","coordinates":[[[79.9293,7.1423],[79.9197,7.1436],[79.9191,7.1448],[79.9184,7.1448],[79.918,7.1454]]]}},{"type":"Feature","properties":{"fid":247,"osm_id":"421265921","code":8103,"fclass":"canal","width":0,"name":"Kahata Ela"},"geometry":{"type":"MultiLineString","coordinates":[[[79.9158,7.1459],[79.9167,7.1468],[79.9174,7.147],[79.9179,7.1465],[79.9181,7.1461],[79.918,7.1457]]]}},{"type":"Feature","properties":{"fid":248,"osm_id":"421265922","code":8103,"fclass":"canal","width":0,"name":null},"geometry":{"type":"MultiLineString","coordinates":[[[79.9147,7.1457],[79.9146,7.1462]]]}},{"type":"Feature","properties":{"fid":249,"osm_id":"421744485","code":8103,"fclass":"canal","width":0,"name":null},"geometry":{"type":"MultiLineString","coordinates":[[[79.8913,7.0524],[79.8903,7.0525],[79.8893,7.0528]]]}},{"type":"Feature","properties":{"fid":250,"osm_id":"421744487","code":8103,"fclass":"canal","width":0,"name":null},"geometry":{"type":"MultiLineString","coordinates":[[[79.8926,7.0529],[79.8913,7.0524],[79.8913,7.0522]]]}},{"type":"Feature","properties":{"fid":251,"osm_id":"421744490","code":8103,"fclass":"canal","width":0,"name":null},"geometry":{"type":"MultiLineString","coordinates":[[[79.8823,7.0496],[79.883,7.0502],[79.8835,7.0509],[79.8837,7.0511],[79.8844,7.0509],[79.8851,7.0524],[79.8873,7.0521],[79.8874,7.0543]]]}},{"type":"Feature","properties":{"fid":252,"osm_id":"421753530","code":8103,"fclass":"canal","width":0,"name":null},"geometry":{"type":"MultiLineString","coordinates":[[[79.9022,7.0569],[79.9039,7.056]]]}},{"type":"Feature","properties":{"fid":253,"osm_id":"421753531","code":8103,"fclass":"canal","width":0,"name":null},"geometry":{"type":"MultiLineString","coordinates":[[[79.8805,7.0541],[79.8821,7.0496]]]}},{"type":"Feature","properties":{"fid":254,"osm_id":"422128976","code":8103,"fclass":"canal","width":0,"name":null},"geometry":{"type":"MultiLineString","coordinates":[[[79.9032,7.1533],[79.904,7.1528],[79.9042,7.1529],[79.9046,7.1528]]]}},{"type":"Feature","properties":{"fid":255,"osm_id":"422135829","code":8103,"fclass":"canal","width":0,"name":null},"geometry":{"type":"MultiLineString","coordinates":[[[79.9057,7.1599],[79.9055,7.1597],[79.9056,7.1596]]]}},{"type":"Feature","properties":{"fid":256,"osm_id":"422136823","code":8103,"fclass":"canal","width":0,"name":null},"geometry":{"type":"MultiLineString","coordinates":[[[79.8964,7.1585],[79.8963,7.1579]]]}},{"type":"Feature","properties":{"fid":257,"osm_id":"422573427","code":8103,"fclass":"canal","width":0,"name":null},"geometry":{"type":"MultiLineString","coordinates":[[[79.9173,7.1452],[79.9169,7.145],[79.917,7.1445],[79.9165,7.144],[79.9159,7.1438],[79.9153,7.1438],[79.9142,7.1445],[79.914,7.1443],[79.9142,7.1437]]]}},{"type":"Feature","properties":{"fid":258,"osm_id":"423092299","code":8103,"fclass":"canal","width":0,"name":null},"geometry":{"type":"MultiLineString","coordinates":[[[79.9149,7.1266],[79.9155,7.1278],[79.9158,7.1279],[79.9159,7.1283],[79.9172,7.1286]]]}},{"type":"Feature","properties":{"fid":259,"osm_id":"423448149","code":8103,"fclass":"canal","width":0,"name":null},"geometry":{"type":"MultiLineString","coordinates":[[[79.9665,7.1756],[79.9671,7.176],[79.968,7.1761],[79.9685,7.1764]]]}},{"type":"Feature","properties":{"fid":260,"osm_id":"424598639","code":8103,"fclass":"canal","width":0,"name":null},"geometry":{"type":"MultiLineString","coordinates":[[[79.8713,6.9904],[79.8742,6.9901]]]}},{"type":"Feature","properties":{"fid":261,"osm_id":"424598640","code":8103,"fclass":"canal","width":0,"name":null},"geometry":{"type":"MultiLineString","coordinates":[[[79.8716,6.9994],[79.8704,6.9991],[79.8705,6.998],[79.8708,6.9979],[79.8708,6.9976],[79.8704,6.9969],[79.8706,6.9958],[79.8703,6.9943],[79.8704,6.9933],[79.8711,6.9933],[79.8712,6.9931],[79.8714,6.9897]]]}},{"type":"Feature","properties":{"fid":262,"osm_id":"424686777","code":8103,"fclass":"canal","width":0,"name":"Pita ela"},"geometry":{"type":"MultiLineString","coordinates":[[[79.9285,7.1514],[79.9296,7.1513],[79.9314,7.1516]]]}},{"type":"Feature","properties":{"fid":263,"osm_id":"424686778","code":8103,"fclass":"canal","width":0,"name":"Pita ela"},"geometry":{"type":"MultiLineString","coordinates":[[[79.9285,7.1514],[79.9285,7.1514]]]}},{"type":"Feature","properties":{"fid":264,"osm_id":"424686779","code":8103,"fclass":"canal","width":0,"name":"Pita ela"},"geometry":{"type":"MultiLineString","coordinates":[[[79.9276,7.1518],[79.9285,7.1514]]]}},{"type":"Feature","properties":{"fid":265,"osm_id":"425279735","code":8103,"fclass":"canal","width":0,"name":"halwakkada ela"},"geometry":{"type":"MultiLineString","coordinates":[[[79.9098,7.1086],[79.9081,7.1076],[79.9074,7.1074],[79.9072,7.1071]]]}},{"type":"Feature","properties":{"fid":266,"osm_id":"428128457","code":8103,"fclass":"canal","width":0,"name":null},"geometry":{"type":"MultiLineString","coordinates":[[[79.9136,7.1264],[79.9142,7.1261]]]}},{"type":"Feature","properties":{"fid":267,"osm_id":"428877122","code":8103,"fclass":"canal","width":0,"name":null},"geometry":{"type":"MultiLineString","coordinates":[[[79.9914,7.1609],[79.9917,7.1595],[79.9916,7.1593],[79.9915,7.1585],[79.9913,7.1578]]]}},{"type":"Feature","properties":{"fid":268,"osm_id":"428877123","code":8103,"fclass":"canal","width":0,"name":null},"geometry":{"type":"MultiLineString","coordinates":[[[79.9913,7.1578],[79.9913,7.1577]]]}},{"type":"Feature","properties":{"fid":269,"osm_id":"428877124","code":8103,"fclass":"canal","width":0,"name":null},"geometry":{"type":"MultiLineString","coordinates":[[[79.9975,7.1576],[79.9966,7.157],[79.9961,7.157],[79.9953,7.1562],[79.9945,7.156],[79.9944,7.1557],[79.9938,7.1555]]]}},{"type":"Feature","properties":{"fid":270,"osm_id":"428877125","code":8103,"fclass":"canal","width":0,"name":null},"geometry":{"type":"MultiLineString","coordinates":[[[79.9913,7.1577],[79.9914,7.157]]]}},{"type":"Feature","properties":{"fid":271,"osm_id":"428877126","code":8103,"fclass":"canal","width":0,"name":null},"geometry":{"type":"MultiLineString","coordinates":[[[79.9917,7.1562],[79.9928,7.1559],[79.993,7.1559],[79.9931,7.1563],[79.9933,7.1562]]]}},{"type":"Feature","properties":{"fid":272,"osm_id":"429049774","code":8103,"fclass":"canal","width":0,"name":null},"geometry":{"type":"MultiLineString","coordinates":[[[80.0046,7.1112],[80.0045,7.1115]]]}},{"type":"Feature","properties":{"fid":273,"osm_id":"429808295","code":8103,"fclass":"canal","width":0,"name":null},"geometry":{"type":"MultiLineString","coordinates":[[[79.9973,7.1205],[79.9965,7.1207]]]}},{"type":"Feature","properties":{"fid":274,"osm_id":"429808389","code":8103,"fclass":"canal","width":0,"name":null},"geometry":{"type":"MultiLineString","coordinates":[[[79.9968,7.1209],[79.9965,7.1207],[79.9961,7.1208],[79.9956,7.1205],[79.9948,7.1203],[79.9941,7.1199],[79.9941,7.1196],[79.9936,7.1195],[79.9937,7.1189],[79.9924,7.1187],[79.9916,7.119],[79.9902,7.1182],[79.9895,7.118],[79.989,7.1175],[79.9891,7.1172],[79.9885,7.1164]]]}},{"type":"Feature","properties":{"fid":275,"osm_id":"430532272","code":8103,"fclass":"canal","width":0,"name":null},"geometry":{"type":"MultiLineString","coordinates":[[[80.0218,7.125],[80.0215,7.1246],[80.0213,7.1247]]]}},{"type":"Feature","properties":{"fid":276,"osm_id":"430532290","code":8103,"fclass":"canal","width":0,"name":null},"geometry":{"type":"MultiLineString","coordinates":[[[80.0194,7.1243],[80.0192,7.1245],[80.0189,7.1245],[80.0188,7.1248],[80.019,7.1248],[80.019,7.1252],[80.0208,7.1259],[80.0211,7.1258]]]}},{"type":"Feature","properties":{"fid":277,"osm_id":"430674323","code":8103,"fclass":"canal","width":0,"name":null},"geometry":{"type":"MultiLineString","coordinates":[[[79.9814,7.1227],[79.9816,7.1212]]]}},{"type":"Feature","properties":{"fid":278,"osm_id":"430934905","code":8103,"fclass":"canal","width":0,"name":"Agricultural Canal"},"geometry":{"type":"MultiLineString","coordinates":[[[79.9409,7.1651],[79.9412,7.1667],[79.941,7.1667],[79.9409,7.167]]]}},{"type":"Feature","properties":{"fid":279,"osm_id":"431115125","code":8103,"fclass":"canal","width":0,"name":null},"geometry":{"type":"MultiLineString","coordinates":[[[79.968,7.0456],[79.9678,7.0453]]]}},{"type":"Feature","properties":{"fid":280,"osm_id":"433830628","code":8103,"fclass":"canal","width":0,"name":null},"geometry":{"type":"MultiLineString","coordinates":[[[79.9231,7.2116],[79.9243,7.2116],[79.9278,7.2119],[79.9289,7.2114]]]}},{"type":"Feature","properties":{"fid":281,"osm_id":"435112697","code":8103,"fclass":"canal","width":0,"name":null},"geometry":{"type":"MultiLineString","coordinates":[[[79.9183,7.0999],[79.9185,7.1002],[79.919,7.1004],[79.9188,7.1007],[79.9192,7.101],[79.9195,7.1022],[79.9194,7.1027],[79.9188,7.1041],[79.9187,7.1039],[79.9189,7.1038],[79.9191,7.1035],[79.9195,7.1022],[79.9191,7.101],[79.9187,7.1007],[79.9188,7.1004],[79.9183,7.1001],[79.9183,7.0999]]]}},{"type":"Feature","properties":{"fid":282,"osm_id":"435240933","code":8103,"fclass":"canal","width":0,"name":null},"geometry":{"type":"MultiLineString","coordinates":[[[79.8762,7.1129],[79.8758,7.1127],[79.8751,7.1129],[79.8751,7.1128],[79.8757,7.1126],[79.8762,7.1129]]]}},{"type":"Feature","properties":{"fid":283,"osm_id":"435266858","code":8103,"fclass":"canal","width":0,"name":null},"geometry":{"type":"MultiLineString","coordinates":[[[79.979,7.1554],[79.979,7.1552],[79.9792,7.1552],[79.9799,7.1557],[79.9817,7.1553],[79.982,7.1549],[79.9822,7.1548],[79.9826,7.1551],[79.9824,7.1556],[79.9825,7.1557],[79.9827,7.1557],[79.9833,7.1555],[79.9825,7.1556],[79.9827,7.1551],[79.9824,7.1548],[79.9821,7.1547],[79.9814,7.1551],[79.9808,7.1551],[79.9803,7.1555],[79.9798,7.1555],[79.9797,7.1553],[79.9792,7.1551],[79.9792,7.1548],[79.9789,7.1551],[79.9788,7.1555],[79.9777,7.1554],[79.9767,7.1559],[79.9763,7.1555],[79.9761,7.1555],[79.976,7.1559],[79.9756,7.1555],[79.9754,7.1561],[79.9748,7.1558],[79.9743,7.156],[79.9743,7.1555],[79.9736,7.1559],[79.9734,7.1554],[79.973,7.1554],[79.9729,7.1551],[79.9725,7.1548],[79.9722,7.1548],[79.972,7.1545],[79.9717,7.1545],[79.9709,7.1547],[79.9699,7.1558],[79.9695,7.1556],[79.9693,7.1556],[79.9697,7.156],[79.97,7.156],[79.9709,7.1549],[79.9717,7.1546],[79.972,7.1546],[79.9722,7.1549],[79.9724,7.1548],[79.9729,7.1552],[79.9729,7.1555],[79.9734,7.1555],[79.9736,7.156],[79.9742,7.1556],[79.9743,7.1562],[79.9748,7.1559],[79.9754,7.1562],[79.9756,7.156],[79.9756,7.1556],[79.976,7.1559],[79.9762,7.1559],[79.9762,7.1556],[79.9768,7.156],[79.9779,7.1555],[79.9788,7.1556],[79.979,7.1554]]]}},{"type":"Feature","properties":{"fid":284,"osm_id":"435271771","code":8103,"fclass":"canal","width":0,"name":null},"geometry":{"type":"MultiLineString","coordinates":[[[79.9889,7.1565],[79.9884,7.1564],[79.9881,7.1565],[79.9877,7.1562],[79.9877,7.1557],[79.9868,7.1558],[79.9869,7.1555],[79.9866,7.1554],[79.9863,7.1557],[79.986,7.1557],[79.9858,7.156],[79.9857,7.1557],[79.9854,7.1557],[79.9851,7.1555],[79.9845,7.156],[79.9845,7.1564],[79.9838,7.1562],[79.9835,7.1566],[79.9831,7.1562],[79.9831,7.156],[79.9833,7.1557],[79.9833,7.1555],[79.9829,7.1561],[79.9831,7.1565],[79.9834,7.1567],[79.9837,7.1566],[79.9839,7.1564],[79.9846,7.1567],[79.9846,7.1562],[79.9851,7.1557],[79.9853,7.1559],[79.9856,7.1557],[79.9856,7.1561],[79.9858,7.1562],[79.986,7.1558],[79.9863,7.1559],[79.9867,7.1555],[79.9867,7.1559],[79.9876,7.1559],[79.9875,7.1562],[79.988,7.1566],[79.9885,7.1565],[79.9909,7.1571],[79.9915,7.157],[79.9917,7.1568],[79.9919,7.1563],[79.9914,7.1558],[79.9921,7.1554],[79.9933,7.1554],[79.9939,7.1555],[79.9941,7.1553],[79.9944,7.1554],[79.9944,7.1551],[79.9953,7.155],[79.9955,7.1549],[79.996,7.1552],[79.9963,7.1552],[79.9969,7.1549],[79.9974,7.1545],[79.9983,7.155],[79.9988,7.1549],[79.9987,7.1553],[79.9989,7.1555],[79.9995,7.1553],[79.9995,7.1555],[80.0,7.1555],[80.0004,7.1561],[80.0008,7.156],[80.0004,7.156],[80.0,7.1554],[79.9996,7.1555],[79.9994,7.1552],[79.9989,7.1553],[79.999,7.1549],[79.9989,7.1548],[79.9982,7.1548],[79.9975,7.1544],[79.9961,7.1551],[79.9954,7.1547],[79.9952,7.1549],[79.9945,7.155],[79.9939,7.1554],[79.9935,7.1552],[79.9929,7.1552],[79.9928,7.1554],[79.992,7.1553],[79.9913,7.1557],[79.9914,7.1561],[79.9918,7.1563],[79.9917,7.1567],[79.9913,7.157],[79.9908,7.157],[79.9894,7.1567],[79.9892,7.1564],[79.9889,7.1565]]]}},{"type":"Feature","properties":{"fid":285,"osm_id":"439836092","code":8103,"fclass":"canal","width":0,"name":null},"geometry":{"type":"MultiLineString","coordinates":[[[79.8807,7.0501],[79.8817,7.0505]]]}},{"type":"Feature","properties":{"fid":286,"osm_id":"496334768","code":8103,"fclass":"canal","width":0,"name":null},"geometry":{"type":"MultiLineString","coordinates":[[[79.9759,6.6262],[79.9767,6.6264],[79.9797,6.6244],[79.9823,6.6222]]]}},{"type":"Feature","properties":{"fid":287,"osm_id":"532992183","code":8103,"fclass":"canal","width":0,"name":null},"geometry":{"type":"MultiLineString","coordinates":[[[79.902,6.8963],[79.9018,6.8958],[79.9013,6.8955],[79.9013,6.8951],[79.9017,6.8948],[79.9017,6.8945],[79.9021,6.8943],[79.9018,6.8938],[79.9013,6.8945],[79.9006,6.8941],[79.8998,6.894],[79.8993,6.8937],[79.8991,6.8927],[79.8986,6.8926],[79.8987,6.8921],[79.8982,6.892],[79.8979,6.8925],[79.8977,6.8926],[79.8967,6.8922]]]}},{"type":"Feature","properties":{"fid":288,"osm_id":"533733025","code":8103,"fclass":"canal","width":0,"name":null},"geometry":{"type":"MultiLineString","coordinates":[[[79.9537,6.7665],[79.9538,6.7669],[79.9537,6.7679],[79.9541,6.7681],[79.9548,6.7692],[79.9548,6.7694],[79.9545,6.7698]]]}},{"type":"Feature","properties":{"fid":289,"osm_id":"533733026","code":8103,"fclass":"canal","width":0,"name":null},"geometry":{"type":"MultiLineString","coordinates":[[[79.9548,6.7692],[79.9557,6.7696],[79.956,6.7706],[79.9568,6.7713],[79.9571,6.7722],[79.9579,6.7738],[79.9586,6.7746],[79.9592,6.7749],[79.9594,6.7756],[79.9599,6.776],[79.9604,6.7776],[79.9608,6.778],[79.9615,6.7792],[79.9623,6.7803],[79.9642,6.7834],[79.9642,6.7837],[79.9638,6.7843],[79.9642,6.7857],[79.9643,6.7872],[79.9641,6.7878],[79.9641,6.7887],[79.9636,6.7895],[79.9635,6.7904],[79.9626,6.7914],[79.962,6.7916],[79.9619,6.792],[79.9619,6.7922],[79.9615,6.7926],[79.9612,6.7937],[79.9608,6.7937],[79.9608,6.794],[79.9602,6.7947],[79.9596,6.7951],[79.957,6.7974],[79.9563,6.7977],[79.9562,6.7981],[79.9544,6.7994],[79.9536,6.8004],[79.9526,6.8027],[79.9523,6.804],[79.9514,6.8066],[79.9515,6.8069],[79.9513,6.8072],[79.9514,6.8077]]]}},{"type":"Feature","properties":{"fid":290,"osm_id":"534103412","code":8103,"fclass":"canal","width":0,"name":null},"geometry":{"type":"MultiLineString","coordinates":[[[79.9295,6.9773],[79.929,6.9744],[79.9295,6.9728],[79.9295,6.9721]]]}},{"type":"Feature","properties":{"fid":291,"osm_id":"538786933","code":8103,"fclass":"canal","width":0,"name":null},"geometry":{"type":"MultiLineString","coordinates":[[[79.8849,6.9244],[79.8852,6.9252],[79.8851,6.9255]]]}},{"type":"Feature","properties":{"fid":292,"osm_id":"546005489","code":8103,"fclass":"canal","width":0,"name":null},"geometry":{"type":"MultiLineString","coordinates":[[[79.9258,6.8979],[79.9263,6.8975],[79.9259,6.8966],[79.926,6.8964],[79.9257,6.8957]]]}},{"type":"Feature","properties":{"fid":293,"osm_id":"548054150","code":8103,"fclass":"canal","width":0,"name":null},"geometry":{"type":"MultiLineString","coordinates":[[[79.8648,6.8643],[79.8638,6.8634],[79.8625,6.8625],[79.8598,6.8626]]]}},{"type":"Feature","properties":{"fid":294,"osm_id":"557078714","code":8103,"fclass":"canal","width":0,"name":null},"geometry":{"type":"MultiLineString","coordinates":[[[79.8936,6.8894],[79.8937,6.8901],[79.8938,6.8902],[79.895,6.8897]]]}},{"type":"Feature","properties":{"fid":295,"osm_id":"557078718","code":8103,"fclass":"canal","width":0,"name":null},"geometry":{"type":"MultiLineString","coordinates":[[[79.8907,6.8913],[79.891,6.8909],[79.8918,6.8911]]]}},{"type":"Feature","properties":{"fid":296,"osm_id":"557139502","code":8103,"fclass":"canal","width":0,"name":"Katu Ela"},"geometry":{"type":"MultiLineString","coordinates":[[[79.8974,6.8486],[79.8974,6.8482]]]}},{"type":"Feature","properties":{"fid":297,"osm_id":"557139503","code":8103,"fclass":"canal","width":0,"name":"Katu Ela"},"geometry":{"type":"MultiLineString","coordinates":[[[79.8971,6.8507],[79.8974,6.8486]]]}},{"type":"Feature","properties":{"fid":298,"osm_id":"557139507","code":8103,"fclass":"canal","width":0,"name":null},"geometry":{"type":"MultiLineString","coordinates":[[[79.8949,6.8581],[79.892,6.8605],[79.8914,6.8612]]]}},{"type":"Feature","properties":{"fid":299,"osm_id":"557373225","code":8103,"fclass":"canal","width":5,"name":null},"geometry":{"type":"MultiLineString","coordinates":[[[79.8756,6.9073],[79.8756,6.9069],[79.876,6.904],[79.8756,6.9028],[79.8757,6.9018],[79.8753,6.8998],[79.8756,6.8993]]]}},{"type":"Feature","properties":{"fid":300,"osm_id":"557373228","code":8103,"fclass":"canal","width":5,"name":null},"geometry":{"type":"MultiLineString","coordinates":[[[79.8755,6.9075],[79.8756,6.9073]]]}},{"type":"Feature","properties":{"fid":301,"osm_id":"563341660","code":8103,"fclass":"canal","width":0,"name":null},"geometry":{"type":"MultiLineString","coordinates":[[[79.9274,6.9327],[79.9269,6.9327],[79.9264,6.9326],[79.9252,6.9331],[79.9241,6.9332],[79.924,6.9334],[79.9243,6.9346],[79.9241,6.9348]]]}},{"type":"Feature","properties":{"fid":302,"osm_id":"571198600","code":8103,"fclass":"canal","width":0,"name":null},"geometry":{"type":"MultiLineString","coordinates":[[[79.8836,6.8888],[79.8838,6.8886],[79.8846,6.8884],[79.8852,6.889],[79.8852,6.8891],[79.8839,6.89]]]}},{"type":"Feature","properties":{"fid":303,"osm_id":"573227884","code":8103,"fclass":"canal","width":0,"name":null},"geometry":{"type":"MultiLineString","coordinates":[[[80.1092,7.1541],[80.1077,7.1536]]]}},{"type":"Feature","properties":{"fid":304,"osm_id":"573227885","code":8103,"fclass":"canal","width":0,"name":null},"geometry":{"type":"MultiLineString","coordinates":[[[80.1077,7.1536],[80.1076,7.1536]]]}},{"type":"Feature","properties":{"fid":305,"osm_id":"573227886","code":8103,"fclass":"canal","width":0,"name":null},"geometry":{"type":"MultiLineString","coordinates":[[[80.1076,7.1536],[80.1064,7.1531],[80.1064,7.1528]]]}},{"type":"Feature","properties":{"fid":306,"osm_id":"578174391","code":8103,"fclass":"canal","width":0,"name":null},"geometry":{"type":"MultiLineString","coordinates":[[[79.9337,6.861],[79.9341,6.86],[79.9343,6.86],[79.9353,6.8564],[79.936,6.855],[79.9365,6.8543]]]}},{"type":"Feature","properties":{"fid":307,"osm_id":"580169425","code":8103,"fclass":"canal","width":30,"name":null},"geometry":{"type":"MultiLineString","coordinates":[[[79.9191,6.8241],[79.919,6.8237],[79.9184,6.8231],[79.9156,6.8224],[79.9134,6.8208],[79.9125,6.8197],[79.9124,6.8189],[79.9116,6.8183],[79.9103,6.8181],[79.9079,6.8182],[79.9063,6.8179],[79.9034,6.8173],[79.9008,6.816]]]}},{"type":"Feature","properties":{"fid":308,"osm_id":"580169426","code":8103,"fclass":"canal","width":0,"name":null},"geometry":{"type":"MultiLineString","coordinates":[[[79.9146,6.8182],[79.914,6.8185],[79.9132,6.8187],[79.9116,6.8183]]]}},{"type":"Feature","properties":{"fid":309,"osm_id":"580169427","code":8103,"fclass":"canal","width":0,"name":null},"geometry":{"type":"MultiLineString","coordinates":[[[79.9136,6.8186],[79.9125,6.8195]]]}},{"type":"Feature","properties":{"fid":310,"osm_id":"583437839","code":8103,"fclass":"canal","width":0,"name":null},"geometry":{"type":"MultiLineString","coordinates":[[[79.9298,6.8664],[79.9294,6.8674],[79.9295,6.8683],[79.9294,6.869],[79.9296,6.8698],[79.93,6.8698],[79.9301,6.8695]]]}},{"type":"Feature","properties":{"fid":311,"osm_id":"583734992","code":8103,"fclass":"canal","width":0,"name":null},"geometry":{"type":"MultiLineString","coordinates":[[[79.9197,6.8077],[79.9191,6.8103],[79.9185,6.8112],[79.9175,6.8122],[79.9167,6.8141],[79.9163,6.816]]]}},{"type":"Feature","properties":{"fid":312,"osm_id":"587519550","code":8103,"fclass":"canal","width":0,"name":null},"geometry":{"type":"MultiLineString","coordinates":[[[79.9163,6.816],[79.9153,6.8177],[79.9146,6.8182]]]}},{"type":"Feature","properties":{"fid":313,"osm_id":"587912119","code":8103,"fclass":"canal","width":0,"name":null},"geometry":{"type":"MultiLineString","coordinates":[[[79.9191,6.8241],[79.9203,6.8256],[79.9212,6.826],[79.922,6.8267],[79.9223,6.8265],[79.9232,6.827],[79.9246,6.8271],[79.9255,6.8279],[79.9266,6.8285],[79.9266,6.8288],[79.9274,6.8293],[79.9278,6.8293],[79.9284,6.8297],[79.9296,6.831],[79.9301,6.8314],[79.9333,6.8332],[79.9355,6.834],[79.9366,6.8341]]]}},{"type":"Feature","properties":{"fid":314,"osm_id":"587912120","code":8103,"fclass":"canal","width":0,"name":null},"geometry":{"type":"MultiLineString","coordinates":[[[79.9244,6.827],[79.925,6.828],[79.9251,6.8286],[79.9258,6.829],[79.9268,6.83],[79.9278,6.8312],[79.9281,6.8319],[79.9291,6.8325],[79.9307,6.833],[79.9315,6.8341],[79.9328,6.8345],[79.9334,6.835],[79.9339,6.8362]]]}},{"type":"Feature","properties":{"fid":315,"osm_id":"590814837","code":8103,"fclass":"canal","width":0,"name":null},"geometry":{"type":"MultiLineString","coordinates":[[[79.8961,6.8965],[79.8973,6.896],[79.8972,6.8949],[79.8969,6.8948],[79.8968,6.8947],[79.8968,6.8944],[79.8961,6.8939],[79.8959,6.8936],[79.8955,6.8937],[79.8949,6.8933],[79.8948,6.8924],[79.895,6.8919],[79.8955,6.8915]]]}},{"type":"Feature","properties":{"fid":316,"osm_id":"594577502","code":8103,"fclass":"canal","width":0,"name":null},"geometry":{"type":"MultiLineString","coordinates":[[[79.8908,6.8447],[79.8927,6.8416],[79.8923,6.8412],[79.8925,6.8405],[79.8921,6.8394]]]}},{"type":"Feature","properties":{"fid":317,"osm_id":"597636131","code":8103,"fclass":"canal","width":0,"name":null},"geometry":{"type":"MultiLineString","coordinates":[[[79.8906,6.8504],[79.8909,6.8501],[79.8906,6.8482],[79.8907,6.847],[79.8909,6.8468],[79.8913,6.8469],[79.8915,6.846],[79.8921,6.8463]]]}},{"type":"Feature","properties":{"fid":318,"osm_id":"597636135","code":8103,"fclass":"canal","width":0,"name":null},"geometry":{"type":"MultiLineString","coordinates":[[[79.891,6.8505],[79.8906,6.8519],[79.891,6.8521]]]}},{"type":"Feature","properties":{"fid":319,"osm_id":"599120145","code":8103,"fclass":"canal","width":0,"name":null},"geometry":{"type":"MultiLineString","coordinates":[[[79.9003,6.8438],[79.9001,6.8437]]]}},{"type":"Feature","properties":{"fid":320,"osm_id":"599120148","code":8103,"fclass":"canal","width":0,"name":null},"geometry":{"type":"MultiLineString","coordinates":[[[79.9001,6.8437],[79.9003,6.8426],[79.8989,6.8421],[79.8985,6.8418],[79.8983,6.8414]]]}},{"type":"Feature","properties":{"fid":321,"osm_id":"599140128","code":8103,"fclass":"canal","width":0,"name":null},"geometry":{"type":"MultiLineString","coordinates":[[[79.8999,6.8437],[79.9002,6.8427],[79.8989,6.8423],[79.8981,6.8415],[79.8974,6.8413],[79.8968,6.842],[79.8959,6.8423]]]}},{"type":"Feature","properties":{"fid":322,"osm_id":"599148637","code":8103,"fclass":"canal","width":0,"name":null},"geometry":{"type":"MultiLineString","coordinates":[[[79.899,6.8457],[79.8991,6.8457]]]}},{"type":"Feature","properties":{"fid":323,"osm_id":"599148638","code":8103,"fclass":"canal","width":0,"name":null},"geometry":{"type":"MultiLineString","coordinates":[[[79.8989,6.8456],[79.899,6.8457]]]}},{"type":"Feature","properties":{"fid":324,"osm_id":"599148639","code":8103,"fclass":"canal","width":0,"name":null},"geometry":{"type":"MultiLineString","coordinates":[[[79.8995,6.8445],[79.8997,6.8444],[79.8999,6.8437]]]}},{"type":"Feature","properties":{"fid":325,"osm_id":"599148640","code":8103,"fclass":"canal","width":0,"name":null},"geometry":{"type":"MultiLineString","coordinates":[[[79.8995,6.8446],[79.8995,6.8445]]]}},{"type":"Feature","properties":{"fid":326,"osm_id":"599148641","code":8103,"fclass":"canal","width":0,"name":null},"geometry":{"type":"MultiLineString","coordinates":[[[79.8989,6.8456],[79.8995,6.8456],[79.8997,6.8447],[79.8995,6.8446]]]}},{"type":"Feature","properties":{"fid":327,"osm_id":"599148642","code":8103,"fclass":"canal","width":0,"name":null},"geometry":{"type":"MultiLineString","coordinates":[[[79.8958,6.8453],[79.8962,6.8454],[79.8964,6.8452],[79.8968,6.8452],[79.8971,6.8456],[79.8976,6.8457],[79.8977,6.8459],[79.8979,6.846],[79.8989,6.8456]]]}},{"type":"Feature","properties":{"fid":328,"osm_id":"603112892","code":8103,"fclass":"canal","width":0,"name":null},"geometry":{"type":"MultiLineString","coordinates":[[[79.9082,6.8182],[79.9065,6.817],[79.905,6.8155],[79.9045,6.8156],[79.9028,6.8143],[79.9019,6.8142]]]}},{"type":"Feature","properties":{"fid":329,"osm_id":"606859950","code":8103,"fclass":"canal","width":0,"name":null},"geometry":{"type":"MultiLineString","coordinates":[[[79.8946,6.7967],[79.8955,6.7997],[79.896,6.8005],[79.896,6.8015],[79.8963,6.8021],[79.8973,6.8024],[79.9005,6.8023]]]}},{"type":"Feature","properties":{"fid":330,"osm_id":"634091985","code":8103,"fclass":"canal","width":0,"name":"ela"},"geometry":{"type":"MultiLineString","coordinates":[[[80.0282,6.4379],[80.0284,6.4371]]]}},{"type":"Feature","properties":{"fid":331,"osm_id":"634091986","code":8103,"fclass":"canal","width":0,"name":"ela"},"geometry":{"type":"MultiLineString","coordinates":[[[80.0288,6.4378],[80.0257,6.438]]]}},{"type":"Feature","properties":{"fid":332,"osm_id":"634091987","code":8103,"fclass":"canal","width":0,"name":"ela"},"geometry":{"type":"MultiLineString","coordinates":[[[80.028,6.4387],[80.0282,6.4379]]]}},{"type":"Feature","properties":{"fid":333,"osm_id":"634147887","code":8103,"fclass":"canal","width":0,"name":"ela"},"geometry":{"type":"MultiLineString","coordinates":[[[80.0299,6.4361],[80.0311,6.4357],[80.0324,6.4369],[80.0325,6.4372],[80.0323,6.4385]]]}},{"type":"Feature","properties":{"fid":334,"osm_id":"637060403","code":8103,"fclass":"canal","width":0,"name":"ela"},"geometry":{"type":"MultiLineString","coordinates":[[[80.0371,6.4317],[80.039,6.4319],[80.0393,6.4321]]]}},{"type":"Feature","properties":{"fid":335,"osm_id":"637060404","code":8103,"fclass":"canal","width":0,"name":"ela"},"geometry":{"type":"MultiLineString","coordinates":[[[80.0326,6.4348],[80.0327,6.4334],[80.0331,6.4327],[80.0332,6.4323],[80.033,6.432],[80.0327,6.4322],[80.0324,6.4321],[80.0319,6.4313],[80.0315,6.431],[80.0314,6.4305],[80.0307,6.429],[80.0307,6.4284],[80.0296,6.4285],[80.0274,6.4281],[80.0267,6.4283]]]}},{"type":"Feature","properties":{"fid":336,"osm_id":"637060406","code":8103,"fclass":"canal","width":0,"name":"ela"},"geometry":{"type":"MultiLineString","coordinates":[[[80.0325,6.4372],[80.0337,6.4316],[80.0343,6.4299],[80.035,6.4289],[80.0354,6.428]]]}},{"type":"Feature","properties":{"fid":337,"osm_id":"667901380","code":8103,"fclass":"canal","width":0,"name":null},"geometry":{"type":"MultiLineString","coordinates":[[[79.903,6.9173],[79.9047,6.9155]]]}},{"type":"Feature","properties":{"fid":338,"osm_id":"667901381","code":8103,"fclass":"canal","width":0,"name":null},"geometry":{"type":"MultiLineString","coordinates":[[[79.9069,6.9152],[79.9061,6.9159],[79.9055,6.9167],[79.9068,6.9166]]]}},{"type":"Feature","properties":{"fid":339,"osm_id":"667901382","code":8103,"fclass":"canal","width":0,"name":null},"geometry":{"type":"MultiLineString","coordinates":[[[79.8993,6.9144],[79.8997,6.9147],[79.8997,6.9161],[79.9002,6.9166],[79.901,6.9162],[79.9012,6.9162],[79.9018,6.9168],[79.9018,6.9171],[79.9024,6.9173],[79.903,6.9173],[79.9034,6.9178],[79.9036,6.9172],[79.9052,6.9167],[79.906,6.9158],[79.9069,6.9151]]]}},{"type":"Feature","properties":{"fid":340,"osm_id":"667901383","code":8103,"fclass":"canal","width":0,"name":null},"geometry":{"type":"MultiLineString","coordinates":[[[79.9042,6.9151],[79.9026,6.9145],[79.9021,6.9145],[79.9013,6.9136]]]}},{"type":"Feature","properties":{"fid":341,"osm_id":"667901384","code":8103,"fclass":"canal","width":0,"name":null},"geometry":{"type":"MultiLineString","coordinates":[[[79.9072,6.9154],[79.9077,6.9156],[79.9081,6.9154],[79.9083,6.9152],[79.9092,6.9152],[79.9096,6.9157],[79.9087,6.9168],[79.9078,6.9174],[79.9074,6.9169],[79.9067,6.9167],[79.9051,6.9169],[79.9038,6.9173],[79.9036,6.9175],[79.9035,6.9188],[79.903,6.9176],[79.9028,6.9174],[79.9016,6.9173],[79.9016,6.9169],[79.9011,6.9163],[79.9003,6.9167]]]}},{"type":"Feature","properties":{"fid":342,"osm_id":"669628766","code":8103,"fclass":"canal","width":0,"name":null},"geometry":{"type":"MultiLineString","coordinates":[[[79.8972,6.8949],[79.8981,6.8942]]]}},{"type":"Feature","properties":{"fid":343,"osm_id":"669631152","code":8103,"fclass":"canal","width":0,"name":null},"geometry":{"type":"MultiLineString","coordinates":[[[79.8935,6.8858],[79.8908,6.8872]]]}},{"type":"Feature","properties":{"fid":344,"osm_id":"669631153","code":8103,"fclass":"canal","width":0,"name":null},"geometry":{"type":"MultiLineString","coordinates":[[[79.8929,6.8856],[79.8918,6.8866]]]}},{"type":"Feature","properties":{"fid":345,"osm_id":"669631154","code":8103,"fclass":"canal","width":0,"name":null},"geometry":{"type":"MultiLineString","coordinates":[[[79.8933,6.8855],[79.8929,6.8856],[79.8927,6.8851],[79.8931,6.8847]]]}},{"type":"Feature","properties":{"fid":346,"osm_id":"669631155","code":8103,"fclass":"canal","width":0,"name":null},"geometry":{"type":"MultiLineString","coordinates":[[[79.8932,6.8851],[79.8942,6.8849]]]}},{"type":"Feature","properties":{"fid":347,"osm_id":"669631156","code":8103,"fclass":"canal","width":0,"name":null},"geometry":{"type":"MultiLineString","coordinates":[[[79.8929,6.8837],[79.8933,6.8836],[79.8937,6.8838],[79.8943,6.8838]]]}},{"type":"Feature","properties":{"fid":348,"osm_id":"669631157","code":8103,"fclass":"canal","width":0,"name":null},"geometry":{"type":"MultiLineString","coordinates":[[[79.8926,6.8822],[79.8935,6.8821],[79.8935,6.8828],[79.8927,6.8828]]]}},{"type":"Feature","properties":{"fid":349,"osm_id":"676061597","code":8103,"fclass":"canal","width":0,"name":null},"geometry":{"type":"MultiLineString","coordinates":[[[79.9308,6.8814],[79.9305,6.8816]]]}},{"type":"Feature","properties":{"fid":350,"osm_id":"676061598","code":8103,"fclass":"canal","width":0,"name":null},"geometry":{"type":"MultiLineString","coordinates":[[[79.9307,6.8783],[79.9313,6.8786],[79.932,6.8787]]]}},{"type":"Feature","properties":{"fid":351,"osm_id":"676061599","code":8103,"fclass":"canal","width":0,"name":null},"geometry":{"type":"MultiLineString","coordinates":[[[79.9322,6.8781],[79.9324,6.8784],[79.9321,6.879],[79.9319,6.8791]]]}},{"type":"Feature","properties":{"fid":352,"osm_id":"676061601","code":8103,"fclass":"canal","width":0,"name":null},"geometry":{"type":"MultiLineString","coordinates":[[[79.9305,6.8795],[79.9313,6.8798],[79.9318,6.8797],[79.932,6.8787],[79.9324,6.8779],[79.9333,6.8771]]]}},{"type":"Feature","properties":{"fid":353,"osm_id":"676061603","code":8103,"fclass":"canal","width":0,"name":null},"geometry":{"type":"MultiLineString","coordinates":[[[79.9313,6.8772],[79.9315,6.8773]]]}},{"type":"Feature","properties":{"fid":354,"osm_id":"676061605","code":8103,"fclass":"canal","width":0,"name":null},"geometry":{"type":"MultiLineString","coordinates":[[[79.9324,6.8779],[79.9316,6.8774]]]}},{"type":"Feature","properties":{"fid":355,"osm_id":"676061607","code":8103,"fclass":"canal","width":0,"name":null},"geometry":{"type":"MultiLineString","coordinates":[[[79.9292,6.8809],[79.9298,6.8804],[79.9298,6.8794],[79.9303,6.8791],[79.9313,6.8772],[79.9321,6.8763],[79.9326,6.8767]]]}},{"type":"Feature","properties":{"fid":356,"osm_id":"676061610","code":8103,"fclass":"canal","width":0,"name":null},"geometry":{"type":"MultiLineString","coordinates":[[[79.9324,6.8837],[79.9316,6.8824],[79.9309,6.8821],[79.9301,6.8813],[79.9293,6.8811],[79.9284,6.8804]]]}},{"type":"Feature","properties":{"fid":357,"osm_id":"676061612","code":8103,"fclass":"canal","width":0,"name":null},"geometry":{"type":"MultiLineString","coordinates":[[[79.9318,6.8843],[79.9313,6.8836]]]}},{"type":"Feature","properties":{"fid":358,"osm_id":"676061616","code":8103,"fclass":"canal","width":0,"name":null},"geometry":{"type":"MultiLineString","coordinates":[[[79.9329,6.882],[79.9329,6.8809]]]}},{"type":"Feature","properties":{"fid":359,"osm_id":"676061618","code":8103,"fclass":"canal","width":0,"name":null},"geometry":{"type":"MultiLineString","coordinates":[[[79.9336,6.881],[79.9318,6.8809],[79.9298,6.8804]]]}},{"type":"Feature","properties":{"fid":360,"osm_id":"676061621","code":8103,"fclass":"canal","width":0,"name":null},"geometry":{"type":"MultiLineString","coordinates":[[[79.9334,6.8759],[79.9322,6.8771],[79.9316,6.8781],[79.9311,6.8792],[79.9307,6.881],[79.9308,6.8814],[79.9321,6.8822],[79.9336,6.8818]]]}},{"type":"Feature","properties":{"fid":361,"osm_id":"676061622","code":8103,"fclass":"canal","width":0,"name":null},"geometry":{"type":"MultiLineString","coordinates":[[[79.9294,6.8794],[79.9304,6.8795]]]}},{"type":"Feature","properties":{"fid":362,"osm_id":"676061623","code":8103,"fclass":"canal","width":0,"name":null},"geometry":{"type":"MultiLineString","coordinates":[[[79.9331,6.8754],[79.9322,6.876],[79.9331,6.877]]]}},{"type":"Feature","properties":{"fid":363,"osm_id":"676061624","code":8103,"fclass":"canal","width":0,"name":null},"geometry":{"type":"MultiLineString","coordinates":[[[79.9282,6.8788],[79.9289,6.8792],[79.9299,6.8791],[79.9304,6.8786],[79.931,6.8773],[79.9322,6.876]]]}},{"type":"Feature","properties":{"fid":364,"osm_id":"682692175","code":8103,"fclass":"canal","width":0,"name":null},"geometry":{"type":"MultiLineString","coordinates":[[[79.8917,6.8777],[79.8912,6.8756]]]}},{"type":"Feature","properties":{"fid":365,"osm_id":"690509373","code":8103,"fclass":"canal","width":0,"name":null},"geometry":{"type":"MultiLineString","coordinates":[[[79.9344,6.8752],[79.9352,6.8745]]]}},{"type":"Feature","properties":{"fid":366,"osm_id":"690509374","code":8103,"fclass":"canal","width":0,"name":null},"geometry":{"type":"MultiLineString","coordinates":[[[79.9342,6.8753],[79.9344,6.8752]]]}},{"type":"Feature","properties":{"fid":367,"osm_id":"704744477","code":8103,"fclass":"canal","width":0,"name":null},"geometry":{"type":"MultiLineString","coordinates":[[[80.047,7.1322],[80.0439,7.1309],[80.0433,7.1306],[80.0418,7.1289],[80.0401,7.1277],[80.0394,7.1274]]]}},{"type":"Feature","properties":{"fid":368,"osm_id":"715285468","code":8103,"fclass":"canal","width":0,"name":"Hamilton Canal"},"geometry":{"type":"MultiLineString","coordinates":[[[79.8474,7.269],[79.8481,7.2694],[79.8484,7.2697],[79.8489,7.271],[79.8489,7.2712],[79.8483,7.2722]]]}},{"type":"Feature","properties":{"fid":369,"osm_id":"722439289","code":8103,"fclass":"canal","width":0,"name":null},"geometry":{"type":"MultiLineString","coordinates":[[[80.0544,6.9067],[80.0546,6.9071]]]}},{"type":"Feature","properties":{"fid":370,"osm_id":"723028849","code":8103,"fclass":"canal","width":0,"name":null},"geometry":{"type":"MultiLineString","coordinates":[[[79.9385,6.8811],[79.9378,6.8809],[79.9359,6.8791]]]}},{"type":"Feature","properties":{"fid":371,"osm_id":"724198115","code":8103,"fclass":"canal","width":0,"name":null},"geometry":{"type":"MultiLineString","coordinates":[[[79.9781,6.8941],[79.9784,6.8947],[79.9786,6.8964],[79.9784,6.8968],[79.9785,6.8975],[79.9787,6.8978],[79.979,6.8992],[79.9794,6.9032],[79.9793,6.9046],[79.9799,6.9058],[79.9799,6.9066],[79.9823,6.9145],[79.983,6.9152],[79.9836,6.9153]]]}},{"type":"Feature","properties":{"fid":372,"osm_id":"724198119","code":8103,"fclass":"canal","width":10,"name":null},"geometry":{"type":"MultiLineString","coordinates":[[[79.9836,6.9153],[79.9839,6.9153],[79.9841,6.9151],[79.9859,6.9146],[79.9868,6.9142]]]}},{"type":"Feature","properties":{"fid":373,"osm_id":"724198120","code":8103,"fclass":"canal","width":5,"name":null},"geometry":{"type":"MultiLineString","coordinates":[[[79.9898,6.9092],[79.9891,6.91],[79.9885,6.9113],[79.9868,6.9142]]]}},{"type":"Feature","properties":{"fid":374,"osm_id":"724198121","code":8103,"fclass":"canal","width":3,"name":null},"geometry":{"type":"MultiLineString","coordinates":[[[79.9898,6.9091],[79.9898,6.9092]]]}},{"type":"Feature","properties":{"fid":375,"osm_id":"724198124","code":8103,"fclass":"canal","width":3,"name":null},"geometry":{"type":"MultiLineString","coordinates":[[[79.9939,6.9062],[79.9922,6.9066],[79.9898,6.9091]]]}},{"type":"Feature","properties":{"fid":376,"osm_id":"724198125","code":8103,"fclass":"canal","width":2,"name":null},"geometry":{"type":"MultiLineString","coordinates":[[[79.9959,6.8984],[79.995,6.9034],[79.9942,6.9061],[79.9939,6.9062]]]}},{"type":"Feature","properties":{"fid":377,"osm_id":"740113272","code":8103,"fclass":"canal","width":0,"name":null},"geometry":{"type":"MultiLineString","coordinates":[[[79.9,6.8437],[79.9,6.8437]]]}},{"type":"Feature","properties":{"fid":378,"osm_id":"740113273","code":8103,"fclass":"canal","width":0,"name":null},"geometry":{"type":"MultiLineString","coordinates":[[[79.9001,6.8437],[79.9,6.8437]]]}},{"type":"Feature","properties":{"fid":379,"osm_id":"740622489","code":8103,"fclass":"canal","width":0,"name":null},"geometry":{"type":"MultiLineString","coordinates":[[[79.9337,6.8611],[79.9337,6.861]]]}},{"type":"Feature","properties":{"fid":380,"osm_id":"740622490","code":8103,"fclass":"canal","width":0,"name":null},"geometry":{"type":"MultiLineString","coordinates":[[[79.9327,6.8644],[79.9337,6.8611]]]}},{"type":"Feature","properties":{"fid":381,"osm_id":"740774916","code":8103,"fclass":"canal","width":0,"name":null},"geometry":{"type":"MultiLineString","coordinates":[[[79.8907,6.8504],[79.8906,6.8504]]]}},{"type":"Feature","properties":{"fid":382,"osm_id":"740774917","code":8103,"fclass":"canal","width":0,"name":null},"geometry":{"type":"MultiLineString","coordinates":[[[79.891,6.8506],[79.8907,6.8504]]]}},{"type":"Feature","properties":{"fid":383,"osm_id":"742122572","code":8103,"fclass":"canal","width":0,"name":null},"geometry":{"type":"MultiLineString","coordinates":[[[80.0405,6.8887],[80.0405,6.8886],[80.0432,6.8885],[80.0434,6.8886],[80.0434,6.8889],[80.0435,6.8891],[80.0442,6.8892],[80.0451,6.8897],[80.0457,6.8897],[80.047,6.89],[80.047,6.8894],[80.0488,6.8897]]]}},{"type":"Feature","properties":{"fid":384,"osm_id":"744234888","code":8103,"fclass":"canal","width":0,"name":null},"geometry":{"type":"MultiLineString","coordinates":[[[79.8803,7.1081],[79.8803,7.108]]]}},{"type":"Feature","properties":{"fid":385,"osm_id":"744234889","code":8103,"fclass":"canal","width":0,"name":null},"geometry":{"type":"MultiLineString","coordinates":[[[79.88,7.1084],[79.8803,7.1081]]]}},{"type":"Feature","properties":{"fid":386,"osm_id":"744510204","code":8103,"fclass":"canal","width":0,"name":null},"geometry":{"type":"MultiLineString","coordinates":[[[79.9841,6.6227],[79.9842,6.6216]]]}},{"type":"Feature","properties":{"fid":387,"osm_id":"744510205","code":8103,"fclass":"canal","width":0,"name":null},"geometry":{"type":"MultiLineString","coordinates":[[[79.984,6.6228],[79.9841,6.6227]]]}},{"type":"Feature","properties":{"fid":388,"osm_id":"744531476","code":8103,"fclass":"canal","width":0,"name":null},"geometry":{"type":"MultiLineString","coordinates":[[[79.9824,6.622],[79.9831,6.6211]]]}},{"type":"Feature","properties":{"fid":389,"osm_id":"744531477","code":8103,"fclass":"canal","width":0,"name":null},"geometry":{"type":"MultiLineString","coordinates":[[[79.9823,6.6222],[79.9824,6.622]]]}},{"type":"Feature","properties":{"fid":390,"osm_id":"749015602","code":8103,"fclass":"canal","width":0,"name":null},"geometry":{"type":"MultiLineString","coordinates":[[[79.932,6.8809],[79.9318,6.8798]]]}},{"type":"Feature","properties":{"fid":391,"osm_id":"751456164","code":8103,"fclass":"canal","width":0,"name":null},"geometry":{"type":"MultiLineString","coordinates":[[[79.9263,6.8975],[79.9268,6.8978],[79.9271,6.8984],[79.9273,6.8984],[79.9277,6.8987],[79.928,6.8986],[79.9281,6.8989],[79.9287,6.899],[79.9293,6.8988],[79.9292,6.8979],[79.9298,6.8979],[79.9302,6.8985],[79.9309,6.8982],[79.9312,6.8979],[79.931,6.8976],[79.9311,6.8974],[79.932,6.896],[79.9323,6.8961],[79.9323,6.8965],[79.9317,6.8975]]]}},{"type":"Feature","properties":{"fid":392,"osm_id":"755109894","code":8103,"fclass":"canal","width":0,"name":null},"geometry":{"type":"MultiLineString","coordinates":[[[79.9088,6.891],[79.9069,6.89],[79.9062,6.8891]]]}},{"type":"Feature","properties":{"fid":393,"osm_id":"755109895","code":8103,"fclass":"canal","width":0,"name":null},"geometry":{"type":"MultiLineString","coordinates":[[[79.9088,6.891],[79.9088,6.891]]]}},{"type":"Feature","properties":{"fid":394,"osm_id":"755109897","code":8103,"fclass":"canal","width":0,"name":null},"geometry":{"type":"MultiLineString","coordinates":[[[79.9095,6.8911],[79.9096,6.891]]]}},{"type":"Feature","properties":{"fid":395,"osm_id":"755109898","code":8103,"fclass":"canal","width":0,"name":null},"geometry":{"type":"MultiLineString","coordinates":[[[79.9094,6.8911],[79.9095,6.8911]]]}},{"type":"Feature","properties":{"fid":396,"osm_id":"755109899","code":8103,"fclass":"canal","width":0,"name":null},"geometry":{"type":"MultiLineString","coordinates":[[[79.9089,6.8916],[79.9093,6.8916],[79.9095,6.8898],[79.9105,6.8902],[79.9115,6.8902],[79.9136,6.891]]]}},{"type":"Feature","properties":{"fid":397,"osm_id":"755109900","code":8103,"fclass":"canal","width":0,"name":null},"geometry":{"type":"MultiLineString","coordinates":[[[79.9069,6.8904],[79.9069,6.8905]]]}},{"type":"Feature","properties":{"fid":398,"osm_id":"755109901","code":8103,"fclass":"canal","width":0,"name":null},"geometry":{"type":"MultiLineString","coordinates":[[[79.9083,6.8916],[79.9084,6.8917]]]}},{"type":"Feature","properties":{"fid":399,"osm_id":"755109902","code":8103,"fclass":"canal","width":0,"name":null},"geometry":{"type":"MultiLineString","coordinates":[[[79.9069,6.8905],[79.9074,6.891],[79.9074,6.8913],[79.9083,6.8916]]]}},{"type":"Feature","properties":{"fid":400,"osm_id":"755109903","code":8103,"fclass":"canal","width":0,"name":null},"geometry":{"type":"MultiLineString","coordinates":[[[79.9069,6.89],[79.9069,6.8904]]]}},{"type":"Feature","properties":{"fid":401,"osm_id":"755109904","code":8103,"fclass":"canal","width":0,"name":null},"geometry":{"type":"MultiLineString","coordinates":[[[79.9084,6.8917],[79.9089,6.8916],[79.9088,6.891]]]}},{"type":"Feature","properties":{"fid":402,"osm_id":"778740010","code":8103,"fclass":"canal","width":2,"name":null},"geometry":{"type":"MultiLineString","coordinates":[[[80.0661,6.685],[80.0663,6.685],[80.0669,6.6841],[80.0676,6.6827],[80.0676,6.6822]]]}},{"type":"Feature","properties":{"fid":403,"osm_id":"808205280","code":8103,"fclass":"canal","width":0,"name":null},"geometry":{"type":"MultiLineString","coordinates":[[[79.9236,7.115],[79.9234,7.1152]]]}},{"type":"Feature","properties":{"fid":404,"osm_id":"808205281","code":8103,"fclass":"canal","width":0,"name":null},"geometry":{"type":"MultiLineString","coordinates":[[[79.9234,7.1152],[79.9231,7.1156]]]}},{"type":"Feature","properties":{"fid":405,"osm_id":"808205282","code":8103,"fclass":"canal","width":0,"name":null},"geometry":{"type":"MultiLineString","coordinates":[[[79.9231,7.1156],[79.9228,7.1157]]]}},{"type":"Feature","properties":{"fid":406,"osm_id":"808205283","code":8103,"fclass":"canal","width":0,"name":null},"geometry":{"type":"MultiLineString","coordinates":[[[79.9171,7.1337],[79.9171,7.1338]]]}},{"type":"Feature","properties":{"fid":407,"osm_id":"808205284","code":8103,"fclass":"canal","width":0,"name":null},"geometry":{"type":"MultiLineString","coordinates":[[[79.9171,7.1338],[79.9166,7.1351],[79.9165,7.136],[79.9167,7.1367],[79.9166,7.1375],[79.9175,7.1383],[79.9183,7.1394]]]}},{"type":"Feature","properties":{"fid":408,"osm_id":"808205285","code":8103,"fclass":"canal","width":0,"name":null},"geometry":{"type":"MultiLineString","coordinates":[[[79.9183,7.1394],[79.9183,7.1395]]]}},{"type":"Feature","properties":{"fid":409,"osm_id":"808205286","code":8103,"fclass":"canal","width":0,"name":null},"geometry":{"type":"MultiLineString","coordinates":[[[79.9183,7.1395],[79.9185,7.1402]]]}},{"type":"Feature","properties":{"fid":410,"osm_id":"808205293","code":8103,"fclass":"canal","width":0,"name":null},"geometry":{"type":"MultiLineString","coordinates":[[[79.8763,7.1115],[79.876,7.1108],[79.8757,7.1107],[79.8735,7.1111],[79.8704,7.1121],[79.8696,7.1127],[79.869,7.114],[79.8685,7.1157],[79.8683,7.1158]]]}},{"type":"Feature","properties":{"fid":411,"osm_id":"808205294","code":8103,"fclass":"canal","width":0,"name":null},"geometry":{"type":"MultiLineString","coordinates":[[[79.8728,7.1113],[79.8731,7.1116],[79.8734,7.1121],[79.8735,7.1128],[79.8742,7.1127]]]}},{"type":"Feature","properties":{"fid":412,"osm_id":"816930556","code":8103,"fclass":"canal","width":0,"name":null},"geometry":{"type":"MultiLineString","coordinates":[[[80.1122,6.6763],[80.1123,6.6764],[80.1128,6.6764]]]}},{"type":"Feature","properties":{"fid":413,"osm_id":"816930557","code":8103,"fclass":"canal","width":0,"name":null},"geometry":{"type":"MultiLineString","coordinates":[[[80.1103,6.6758],[80.1113,6.6763],[80.1115,6.6766],[80.1124,6.6761]]]}},{"type":"Feature","properties":{"fid":414,"osm_id":"816930558","code":8103,"fclass":"canal","width":0,"name":null},"geometry":{"type":"MultiLineString","coordinates":[[[80.1105,6.6755],[80.11,6.6761],[80.1094,6.6762],[80.1094,6.6764],[80.1092,6.6765],[80.1085,6.6774],[80.1072,6.6784],[80.107,6.6788],[80.1058,6.6784],[80.1047,6.6785],[80.1039,6.6789],[80.1026,6.6793]]]}},{"type":"Feature","properties":{"fid":415,"osm_id":"819075338","code":8103,"fclass":"canal","width":10,"name":null},"geometry":{"type":"MultiLineString","coordinates":[[[80.0755,6.3982],[80.0755,6.3982]]]}},{"type":"Feature","properties":{"fid":416,"osm_id":"838545947","code":8103,"fclass":"canal","width":0,"name":null},"geometry":{"type":"MultiLineString","coordinates":[[[79.924,6.891],[79.9242,6.8908]]]}},{"type":"Feature","properties":{"fid":417,"osm_id":"838545948","code":8103,"fclass":"canal","width":0,"name":null},"geometry":{"type":"MultiLineString","coordinates":[[[79.9255,6.8914],[79.9253,6.8915],[79.9245,6.8914],[79.924,6.891]]]}},{"type":"Feature","properties":{"fid":418,"osm_id":"838545949","code":8103,"fclass":"canal","width":0,"name":null},"geometry":{"type":"MultiLineString","coordinates":[[[79.9223,6.8875],[79.9222,6.8874]]]}},{"type":"Feature","properties":{"fid":419,"osm_id":"838545950","code":8103,"fclass":"canal","width":0,"name":null},"geometry":{"type":"MultiLineString","coordinates":[[[79.9224,6.8877],[79.9223,6.8875]]]}},{"type":"Feature","properties":{"fid":420,"osm_id":"838545951","code":8103,"fclass":"canal","width":0,"name":null},"geometry":{"type":"MultiLineString","coordinates":[[[79.9242,6.8908],[79.9239,6.8893],[79.9229,6.8889],[79.9226,6.8879],[79.9224,6.8877]]]}},{"type":"Feature","properties":{"fid":421,"osm_id":"849865087","code":8103,"fclass":"canal","width":0,"name":null},"geometry":{"type":"MultiLineString","coordinates":[[[80.0522,6.7586],[80.0518,6.7583],[80.051,6.7583],[80.0505,6.7587]]]}},{"type":"Feature","properties":{"fid":422,"osm_id":"849865117","code":8103,"fclass":"canal","width":0,"name":null},"geometry":{"type":"MultiLineString","coordinates":[[[80.0083,6.7251],[80.0088,6.7244],[80.0087,6.7231],[80.0084,6.7224],[80.008,6.7223],[80.0079,6.7214],[80.008,6.7209],[80.008,6.7205],[80.0072,6.7195],[80.0078,6.7178],[80.009,6.7157],[80.0089,6.7151],[80.0092,6.7136],[80.009,6.7111],[80.0101,6.7076],[80.0102,6.7061],[80.0099,6.7048],[80.0085,6.7022],[80.0085,6.7014],[80.0081,6.7007],[80.0076,6.7004],[80.0071,6.6988],[80.0067,6.6984],[80.0072,6.6978]]]}},{"type":"Feature","properties":{"fid":423,"osm_id":"849865118","code":8103,"fclass":"canal","width":0,"name":null},"geometry":{"type":"MultiLineString","coordinates":[[[80.0081,6.7253],[80.0083,6.7251]]]}},{"type":"Feature","properties":{"fid":424,"osm_id":"849985989","code":8103,"fclass":"canal","width":0,"name":null},"geometry":{"type":"MultiLineString","coordinates":[[[80.0491,6.6863],[80.0494,6.6864],[80.0519,6.6853]]]}},{"type":"Feature","properties":{"fid":425,"osm_id":"849985995","code":8103,"fclass":"canal","width":0,"name":null},"geometry":{"type":"MultiLineString","coordinates":[[[80.0059,6.6962],[80.0058,6.6946],[80.0062,6.6928],[80.0081,6.6897],[80.0092,6.6874],[80.0109,6.6855],[80.0117,6.6847],[80.0178,6.6794],[80.0188,6.6789],[80.0188,6.6785],[80.0193,6.6775],[80.0215,6.6775],[80.0234,6.678],[80.0263,6.678],[80.0268,6.6779],[80.031,6.6786],[80.0318,6.6786],[80.0334,6.6791],[80.0343,6.6792],[80.0344,6.6797],[80.0362,6.6803],[80.0363,6.6807],[80.0377,6.6812],[80.0408,6.6832],[80.041,6.6832],[80.0411,6.6834],[80.042,6.684],[80.0431,6.686],[80.044,6.6862],[80.0463,6.6859],[80.0469,6.6862],[80.0482,6.6862],[80.0488,6.6865],[80.0491,6.687]]]}},{"type":"Feature","properties":{"fid":426,"osm_id":"852543786","code":8103,"fclass":"canal","width":0,"name":null},"geometry":{"type":"MultiLineString","coordinates":[[[79.8669,7.0176],[79.87,7.0182],[79.8707,7.0189],[79.8728,7.0221],[79.8737,7.023],[79.8745,7.0229],[79.8889,7.0235]]]}},{"type":"Feature","properties":{"fid":427,"osm_id":"854150340","code":8103,"fclass":"canal","width":0,"name":null},"geometry":{"type":"MultiLineString","coordinates":[[[80.0693,6.675],[80.0694,6.6748]]]}},{"type":"Feature","properties":{"fid":428,"osm_id":"854150341","code":8103,"fclass":"canal","width":0,"name":null},"geometry":{"type":"MultiLineString","coordinates":[[[80.0693,6.6751],[80.0693,6.675]]]}},{"type":"Feature","properties":{"fid":429,"osm_id":"854150342","code":8103,"fclass":"canal","width":0,"name":null},"geometry":{"type":"MultiLineString","coordinates":[[[80.069,6.6749],[80.0698,6.6718],[80.0716,6.6669],[80.0725,6.6632],[80.0735,6.662]]]}},{"type":"Feature","properties":{"fid":430,"osm_id":"854150343","code":8103,"fclass":"canal","width":0,"name":null},"geometry":{"type":"MultiLineString","coordinates":[[[80.069,6.675],[80.069,6.6749]]]}},{"type":"Feature","properties":{"fid":431,"osm_id":"854150344","code":8103,"fclass":"canal","width":0,"name":null},"geometry":{"type":"MultiLineString","coordinates":[[[80.0686,6.6767],[80.0693,6.6751]]]}},{"type":"Feature","properties":{"fid":432,"osm_id":"854150345","code":8103,"fclass":"canal","width":0,"name":null},"geometry":{"type":"MultiLineString","coordinates":[[[80.0686,6.6768],[80.0686,6.6767]]]}},{"type":"Feature","properties":{"fid":433,"osm_id":"854150346","code":8103,"fclass":"canal","width":0,"name":null},"geometry":{"type":"MultiLineString","coordinates":[[[80.0683,6.6766],[80.069,6.675]]]}},{"type":"Feature","properties":{"fid":434,"osm_id":"854150347","code":8103,"fclass":"canal","width":0,"name":null},"geometry":{"type":"MultiLineString","coordinates":[[[80.0683,6.6766],[80.0683,6.6766]]]}},{"type":"Feature","properties":{"fid":435,"osm_id":"854150348","code":8103,"fclass":"canal","width":0,"name":null},"geometry":{"type":"MultiLineString","coordinates":[[[80.0681,6.6783],[80.0679,6.6782],[80.0681,6.6773],[80.068,6.6773],[80.0683,6.6766]]]}},{"type":"Feature","properties":{"fid":436,"osm_id":"854150349","code":8103,"fclass":"canal","width":0,"name":null},"geometry":{"type":"MultiLineString","coordinates":[[[80.0681,6.6783],[80.0686,6.6768]]]}},{"type":"Feature","properties":{"fid":437,"osm_id":"854150350","code":8103,"fclass":"canal","width":0,"name":null},"geometry":{"type":"MultiLineString","coordinates":[[[80.0681,6.6783],[80.0681,6.6783]]]}},{"type":"Feature","properties":{"fid":438,"osm_id":"854150351","code":8103,"fclass":"canal","width":0,"name":null},"geometry":{"type":"MultiLineString","coordinates":[[[80.067,6.6812],[80.0679,6.6796],[80.0681,6.6783]]]}},{"type":"Feature","properties":{"fid":439,"osm_id":"854150352","code":8103,"fclass":"canal","width":0,"name":null},"geometry":{"type":"MultiLineString","coordinates":[[[80.067,6.6813],[80.067,6.6812]]]}},{"type":"Feature","properties":{"fid":440,"osm_id":"854150353","code":8103,"fclass":"canal","width":0,"name":null},"geometry":{"type":"MultiLineString","coordinates":[[[80.0656,6.6832],[80.0662,6.683],[80.0663,6.682],[80.067,6.6813]]]}},{"type":"Feature","properties":{"fid":441,"osm_id":"865347254","code":8103,"fclass":"canal","width":0,"name":null},"geometry":{"type":"MultiLineString","coordinates":[[[79.934,6.8816],[79.9342,6.8816]]]}},{"type":"Feature","properties":{"fid":442,"osm_id":"865347255","code":8103,"fclass":"canal","width":0,"name":null},"geometry":{"type":"MultiLineString","coordinates":[[[79.934,6.8816],[79.934,6.8816]]]}},{"type":"Feature","properties":{"fid":443,"osm_id":"865347256","code":8103,"fclass":"canal","width":0,"name":null},"geometry":{"type":"MultiLineString","coordinates":[[[79.9342,6.8816],[79.9356,6.8819]]]}},{"type":"Feature","properties":{"fid":444,"osm_id":"884175129","code":8103,"fclass":"canal","width":0,"name":null},"geometry":{"type":"MultiLineString","coordinates":[[[79.9193,6.9039],[79.9199,6.9039],[79.9207,6.9044],[79.921,6.9049],[79.921,6.9052],[79.9215,6.9056],[79.9215,6.9059]]]}},{"type":"Feature","properties":{"fid":445,"osm_id":"884175130","code":8103,"fclass":"canal","width":0,"name":null},"geometry":{"type":"MultiLineString","coordinates":[[[79.919,6.9041],[79.9193,6.9039]]]}},{"type":"Feature","properties":{"fid":446,"osm_id":"904699285","code":8103,"fclass":"canal","width":0,"name":null},"geometry":{"type":"MultiLineString","coordinates":[[[79.9006,6.8023],[79.9017,6.8026]]]}},{"type":"Feature","properties":{"fid":447,"osm_id":"904699286","code":8103,"fclass":"canal","width":0,"name":null},"geometry":{"type":"MultiLineString","coordinates":[[[79.9005,6.8023],[79.9006,6.8023]]]}},{"type":"Feature","properties":{"fid":448,"osm_id":"907027291","code":8103,"fclass":"canal","width":0,"name":null},"geometry":{"type":"MultiLineString","coordinates":[[[79.8947,6.96],[79.8937,6.9602],[79.8933,6.96]]]}},{"type":"Feature","properties":{"fid":449,"osm_id":"907027292","code":8103,"fclass":"canal","width":0,"name":null},"geometry":{"type":"MultiLineString","coordinates":[[[79.8926,6.9605],[79.892,6.9609]]]}},{"type":"Feature","properties":{"fid":450,"osm_id":"907027293","code":8103,"fclass":"canal","width":0,"name":null},"geometry":{"type":"MultiLineString","coordinates":[[[79.8927,6.9604],[79.8926,6.9605]]]}},{"type":"Feature","properties":{"fid":451,"osm_id":"907027294","code":8103,"fclass":"canal","width":0,"name":null},"geometry":{"type":"MultiLineString","coordinates":[[[79.8931,6.9601],[79.8927,6.9603]]]}},{"type":"Feature","properties":{"fid":452,"osm_id":"907027295","code":8103,"fclass":"canal","width":0,"name":null},"geometry":{"type":"MultiLineString","coordinates":[[[79.8932,6.9601],[79.8931,6.9601]]]}},{"type":"Feature","properties":{"fid":453,"osm_id":"907027296","code":8103,"fclass":"canal","width":0,"name":null},"geometry":{"type":"MultiLineString","coordinates":[[[79.8932,6.96],[79.8932,6.9601]]]}},{"type":"Feature","properties":{"fid":454,"osm_id":"907027297","code":8103,"fclass":"canal","width":0,"name":null},"geometry":{"type":"MultiLineString","coordinates":[[[79.8933,6.96],[79.8932,6.96]]]}},{"type":"Feature","properties":{"fid":455,"osm_id":"907027300","code":8103,"fclass":"canal","width":0,"name":null},"geometry":{"type":"MultiLineString","coordinates":[[[79.8927,6.9603],[79.8927,6.9604]]]}},{"type":"Feature","properties":{"fid":456,"osm_id":"910817620","code":8103,"fclass":"canal","width":0,"name":null},"geometry":{"type":"MultiLineString","coordinates":[[[79.891,6.9693],[79.8914,6.9689],[79.8911,6.9684]]]}},{"type":"Feature","properties":{"fid":457,"osm_id":"910817621","code":8103,"fclass":"canal","width":0,"name":null},"geometry":{"type":"MultiLineString","coordinates":[[[79.8911,6.9684],[79.8909,6.968]]]}},{"type":"Feature","properties":{"fid":458,"osm_id":"912300653","code":8103,"fclass":"canal","width":0,"name":null},"geometry":{"type":"MultiLineString","coordinates":[[[79.9035,6.8353],[79.9044,6.8358]]]}},{"type":"Feature","properties":{"fid":459,"osm_id":"915367521","code":8103,"fclass":"canal","width":0,"name":null},"geometry":{"type":"MultiLineString","coordinates":[[[79.9305,6.8663],[79.9311,6.8665]]]}},{"type":"Feature","properties":{"fid":460,"osm_id":"915367522","code":8103,"fclass":"canal","width":0,"name":null},"geometry":{"type":"MultiLineString","coordinates":[[[79.9302,6.8663],[79.9304,6.8664],[79.9313,6.8657]]]}},{"type":"Feature","properties":{"fid":461,"osm_id":"920642568","code":8103,"fclass":"canal","width":2,"name":null},"geometry":{"type":"MultiLineString","coordinates":[[[79.9539,6.8898],[79.954,6.8899]]]}},{"type":"Feature","properties":{"fid":462,"osm_id":"920642569","code":8103,"fclass":"canal","width":1,"name":null},"geometry":{"type":"MultiLineString","coordinates":[[[79.9538,6.8897],[79.9539,6.8898]]]}},{"type":"Feature","properties":{"fid":463,"osm_id":"920642570","code":8103,"fclass":"canal","width":1,"name":null},"geometry":{"type":"MultiLineString","coordinates":[[[79.9605,6.8826],[79.9603,6.8834]]]}},{"type":"Feature","properties":{"fid":464,"osm_id":"920642571","code":8103,"fclass":"canal","width":1,"name":null},"geometry":{"type":"MultiLineString","coordinates":[[[79.9605,6.8825],[79.9605,6.8826]]]}},{"type":"Feature","properties":{"fid":465,"osm_id":"920642572","code":8103,"fclass":"canal","width":1,"name":null},"geometry":{"type":"MultiLineString","coordinates":[[[79.9612,6.8803],[79.961,6.8807],[79.9611,6.8813],[79.9608,6.8817],[79.9605,6.8825]]]}},{"type":"Feature","properties":{"fid":466,"osm_id":"920642573","code":8103,"fclass":"canal","width":1,"name":null},"geometry":{"type":"MultiLineString","coordinates":[[[79.9612,6.8802],[79.9612,6.8803]]]}},{"type":"Feature","properties":{"fid":467,"osm_id":"920642574","code":8103,"fclass":"canal","width":1,"name":null},"geometry":{"type":"MultiLineString","coordinates":[[[79.9619,6.8731],[79.9619,6.8731]]]}},{"type":"Feature","properties":{"fid":468,"osm_id":"920642575","code":8103,"fclass":"canal","width":1,"name":null},"geometry":{"type":"MultiLineString","coordinates":[[[79.9641,6.8687],[79.9641,6.8696],[79.9639,6.8699],[79.9631,6.8702],[79.9631,6.8708],[79.9618,6.8725],[79.9619,6.8731]]]}},{"type":"Feature","properties":{"fid":469,"osm_id":"920642576","code":8103,"fclass":"canal","width":1,"name":null},"geometry":{"type":"MultiLineString","coordinates":[[[79.9641,6.8686],[79.9641,6.8687]]]}},{"type":"Feature","properties":{"fid":470,"osm_id":"920642577","code":8103,"fclass":"canal","width":1,"name":null},"geometry":{"type":"MultiLineString","coordinates":[[[79.9644,6.8676],[79.9641,6.8681],[79.9641,6.8686]]]}},{"type":"Feature","properties":{"fid":471,"osm_id":"920642578","code":8103,"fclass":"canal","width":1,"name":null},"geometry":{"type":"MultiLineString","coordinates":[[[79.9645,6.8675],[79.9644,6.8676]]]}},{"type":"Feature","properties":{"fid":472,"osm_id":"920642579","code":8103,"fclass":"canal","width":1,"name":null},"geometry":{"type":"MultiLineString","coordinates":[[[79.9646,6.8671],[79.9645,6.8675]]]}},{"type":"Feature","properties":{"fid":473,"osm_id":"920642580","code":8103,"fclass":"canal","width":1,"name":null},"geometry":{"type":"MultiLineString","coordinates":[[[79.9602,6.8835],[79.9601,6.8835]]]}},{"type":"Feature","properties":{"fid":474,"osm_id":"920642581","code":8103,"fclass":"canal","width":2,"name":null},"geometry":{"type":"MultiLineString","coordinates":[[[79.9603,6.8834],[79.9602,6.8835]]]}},{"type":"Feature","properties":{"fid":475,"osm_id":"920642582","code":8103,"fclass":"canal","width":2,"name":null},"geometry":{"type":"MultiLineString","coordinates":[[[79.9601,6.8835],[79.9592,6.8839],[79.9585,6.885],[79.958,6.8851],[79.957,6.8857],[79.9566,6.8868],[79.9559,6.887],[79.9555,6.8879],[79.9539,6.8893],[79.9538,6.8897]]]}},{"type":"Feature","properties":{"fid":476,"osm_id":"920642583","code":8103,"fclass":"canal","width":1,"name":null},"geometry":{"type":"MultiLineString","coordinates":[[[79.9619,6.8731],[79.9615,6.8749],[79.9616,6.8758],[79.9618,6.8763],[79.9617,6.8774],[79.9614,6.8779],[79.9614,6.8788],[79.9612,6.8802]]]}},{"type":"Feature","properties":{"fid":477,"osm_id":"925078188","code":8103,"fclass":"canal","width":0,"name":null},"geometry":{"type":"MultiLineString","coordinates":[[[79.8849,6.8965],[79.885,6.8965]]]}},{"type":"Feature","properties":{"fid":478,"osm_id":"925078189","code":8103,"fclass":"canal","width":0,"name":null},"geometry":{"type":"MultiLineString","coordinates":[[[79.8837,6.8964],[79.8849,6.8965]]]}},{"type":"Feature","properties":{"fid":479,"osm_id":"925078192","code":8103,"fclass":"canal","width":0,"name":null},"geometry":{"type":"MultiLineString","coordinates":[[[79.8906,6.9025],[79.8894,6.9028]]]}},{"type":"Feature","properties":{"fid":480,"osm_id":"925078193","code":8103,"fclass":"canal","width":0,"name":null},"geometry":{"type":"MultiLineString","coordinates":[[[79.8899,6.9032],[79.8898,6.9027]]]}},{"type":"Feature","properties":{"fid":481,"osm_id":"925078194","code":8103,"fclass":"canal","width":0,"name":null},"geometry":{"type":"MultiLineString","coordinates":[[[79.8914,6.9016],[79.8921,6.9016],[79.8923,6.9018],[79.8922,6.902],[79.8906,6.9025],[79.8895,6.9039]]]}},{"type":"Feature","properties":{"fid":482,"osm_id":"925078195","code":8103,"fclass":"canal","width":0,"name":null},"geometry":{"type":"MultiLineString","coordinates":[[[79.8866,6.901],[79.8869,6.901]]]}},{"type":"Feature","properties":{"fid":483,"osm_id":"925078196","code":8103,"fclass":"canal","width":0,"name":null},"geometry":{"type":"MultiLineString","coordinates":[[[79.8856,6.8994],[79.8858,6.8996],[79.8863,6.8993],[79.8871,6.8994],[79.8873,6.8997],[79.8869,6.901],[79.8874,6.9014],[79.8885,6.9016],[79.8888,6.9016],[79.8894,6.9013],[79.8905,6.8994],[79.8911,6.8995],[79.8915,6.9001],[79.8914,6.9014],[79.8916,6.902],[79.8911,6.9033],[79.8916,6.9038],[79.8927,6.9041],[79.8927,6.9047]]]}},{"type":"Feature","properties":{"fid":484,"osm_id":"925078197","code":8103,"fclass":"canal","width":0,"name":null},"geometry":{"type":"MultiLineString","coordinates":[[[79.8883,6.9048],[79.8883,6.9042],[79.8879,6.9034],[79.888,6.9031],[79.8883,6.9029],[79.8883,6.9021],[79.887,6.9015],[79.8866,6.901],[79.8862,6.9011]]]}},{"type":"Feature","properties":{"fid":485,"osm_id":"925078198","code":8103,"fclass":"canal","width":0,"name":null},"geometry":{"type":"MultiLineString","coordinates":[[[79.8857,6.9009],[79.8862,6.9011],[79.8876,6.9031],[79.8901,6.9042],[79.8907,6.9043],[79.8915,6.9042],[79.8933,6.9049]]]}},{"type":"Feature","properties":{"fid":486,"osm_id":"925078202","code":8103,"fclass":"canal","width":0,"name":null},"geometry":{"type":"MultiLineString","coordinates":[[[79.8845,6.9081],[79.8842,6.9084]]]}},{"type":"Feature","properties":{"fid":487,"osm_id":"925078203","code":8103,"fclass":"canal","width":0,"name":null},"geometry":{"type":"MultiLineString","coordinates":[[[79.8847,6.908],[79.8845,6.9081]]]}},{"type":"Feature","properties":{"fid":488,"osm_id":"925078204","code":8103,"fclass":"canal","width":0,"name":null},"geometry":{"type":"MultiLineString","coordinates":[[[79.8871,6.9063],[79.887,6.9063]]]}},{"type":"Feature","properties":{"fid":489,"osm_id":"925078205","code":8103,"fclass":"canal","width":0,"name":null},"geometry":{"type":"MultiLineString","coordinates":[[[79.8872,6.9062],[79.8871,6.9063]]]}},{"type":"Feature","properties":{"fid":490,"osm_id":"925078206","code":8103,"fclass":"canal","width":0,"name":null},"geometry":{"type":"MultiLineString","coordinates":[[[79.887,6.9063],[79.886,6.9064],[79.885,6.9078],[79.8847,6.908]]]}},{"type":"Feature","properties":{"fid":491,"osm_id":"926069447","code":8103,"fclass":"canal","width":0,"name":null},"geometry":{"type":"MultiLineString","coordinates":[[[79.8859,6.8906],[79.8858,6.891]]]}},{"type":"Feature","properties":{"fid":492,"osm_id":"926069448","code":8103,"fclass":"canal","width":0,"name":null},"geometry":{"type":"MultiLineString","coordinates":[[[79.8861,6.8905],[79.8855,6.8903]]]}},{"type":"Feature","properties":{"fid":493,"osm_id":"926069449","code":8103,"fclass":"canal","width":0,"name":null},"geometry":{"type":"MultiLineString","coordinates":[[[79.8855,6.8907],[79.8863,6.8903]]]}},{"type":"Feature","properties":{"fid":494,"osm_id":"926069450","code":8103,"fclass":"canal","width":0,"name":null},"geometry":{"type":"MultiLineString","coordinates":[[[79.8855,6.8911],[79.8855,6.8903],[79.8853,6.8902],[79.8842,6.8903]]]}},{"type":"Feature","properties":{"fid":495,"osm_id":"926069451","code":8103,"fclass":"canal","width":0,"name":null},"geometry":{"type":"MultiLineString","coordinates":[[[79.8855,6.8913],[79.8856,6.891],[79.8864,6.891],[79.8865,6.891],[79.8864,6.8908],[79.8861,6.891]]]}},{"type":"Feature","properties":{"fid":496,"osm_id":"930364712","code":8103,"fclass":"canal","width":0,"name":null},"geometry":{"type":"MultiLineString","coordinates":[[[80.093,6.8431],[80.0926,6.8436]]]}},{"type":"Feature","properties":{"fid":497,"osm_id":"930364713","code":8103,"fclass":"canal","width":0,"name":null},"geometry":{"type":"MultiLineString","coordinates":[[[80.093,6.843],[80.093,6.8431]]]}},{"type":"Feature","properties":{"fid":498,"osm_id":"930364714","code":8103,"fclass":"canal","width":0,"name":null},"geometry":{"type":"MultiLineString","coordinates":[[[80.0931,6.8429],[80.093,6.843]]]}},{"type":"Feature","properties":{"fid":499,"osm_id":"930364715","code":8103,"fclass":"canal","width":0,"name":null},"geometry":{"type":"MultiLineString","coordinates":[[[80.0932,6.8427],[80.0931,6.8429]]]}},{"type":"Feature","properties":{"fid":500,"osm_id":"930364716","code":8103,"fclass":"canal","width":0,"name":null},"geometry":{"type":"MultiLineString","coordinates":[[[80.0946,6.8398],[80.0946,6.8398]]]}},{"type":"Feature","properties":{"fid":501,"osm_id":"930364717","code":8103,"fclass":"canal","width":0,"name":null},"geometry":{"type":"MultiLineString","coordinates":[[[80.0946,6.8397],[80.0946,6.8398]]]}},{"type":"Feature","properties":{"fid":502,"osm_id":"930364718","code":8103,"fclass":"canal","width":0,"name":null},"geometry":{"type":"MultiLineString","coordinates":[[[80.0946,6.8398],[80.0941,6.8411],[80.0932,6.8427]]]}},{"type":"Feature","properties":{"fid":503,"osm_id":"933285048","code":8103,"fclass":"canal","width":0,"name":null},"geometry":{"type":"MultiLineString","coordinates":[[[80.1483,6.6962],[80.1494,6.6952]]]}},{"type":"Feature","properties":{"fid":504,"osm_id":"940431817","code":8103,"fclass":"canal","width":0,"name":null},"geometry":{"type":"MultiLineString","coordinates":[[[79.8706,7.0187],[79.8708,7.0186]]]}},{"type":"Feature","properties":{"fid":505,"osm_id":"940431818","code":8103,"fclass":"canal","width":0,"name":null},"geometry":{"type":"MultiLineString","coordinates":[[[79.8705,7.0187],[79.8706,7.0187]]]}},{"type":"Feature","properties":{"fid":506,"osm_id":"940431821","code":8103,"fclass":"canal","width":0,"name":null},"geometry":{"type":"MultiLineString","coordinates":[[[79.8867,7.0356],[79.887,7.0356]]]}},{"type":"Feature","properties":{"fid":507,"osm_id":"940431822","code":8103,"fclass":"canal","width":0,"name":null},"geometry":{"type":"MultiLineString","coordinates":[[[79.8865,7.0356],[79.8867,7.0356]]]}},{"type":"Feature","properties":{"fid":508,"osm_id":"940431823","code":8103,"fclass":"canal","width":0,"name":null},"geometry":{"type":"MultiLineString","coordinates":[[[79.8659,7.0378],[79.8661,7.0365],[79.8653,7.0363],[79.8654,7.0355],[79.8692,7.0362],[79.8711,7.0357],[79.8772,7.0356],[79.8786,7.0359],[79.8797,7.0356],[79.8817,7.0355],[79.883,7.0357],[79.8848,7.0354],[79.886,7.0354],[79.8865,7.0356]]]}},{"type":"Feature","properties":{"fid":509,"osm_id":"940431828","code":8103,"fclass":"canal","width":0,"name":null},"geometry":{"type":"MultiLineString","coordinates":[[[79.8651,7.0304],[79.8656,7.0305],[79.8683,7.0313],[79.8699,7.0313],[79.8774,7.0325]]]}},{"type":"Feature","properties":{"fid":510,"osm_id":"940431829","code":8103,"fclass":"canal","width":0,"name":null},"geometry":{"type":"MultiLineString","coordinates":[[[79.8674,7.0333],[79.8669,7.0334],[79.8668,7.0332],[79.8662,7.0331],[79.8663,7.0325],[79.8664,7.0323],[79.8668,7.0323],[79.8668,7.032],[79.8663,7.0317],[79.8664,7.0316],[79.8668,7.0316],[79.8676,7.0318]]]}},{"type":"Feature","properties":{"fid":511,"osm_id":"940431830","code":8103,"fclass":"canal","width":0,"name":null},"geometry":{"type":"MultiLineString","coordinates":[[[79.866,7.0335],[79.8667,7.0336],[79.8666,7.0334],[79.8664,7.0334],[79.8664,7.0332]]]}},{"type":"Feature","properties":{"fid":512,"osm_id":"940431831","code":8103,"fclass":"canal","width":0,"name":null},"geometry":{"type":"MultiLineString","coordinates":[[[79.8672,7.0343],[79.8664,7.0342],[79.8664,7.0336]]]}},{"type":"Feature","properties":{"fid":513,"osm_id":"940431832","code":8103,"fclass":"canal","width":0,"name":null},"geometry":{"type":"MultiLineString","coordinates":[[[79.8662,7.0344],[79.8672,7.0345]]]}},{"type":"Feature","properties":{"fid":514,"osm_id":"940431833","code":8103,"fclass":"canal","width":0,"name":null},"geometry":{"type":"MultiLineString","coordinates":[[[79.8665,7.0355],[79.8664,7.0351],[79.8661,7.0351],[79.8662,7.0348],[79.8665,7.0348],[79.8664,7.0344]]]}},{"type":"Feature","properties":{"fid":515,"osm_id":"940431834","code":8103,"fclass":"canal","width":0,"name":null},"geometry":{"type":"MultiLineString","coordinates":[[[79.8681,7.0287],[79.867,7.0356]]]}},{"type":"Feature","properties":{"fid":516,"osm_id":"940431835","code":8103,"fclass":"canal","width":0,"name":null},"geometry":{"type":"MultiLineString","coordinates":[[[79.866,7.0294],[79.866,7.0296],[79.8662,7.0296],[79.8662,7.0301],[79.8675,7.0303],[79.8675,7.0306],[79.8678,7.0307]]]}},{"type":"Feature","properties":{"fid":517,"osm_id":"940431836","code":8103,"fclass":"canal","width":0,"name":null},"geometry":{"type":"MultiLineString","coordinates":[[[79.869,7.0262],[79.8684,7.0316]]]}},{"type":"Feature","properties":{"fid":518,"osm_id":"940431837","code":8103,"fclass":"canal","width":0,"name":null},"geometry":{"type":"MultiLineString","coordinates":[[[79.8684,7.0262],[79.8692,7.0263]]]}},{"type":"Feature","properties":{"fid":519,"osm_id":"940431838","code":8103,"fclass":"canal","width":0,"name":null},"geometry":{"type":"MultiLineString","coordinates":[[[79.8686,7.0247],[79.8684,7.0273],[79.8678,7.0275],[79.867,7.0274],[79.8669,7.028],[79.8665,7.028],[79.8664,7.0282],[79.8669,7.0285],[79.8667,7.0294],[79.8658,7.0294]]]}},{"type":"Feature","properties":{"fid":520,"osm_id":"940431839","code":8103,"fclass":"canal","width":0,"name":null},"geometry":{"type":"MultiLineString","coordinates":[[[79.8672,7.0224],[79.8671,7.0231],[79.868,7.0232],[79.8678,7.0247],[79.8691,7.0248]]]}},{"type":"Feature","properties":{"fid":521,"osm_id":"940431840","code":8103,"fclass":"canal","width":0,"name":null},"geometry":{"type":"MultiLineString","coordinates":[[[79.8663,7.0223],[79.8692,7.0226]]]}},{"type":"Feature","properties":{"fid":522,"osm_id":"940431843","code":8103,"fclass":"canal","width":0,"name":null},"geometry":{"type":"MultiLineString","coordinates":[[[79.872,7.0209],[79.8717,7.0211],[79.8705,7.021],[79.8702,7.0212],[79.8699,7.0212],[79.8694,7.0217],[79.8681,7.0216],[79.868,7.0219],[79.8684,7.0225]]]}},{"type":"Feature","properties":{"fid":523,"osm_id":"940431850","code":8103,"fclass":"canal","width":0,"name":null},"geometry":{"type":"MultiLineString","coordinates":[[[79.8703,7.0146],[79.8712,7.0086]]]}},{"type":"Feature","properties":{"fid":524,"osm_id":"940431851","code":8103,"fclass":"canal","width":0,"name":null},"geometry":{"type":"MultiLineString","coordinates":[[[79.8828,7.0184],[79.8828,7.0196],[79.8795,7.0231]]]}},{"type":"Feature","properties":{"fid":525,"osm_id":"940431852","code":8103,"fclass":"canal","width":0,"name":null},"geometry":{"type":"MultiLineString","coordinates":[[[79.8828,7.0181],[79.8828,7.0184]]]}},{"type":"Feature","properties":{"fid":526,"osm_id":"940431853","code":8103,"fclass":"canal","width":0,"name":null},"geometry":{"type":"MultiLineString","coordinates":[[[79.8722,7.0143],[79.8722,7.0141]]]}},{"type":"Feature","properties":{"fid":527,"osm_id":"940431854","code":8103,"fclass":"canal","width":0,"name":null},"geometry":{"type":"MultiLineString","coordinates":[[[79.8723,7.0146],[79.8722,7.0143]]]}},{"type":"Feature","properties":{"fid":528,"osm_id":"940431857","code":8103,"fclass":"canal","width":0,"name":null},"geometry":{"type":"MultiLineString","coordinates":[[[79.8708,7.0186],[79.8723,7.0146]]]}},{"type":"Feature","properties":{"fid":529,"osm_id":"940431860","code":8103,"fclass":"canal","width":0,"name":null},"geometry":{"type":"MultiLineString","coordinates":[[[79.8654,7.0143],[79.8689,7.0149],[79.8698,7.0152],[79.8696,7.0156]]]}},{"type":"Feature","properties":{"fid":530,"osm_id":"940431861","code":8103,"fclass":"canal","width":0,"name":null},"geometry":{"type":"MultiLineString","coordinates":[[[79.8689,7.0179],[79.869,7.0165],[79.8694,7.0158]]]}},{"type":"Feature","properties":{"fid":531,"osm_id":"940431864","code":8103,"fclass":"canal","width":0,"name":null},"geometry":{"type":"MultiLineString","coordinates":[[[79.8692,7.0144],[79.8704,7.0146],[79.8726,7.0139],[79.8728,7.0086],[79.8729,7.0085],[79.8804,7.0085],[79.8807,7.0087],[79.8807,7.0111],[79.8827,7.0131],[79.8828,7.0181]]]}},{"type":"Feature","properties":{"fid":532,"osm_id":"940431867","code":8103,"fclass":"canal","width":0,"name":null},"geometry":{"type":"MultiLineString","coordinates":[[[79.8701,7.0074],[79.8707,7.0071],[79.8715,7.0085]]]}},{"type":"Feature","properties":{"fid":533,"osm_id":"940431868","code":8103,"fclass":"canal","width":0,"name":null},"geometry":{"type":"MultiLineString","coordinates":[[[79.8682,7.0089],[79.872,7.0085],[79.8728,7.0089]]]}},{"type":"Feature","properties":{"fid":534,"osm_id":"941233720","code":8103,"fclass":"canal","width":0,"name":null},"geometry":{"type":"MultiLineString","coordinates":[[[79.8654,7.0455],[79.8653,7.0448]]]}},{"type":"Feature","properties":{"fid":535,"osm_id":"941233721","code":8103,"fclass":"canal","width":0,"name":null},"geometry":{"type":"MultiLineString","coordinates":[[[79.8663,7.0417],[79.8661,7.0424],[79.8652,7.0427],[79.8651,7.043],[79.8662,7.0433],[79.8662,7.0439],[79.8664,7.0441],[79.8662,7.0443],[79.866,7.0453],[79.8654,7.0452],[79.8626,7.0444]]]}},{"type":"Feature","properties":{"fid":536,"osm_id":"941233722","code":8103,"fclass":"canal","width":0,"name":null},"geometry":{"type":"MultiLineString","coordinates":[[[79.8689,7.0362],[79.8681,7.0392],[79.8678,7.0396],[79.8669,7.0401],[79.8665,7.0401],[79.8666,7.0408],[79.8662,7.0409],[79.8658,7.0412],[79.8667,7.0416],[79.8667,7.0418],[79.8662,7.0417]]]}},{"type":"Feature","properties":{"fid":537,"osm_id":"941233723","code":8103,"fclass":"canal","width":0,"name":null},"geometry":{"type":"MultiLineString","coordinates":[[[79.8672,7.0386],[79.8672,7.0389],[79.8673,7.0389],[79.8674,7.0388],[79.8679,7.0389],[79.8679,7.0386],[79.8683,7.0386]]]}},{"type":"Feature","properties":{"fid":538,"osm_id":"941233724","code":8103,"fclass":"canal","width":0,"name":null},"geometry":{"type":"MultiLineString","coordinates":[[[79.8655,7.0369],[79.8665,7.0371],[79.8667,7.0375],[79.867,7.0375],[79.8673,7.038],[79.8682,7.0382],[79.8681,7.0384],[79.8668,7.0386]]]}},{"type":"Feature","properties":{"fid":539,"osm_id":"941241731","code":8103,"fclass":"canal","width":0,"name":null},"geometry":{"type":"MultiLineString","coordinates":[[[79.8685,7.0258],[79.8697,7.026],[79.8701,7.0263],[79.871,7.0265],[79.8877,7.0271],[79.8884,7.0269],[79.8891,7.0271]]]}},{"type":"Feature","properties":{"fid":540,"osm_id":"941512667","code":8103,"fclass":"canal","width":0,"name":null},"geometry":{"type":"MultiLineString","coordinates":[[[79.8583,7.0523],[79.8587,7.0526]]]}},{"type":"Feature","properties":{"fid":541,"osm_id":"944328345","code":8103,"fclass":"canal","width":0,"name":null},"geometry":{"type":"MultiLineString","coordinates":[[[79.8272,7.1935],[79.8256,7.1934],[79.8245,7.1935]]]}},{"type":"Feature","properties":{"fid":542,"osm_id":"948131118","code":8103,"fclass":"canal","width":0,"name":null},"geometry":{"type":"MultiLineString","coordinates":[[[79.9776,6.9536],[79.9777,6.9536]]]}},{"type":"Feature","properties":{"fid":543,"osm_id":"948131119","code":8103,"fclass":"canal","width":0,"name":null},"geometry":{"type":"MultiLineString","coordinates":[[[79.9777,6.9536],[79.9778,6.9533]]]}},{"type":"Feature","properties":{"fid":544,"osm_id":"948248120","code":8103,"fclass":"canal","width":0,"name":null},"geometry":{"type":"MultiLineString","coordinates":[[[79.9237,6.9109],[79.9253,6.9113],[79.9259,6.912],[79.9259,6.9123]]]}},{"type":"Feature","properties":{"fid":545,"osm_id":"950067537","code":8103,"fclass":"canal","width":1,"name":null},"geometry":{"type":"MultiLineString","coordinates":[[[79.9622,6.7884],[79.9626,6.7873],[79.9626,6.7856],[79.9621,6.7833],[79.9607,6.7793],[79.9613,6.779]]]}},{"type":"Feature","properties":{"fid":546,"osm_id":"950067546","code":8103,"fclass":"canal","width":0,"name":null},"geometry":{"type":"MultiLineString","coordinates":[[[79.9513,6.8078],[79.9514,6.8077]]]}},{"type":"Feature","properties":{"fid":547,"osm_id":"950067547","code":8103,"fclass":"canal","width":0,"name":null},"geometry":{"type":"MultiLineString","coordinates":[[[79.9522,6.8123],[79.9517,6.8111],[79.9514,6.811],[79.9515,6.8104],[79.9513,6.8092],[79.951,6.8086],[79.9513,6.8078]]]}},{"type":"Feature","properties":{"fid":548,"osm_id":"950067549","code":8103,"fclass":"canal","width":0,"name":null},"geometry":{"type":"MultiLineString","coordinates":[[[79.9517,6.8126],[79.9512,6.812],[79.9511,6.8112]]]}},{"type":"Feature","properties":{"fid":549,"osm_id":"950067552","code":8103,"fclass":"canal","width":0,"name":null},"geometry":{"type":"MultiLineString","coordinates":[[[79.9554,6.8203],[79.9543,6.8201],[79.9532,6.8194],[79.9529,6.819],[79.9525,6.819],[79.9521,6.8186],[79.9522,6.8175],[79.9524,6.8175],[79.9527,6.8159],[79.9527,6.8156],[79.9525,6.8156],[79.9525,6.8131],[79.9522,6.8123]]]}},{"type":"Feature","properties":{"fid":550,"osm_id":"950067554","code":8103,"fclass":"canal","width":0,"name":null},"geometry":{"type":"MultiLineString","coordinates":[[[79.9476,6.8135],[79.9477,6.8135]]]}},{"type":"Feature","properties":{"fid":551,"osm_id":"950067557","code":8103,"fclass":"canal","width":0,"name":null},"geometry":{"type":"MultiLineString","coordinates":[[[79.9412,6.8165],[79.9414,6.8162],[79.9419,6.816],[79.942,6.8157],[79.9426,6.8154],[79.9429,6.8156],[79.9443,6.8149],[79.9468,6.814],[79.9476,6.8135]]]}},{"type":"Feature","properties":{"fid":552,"osm_id":"950067567","code":8103,"fclass":"canal","width":0,"name":null},"geometry":{"type":"MultiLineString","coordinates":[[[79.9468,6.7981],[79.9481,6.798],[79.9482,6.7977]]]}},{"type":"Feature","properties":{"fid":553,"osm_id":"950067568","code":8103,"fclass":"canal","width":0,"name":null},"geometry":{"type":"MultiLineString","coordinates":[[[79.9468,6.7981],[79.9468,6.7981]]]}},{"type":"Feature","properties":{"fid":554,"osm_id":"951258513","code":8103,"fclass":"canal","width":0,"name":null},"geometry":{"type":"MultiLineString","coordinates":[[[79.9517,6.8127],[79.9517,6.8126]]]}},{"type":"Feature","properties":{"fid":555,"osm_id":"951258514","code":8103,"fclass":"canal","width":0,"name":null},"geometry":{"type":"MultiLineString","coordinates":[[[79.9514,6.82],[79.9515,6.8194],[79.9513,6.8193],[79.9515,6.8187],[79.9514,6.8171],[79.9516,6.8158],[79.9512,6.8154],[79.9512,6.8147],[79.9516,6.8144],[79.9519,6.8139],[79.9517,6.8127]]]}},{"type":"Feature","properties":{"fid":556,"osm_id":"951258515","code":8103,"fclass":"canal","width":0,"name":null},"geometry":{"type":"MultiLineString","coordinates":[[[79.9477,6.8135],[79.9478,6.8132],[79.9476,6.8128],[79.9481,6.8124],[79.9495,6.8116],[79.9498,6.8106],[79.9501,6.8104],[79.9502,6.8094],[79.9505,6.8086],[79.9511,6.8085],[79.9512,6.8078]]]}},{"type":"Feature","properties":{"fid":557,"osm_id":"951258518","code":8103,"fclass":"canal","width":0,"name":null},"geometry":{"type":"MultiLineString","coordinates":[[[79.9501,6.7984],[79.9523,6.7993],[79.9542,6.799],[79.9546,6.7993]]]}},{"type":"Feature","properties":{"fid":558,"osm_id":"951258519","code":8103,"fclass":"canal","width":0,"name":null},"geometry":{"type":"MultiLineString","coordinates":[[[79.9501,6.7984],[79.9501,6.7984]]]}},{"type":"Feature","properties":{"fid":559,"osm_id":"951258522","code":8103,"fclass":"canal","width":0,"name":null},"geometry":{"type":"MultiLineString","coordinates":[[[79.941,6.7979],[79.9449,6.7975],[79.9465,6.7976],[79.9477,6.7975],[79.9501,6.7984]]]}},{"type":"Feature","properties":{"fid":560,"osm_id":"951258523","code":8103,"fclass":"canal","width":0,"name":null},"geometry":{"type":"MultiLineString","coordinates":[[[79.9409,6.7979],[79.941,6.7979]]]}},{"type":"Feature","properties":{"fid":561,"osm_id":"951258524","code":8103,"fclass":"canal","width":0,"name":null},"geometry":{"type":"MultiLineString","coordinates":[[[79.9405,6.7978],[79.9409,6.7979]]]}},{"type":"Feature","properties":{"fid":562,"osm_id":"951258525","code":8103,"fclass":"canal","width":0,"name":null},"geometry":{"type":"MultiLineString","coordinates":[[[79.9403,6.7978],[79.9405,6.7978]]]}},{"type":"Feature","properties":{"fid":563,"osm_id":"951258526","code":8103,"fclass":"canal","width":0,"name":null},"geometry":{"type":"MultiLineString","coordinates":[[[79.9389,6.798],[79.9389,6.7977],[79.9403,6.7978]]]}},{"type":"Feature","properties":{"fid":564,"osm_id":"951258529","code":8103,"fclass":"canal","width":0,"name":null},"geometry":{"type":"MultiLineString","coordinates":[[[79.9366,6.8019],[79.9368,6.8013],[79.9384,6.8005],[79.9402,6.7989],[79.9414,6.7989],[79.9433,6.7991],[79.944,6.7989],[79.9443,6.7988],[79.9443,6.7985],[79.9452,6.7981],[79.946,6.798],[79.9468,6.7981]]]}},{"type":"Feature","properties":{"fid":565,"osm_id":"951477866","code":8103,"fclass":"canal","width":0,"name":null},"geometry":{"type":"MultiLineString","coordinates":[[[79.9521,6.7535],[79.9515,6.7534],[79.9515,6.753],[79.9497,6.7531],[79.9473,6.7529]]]}},{"type":"Feature","properties":{"fid":566,"osm_id":"962536415","code":8103,"fclass":"canal","width":0,"name":null},"geometry":{"type":"MultiLineString","coordinates":[[[79.9284,6.9027],[79.9283,6.9027]]]}},{"type":"Feature","properties":{"fid":567,"osm_id":"962536416","code":8103,"fclass":"canal","width":0,"name":null},"geometry":{"type":"MultiLineString","coordinates":[[[79.9285,6.9026],[79.9284,6.9027]]]}},{"type":"Feature","properties":{"fid":568,"osm_id":"962536417","code":8103,"fclass":"canal","width":0,"name":null},"geometry":{"type":"MultiLineString","coordinates":[[[79.9283,6.9027],[79.9276,6.9028],[79.9276,6.9033],[79.9274,6.9034],[79.9266,6.9029],[79.9265,6.9026],[79.9268,6.9017]]]}},{"type":"Feature","properties":{"fid":569,"osm_id":"962536418","code":8103,"fclass":"canal","width":0,"name":null},"geometry":{"type":"MultiLineString","coordinates":[[[79.9294,6.9049],[79.9295,6.9058]]]}},{"type":"Feature","properties":{"fid":570,"osm_id":"962536419","code":8103,"fclass":"canal","width":0,"name":null},"geometry":{"type":"MultiLineString","coordinates":[[[79.93,6.9052],[79.9301,6.906],[79.9298,6.9061],[79.9296,6.906]]]}},{"type":"Feature","properties":{"fid":571,"osm_id":"962536420","code":8103,"fclass":"canal","width":0,"name":null},"geometry":{"type":"MultiLineString","coordinates":[[[79.9296,6.904],[79.929,6.904],[79.9294,6.9049],[79.93,6.9052],[79.9305,6.9052],[79.9313,6.9054]]]}},{"type":"Feature","properties":{"fid":572,"osm_id":"963176436","code":8103,"fclass":"canal","width":0,"name":null},"geometry":{"type":"MultiLineString","coordinates":[[[79.933,6.8844],[79.9329,6.8843]]]}},{"type":"Feature","properties":{"fid":573,"osm_id":"963176437","code":8103,"fclass":"canal","width":0,"name":null},"geometry":{"type":"MultiLineString","coordinates":[[[79.9329,6.8842],[79.9328,6.8841]]]}},{"type":"Feature","properties":{"fid":574,"osm_id":"963176438","code":8103,"fclass":"canal","width":0,"name":null},"geometry":{"type":"MultiLineString","coordinates":[[[79.9325,6.8848],[79.9329,6.8842]]]}},{"type":"Feature","properties":{"fid":575,"osm_id":"970593984","code":8103,"fclass":"canal","width":0,"name":null},"geometry":{"type":"MultiLineString","coordinates":[[[80.0752,7.1663],[80.0753,7.1661],[80.0751,7.1651],[80.0751,7.1641],[80.0749,7.1636]]]}},{"type":"Feature","properties":{"fid":576,"osm_id":"973881875","code":8103,"fclass":"canal","width":10,"name":null},"geometry":{"type":"MultiLineString","coordinates":[[[79.8915,6.9238],[79.8961,6.9239],[79.8985,6.9234],[79.8991,6.9235]]]}},{"type":"Feature","properties":{"fid":577,"osm_id":"973881876","code":8103,"fclass":"canal","width":0,"name":null},"geometry":{"type":"MultiLineString","coordinates":[[[79.8912,6.9236],[79.8915,6.9238]]]}},{"type":"Feature","properties":{"fid":578,"osm_id":"973881878","code":8103,"fclass":"canal","width":10,"name":null},"geometry":{"type":"MultiLineString","coordinates":[[[79.8991,6.9235],[79.9004,6.9234],[79.9011,6.9229],[79.9013,6.9223],[79.901,6.9204],[79.8992,6.9167],[79.8992,6.9146]]]}},{"type":"Feature","properties":{"fid":579,"osm_id":"998048630","code":8103,"fclass":"canal","width":0,"name":null},"geometry":{"type":"MultiLineString","coordinates":[[[79.9112,6.9112],[79.9124,6.9099],[79.9132,6.9098],[79.9143,6.9092],[79.9162,6.9098]]]}},{"type":"Feature","properties":{"fid":580,"osm_id":"998048634","code":8103,"fclass":"canal","width":0,"name":null},"geometry":{"type":"MultiLineString","coordinates":[[[79.9065,6.9082],[79.9073,6.9087],[79.9074,6.9087],[79.9075,6.9085],[79.9072,6.9082],[79.9079,6.9073]]]}},{"type":"Feature","properties":{"fid":581,"osm_id":"1005740332","code":8103,"fclass":"canal","width":0,"name":null},"geometry":{"type":"MultiLineString","coordinates":[[[79.9306,6.8791],[79.9305,6.8792]]]}},{"type":"Feature","properties":{"fid":582,"osm_id":"1005740333","code":8103,"fclass":"canal","width":0,"name":null},"geometry":{"type":"MultiLineString","coordinates":[[[79.9314,6.8779],[79.9316,6.8778],[79.9319,6.878]]]}},{"type":"Feature","properties":{"fid":583,"osm_id":"1005740337","code":8103,"fclass":"canal","width":0,"name":null},"geometry":{"type":"MultiLineString","coordinates":[[[79.9308,6.8789],[79.931,6.8789]]]}},{"type":"Feature","properties":{"fid":584,"osm_id":"1005740338","code":8103,"fclass":"canal","width":0,"name":null},"geometry":{"type":"MultiLineString","coordinates":[[[79.9306,6.8792],[79.9309,6.8786]]]}},{"type":"Feature","properties":{"fid":585,"osm_id":"1005740339","code":8103,"fclass":"canal","width":0,"name":null},"geometry":{"type":"MultiLineString","coordinates":[[[79.931,6.879],[79.9311,6.8791]]]}},{"type":"Feature","properties":{"fid":586,"osm_id":"1005740340","code":8103,"fclass":"canal","width":0,"name":null},"geometry":{"type":"MultiLineString","coordinates":[[[79.9306,6.8796],[79.9305,6.8789],[79.9307,6.8786],[79.9311,6.8786],[79.9308,6.8793],[79.9309,6.8794],[79.9306,6.8794]]]}},{"type":"Feature","properties":{"fid":587,"osm_id":"1009537463","code":8103,"fclass":"canal","width":0,"name":null},"geometry":{"type":"MultiLineString","coordinates":[[[79.9063,6.8179],[79.907,6.8173]]]}},{"type":"Feature","properties":{"fid":588,"osm_id":"1009537464","code":8103,"fclass":"canal","width":0,"name":null},"geometry":{"type":"MultiLineString","coordinates":[[[79.9113,6.8184],[79.9113,6.8182]]]}},{"type":"Feature","properties":{"fid":589,"osm_id":"1009537465","code":8103,"fclass":"canal","width":0,"name":null},"geometry":{"type":"MultiLineString","coordinates":[[[79.9112,6.8186],[79.9113,6.8184]]]}},{"type":"Feature","properties":{"fid":590,"osm_id":"1009537466","code":8103,"fclass":"canal","width":0,"name":null},"geometry":{"type":"MultiLineString","coordinates":[[[79.9095,6.8205],[79.91,6.8206],[79.9105,6.8202],[79.9109,6.8204]]]}},{"type":"Feature","properties":{"fid":591,"osm_id":"1009537467","code":8103,"fclass":"canal","width":0,"name":null},"geometry":{"type":"MultiLineString","coordinates":[[[79.9091,6.8211],[79.9095,6.8205],[79.9095,6.8201],[79.9098,6.8192],[79.9107,6.8193],[79.9112,6.8186]]]}},{"type":"Feature","properties":{"fid":592,"osm_id":"1009537468","code":8103,"fclass":"canal","width":0,"name":null},"geometry":{"type":"MultiLineString","coordinates":[[[79.9147,6.8219],[79.9148,6.8218]]]}},{"type":"Feature","properties":{"fid":593,"osm_id":"1009537469","code":8103,"fclass":"canal","width":0,"name":null},"geometry":{"type":"MultiLineString","coordinates":[[[79.9146,6.822],[79.9147,6.8219]]]}},{"type":"Feature","properties":{"fid":594,"osm_id":"1009537470","code":8103,"fclass":"canal","width":0,"name":null},"geometry":{"type":"MultiLineString","coordinates":[[[79.9139,6.8227],[79.9143,6.8226],[79.9146,6.822]]]}},{"type":"Feature","properties":{"fid":595,"osm_id":"1009537486","code":8103,"fclass":"canal","width":0,"name":null},"geometry":{"type":"MultiLineString","coordinates":[[[79.9074,6.8132],[79.9064,6.8135],[79.9054,6.8133],[79.9059,6.8143],[79.905,6.8155]]]}},{"type":"Feature","properties":{"fid":596,"osm_id":"1009537487","code":8103,"fclass":"canal","width":0,"name":null},"geometry":{"type":"MultiLineString","coordinates":[[[79.9073,6.8175],[79.9073,6.8173],[79.907,6.817],[79.907,6.8166],[79.9058,6.8155],[79.9058,6.8151],[79.9063,6.8149],[79.9072,6.8149],[79.9075,6.8155],[79.9078,6.8155],[79.9077,6.8147],[79.9072,6.8142],[79.9075,6.813]]]}},{"type":"Feature","properties":{"fid":597,"osm_id":"1009537490","code":8103,"fclass":"canal","width":0,"name":null},"geometry":{"type":"MultiLineString","coordinates":[[[79.9201,6.8211],[79.9187,6.8218],[79.918,6.8223],[79.9176,6.8228]]]}},{"type":"Feature","properties":{"fid":598,"osm_id":"1009537491","code":8103,"fclass":"canal","width":0,"name":null},"geometry":{"type":"MultiLineString","coordinates":[[[79.911,6.8217],[79.9139,6.8228]]]}},{"type":"Feature","properties":{"fid":599,"osm_id":"1009537502","code":8103,"fclass":"canal","width":0,"name":null},"geometry":{"type":"MultiLineString","coordinates":[[[79.8998,6.833],[79.8998,6.8316]]]}},{"type":"Feature","properties":{"fid":600,"osm_id":"1027344405","code":8103,"fclass":"canal","width":0,"name":null},"geometry":{"type":"MultiLineString","coordinates":[[[79.8734,7.1661],[79.8732,7.1658]]]}},{"type":"Feature","properties":{"fid":601,"osm_id":"1027344406","code":8103,"fclass":"canal","width":0,"name":null},"geometry":{"type":"MultiLineString","coordinates":[[[79.8735,7.1661],[79.8734,7.1661]]]}},{"type":"Feature","properties":{"fid":602,"osm_id":"1027344429","code":8103,"fclass":"canal","width":0,"name":null},"geometry":{"type":"MultiLineString","coordinates":[[[79.8732,7.1658],[79.873,7.1662]]]}},{"type":"Feature","properties":{"fid":603,"osm_id":"1027344430","code":8103,"fclass":"canal","width":0,"name":null},"geometry":{"type":"MultiLineString","coordinates":[[[79.873,7.1662],[79.873,7.1663]]]}},{"type":"Feature","properties":{"fid":604,"osm_id":"1029518255","code":8103,"fclass":"canal","width":0,"name":null},"geometry":{"type":"MultiLineString","coordinates":[[[79.8912,6.9661],[79.8915,6.966]]]}},{"type":"Feature","properties":{"fid":605,"osm_id":"1029518256","code":8103,"fclass":"canal","width":0,"name":null},"geometry":{"type":"MultiLineString","coordinates":[[[79.8915,6.966],[79.8916,6.966]]]}},{"type":"Feature","properties":{"fid":606,"osm_id":"1029518257","code":8103,"fclass":"canal","width":0,"name":null},"geometry":{"type":"MultiLineString","coordinates":[[[79.8916,6.966],[79.8918,6.9658]]]}},{"type":"Feature","properties":{"fid":607,"osm_id":"1029518258","code":8103,"fclass":"canal","width":0,"name":null},"geometry":{"type":"MultiLineString","coordinates":[[[79.8918,6.9658],[79.8919,6.9657]]]}},{"type":"Feature","properties":{"fid":608,"osm_id":"1029520342","code":8103,"fclass":"canal","width":0,"name":null},"geometry":{"type":"MultiLineString","coordinates":[[[79.8948,6.9697],[79.8946,6.9706],[79.8945,6.9708]]]}},{"type":"Feature","properties":{"fid":609,"osm_id":"1029520343","code":8103,"fclass":"canal","width":0,"name":null},"geometry":{"type":"MultiLineString","coordinates":[[[79.8945,6.9708],[79.8945,6.9709]]]}},{"type":"Feature","properties":{"fid":610,"osm_id":"1029533197","code":8103,"fclass":"canal","width":0,"name":null},"geometry":{"type":"MultiLineString","coordinates":[[[79.8943,6.9737],[79.8941,6.9738]]]}},{"type":"Feature","properties":{"fid":611,"osm_id":"1029533198","code":8103,"fclass":"canal","width":0,"name":null},"geometry":{"type":"MultiLineString","coordinates":[[[79.8944,6.9737],[79.8943,6.9737]]]}},{"type":"Feature","properties":{"fid":612,"osm_id":"1029533199","code":8103,"fclass":"canal","width":0,"name":null},"geometry":{"type":"MultiLineString","coordinates":[[[79.8945,6.9736],[79.8944,6.9737]]]}},{"type":"Feature","properties":{"fid":613,"osm_id":"1029533203","code":8103,"fclass":"canal","width":0,"name":null},"geometry":{"type":"MultiLineString","coordinates":[[[79.8951,6.9687],[79.8952,6.9686]]]}},{"type":"Feature","properties":{"fid":614,"osm_id":"1029533204","code":8103,"fclass":"canal","width":0,"name":null},"geometry":{"type":"MultiLineString","coordinates":[[[79.8952,6.9686],[79.8952,6.9685]]]}},{"type":"Feature","properties":{"fid":615,"osm_id":"1029540762","code":8103,"fclass":"canal","width":0,"name":null},"geometry":{"type":"MultiLineString","coordinates":[[[79.8911,6.9643],[79.892,6.9656]]]}},{"type":"Feature","properties":{"fid":616,"osm_id":"1030956462","code":8103,"fclass":"canal","width":0,"name":null},"geometry":{"type":"MultiLineString","coordinates":[[[79.9793,6.9016],[79.9794,6.9016]]]}},{"type":"Feature","properties":{"fid":617,"osm_id":"1033471671","code":8103,"fclass":"canal","width":0,"name":null},"geometry":{"type":"MultiLineString","coordinates":[[[79.9477,6.9356],[79.9476,6.9351]]]}},{"type":"Feature","properties":{"fid":618,"osm_id":"1033471672","code":8103,"fclass":"canal","width":0,"name":null},"geometry":{"type":"MultiLineString","coordinates":[[[79.9479,6.9358],[79.9477,6.9356]]]}},{"type":"Feature","properties":{"fid":619,"osm_id":"1033471673","code":8103,"fclass":"canal","width":0,"name":null},"geometry":{"type":"MultiLineString","coordinates":[[[79.9477,6.935],[79.9478,6.935]]]}},{"type":"Feature","properties":{"fid":620,"osm_id":"1033471674","code":8103,"fclass":"canal","width":0,"name":null},"geometry":{"type":"MultiLineString","coordinates":[[[79.9476,6.9351],[79.9477,6.935]]]}},{"type":"Feature","properties":{"fid":621,"osm_id":"1056569611","code":8103,"fclass":"canal","width":1,"name":null},"geometry":{"type":"MultiLineString","coordinates":[[[80.1119,6.7615],[80.1115,6.7643],[80.1084,6.7723],[80.1081,6.7726],[80.1082,6.7732]]]}},{"type":"Feature","properties":{"fid":622,"osm_id":"1056569612","code":8103,"fclass":"canal","width":1,"name":null},"geometry":{"type":"MultiLineString","coordinates":[[[80.1119,6.7614],[80.1119,6.7615]]]}},{"type":"Feature","properties":{"fid":623,"osm_id":"1056569613","code":8103,"fclass":"canal","width":1,"name":null},"geometry":{"type":"MultiLineString","coordinates":[[[80.1106,6.7564],[80.1115,6.7578],[80.1119,6.7581],[80.1121,6.7592],[80.1119,6.7614]]]}},{"type":"Feature","properties":{"fid":624,"osm_id":"1056569614","code":8103,"fclass":"canal","width":1,"name":null},"geometry":{"type":"MultiLineString","coordinates":[[[80.1106,6.7564],[80.1106,6.7564]]]}},{"type":"Feature","properties":{"fid":625,"osm_id":"1056569615","code":8103,"fclass":"canal","width":1,"name":null},"geometry":{"type":"MultiLineString","coordinates":[[[80.1091,6.7546],[80.1096,6.7554],[80.1106,6.7564]]]}},{"type":"Feature","properties":{"fid":626,"osm_id":"1056570001","code":8103,"fclass":"canal","width":0,"name":null},"geometry":{"type":"MultiLineString","coordinates":[[[80.1102,6.7679],[80.1098,6.7681],[80.1085,6.7679],[80.108,6.768],[80.1066,6.7676]]]}},{"type":"Feature","properties":{"fid":627,"osm_id":"1060575606","code":8103,"fclass":"canal","width":0,"name":null},"geometry":{"type":"MultiLineString","coordinates":[[[79.93,6.8699],[79.93,6.8698]]]}},{"type":"Feature","properties":{"fid":628,"osm_id":"1060575607","code":8103,"fclass":"canal","width":0,"name":null},"geometry":{"type":"MultiLineString","coordinates":[[[79.9299,6.87],[79.93,6.8699]]]}},{"type":"Feature","properties":{"fid":629,"osm_id":"1060575608","code":8103,"fclass":"canal","width":0,"name":null},"geometry":{"type":"MultiLineString","coordinates":[[[79.9299,6.87],[79.9299,6.87]]]}},{"type":"Feature","properties":{"fid":630,"osm_id":"1065914597","code":8103,"fclass":"canal","width":0,"name":null},"geometry":{"type":"MultiLineString","coordinates":[[[80.0102,6.6993],[80.0097,6.7005],[80.0096,6.7019],[80.0098,6.7027],[80.0104,6.7035],[80.0106,6.7041],[80.0111,6.7082],[80.0107,6.7092],[80.0103,6.7096],[80.0098,6.7109]]]}},{"type":"Feature","properties":{"fid":631,"osm_id":"1065914601","code":8103,"fclass":"canal","width":0,"name":null},"geometry":{"type":"MultiLineString","coordinates":[[[80.0041,6.6978],[80.0042,6.6967],[80.004,6.6962]]]}},{"type":"Feature","properties":{"fid":632,"osm_id":"1065914602","code":8103,"fclass":"canal","width":10,"name":null},"geometry":{"type":"MultiLineString","coordinates":[[[80.0051,6.6987],[80.0043,6.6978],[80.0034,6.6976],[80.0035,6.6965]]]}},{"type":"Feature","properties":{"fid":633,"osm_id":"1065914603","code":8103,"fclass":"canal","width":8,"name":null},"geometry":{"type":"MultiLineString","coordinates":[[[80.0073,6.7042],[80.0064,6.7033]]]}},{"type":"Feature","properties":{"fid":634,"osm_id":"1065914604","code":8103,"fclass":"canal","width":6,"name":null},"geometry":{"type":"MultiLineString","coordinates":[[[80.0043,6.7105],[80.0048,6.7099],[80.0054,6.7086],[80.0058,6.7068],[80.0078,6.7032],[80.0085,6.7022],[80.0066,6.7004],[80.0061,6.699],[80.0057,6.6988],[80.0051,6.6987]]]}},{"type":"Feature","properties":{"fid":635,"osm_id":"1065914605","code":8103,"fclass":"canal","width":2,"name":null},"geometry":{"type":"MultiLineString","coordinates":[[[80.001,6.7124],[80.0017,6.711],[80.0026,6.7115],[80.0041,6.7108],[80.0043,6.7105]]]}},{"type":"Feature","properties":{"fid":636,"osm_id":"1065914612","code":8103,"fclass":"canal","width":0,"name":null},"geometry":{"type":"MultiLineString","coordinates":[[[80.0065,6.6963],[80.0071,6.695],[80.0082,6.6942],[80.0081,6.693],[80.0082,6.6927],[80.0091,6.6924],[80.0104,6.6926],[80.0116,6.6931]]]}},{"type":"Feature","properties":{"fid":637,"osm_id":"1074894176","code":8103,"fclass":"canal","width":0,"name":null},"geometry":{"type":"MultiLineString","coordinates":[[[79.8893,6.8641],[79.8886,6.8639],[79.8884,6.864]]]}},{"type":"Feature","properties":{"fid":638,"osm_id":"1074894177","code":8103,"fclass":"canal","width":0,"name":null},"geometry":{"type":"MultiLineString","coordinates":[[[79.8897,6.8634],[79.8894,6.8641]]]}},{"type":"Feature","properties":{"fid":639,"osm_id":"1093095100","code":8103,"fclass":"canal","width":0,"name":null},"geometry":{"type":"MultiLineString","coordinates":[[[79.9476,6.8893],[79.9477,6.8894],[79.9477,6.8899],[79.9472,6.8914]]]}},{"type":"Feature","properties":{"fid":640,"osm_id":"1093095286","code":8103,"fclass":"canal","width":0,"name":null},"geometry":{"type":"MultiLineString","coordinates":[[[79.9472,6.8914],[79.9471,6.8915],[79.9472,6.8917],[79.9468,6.8918],[79.946,6.8927],[79.9459,6.893]]]}},{"type":"Feature","properties":{"fid":641,"osm_id":"1093095442","code":8103,"fclass":"canal","width":0,"name":null},"geometry":{"type":"MultiLineString","coordinates":[[[79.949,6.8912],[79.9483,6.8919],[79.9481,6.8923]]]}},{"type":"Feature","properties":{"fid":642,"osm_id":"1093095566","code":8103,"fclass":"canal","width":0,"name":null},"geometry":{"type":"MultiLineString","coordinates":[[[79.9481,6.8923],[79.9475,6.8921],[79.9472,6.8922],[79.9469,6.8925],[79.9468,6.893]]]}},{"type":"Feature","properties":{"fid":643,"osm_id":"1101663650","code":8103,"fclass":"canal","width":0,"name":null},"geometry":{"type":"MultiLineString","coordinates":[[[79.9074,6.846],[79.9072,6.846]]]}},{"type":"Feature","properties":{"fid":644,"osm_id":"1101663651","code":8103,"fclass":"canal","width":0,"name":null},"geometry":{"type":"MultiLineString","coordinates":[[[79.9094,6.8465],[79.9074,6.846]]]}},{"type":"Feature","properties":{"fid":645,"osm_id":"1107981330","code":8103,"fclass":"canal","width":0,"name":null},"geometry":{"type":"MultiLineString","coordinates":[[[79.853,6.9192],[79.8529,6.9193]]]}},{"type":"Feature","properties":{"fid":646,"osm_id":"1107981331","code":8103,"fclass":"canal","width":0,"name":null},"geometry":{"type":"MultiLineString","coordinates":[[[79.8514,6.9184],[79.8514,6.9185]]]}},{"type":"Feature","properties":{"fid":647,"osm_id":"1107981335","code":8103,"fclass":"canal","width":0,"name":null},"geometry":{"type":"MultiLineString","coordinates":[[[79.8531,6.9191],[79.853,6.9192]]]}},{"type":"Feature","properties":{"fid":648,"osm_id":"1107981345","code":8103,"fclass":"canal","width":0,"name":null},"geometry":{"type":"MultiLineString","coordinates":[[[79.8514,6.9185],[79.8514,6.9185]]]}},{"type":"Feature","properties":{"fid":649,"osm_id":"1139123679","code":8103,"fclass":"canal","width":0,"name":null},"geometry":{"type":"MultiLineString","coordinates":[[[79.8943,6.9724],[79.894,6.9724]]]}},{"type":"Feature","properties":{"fid":650,"osm_id":"1139123680","code":8103,"fclass":"canal","width":0,"name":null},"geometry":{"type":"MultiLineString","coordinates":[[[79.8945,6.9724],[79.8943,6.9724]]]}},{"type":"Feature","properties":{"fid":651,"osm_id":"1148121744","code":8103,"fclass":"canal","width":0,"name":null},"geometry":{"type":"MultiLineString","coordinates":[[[80.0841,6.4311],[80.0837,6.4305],[80.083,6.4273]]]}},{"type":"Feature","properties":{"fid":652,"osm_id":"1148121745","code":8103,"fclass":"canal","width":0,"name":null},"geometry":{"type":"MultiLineString","coordinates":[[[80.0869,6.4333],[80.086,6.4323],[80.0848,6.4318],[80.0842,6.4311]]]}},{"type":"Feature","properties":{"fid":653,"osm_id":"1148121746","code":8103,"fclass":"canal","width":0,"name":null},"geometry":{"type":"MultiLineString","coordinates":[[[80.0842,6.4311],[80.0841,6.4311]]]}},{"type":"Feature","properties":{"fid":654,"osm_id":"1148360271","code":8103,"fclass":"canal","width":0,"name":null},"geometry":{"type":"MultiLineString","coordinates":[[[80.0855,6.4346],[80.0846,6.4355],[80.0839,6.4366],[80.0824,6.4375]]]}},{"type":"Feature","properties":{"fid":655,"osm_id":"1148360272","code":8103,"fclass":"canal","width":0,"name":null},"geometry":{"type":"MultiLineString","coordinates":[[[80.0824,6.4349],[80.0818,6.4345],[80.0819,6.4339],[80.0815,6.4333],[80.0817,6.4328]]]}},{"type":"Feature","properties":{"fid":656,"osm_id":"1148360273","code":8103,"fclass":"canal","width":0,"name":null},"geometry":{"type":"MultiLineString","coordinates":[[[80.0817,6.4328],[80.0815,6.4328],[80.0807,6.4332]]]}},{"type":"Feature","properties":{"fid":657,"osm_id":"1148361953","code":8103,"fclass":"canal","width":0,"name":null},"geometry":{"type":"MultiLineString","coordinates":[[[80.0859,6.4387],[80.0867,6.439],[80.087,6.4395]]]}},{"type":"Feature","properties":{"fid":658,"osm_id":"1148361954","code":8103,"fclass":"canal","width":0,"name":null},"geometry":{"type":"MultiLineString","coordinates":[[[80.0843,6.4392],[80.0847,6.4392],[80.0859,6.4387]]]}},{"type":"Feature","properties":{"fid":659,"osm_id":"1148361955","code":8103,"fclass":"canal","width":0,"name":null},"geometry":{"type":"MultiLineString","coordinates":[[[80.0835,6.4385],[80.0843,6.4392]]]}},{"type":"Feature","properties":{"fid":660,"osm_id":"1148361956","code":8103,"fclass":"canal","width":0,"name":null},"geometry":{"type":"MultiLineString","coordinates":[[[80.0824,6.4375],[80.0835,6.4385]]]}},{"type":"Feature","properties":{"fid":661,"osm_id":"1148361957","code":8103,"fclass":"canal","width":0,"name":null},"geometry":{"type":"MultiLineString","coordinates":[[[80.082,6.4368],[80.0822,6.4373]]]}},{"type":"Feature","properties":{"fid":662,"osm_id":"1148361958","code":8103,"fclass":"canal","width":0,"name":null},"geometry":{"type":"MultiLineString","coordinates":[[[80.0822,6.4373],[80.0824,6.4375]]]}},{"type":"Feature","properties":{"fid":663,"osm_id":"1148362947","code":8103,"fclass":"canal","width":0,"name":null},"geometry":{"type":"MultiLineString","coordinates":[[[80.0818,6.4365],[80.082,6.4368]]]}},{"type":"Feature","properties":{"fid":664,"osm_id":"1148362948","code":8103,"fclass":"canal","width":0,"name":null},"geometry":{"type":"MultiLineString","coordinates":[[[80.0815,6.4358],[80.0818,6.4365]]]}},{"type":"Feature","properties":{"fid":665,"osm_id":"1148362949","code":8103,"fclass":"canal","width":0,"name":null},"geometry":{"type":"MultiLineString","coordinates":[[[80.0813,6.4352],[80.0815,6.4358]]]}},{"type":"Feature","properties":{"fid":666,"osm_id":"1148362950","code":8103,"fclass":"canal","width":0,"name":null},"geometry":{"type":"MultiLineString","coordinates":[[[80.081,6.4347],[80.0813,6.4352]]]}},{"type":"Feature","properties":{"fid":667,"osm_id":"1148362951","code":8103,"fclass":"canal","width":0,"name":null},"geometry":{"type":"MultiLineString","coordinates":[[[80.0808,6.434],[80.081,6.4347]]]}},{"type":"Feature","properties":{"fid":668,"osm_id":"1148362952","code":8103,"fclass":"canal","width":0,"name":null},"geometry":{"type":"MultiLineString","coordinates":[[[80.0807,6.4332],[80.0808,6.434]]]}},{"type":"Feature","properties":{"fid":669,"osm_id":"1148362953","code":8103,"fclass":"canal","width":0,"name":null},"geometry":{"type":"MultiLineString","coordinates":[[[80.0807,6.4332],[80.0805,6.4326]]]}},{"type":"Feature","properties":{"fid":670,"osm_id":"1148362954","code":8103,"fclass":"canal","width":0,"name":null},"geometry":{"type":"MultiLineString","coordinates":[[[80.0805,6.4326],[80.0803,6.4318]]]}},{"type":"Feature","properties":{"fid":671,"osm_id":"1148362955","code":8103,"fclass":"canal","width":0,"name":null},"geometry":{"type":"MultiLineString","coordinates":[[[80.0803,6.4318],[80.0801,6.4312]]]}},{"type":"Feature","properties":{"fid":672,"osm_id":"1148362956","code":8103,"fclass":"canal","width":0,"name":null},"geometry":{"type":"MultiLineString","coordinates":[[[80.0801,6.4312],[80.0796,6.4305]]]}},{"type":"Feature","properties":{"fid":673,"osm_id":"1148362957","code":8103,"fclass":"canal","width":0,"name":null},"geometry":{"type":"MultiLineString","coordinates":[[[80.0796,6.4305],[80.0792,6.4299]]]}},{"type":"Feature","properties":{"fid":674,"osm_id":"1148362958","code":8103,"fclass":"canal","width":0,"name":null},"geometry":{"type":"MultiLineString","coordinates":[[[80.0792,6.4299],[80.0789,6.4292]]]}},{"type":"Feature","properties":{"fid":675,"osm_id":"1148362959","code":8103,"fclass":"canal","width":0,"name":null},"geometry":{"type":"MultiLineString","coordinates":[[[80.0789,6.4292],[80.0788,6.4289]]]}},{"type":"Feature","properties":{"fid":676,"osm_id":"1148362960","code":8103,"fclass":"canal","width":0,"name":null},"geometry":{"type":"MultiLineString","coordinates":[[[80.0788,6.429],[80.0784,6.4291]]]}},{"type":"Feature","properties":{"fid":677,"osm_id":"1148386879","code":8103,"fclass":"canal","width":0,"name":null},"geometry":{"type":"MultiLineString","coordinates":[[[80.0746,6.4094],[80.073,6.4071],[80.0728,6.4065],[80.0719,6.4059],[80.0702,6.4039],[80.072,6.4026]]]}},{"type":"Feature","properties":{"fid":678,"osm_id":"1148386880","code":8103,"fclass":"canal","width":0,"name":null},"geometry":{"type":"MultiLineString","coordinates":[[[80.0765,6.4075],[80.0745,6.4067],[80.0742,6.4065],[80.0742,6.4063],[80.0735,6.4061],[80.0728,6.4065]]]}},{"type":"Feature","properties":{"fid":679,"osm_id":"1148386881","code":8103,"fclass":"canal","width":0,"name":null},"geometry":{"type":"MultiLineString","coordinates":[[[80.0742,6.4063],[80.075,6.4059],[80.0756,6.4049]]]}},{"type":"Feature","properties":{"fid":680,"osm_id":"1148386882","code":8103,"fclass":"canal","width":0,"name":null},"geometry":{"type":"MultiLineString","coordinates":[[[80.0756,6.4049],[80.076,6.404],[80.0759,6.4034],[80.0764,6.4027]]]}},{"type":"Feature","properties":{"fid":681,"osm_id":"1148386883","code":8103,"fclass":"canal","width":0,"name":null},"geometry":{"type":"MultiLineString","coordinates":[[[80.0764,6.4027],[80.0773,6.4025],[80.0777,6.404]]]}},{"type":"Feature","properties":{"fid":682,"osm_id":"1148386884","code":8103,"fclass":"canal","width":0,"name":null},"geometry":{"type":"MultiLineString","coordinates":[[[80.0794,6.4049],[80.0795,6.4046],[80.0792,6.4041],[80.0778,6.403],[80.0778,6.4025],[80.0776,6.4024],[80.0777,6.4022]]]}},{"type":"Feature","properties":{"fid":683,"osm_id":"1148386885","code":8103,"fclass":"canal","width":0,"name":null},"geometry":{"type":"MultiLineString","coordinates":[[[80.0776,6.4024],[80.0779,6.4017],[80.0778,6.4014],[80.0784,6.4007]]]}},{"type":"Feature","properties":{"fid":684,"osm_id":"1148386886","code":8103,"fclass":"canal","width":0,"name":null},"geometry":{"type":"MultiLineString","coordinates":[[[80.0773,6.4025],[80.0776,6.4024]]]}},{"type":"Feature","properties":{"fid":685,"osm_id":"1158315475","code":8103,"fclass":"canal","width":0,"name":null},"geometry":{"type":"MultiLineString","coordinates":[[[79.9921,6.4786],[79.9921,6.48],[79.9918,6.4804],[79.9889,6.4818],[79.9873,6.4824],[79.9864,6.4831],[79.9863,6.4843],[79.9866,6.485],[79.987,6.4869]]]}},{"type":"Feature","properties":{"fid":686,"osm_id":"1173699892","code":8103,"fclass":"canal","width":0,"name":null},"geometry":{"type":"MultiLineString","coordinates":[[[80.0985,6.8234],[80.0984,6.8238],[80.0981,6.8243],[80.0983,6.8249],[80.0983,6.8259],[80.0974,6.8269],[80.0973,6.8285],[80.0969,6.8295],[80.0964,6.8299],[80.0965,6.8302],[80.0965,6.831],[80.0962,6.8314],[80.0959,6.8314],[80.0956,6.8315],[80.0955,6.8317],[80.0953,6.8317],[80.0944,6.8321],[80.0937,6.833],[80.0937,6.8335],[80.0936,6.8339],[80.092,6.8338],[80.0903,6.8342],[80.0894,6.8348],[80.0882,6.8349],[80.0875,6.8347],[80.0866,6.8355],[80.086,6.8357],[80.0852,6.8364],[80.0843,6.8375],[80.0841,6.8373]]]}},{"type":"Feature","properties":{"fid":687,"osm_id":"1182286526","code":8103,"fclass":"canal","width":0,"name":null},"geometry":{"type":"MultiLineString","coordinates":[[[80.1507,6.5896],[80.1506,6.5896]]]}},{"type":"Feature","properties":{"fid":688,"osm_id":"1183330644","code":8103,"fclass":"canal","width":0,"name":null},"geometry":{"type":"MultiLineString","coordinates":[[[80.0753,6.4016],[80.075,6.4017],[80.0743,6.4013],[80.0727,6.4014],[80.0729,6.4018],[80.0721,6.4025]]]}},{"type":"Feature","properties":{"fid":689,"osm_id":"1183330646","code":8103,"fclass":"canal","width":0,"name":null},"geometry":{"type":"MultiLineString","coordinates":[[[80.0721,6.4025],[80.0683,6.3987]]]}},{"type":"Feature","properties":{"fid":690,"osm_id":"1183330647","code":8103,"fclass":"canal","width":0,"name":null},"geometry":{"type":"MultiLineString","coordinates":[[[80.0665,6.4156],[80.0659,6.4142],[80.0656,6.4139],[80.0641,6.4132],[80.0617,6.4129]]]}},{"type":"Feature","properties":{"fid":691,"osm_id":"1183330648","code":8103,"fclass":"canal","width":0,"name":null},"geometry":{"type":"MultiLineString","coordinates":[[[80.0803,6.4345],[80.0797,6.4317],[80.0789,6.4306],[80.0776,6.4284],[80.0761,6.4274],[80.0735,6.4243],[80.0731,6.4236],[80.0727,6.422],[80.0718,6.4205],[80.0691,6.4189],[80.0682,6.4175],[80.0674,6.4168],[80.0668,6.4158],[80.0666,6.4157]]]}},{"type":"Feature","properties":{"fid":692,"osm_id":"1183330649","code":8103,"fclass":"canal","width":0,"name":null},"geometry":{"type":"MultiLineString","coordinates":[[[80.0666,6.4157],[80.0665,6.4156]]]}},{"type":"Feature","properties":{"fid":693,"osm_id":"1183383755","code":8103,"fclass":"canal","width":0,"name":"ela"},"geometry":{"type":"MultiLineString","coordinates":[[[80.0357,6.4267],[80.0359,6.4262],[80.0357,6.4247],[80.0354,6.4238],[80.0355,6.4233]]]}},{"type":"Feature","properties":{"fid":694,"osm_id":"1183383756","code":8103,"fclass":"canal","width":0,"name":"ela"},"geometry":{"type":"MultiLineString","coordinates":[[[80.0354,6.428],[80.0354,6.4279]]]}},{"type":"Feature","properties":{"fid":695,"osm_id":"1183383757","code":8103,"fclass":"canal","width":0,"name":"ela"},"geometry":{"type":"MultiLineString","coordinates":[[[80.0354,6.4279],[80.0354,6.4278]]]}},{"type":"Feature","properties":{"fid":696,"osm_id":"1183383758","code":8103,"fclass":"canal","width":0,"name":"ela"},"geometry":{"type":"MultiLineString","coordinates":[[[80.0355,6.4232],[80.0355,6.4223],[80.0358,6.4212]]]}},{"type":"Feature","properties":{"fid":697,"osm_id":"1183383759","code":8103,"fclass":"canal","width":0,"name":"ela"},"geometry":{"type":"MultiLineString","coordinates":[[[80.0355,6.4233],[80.0355,6.4232]]]}},{"type":"Feature","properties":{"fid":698,"osm_id":"1183383770","code":8103,"fclass":"canal","width":0,"name":"ela"},"geometry":{"type":"MultiLineString","coordinates":[[[80.0337,6.4316],[80.0369,6.4317]]]}},{"type":"Feature","properties":{"fid":699,"osm_id":"1183383771","code":8103,"fclass":"canal","width":0,"name":"ela"},"geometry":{"type":"MultiLineString","coordinates":[[[80.0369,6.4317],[80.0371,6.4317]]]}},{"type":"Feature","properties":{"fid":700,"osm_id":"1183383772","code":8103,"fclass":"canal","width":0,"name":"ela"},"geometry":{"type":"MultiLineString","coordinates":[[[80.0393,6.4322],[80.0404,6.4329]]]}},{"type":"Feature","properties":{"fid":701,"osm_id":"1183383773","code":8103,"fclass":"canal","width":0,"name":"ela"},"geometry":{"type":"MultiLineString","coordinates":[[[80.0393,6.4321],[80.0393,6.4322]]]}},{"type":"Feature","properties":{"fid":702,"osm_id":"1183383774","code":8103,"fclass":"canal","width":0,"name":"ela"},"geometry":{"type":"MultiLineString","coordinates":[[[80.0354,6.4278],[80.0356,6.4269]]]}},{"type":"Feature","properties":{"fid":703,"osm_id":"1183383775","code":8103,"fclass":"canal","width":0,"name":"ela"},"geometry":{"type":"MultiLineString","coordinates":[[[80.0356,6.4269],[80.0357,6.4267]]]}},{"type":"Feature","properties":{"fid":704,"osm_id":"1184269911","code":8103,"fclass":"canal","width":0,"name":null},"geometry":{"type":"MultiLineString","coordinates":[[[80.178,6.5118],[80.1774,6.5153],[80.1768,6.5163],[80.1764,6.5172],[80.1754,6.5186]]]}},{"type":"Feature","properties":{"fid":705,"osm_id":"1185374140","code":8103,"fclass":"canal","width":0,"name":null},"geometry":{"type":"MultiLineString","coordinates":[[[80.1066,6.3993],[80.1063,6.3987],[80.1053,6.3984],[80.105,6.3979],[80.1038,6.3973],[80.1029,6.396],[80.103,6.3954],[80.1026,6.3946],[80.1024,6.3945]]]}},{"type":"Feature","properties":{"fid":706,"osm_id":"1185374141","code":8103,"fclass":"canal","width":0,"name":null},"geometry":{"type":"MultiLineString","coordinates":[[[80.1026,6.3946],[80.1038,6.3936],[80.1041,6.3929]]]}},{"type":"Feature","properties":{"fid":707,"osm_id":"1185374144","code":8103,"fclass":"canal","width":0,"name":null},"geometry":{"type":"MultiLineString","coordinates":[[[80.0952,6.4038],[80.0953,6.4032],[80.095,6.4026],[80.0959,6.4011],[80.0968,6.4],[80.0961,6.3995],[80.0957,6.3995],[80.0954,6.3993],[80.0951,6.3993],[80.094,6.3985],[80.0932,6.3981],[80.0929,6.3978]]]}},{"type":"Feature","properties":{"fid":708,"osm_id":"1185545326","code":8103,"fclass":"canal","width":0,"name":null},"geometry":{"type":"MultiLineString","coordinates":[[[80.0781,6.4136],[80.0763,6.4137],[80.0756,6.4136],[80.0737,6.4137],[80.073,6.4138],[80.0719,6.4143],[80.0715,6.4142],[80.0707,6.4142]]]}},{"type":"Feature","properties":{"fid":709,"osm_id":"1185545327","code":8103,"fclass":"canal","width":0,"name":null},"geometry":{"type":"MultiLineString","coordinates":[[[80.0734,6.4135],[80.073,6.4138]]]}},{"type":"Feature","properties":{"fid":710,"osm_id":"1185546680","code":8103,"fclass":"canal","width":0,"name":null},"geometry":{"type":"MultiLineString","coordinates":[[[80.079,6.4087],[80.0785,6.4102],[80.0772,6.4116],[80.0763,6.4124],[80.0748,6.4122],[80.074,6.4132],[80.0734,6.4135]]]}},{"type":"Feature","properties":{"fid":711,"osm_id":"1185546681","code":8103,"fclass":"canal","width":0,"name":null},"geometry":{"type":"MultiLineString","coordinates":[[[80.079,6.4087],[80.0794,6.4049]]]}},{"type":"Feature","properties":{"fid":712,"osm_id":"1185546682","code":8103,"fclass":"canal","width":0,"name":null},"geometry":{"type":"MultiLineString","coordinates":[[[80.072,6.4026],[80.0721,6.4025]]]}},{"type":"Feature","properties":{"fid":713,"osm_id":"1185783142","code":8103,"fclass":"canal","width":0,"name":null},"geometry":{"type":"MultiLineString","coordinates":[[[80.1395,6.7846],[80.1444,6.7833],[80.1446,6.7834],[80.1451,6.783],[80.1453,6.783]]]}},{"type":"Feature","properties":{"fid":714,"osm_id":"1186087354","code":8103,"fclass":"canal","width":0,"name":null},"geometry":{"type":"MultiLineString","coordinates":[[[80.1836,6.5009],[80.1837,6.5009]]]}},{"type":"Feature","properties":{"fid":715,"osm_id":"1186087355","code":8103,"fclass":"canal","width":0,"name":null},"geometry":{"type":"MultiLineString","coordinates":[[[80.1836,6.501],[80.1836,6.5009]]]}},{"type":"Feature","properties":{"fid":716,"osm_id":"1186896758","code":8103,"fclass":"canal","width":0,"name":null},"geometry":{"type":"MultiLineString","coordinates":[[[79.9792,6.62],[79.9797,6.6205],[79.9799,6.6204],[79.9813,6.6211],[79.9822,6.6223]]]}},{"type":"Feature","properties":{"fid":717,"osm_id":"1186907906","code":8103,"fclass":"canal","width":0,"name":null},"geometry":{"type":"MultiLineString","coordinates":[[[79.9893,6.6313],[79.9888,6.631],[79.9884,6.6295],[79.9876,6.6289],[79.9875,6.6286],[79.9879,6.6231],[79.9875,6.6225],[79.9875,6.621]]]}},{"type":"Feature","properties":{"fid":718,"osm_id":"1187042473","code":8103,"fclass":"canal","width":0,"name":null},"geometry":{"type":"MultiLineString","coordinates":[[[80.0961,6.4712],[80.0948,6.4702],[80.0943,6.4693],[80.0939,6.4689],[80.0938,6.4687],[80.0928,6.468],[80.0928,6.4679],[80.0924,6.4671]]]}},{"type":"Feature","properties":{"fid":719,"osm_id":"1188236170","code":8103,"fclass":"canal","width":0,"name":null},"geometry":{"type":"MultiLineString","coordinates":[[[79.9924,6.5459],[79.991,6.5462]]]}},{"type":"Feature","properties":{"fid":720,"osm_id":"1188236171","code":8103,"fclass":"canal","width":0,"name":null},"geometry":{"type":"MultiLineString","coordinates":[[[79.9969,6.5469],[79.9955,6.5472],[79.9952,6.547],[79.9953,6.5463],[79.9951,6.546],[79.9946,6.5458],[79.994,6.5458]]]}},{"type":"Feature","properties":{"fid":721,"osm_id":"1188693326","code":8103,"fclass":"canal","width":0,"name":null},"geometry":{"type":"MultiLineString","coordinates":[[[79.9934,6.5385],[79.9905,6.5402],[79.9889,6.5434],[79.9899,6.5442],[79.9899,6.5448],[79.9896,6.5452],[79.9876,6.546],[79.9866,6.5461],[79.9852,6.5465],[79.9835,6.5465]]]}},{"type":"Feature","properties":{"fid":722,"osm_id":"1191879595","code":8103,"fclass":"canal","width":0,"name":"ela"},"geometry":{"type":"MultiLineString","coordinates":[[[80.0256,6.438],[80.0249,6.4387],[80.0232,6.4396]]]}},{"type":"Feature","properties":{"fid":723,"osm_id":"1191879596","code":8103,"fclass":"canal","width":0,"name":"ela"},"geometry":{"type":"MultiLineString","coordinates":[[[80.0257,6.438],[80.0256,6.438]]]}},{"type":"Feature","properties":{"fid":724,"osm_id":"1191879611","code":8103,"fclass":"canal","width":0,"name":"ela"},"geometry":{"type":"MultiLineString","coordinates":[[[80.0323,6.4385],[80.0323,6.4386]]]}},{"type":"Feature","properties":{"fid":725,"osm_id":"1193995309","code":8103,"fclass":"canal","width":0,"name":null},"geometry":{"type":"MultiLineString","coordinates":[[[80.0199,6.4907],[80.0191,6.4911],[80.0189,6.4909],[80.0174,6.4913],[80.0171,6.4911],[80.0167,6.4912],[80.0142,6.4913]]]}},{"type":"Feature","properties":{"fid":726,"osm_id":"1198903859","code":8103,"fclass":"canal","width":0,"name":null},"geometry":{"type":"MultiLineString","coordinates":[[[79.9969,6.5469],[79.9984,6.5468],[79.9989,6.547],[80.0029,6.5479],[80.0038,6.5485]]]}},{"type":"Feature","properties":{"fid":727,"osm_id":"1203772073","code":8103,"fclass":"canal","width":0,"name":null},"geometry":{"type":"MultiLineString","coordinates":[[[80.1025,6.6793],[80.1014,6.679],[80.1012,6.6792]]]}},{"type":"Feature","properties":{"fid":728,"osm_id":"1204194334","code":8103,"fclass":"canal","width":0,"name":null},"geometry":{"type":"MultiLineString","coordinates":[[[79.9851,6.4498],[79.9845,6.4484],[79.9837,6.4475],[79.9833,6.4474]]]}},{"type":"Feature","properties":{"fid":729,"osm_id":"1209038693","code":8103,"fclass":"canal","width":0,"name":null},"geometry":{"type":"MultiLineString","coordinates":[[[79.9717,6.5413],[79.9716,6.5411]]]}},{"type":"Feature","properties":{"fid":730,"osm_id":"1209038694","code":8103,"fclass":"canal","width":0,"name":null},"geometry":{"type":"MultiLineString","coordinates":[[[79.9755,6.5416],[79.9717,6.5413]]]}},{"type":"Feature","properties":{"fid":731,"osm_id":"1209041536","code":8103,"fclass":"canal","width":0,"name":null},"geometry":{"type":"MultiLineString","coordinates":[[[79.9486,6.6477],[79.9504,6.6476],[79.9518,6.6471]]]}},{"type":"Feature","properties":{"fid":732,"osm_id":"1209093741","code":8103,"fclass":"canal","width":0,"name":null},"geometry":{"type":"MultiLineString","coordinates":[[[79.9518,6.6471],[79.953,6.6472]]]}},{"type":"Feature","properties":{"fid":733,"osm_id":"1209387415","code":8103,"fclass":"canal","width":0,"name":null},"geometry":{"type":"MultiLineString","coordinates":[[[79.9835,6.5465],[79.9834,6.5465]]]}},{"type":"Feature","properties":{"fid":734,"osm_id":"1209387416","code":8103,"fclass":"canal","width":0,"name":null},"geometry":{"type":"MultiLineString","coordinates":[[[79.9909,6.5462],[79.9905,6.5455],[79.9896,6.5452]]]}},{"type":"Feature","properties":{"fid":735,"osm_id":"1209387417","code":8103,"fclass":"canal","width":0,"name":null},"geometry":{"type":"MultiLineString","coordinates":[[[79.991,6.5462],[79.9909,6.5462]]]}},{"type":"Feature","properties":{"fid":736,"osm_id":"1209406321","code":8103,"fclass":"canal","width":0,"name":null},"geometry":{"type":"MultiLineString","coordinates":[[[80.0017,6.5175],[80.0008,6.5195],[80.0001,6.5219],[79.9993,6.5229],[79.9989,6.5244],[79.998,6.5254],[79.9969,6.5279],[79.9964,6.5295],[79.996,6.5319],[79.9951,6.5332],[79.9949,6.5339]]]}},{"type":"Feature","properties":{"fid":737,"osm_id":"1209406322","code":8103,"fclass":"canal","width":0,"name":null},"geometry":{"type":"MultiLineString","coordinates":[[[79.9949,6.534],[79.9945,6.5353],[79.9946,6.5365],[79.9944,6.5377],[79.9934,6.5385]]]}},{"type":"Feature","properties":{"fid":738,"osm_id":"1209406323","code":8103,"fclass":"canal","width":0,"name":null},"geometry":{"type":"MultiLineString","coordinates":[[[79.9949,6.5339],[79.9949,6.534]]]}},{"type":"Feature","properties":{"fid":739,"osm_id":"1209406324","code":8103,"fclass":"canal","width":0,"name":null},"geometry":{"type":"MultiLineString","coordinates":[[[79.9931,6.5387],[79.9958,6.5387],[79.9971,6.5384],[80.0005,6.5367]]]}},{"type":"Feature","properties":{"fid":740,"osm_id":"1209406325","code":8103,"fclass":"canal","width":0,"name":null},"geometry":{"type":"MultiLineString","coordinates":[[[80.0006,6.5366],[80.0029,6.5356]]]}},{"type":"Feature","properties":{"fid":741,"osm_id":"1209406326","code":8103,"fclass":"canal","width":0,"name":null},"geometry":{"type":"MultiLineString","coordinates":[[[80.0005,6.5367],[80.0006,6.5366]]]}},{"type":"Feature","properties":{"fid":742,"osm_id":"1213518944","code":8103,"fclass":"canal","width":0,"name":null},"geometry":{"type":"MultiLineString","coordinates":[[[79.9726,6.5551],[79.9725,6.5552]]]}},{"type":"Feature","properties":{"fid":743,"osm_id":"1216427324","code":8103,"fclass":"canal","width":0,"name":null},"geometry":{"type":"MultiLineString","coordinates":[[[79.9924,6.5459],[79.994,6.5458]]]}},{"type":"Feature","properties":{"fid":744,"osm_id":"1216769567","code":8103,"fclass":"canal","width":0,"name":null},"geometry":{"type":"MultiLineString","coordinates":[[[79.9885,6.5543],[79.9884,6.5542]]]}},{"type":"Feature","properties":{"fid":745,"osm_id":"1216769568","code":8103,"fclass":"canal","width":0,"name":null},"geometry":{"type":"MultiLineString","coordinates":[[[79.9907,6.5548],[79.9896,6.5547],[79.9885,6.5543]]]}},{"type":"Feature","properties":{"fid":746,"osm_id":"1216769569","code":8103,"fclass":"canal","width":0,"name":null},"geometry":{"type":"MultiLineString","coordinates":[[[79.9884,6.5542],[79.9869,6.5535],[79.9867,6.5531],[79.9867,6.5523],[79.9861,6.551]]]}},{"type":"Feature","properties":{"fid":747,"osm_id":"1216769573","code":8103,"fclass":"canal","width":0,"name":null},"geometry":{"type":"MultiLineString","coordinates":[[[79.9833,6.5538],[79.9835,6.5533],[79.9846,6.5529],[79.9846,6.5527],[79.9852,6.5523],[79.9859,6.5514],[79.986,6.5509]]]}},{"type":"Feature","properties":{"fid":748,"osm_id":"1216769574","code":8103,"fclass":"canal","width":0,"name":null},"geometry":{"type":"MultiLineString","coordinates":[[[79.9832,6.5538],[79.9833,6.5538]]]}},{"type":"Feature","properties":{"fid":749,"osm_id":"1216769575","code":8103,"fclass":"canal","width":0,"name":null},"geometry":{"type":"MultiLineString","coordinates":[[[79.9798,6.5585],[79.98,6.5582],[79.9805,6.5573],[79.9816,6.5555],[79.9823,6.5547],[79.9828,6.5545],[79.9832,6.5538]]]}},{"type":"Feature","properties":{"fid":750,"osm_id":"1222687959","code":8103,"fclass":"canal","width":0,"name":null},"geometry":{"type":"MultiLineString","coordinates":[[[79.878,7.1841],[79.8789,7.1844]]]}},{"type":"Feature","properties":{"fid":751,"osm_id":"1222687960","code":8103,"fclass":"canal","width":0,"name":null},"geometry":{"type":"MultiLineString","coordinates":[[[79.8777,7.184],[79.8778,7.1841]]]}},{"type":"Feature","properties":{"fid":752,"osm_id":"1222687961","code":8103,"fclass":"canal","width":0,"name":null},"geometry":{"type":"MultiLineString","coordinates":[[[79.8778,7.1841],[79.8779,7.1841]]]}},{"type":"Feature","properties":{"fid":753,"osm_id":"1222687962","code":8103,"fclass":"canal","width":0,"name":null},"geometry":{"type":"MultiLineString","coordinates":[[[79.8779,7.1841],[79.878,7.1841]]]}},{"type":"Feature","properties":{"fid":754,"osm_id":"1231052629","code":8103,"fclass":"canal","width":0,"name":"Katu Ela"},"geometry":{"type":"MultiLineString","coordinates":[[[79.9015,6.8655],[79.902,6.8642],[79.9017,6.863],[79.9013,6.8624]]]}},{"type":"Feature","properties":{"fid":755,"osm_id":"1231052630","code":8103,"fclass":"canal","width":0,"name":"Katu Ela"},"geometry":{"type":"MultiLineString","coordinates":[[[79.9013,6.8624],[79.8998,6.8604]]]}},{"type":"Feature","properties":{"fid":756,"osm_id":"1231580892","code":8103,"fclass":"canal","width":0,"name":null},"geometry":{"type":"MultiLineString","coordinates":[[[79.898,6.8581],[79.8977,6.858],[79.8973,6.8572],[79.8968,6.8568],[79.8968,6.8566]]]}},{"type":"Feature","properties":{"fid":757,"osm_id":"1231580893","code":8103,"fclass":"canal","width":0,"name":"Katu Ela"},"geometry":{"type":"MultiLineString","coordinates":[[[79.8998,6.8604],[79.8984,6.8587],[79.8979,6.857]]]}},{"type":"Feature","properties":{"fid":758,"osm_id":"1231580894","code":8103,"fclass":"canal","width":0,"name":"Katu Ela"},"geometry":{"type":"MultiLineString","coordinates":[[[79.8979,6.857],[79.8976,6.8568]]]}},{"type":"Feature","properties":{"fid":759,"osm_id":"1231580896","code":8103,"fclass":"canal","width":0,"name":null},"geometry":{"type":"MultiLineString","coordinates":[[[79.8895,6.8641],[79.8893,6.8641]]]}},{"type":"Feature","properties":{"fid":760,"osm_id":"1232415603","code":8103,"fclass":"canal","width":0,"name":null},"geometry":{"type":"MultiLineString","coordinates":[[[79.8894,6.8642],[79.8894,6.8643]]]}},{"type":"Feature","properties":{"fid":761,"osm_id":"1232415604","code":8103,"fclass":"canal","width":0,"name":null},"geometry":{"type":"MultiLineString","coordinates":[[[79.8894,6.8641],[79.8894,6.8642]]]}},{"type":"Feature","properties":{"fid":762,"osm_id":"1232415619","code":8103,"fclass":"canal","width":0,"name":null},"geometry":{"type":"MultiLineString","coordinates":[[[79.8983,6.8581],[79.898,6.8581]]]}},{"type":"Feature","properties":{"fid":763,"osm_id":"1239334529","code":8103,"fclass":"canal","width":0,"name":null},"geometry":{"type":"MultiLineString","coordinates":[[[79.8986,6.8183],[79.8987,6.8178],[79.8989,6.8174]]]}},{"type":"Feature","properties":{"fid":764,"osm_id":"1242759083","code":8103,"fclass":"canal","width":0,"name":null},"geometry":{"type":"MultiLineString","coordinates":[[[79.8913,6.8613],[79.8906,6.8619],[79.8897,6.8634]]]}},{"type":"Feature","properties":{"fid":765,"osm_id":"1242774261","code":8103,"fclass":"canal","width":0,"name":null},"geometry":{"type":"MultiLineString","coordinates":[[[79.8627,6.8456],[79.8623,6.8455]]]}},{"type":"Feature","properties":{"fid":766,"osm_id":"1276708877","code":8103,"fclass":"canal","width":0,"name":null},"geometry":{"type":"MultiLineString","coordinates":[[[79.8889,7.0235],[79.8891,7.023],[79.889,7.0219],[79.89,7.018],[79.8905,7.0142],[79.8909,7.0133],[79.891,7.0121],[79.8913,7.0107],[79.8919,7.0095],[79.893,7.0078],[79.8946,7.0035],[79.8946,7.0023],[79.8945,7.0014]]]}},{"type":"Feature","properties":{"fid":767,"osm_id":"1283554323","code":8103,"fclass":"canal","width":0,"name":null},"geometry":{"type":"MultiLineString","coordinates":[[[79.8731,7.1646],[79.87,7.1607]]]}},{"type":"Feature","properties":{"fid":768,"osm_id":"1283554324","code":8103,"fclass":"canal","width":0,"name":null},"geometry":{"type":"MultiLineString","coordinates":[[[79.8698,7.1607],[79.8689,7.16],[79.8679,7.1598]]]}},{"type":"Feature","properties":{"fid":769,"osm_id":"1283554325","code":8103,"fclass":"canal","width":0,"name":null},"geometry":{"type":"MultiLineString","coordinates":[[[79.8698,7.1607],[79.8698,7.1607]]]}},{"type":"Feature","properties":{"fid":770,"osm_id":"1283554326","code":8103,"fclass":"canal","width":0,"name":null},"geometry":{"type":"MultiLineString","coordinates":[[[79.8732,7.1658],[79.8732,7.1649]]]}},{"type":"Feature","properties":{"fid":771,"osm_id":"1283554327","code":8103,"fclass":"canal","width":0,"name":null},"geometry":{"type":"MultiLineString","coordinates":[[[79.8732,7.1646],[79.8731,7.1646]]]}},{"type":"Feature","properties":{"fid":772,"osm_id":"1283554328","code":8103,"fclass":"canal","width":0,"name":null},"geometry":{"type":"MultiLineString","coordinates":[[[79.8732,7.1648],[79.8732,7.1646]]]}},{"type":"Feature","properties":{"fid":773,"osm_id":"1283554329","code":8103,"fclass":"canal","width":0,"name":null},"geometry":{"type":"MultiLineString","coordinates":[[[79.8732,7.1649],[79.8732,7.1648]]]}},{"type":"Feature","properties":{"fid":774,"osm_id":"1283554330","code":8103,"fclass":"canal","width":0,"name":null},"geometry":{"type":"MultiLineString","coordinates":[[[79.87,7.1607],[79.8698,7.1607]]]}},{"type":"Feature","properties":{"fid":775,"osm_id":"1305325617","code":8103,"fclass":"canal","width":0,"name":null},"geometry":{"type":"MultiLineString","coordinates":[[[79.8493,7.1094],[79.8494,7.1203],[79.8471,7.1232],[79.8352,7.1889],[79.835,7.1954],[79.8357,7.1987],[79.8353,7.2005],[79.8365,7.2074],[79.8371,7.2076],[79.8371,7.2079]]]}}]}