{"type":"FeatureCollection","name":"farm_land","crs":{"type":"name","properties":{"name":"urn:ogc:def:crs:OGC:1.3:CRS84"}},"features":[{"type":"Feature","properties":{"osm_id":"48798798","code":7229,"fclass":"farmland","name":null},"geometry":{"type":"MultiPolygon","coordinates":[[[[79.9457,6.8756],[79.9471,6.8797],[79.9481,6.8798],[79.95,6.8783],[79.9498,6.8779],[79.948,6.8787],[79.9465,6.8746],[79.9487,6.8731],[79.9537,6.8734],[79.9537,6.8718],[79.9492,6.872],[79.9495,6.87],[79.9485,6.8724],[79.946,6.8742],[79.9457,6.8756]]]]}},{"type":"Feature","properties":{"osm_id":"50177858","code":7229,"fclass":"farmland","name":null},"geometry":{"type":"MultiPolygon","coordinates":[[[[79.9541,6.9804],[79.9564,6.9796],[79.9541,6.9804]]]]}},{"type":"Feature","properties":{"osm_id":"50287483","code":7229,"fclass":"farmland","name":null},"geometry":{"type":"MultiPolygon","coordinates":[[[[80.096,7.1363],[80.0962,7.1369],[80.097,7.1369],[80.0964,7.1352],[80.096,7.1363]]]]}},{"type":"Feature","properties":{"osm_id":"50287730","code":7229,"fclass":"farmland","name":null},"geometry":{"type":"MultiPolygon","coordinates":[[[[80.0968,7.1357],[80.0978,7.136],[80.0968,7.1357]]]]}},{"type":"Feature","properties":{"osm_id":"50287743","code":7229,"fclass":"farmland","name":null},"geometry":{"type":"MultiPolygon","coordinates":[[[[80.0977,7.1356],[80.0985,7.1384],[80.1017,7.1385],[80.1017,7.1376],[80.1,7.1374],[80.0986,7.1348],[80.0977,7.1356]]]]}},{"type":"Feature","properties":{"osm_id":"50287744","code":7229,"fclass":"farmland","name":null},"geometry":{"type":"MultiPolygon","coordinates":[[[[80.0981,7.1311],[80.0982,7.1338],[80.0993,7.1354],[80.0998,7.1345],[80.0991,7.1312],[80.0987,7.1307],[80.0981,7.1311]]]]}},{"type":"Feature","properties":{"osm_id":"50287850","code":7229,"fclass":"farmland","name":null},"geometry":{"type":"MultiPolygon","coordinates":[[[[80.1017,7.1385],[80.1034,7.1393],[80.1051,7.1387],[80.1051,7.1378],[80.1047,7.1374],[80.1029,7.1383],[80.1018,7.138],[80.1017,7.1385]]]]}},{"type":"Feature","properties":{"osm_id":"50287921","code":7229,"fclass":"farmland","name":null},"geometry":{"type":"MultiPolygon","coordinates":[[[[80.0967,7.1275],[80.0968,7.1284],[80.0983,7.1299],[80.0973,7.1274],[80.0967,7.1275]]]]}},{"type":"Feature","properties":{"osm_id":"50287934","code":7229,"fclass":"farmland","name":null},"geometry":{"type":"MultiPolygon","coordinates":[[[[80.1,7.1314],[80.102,7.1321],[80.1038,7.1317],[80.1,7.1314]]]]}},{"type":"Feature","properties":{"osm_id":"50287987","code":7229,"fclass":"farmland","name":null},"geometry":{"type":"MultiPolygon","coordinates":[[[[80.1078,7.1293],[80.1099,7.1304],[80.11,7.1311],[80.1105,7.1306],[80.1117,7.1312],[80.1098,7.129],[80.1084,7.1285],[80.1078,7.1293]]]]}},{"type":"Feature","properties":{"osm_id":"50287988","code":7229,"fclass":"farmland","name":null},"geometry":{"type":"MultiPolygon","coordinates":[[[[80.109,7.1289],[80.11,7.1292],[80.1102,7.1286],[80.109,7.1283],[80.109,7.1289]]]]}},{"type":"Feature","properties":{"osm_id":"50288389","code":7229,"fclass":"farmland","name":null},"geometry":{"type":"MultiPolygon","coordinates":[[[[80.1051,7.1378],[80.1051,7.1387],[80.1059,7.1386],[80.1071,7.1377],[80.1051,7.1378]]]]}},{"type":"Feature","properties":{"osm_id":"50288390","code":7229,"fclass":"farmland","name":null},"geometry":{"type":"MultiPolygon","coordinates":[[[[80.1063,7.1389],[80.1072,7.1399],[80.1121,7.1414],[80.1122,7.1409],[80.1076,7.1395],[80.1066,7.1384],[80.1063,7.1389]]]]}},{"type":"Feature","properties":{"osm_id":"83476900","code":7229,"fclass":"farmland","name":null},"geometry":{"type":"MultiPolygon","coordinates":[[[[79.951,6.9209],[79.9529,6.9217],[79.9529,6.9229],[79.9539,6.9243],[79.9552,6.9216],[79.9573,6.9204],[79.9588,6.917],[79.9535,6.9149],[79.9555,6.9168],[79.9572,6.9172],[79.9579,6.9188],[79.9569,6.9206],[79.9551,6.9215],[79.9536,6.92],[79.9529,6.9178],[79.953,6.9209],[79.951,6.9209]]]]}},{"type":"Feature","properties":{"osm_id":"83521183","code":7229,"fclass":"farmland","name":null},"geometry":{"type":"MultiPolygon","coordinates":[[[[79.9636,6.9056],[79.9644,6.906],[79.9657,6.9044],[79.9692,6.9055],[79.97,6.9068],[79.9717,6.9062],[79.9661,6.9039],[79.9659,6.903],[79.9667,6.9012],[79.9678,6.9006],[79.9715,6.9011],[79.9716,6.9007],[79.9674,6.8999],[79.9674,6.8985],[79.9668,6.8983],[79.9636,6.9056]]]]}},{"type":"Feature","properties":{"osm_id":"83521960","code":7229,"fclass":"farmland","name":null},"geometry":{"type":"MultiPolygon","coordinates":[[[[79.9596,6.9149],[79.9616,6.9141],[79.9675,6.915],[79.9677,6.9142],[79.9694,6.9137],[79.9708,6.9105],[79.969,6.913],[79.9666,6.9143],[79.9644,6.9139],[79.9638,6.9129],[79.9607,6.9131],[79.9609,6.9112],[79.9625,6.9087],[79.9652,6.9092],[79.9634,6.906],[79.9598,6.9125],[79.9596,6.9149]]]]}},{"type":"Feature","properties":{"osm_id":"95068948","code":7229,"fclass":"farmland","name":null},"geometry":{"type":"MultiPolygon","coordinates":[[[[79.9197,6.8314],[79.9209,6.8309],[79.9219,6.8283],[79.9225,6.8282],[79.925,6.8294],[79.9271,6.8316],[79.9276,6.8338],[79.9238,6.8356],[79.9234,6.8377],[79.921,6.8361],[79.9233,6.8377],[79.9249,6.8409],[79.924,6.8374],[79.9299,6.8337],[79.9305,6.8349],[79.9322,6.8343],[79.9337,6.8359],[79.9338,6.8386],[79.9318,6.8395],[79.932,6.8401],[79.9361,6.8397],[79.9405,6.843],[79.9424,6.8425],[79.9433,6.8415],[79.9444,6.8414],[79.9459,6.8423],[79.945,6.8415],[79.946,6.8412],[79.9427,6.8401],[79.9434,6.8396],[79.943,6.8391],[79.9414,6.8403],[79.9399,6.8405],[79.9358,6.8382],[79.9336,6.8349],[79.9341,6.8345],[79.9355,6.8353],[79.9382,6.8347],[79.9391,6.8338],[79.9412,6.8339],[79.943,6.8343],[79.9434,6.8363],[79.9446,6.8355],[79.9447,6.8364],[79.9478,6.8381],[79.9461,6.8363],[79.9463,6.8324],[79.944,6.8319],[79.944,6.8314],[79.9464,6.828],[79.9474,6.8274],[79.9476,6.8265],[79.9524,6.8279],[79.9494,6.8269],[79.9481,6.825],[79.9479,6.826],[79.9461,6.8267],[79.9451,6.8254],[79.9461,6.8236],[79.9454,6.8234],[79.9447,6.8238],[79.9436,6.8274],[79.9422,6.8272],[79.94,6.8246],[79.9395,6.8263],[79.9365,6.8267],[79.9404,6.8268],[79.941,6.8273],[79.9407,6.8284],[79.9419,6.8282],[79.9422,6.8309],[79.9411,6.8315],[79.9392,6.8312],[79.9377,6.8333],[79.9343,6.8338],[79.9338,6.8333],[79.9342,6.8323],[79.9326,6.8319],[79.9316,6.8304],[79.9301,6.8299],[79.9299,6.8289],[79.9259,6.8268],[79.9252,6.8252],[79.9236,6.8242],[79.9248,6.823],[79.9236,6.8231],[79.9238,6.8221],[79.9226,6.8244],[79.9202,6.8257],[79.921,6.8267],[79.9201,6.8271],[79.9207,6.8281],[79.9214,6.8281],[79.9197,6.8314]]]]}},{"type":"Feature","properties":{"osm_id":"97913245","code":7229,"fclass":"farmland","name":null},"geometry":{"type":"MultiPolygon","coordinates":[[[[79.9186,7.036],[79.9202,7.0393],[79.9214,7.037],[79.9201,7.0363],[79.9207,7.0324],[79.9188,7.0329],[79.9186,7.036]]]]}},{"type":"Feature","properties":{"osm_id":"131520386","code":7229,"fclass":"farmland","name":null},"geometry":{"type":"MultiPolygon","coordinates":[[[[79.9656,6.8953],[79.9667,6.8963],[79.9668,6.8982],[79.9674,6.8984],[79.9717,6.896],[79.9703,6.8963],[79.9708,6.8947],[79.9716,6.8944],[79.9707,6.8943],[79.9693,6.8963],[79.9679,6.8968],[79.968,6.894],[79.969,6.8914],[79.9656,6.8953]]]]}},{"type":"Feature","properties":{"osm_id":"135373104","code":7229,"fclass":"farmland","name":null},"geometry":{"type":"MultiPolygon","coordinates":[[[[80.0693,6.7257],[80.0712,6.723],[80.0721,6.7233],[80.0722,6.7242],[80.0739,6.7238],[80.075,6.7252],[80.0751,6.7235],[80.0741,6.7235],[80.0737,6.7226],[80.0744,6.722],[80.0728,6.7217],[80.07,6.7195],[80.0705,6.7217],[80.0718,6.7221],[80.0703,6.723],[80.0693,6.7257]]]]}},{"type":"Feature","properties":{"osm_id":"135623038","code":7229,"fclass":"farmland","name":null},"geometry":{"type":"MultiPolygon","coordinates":[[[[80.0653,6.7122],[80.0663,6.7141],[80.0669,6.7138],[80.0655,6.711],[80.0653,6.7122]]]]}},{"type":"Feature","properties":{"osm_id":"135623040","code":7229,"fclass":"farmland","name":null},"geometry":{"type":"MultiPolygon","coordinates":[[[[80.0659,6.717],[80.0666,6.7169],[80.0662,6.716],[80.0668,6.7147],[80.0683,6.7168],[80.0674,6.7146],[80.0694,6.714],[80.0697,6.7129],[80.0661,6.7146],[80.0659,6.717]]]]}},{"type":"Feature","properties":{"osm_id":"139639899","code":7229,"fclass":"farmland","name":null},"geometry":{"type":"MultiPolygon","coordinates":[[[[79.9328,6.8609],[79.9346,6.861],[79.9355,6.8601],[79.9365,6.8582],[79.9366,6.8577],[79.9356,6.8576],[79.9359,6.8561],[79.9363,6.8555],[79.9371,6.8559],[79.938,6.8534],[79.9392,6.8544],[79.9411,6.8545],[79.9409,6.8536],[79.9394,6.8534],[79.9388,6.8523],[79.9402,6.8513],[79.9402,6.8496],[79.9416,6.849],[79.9414,6.8473],[79.9406,6.8469],[79.9386,6.849],[79.9385,6.8505],[79.9344,6.856],[79.9337,6.8555],[79.9336,6.8567],[79.9342,6.8573],[79.9339,6.8585],[79.933,6.8588],[79.9334,6.8594],[79.9328,6.8609]]]]}},{"type":"Feature","properties":{"osm_id":"199946352","code":7229,"fclass":"farmland","name":null},"geometry":{"type":"MultiPolygon","coordinates":[[[[79.9001,6.8447],[79.9011,6.8452],[79.9009,6.8459],[79.9053,6.8472],[79.9054,6.848],[79.9049,6.8485],[79.9057,6.849],[79.9063,6.8469],[79.9073,6.8465],[79.9073,6.8456],[79.9061,6.8451],[79.9074,6.8451],[79.9076,6.8446],[79.9012,6.8427],[79.9006,6.8428],[79.9001,6.8447]]]]}},{"type":"Feature","properties":{"osm_id":"203837974","code":7229,"fclass":"farmland","name":null},"geometry":{"type":"MultiPolygon","coordinates":[[[[79.959,6.7885],[79.9601,6.7895],[79.9599,6.7877],[79.959,6.7885]]]]}},{"type":"Feature","properties":{"osm_id":"203839886","code":7229,"fclass":"farmland","name":null},"geometry":{"type":"MultiPolygon","coordinates":[[[[80.0876,6.7205],[80.0879,6.7235],[80.0891,6.7235],[80.0883,6.7184],[80.0876,6.7205]]]]}},{"type":"Feature","properties":{"osm_id":"203839887","code":7229,"fclass":"farmland","name":null},"geometry":{"type":"MultiPolygon","coordinates":[[[[80.0646,6.7102],[80.0653,6.7107],[80.0663,6.708],[80.0707,6.7039],[80.0732,6.7001],[80.0735,6.6977],[80.0744,6.6978],[80.0752,6.6956],[80.076,6.6965],[80.0786,6.6965],[80.0794,6.6978],[80.079,6.6986],[80.0759,6.6999],[80.0748,6.703],[80.0756,6.7042],[80.0749,6.706],[80.0757,6.7058],[80.0758,6.7035],[80.0752,6.7024],[80.0764,6.7011],[80.0764,6.7],[80.0787,6.6992],[80.0796,6.6995],[80.0788,6.7025],[80.0786,6.7088],[80.0773,6.7095],[80.0763,6.7079],[80.0759,6.7089],[80.0747,6.7086],[80.0739,6.7095],[80.078,6.7101],[80.0782,6.7094],[80.0791,6.7097],[80.0782,6.7104],[80.0774,6.7135],[80.0746,6.7145],[80.0718,6.7131],[80.0715,6.7138],[80.0738,6.7147],[80.0739,6.7154],[80.0779,6.7142],[80.0783,6.717],[80.0787,6.7133],[80.0794,6.7125],[80.0808,6.7127],[80.0798,6.7114],[80.0821,6.7107],[80.0805,6.7105],[80.0805,6.7095],[80.0798,6.7093],[80.08,6.7075],[80.0794,6.7057],[80.0806,6.7011],[80.0821,6.7009],[80.0823,6.7032],[80.0837,6.7051],[80.0853,6.7106],[80.0857,6.7147],[80.0893,6.7147],[80.0878,6.7147],[80.0862,6.7132],[80.0849,6.7082],[80.0854,6.707],[80.0867,6.7071],[80.0844,6.7055],[80.0838,6.7024],[80.0841,6.7011],[80.0849,6.7007],[80.0886,6.7026],[80.0881,6.7017],[80.0889,6.7007],[80.0877,6.7011],[80.085,6.7005],[80.0843,6.6987],[80.0851,6.6963],[80.0845,6.6927],[80.0849,6.6924],[80.0845,6.6923],[80.0855,6.6895],[80.0837,6.691],[80.0839,6.6927],[80.0831,6.6932],[80.084,6.6934],[80.0837,6.6956],[80.0847,6.6962],[80.0836,6.6974],[80.082,6.6979],[80.083,6.6967],[80.0817,6.695],[80.0805,6.6948],[80.0804,6.6957],[80.0797,6.6958],[80.0779,6.6955],[80.0774,6.6948],[80.0769,6.6954],[80.0762,6.6946],[80.074,6.6955],[80.0719,6.6992],[80.0701,6.6988],[80.0684,6.6994],[80.0714,6.6998],[80.0692,6.7034],[80.0683,6.7027],[80.0672,6.7029],[80.0688,6.7041],[80.0671,6.7048],[80.0648,6.7088],[80.0646,6.7102]]]]}},{"type":"Feature","properties":{"osm_id":"234069676","code":7229,"fclass":"farmland","name":null},"geometry":{"type":"MultiPolygon","coordinates":[[[[79.9298,6.8541],[79.9332,6.8561],[79.9335,6.8554],[79.9304,6.853],[79.9298,6.8541]]]]}},{"type":"Feature","properties":{"osm_id":"239406282","code":7229,"fclass":"farmland","name":"Paddy"},"geometry":{"type":"MultiPolygon","coordinates":[[[[79.9502,6.6243],[79.9523,6.6231],[79.9533,6.6242],[79.9531,6.6256],[79.9535,6.6233],[79.954,6.6233],[79.9547,6.6215],[79.9558,6.6216],[79.958,6.617],[79.9564,6.6169],[79.9564,6.6185],[79.9555,6.6195],[79.9531,6.6182],[79.9526,6.6187],[79.9533,6.62],[79.9526,6.6212],[79.9508,6.6205],[79.9502,6.6243]]]]}},{"type":"Feature","properties":{"osm_id":"239410428","code":7229,"fclass":"farmland","name":null},"geometry":{"type":"MultiPolygon","coordinates":[[[[79.9592,6.6033],[79.9599,6.6034],[79.9612,6.6013],[79.9604,6.6012],[79.9602,6.6026],[79.9592,6.6033]]]]}},{"type":"Feature","properties":{"osm_id":"239410433","code":7229,"fclass":"farmland","name":null},"geometry":{"type":"MultiPolygon","coordinates":[[[[79.962,6.6],[79.9629,6.5998],[79.9626,6.5985],[79.962,6.6]]]]}},{"type":"Feature","properties":{"osm_id":"239410436","code":7229,"fclass":"farmland","name":null},"geometry":{"type":"MultiPolygon","coordinates":[[[[79.9597,6.6001],[79.9603,6.6011],[79.9605,6.6002],[79.9597,6.6001]]]]}},{"type":"Feature","properties":{"osm_id":"239410437","code":7229,"fclass":"farmland","name":null},"geometry":{"type":"MultiPolygon","coordinates":[[[[79.964,6.602],[79.9652,6.6025],[79.9644,6.6017],[79.964,6.602]]]]}},{"type":"Feature","properties":{"osm_id":"239410441","code":7229,"fclass":"farmland","name":null},"geometry":{"type":"MultiPolygon","coordinates":[[[[79.9626,6.6014],[79.9638,6.602],[79.9641,6.6015],[79.9628,6.6003],[79.9626,6.6014]]]]}},{"type":"Feature","properties":{"osm_id":"239410444","code":7229,"fclass":"farmland","name":null},"geometry":{"type":"MultiPolygon","coordinates":[[[[79.9613,6.6012],[79.9626,6.6014],[79.9627,6.6003],[79.962,6.6],[79.9613,6.6012]]]]}},{"type":"Feature","properties":{"osm_id":"239410449","code":7229,"fclass":"farmland","name":null},"geometry":{"type":"MultiPolygon","coordinates":[[[[79.9588,6.6037],[79.9603,6.6052],[79.9601,6.6037],[79.9616,6.6014],[79.96,6.6035],[79.9588,6.6037]]]]}},{"type":"Feature","properties":{"osm_id":"244249740","code":7229,"fclass":"farmland","name":null},"geometry":{"type":"MultiPolygon","coordinates":[[[[79.9422,6.866],[79.9429,6.866],[79.9429,6.8647],[79.9455,6.8642],[79.9464,6.8623],[79.9486,6.8634],[79.9487,6.8607],[79.9452,6.862],[79.9438,6.8628],[79.9441,6.8634],[79.9425,6.8638],[79.9422,6.866]]]]}},{"type":"Feature","properties":{"osm_id":"251282419","code":7229,"fclass":"farmland","name":null},"geometry":{"type":"MultiPolygon","coordinates":[[[[79.9668,6.8391],[79.9675,6.8395],[79.9683,6.8384],[79.969,6.8382],[79.9693,6.8389],[79.9701,6.8385],[79.9695,6.837],[79.9701,6.8359],[79.9706,6.836],[79.9711,6.8381],[79.971,6.836],[79.9734,6.8355],[79.9786,6.8368],[79.978,6.8382],[79.9762,6.8395],[79.9771,6.8394],[79.9802,6.8377],[79.9806,6.8357],[79.9777,6.8345],[79.9769,6.8311],[79.9763,6.8307],[79.9759,6.8314],[79.9767,6.8324],[79.977,6.8345],[79.9761,6.8351],[79.9747,6.835],[79.9735,6.8337],[79.9718,6.8347],[79.9706,6.8344],[79.9681,6.8304],[79.9674,6.831],[79.9682,6.8317],[79.9673,6.8325],[79.9691,6.8333],[79.9696,6.8355],[79.9681,6.8368],[79.9679,6.8383],[79.9668,6.8391]]]]}},{"type":"Feature","properties":{"osm_id":"251325461","code":7229,"fclass":"farmland","name":null},"geometry":{"type":"MultiPolygon","coordinates":[[[[79.9498,6.799],[79.9523,6.7998],[79.952,6.8004],[79.9512,6.8002],[79.9518,6.803],[79.9502,6.8055],[79.9517,6.8064],[79.9513,6.8077],[79.9526,6.806],[79.9545,6.8069],[79.9554,6.8094],[79.9576,6.8099],[79.9582,6.811],[79.9576,6.8116],[79.959,6.8116],[79.9617,6.8149],[79.9631,6.8177],[79.9632,6.8192],[79.9615,6.8204],[79.9635,6.8199],[79.964,6.8232],[79.9634,6.8242],[79.9617,6.8247],[79.9613,6.8256],[79.9639,6.8245],[79.9635,6.827],[79.965,6.8266],[79.9665,6.8275],[79.9644,6.8243],[79.9648,6.8231],[79.9666,6.8227],[79.9669,6.8219],[79.9653,6.8214],[79.9649,6.8205],[79.9657,6.8194],[79.9656,6.8177],[79.9639,6.8187],[79.9629,6.8153],[79.9645,6.8136],[79.9626,6.8148],[79.9598,6.811],[79.9601,6.8103],[79.9634,6.8098],[79.9621,6.8093],[79.9596,6.8099],[79.9582,6.8085],[79.9573,6.8056],[79.954,6.8045],[79.9537,6.8036],[79.9548,6.8001],[79.9557,6.8005],[79.9557,6.8015],[79.9579,6.8021],[79.9567,6.7991],[79.9582,6.7971],[79.9599,6.7966],[79.9611,6.7947],[79.9621,6.7945],[79.9628,6.7954],[79.9619,6.7961],[79.9632,6.7967],[79.9641,6.7985],[79.9657,6.7986],[79.9655,6.7966],[79.9635,6.7937],[79.9645,6.7911],[79.9648,6.7878],[79.9641,6.7877],[79.9641,6.7888],[79.9629,6.7895],[79.9636,6.7904],[79.9628,6.7913],[79.963,6.792],[79.9624,6.792],[79.9625,6.7927],[79.962,6.7923],[79.9616,6.7933],[79.9609,6.7928],[79.9596,6.7937],[79.9558,6.7922],[79.9542,6.7928],[79.9585,6.7939],[79.9565,6.7973],[79.9525,6.7986],[79.9505,6.7977],[79.9498,6.799]]]]}},{"type":"Feature","properties":{"osm_id":"252636677","code":7229,"fclass":"farmland","name":null},"geometry":{"type":"MultiPolygon","coordinates":[[[[79.974,6.8199],[79.9749,6.8208],[79.9759,6.8184],[79.9776,6.8176],[79.9781,6.8207],[79.9765,6.8237],[79.977,6.8244],[79.9776,6.8222],[79.9786,6.8218],[79.9782,6.8215],[79.9788,6.8195],[79.9782,6.8156],[79.9803,6.8143],[79.9819,6.8158],[79.9811,6.8129],[79.9837,6.8107],[79.9852,6.8105],[79.9852,6.8071],[79.9857,6.8069],[79.986,6.8088],[79.9862,6.8068],[79.9873,6.806],[79.9861,6.8052],[79.9857,6.8005],[79.9838,6.7976],[79.9833,6.7974],[79.9821,6.7985],[79.9805,6.8034],[79.9792,6.8047],[79.9798,6.8049],[79.9825,6.801],[79.9832,6.8009],[79.9843,6.8035],[79.9837,6.8068],[79.9839,6.8083],[79.9831,6.809],[79.9815,6.8086],[79.9827,6.81],[79.9801,6.8124],[79.9789,6.8127],[79.978,6.8112],[79.9767,6.8112],[79.9785,6.8133],[79.9759,6.8177],[79.9741,6.8189],[79.974,6.8199]]]]}},{"type":"Feature","properties":{"osm_id":"252647653","code":7229,"fclass":"farmland","name":null},"geometry":{"type":"MultiPolygon","coordinates":[[[[79.9676,6.8138],[79.9697,6.8148],[79.9696,6.8132],[79.9719,6.8091],[79.9728,6.8094],[79.973,6.8129],[79.9735,6.8095],[79.9755,6.8103],[79.9732,6.8087],[79.9728,6.8075],[79.9738,6.8059],[79.9748,6.8055],[79.9771,6.8067],[79.9746,6.8048],[79.9746,6.803],[79.9757,6.8024],[79.9775,6.8035],[79.9759,6.8018],[79.9762,6.8001],[79.9774,6.7983],[79.9807,6.7967],[79.9822,6.795],[79.9834,6.795],[79.9826,6.7944],[79.9815,6.7947],[79.9818,6.7932],[79.9792,6.7957],[79.9775,6.7963],[79.976,6.795],[79.9765,6.7941],[79.9756,6.7938],[79.9749,6.7953],[79.9772,6.7972],[79.9759,6.7985],[79.9734,6.798],[79.9723,6.7953],[79.9718,6.7974],[79.9723,6.7991],[79.9748,6.7993],[79.9751,6.8006],[79.9737,6.8011],[79.974,6.8023],[79.9723,6.8046],[79.9694,6.8057],[79.9684,6.8053],[79.9689,6.8066],[79.968,6.8078],[79.9682,6.8085],[79.9699,6.8064],[79.9713,6.8056],[79.9726,6.8059],[79.9697,6.8108],[79.9697,6.8122],[79.9676,6.8138]]]]}},{"type":"Feature","properties":{"osm_id":"254006938","code":7229,"fclass":"farmland","name":null},"geometry":{"type":"MultiPolygon","coordinates":[[[[79.9698,6.8796],[79.9717,6.8823],[79.9711,6.8835],[79.9738,6.8839],[79.9735,6.8829],[79.9727,6.8829],[79.9698,6.8796]]]]}},{"type":"Feature","properties":{"osm_id":"254150741","code":7229,"fclass":"farmland","name":null},"geometry":{"type":"MultiPolygon","coordinates":[[[[79.9731,6.8879],[79.9757,6.8887],[79.9757,6.8907],[79.9762,6.8896],[79.9771,6.8897],[79.9771,6.884],[79.9754,6.8844],[79.9761,6.8848],[79.9762,6.8856],[79.9758,6.8854],[79.9759,6.8871],[79.9754,6.8878],[79.9732,6.8875],[79.9731,6.8879]]]]}},{"type":"Feature","properties":{"osm_id":"255688962","code":7229,"fclass":"farmland","name":null},"geometry":{"type":"MultiPolygon","coordinates":[[[[79.9835,6.8946],[79.9836,6.8972],[79.9846,6.8978],[79.9852,6.8977],[79.9848,6.8956],[79.9867,6.8953],[79.9866,6.8948],[79.9847,6.8951],[79.9843,6.8935],[79.9871,6.8908],[79.9872,6.8872],[79.9899,6.8844],[79.987,6.8865],[79.9857,6.8861],[79.9859,6.8846],[79.9853,6.885],[79.9852,6.886],[79.987,6.8882],[79.9868,6.89],[79.9853,6.8916],[79.9843,6.8898],[79.9847,6.8918],[79.9837,6.893],[79.9835,6.8946]]]]}},{"type":"Feature","properties":{"osm_id":"256398241","code":7229,"fclass":"farmland","name":null},"geometry":{"type":"MultiPolygon","coordinates":[[[[79.957,6.9013],[79.9579,6.9027],[79.9595,6.9031],[79.9596,6.9037],[79.9613,6.9037],[79.9585,6.9025],[79.9579,6.9007],[79.9572,6.9008],[79.9576,6.9016],[79.957,6.9013]]]]}},{"type":"Feature","properties":{"osm_id":"256428213","code":7229,"fclass":"farmland","name":null},"geometry":{"type":"MultiPolygon","coordinates":[[[[79.9613,6.8979],[79.965,6.8999],[79.9653,6.901],[79.9664,6.8992],[79.9665,6.8984],[79.9641,6.8991],[79.9613,6.8979]]]]}},{"type":"Feature","properties":{"osm_id":"261824321","code":7229,"fclass":"farmland","name":null},"geometry":{"type":"MultiPolygon","coordinates":[[[[79.9323,6.9069],[79.9368,6.9067],[79.9381,6.9049],[79.9389,6.9045],[79.9396,6.9053],[79.9409,6.9029],[79.9431,6.9018],[79.9447,6.9027],[79.9449,6.9046],[79.9462,6.9046],[79.9461,6.9026],[79.9478,6.9017],[79.9457,6.902],[79.9448,6.9008],[79.9472,6.8988],[79.9473,6.8979],[79.9455,6.8962],[79.9444,6.8984],[79.9393,6.9012],[79.9357,6.905],[79.9348,6.9049],[79.9339,6.906],[79.9329,6.9057],[79.9323,6.9069]]]]}},{"type":"Feature","properties":{"osm_id":"278483677","code":7229,"fclass":"farmland","name":"Paddy Field"},"geometry":{"type":"MultiPolygon","coordinates":[[[[80.0745,6.9181],[80.0752,6.9205],[80.0756,6.9203],[80.075,6.9168],[80.0755,6.9168],[80.0756,6.9144],[80.0749,6.9136],[80.0751,6.916],[80.0745,6.9181]]]]}},{"type":"Feature","properties":{"osm_id":"308897089","code":7229,"fclass":"farmland","name":null},"geometry":{"type":"MultiPolygon","coordinates":[[[[79.9478,6.902],[79.9485,6.9024],[79.9478,6.902]]]]}},{"type":"Feature","properties":{"osm_id":"313961610","code":7229,"fclass":"farmland","name":null},"geometry":{"type":"MultiPolygon","coordinates":[[[[79.9916,7.0275],[79.992,7.0275],[79.9916,7.0275]]]]}},{"type":"Feature","properties":{"osm_id":"313961611","code":7229,"fclass":"farmland","name":null},"geometry":{"type":"MultiPolygon","coordinates":[[[[79.9919,7.0273],[79.9919,7.0273]]]]}},{"type":"Feature","properties":{"osm_id":"313961612","code":7229,"fclass":"farmland","name":null},"geometry":{"type":"MultiPolygon","coordinates":[[[[79.9921,7.0272],[79.9921,7.0272]]]]}},{"type":"Feature","properties":{"osm_id":"313961613","code":7229,"fclass":"farmland","name":null},"geometry":{"type":"MultiPolygon","coordinates":[[[[79.9922,7.0271],[79.9926,7.027],[79.9922,7.0271]]]]}},{"type":"Feature","properties":{"osm_id":"313962319","code":7229,"fclass":"farmland","name":null},"geometry":{"type":"MultiPolygon","coordinates":[[[[79.9925,7.0269],[79.9925,7.0269]]]]}},{"type":"Feature","properties":{"osm_id":"313967134","code":7229,"fclass":"farmland","name":null},"geometry":{"type":"MultiPolygon","coordinates":[[[[80.0326,7.1158],[80.0335,7.1169],[80.0362,7.1162],[80.0365,7.117],[80.0374,7.1169],[80.0366,7.1159],[80.0368,7.1151],[80.0328,7.1148],[80.0326,7.1158]]]]}},{"type":"Feature","properties":{"osm_id":"315408255","code":7229,"fclass":"farmland","name":null},"geometry":{"type":"MultiPolygon","coordinates":[[[[80.0014,7.0167],[80.0024,7.0171],[80.0031,7.0166],[80.0041,7.0179],[80.0031,7.0193],[80.0045,7.0185],[80.0055,7.0199],[80.0055,7.0188],[80.0032,7.0159],[80.0046,7.0153],[80.0082,7.0159],[80.0109,7.017],[80.0122,7.0188],[80.0126,7.0172],[80.0046,7.0137],[80.0045,7.0148],[80.0014,7.0158],[80.0014,7.0167]]]]}},{"type":"Feature","properties":{"osm_id":"330045292","code":7229,"fclass":"farmland","name":"Paddy Field"},"geometry":{"type":"MultiPolygon","coordinates":[[[[80.1586,6.5888],[80.1597,6.5879],[80.1589,6.5879],[80.1586,6.5888]]]]}},{"type":"Feature","properties":{"osm_id":"330045314","code":7229,"fclass":"farmland","name":null},"geometry":{"type":"MultiPolygon","coordinates":[[[[80.1218,6.5123],[80.1229,6.5104],[80.1238,6.5128],[80.1234,6.5135],[80.1252,6.5143],[80.1252,6.5128],[80.1234,6.5113],[80.1229,6.5093],[80.1221,6.5094],[80.1218,6.5123]]]]}},{"type":"Feature","properties":{"osm_id":"330045316","code":7229,"fclass":"farmland","name":"Paddy Field"},"geometry":{"type":"MultiPolygon","coordinates":[[[[80.1545,6.5914],[80.156,6.5923],[80.1568,6.5902],[80.1547,6.5904],[80.1545,6.5914]]]]}},{"type":"Feature","properties":{"osm_id":"330045317","code":7229,"fclass":"farmland","name":null},"geometry":{"type":"MultiPolygon","coordinates":[[[[80.1565,6.5654],[80.1577,6.5677],[80.1584,6.5663],[80.1594,6.5671],[80.1589,6.5694],[80.1604,6.5693],[80.1601,6.5683],[80.1612,6.5674],[80.1598,6.5658],[80.1604,6.5655],[80.1603,6.5628],[80.1598,6.5645],[80.1582,6.5651],[80.1568,6.5647],[80.1565,6.5654]]]]}},{"type":"Feature","properties":{"osm_id":"330067370","code":7229,"fclass":"farmland","name":"paddy field"},"geometry":{"type":"MultiPolygon","coordinates":[[[[80.1534,6.5892],[80.1542,6.5898],[80.1558,6.5895],[80.1566,6.5883],[80.1585,6.5873],[80.1583,6.5854],[80.1573,6.5853],[80.1571,6.5871],[80.1563,6.5865],[80.1555,6.5883],[80.1534,6.5892]]]]}},{"type":"Feature","properties":{"osm_id":"330196031","code":7229,"fclass":"farmland","name":null},"geometry":{"type":"MultiPolygon","coordinates":[[[[79.9207,6.8619],[79.9219,6.8628],[79.9239,6.8628],[79.9247,6.8633],[79.925,6.8642],[79.9239,6.8648],[79.924,6.8656],[79.9262,6.8646],[79.9287,6.8659],[79.9293,6.8657],[79.9274,6.8637],[79.9274,6.8628],[79.9266,6.863],[79.9234,6.8613],[79.9207,6.8619]]]]}},{"type":"Feature","properties":{"osm_id":"330197634","code":7229,"fclass":"farmland","name":null},"geometry":{"type":"MultiPolygon","coordinates":[[[[80.1308,6.5267],[80.132,6.5267],[80.1315,6.5268],[80.1324,6.5278],[80.1323,6.5289],[80.1339,6.5298],[80.136,6.5332],[80.1348,6.5309],[80.1351,6.5289],[80.1334,6.5274],[80.1356,6.5275],[80.1357,6.5287],[80.1377,6.5277],[80.1387,6.5282],[80.1389,6.5274],[80.1368,6.5263],[80.1361,6.5271],[80.1351,6.527],[80.1353,6.5264],[80.1343,6.5258],[80.1355,6.5249],[80.1342,6.5241],[80.1335,6.5246],[80.1339,6.5252],[80.1329,6.5252],[80.1324,6.5244],[80.1333,6.5241],[80.1327,6.5237],[80.1318,6.5246],[80.1328,6.5264],[80.1317,6.5251],[80.132,6.5264],[80.1308,6.5267]]]]}},{"type":"Feature","properties":{"osm_id":"330197635","code":7229,"fclass":"farmland","name":null},"geometry":{"type":"MultiPolygon","coordinates":[[[[80.1048,6.5291],[80.1061,6.53],[80.1052,6.5311],[80.1083,6.5314],[80.1063,6.5304],[80.1077,6.5282],[80.109,6.5283],[80.1112,6.5308],[80.1091,6.528],[80.1082,6.528],[80.1087,6.5275],[80.1067,6.525],[80.1068,6.5245],[80.1106,6.5285],[80.1117,6.5269],[80.1111,6.5267],[80.111,6.5257],[80.1092,6.5255],[80.1105,6.523],[80.1087,6.5238],[80.1081,6.5234],[80.1049,6.5236],[80.107,6.5266],[80.1065,6.529],[80.106,6.5295],[80.1048,6.5291]]]]}},{"type":"Feature","properties":{"osm_id":"330677814","code":7229,"fclass":"farmland","name":"Paddy Field"},"geometry":{"type":"MultiPolygon","coordinates":[[[[79.9359,7.2433],[79.9375,7.2458],[79.9382,7.2484],[79.9406,7.2491],[79.9415,7.2504],[79.9401,7.2524],[79.9383,7.252],[79.9373,7.2531],[79.9382,7.2546],[79.9416,7.2537],[79.9422,7.2551],[79.9418,7.2586],[79.94,7.2588],[79.9387,7.2605],[79.9416,7.2592],[79.9436,7.2621],[79.9439,7.265],[79.9445,7.2652],[79.9448,7.2641],[79.9444,7.2625],[79.9468,7.2639],[79.9476,7.2631],[79.9461,7.2609],[79.9445,7.2605],[79.9441,7.2596],[79.9472,7.2573],[79.9493,7.2582],[79.95,7.2592],[79.9558,7.2615],[79.9562,7.2607],[79.9507,7.2586],[79.9508,7.2569],[79.9583,7.2554],[79.96,7.2585],[79.9603,7.2566],[79.9587,7.2545],[79.9563,7.2548],[79.9537,7.2559],[79.9502,7.2558],[79.9503,7.2539],[79.9483,7.2518],[79.9482,7.2498],[79.9505,7.2494],[79.9521,7.2499],[79.9527,7.2485],[79.9546,7.2483],[79.957,7.2509],[79.9582,7.2497],[79.9601,7.2493],[79.9622,7.2525],[79.9656,7.2555],[79.9668,7.2556],[79.9656,7.2551],[79.9613,7.249],[79.9592,7.247],[79.9549,7.2467],[79.955,7.2438],[79.9564,7.2426],[79.9543,7.2427],[79.9539,7.242],[79.9534,7.247],[79.9507,7.2476],[79.9484,7.2463],[79.948,7.2472],[79.9473,7.2471],[79.9449,7.2461],[79.9439,7.247],[79.9441,7.2492],[79.9455,7.2492],[79.9456,7.2509],[79.9473,7.2533],[79.9495,7.2542],[79.9492,7.2568],[79.9479,7.257],[79.947,7.2557],[79.9449,7.2563],[79.9436,7.2545],[79.944,7.2535],[79.9432,7.252],[79.9432,7.2502],[79.9439,7.2494],[79.9436,7.2469],[79.9412,7.2464],[79.9408,7.2472],[79.9399,7.2464],[79.94,7.245],[79.9413,7.243],[79.9421,7.2428],[79.9417,7.2415],[79.9405,7.242],[79.9393,7.2413],[79.941,7.2396],[79.9416,7.2369],[79.9404,7.2382],[79.9403,7.2396],[79.9382,7.241],[79.9383,7.2429],[79.9359,7.2433]]]]}},{"type":"Feature","properties":{"osm_id":"330681031","code":7229,"fclass":"farmland","name":null},"geometry":{"type":"MultiPolygon","coordinates":[[[[79.927,7.2446],[79.9271,7.2466],[79.9285,7.2492],[79.9279,7.2515],[79.9294,7.2518],[79.927,7.2526],[79.9271,7.2533],[79.928,7.2538],[79.9301,7.2526],[79.9307,7.2529],[79.9324,7.2538],[79.9318,7.2555],[79.9323,7.256],[79.9329,7.254],[79.9337,7.2538],[79.9348,7.2546],[79.9351,7.2533],[79.9341,7.2525],[79.9327,7.2534],[79.932,7.253],[79.9317,7.2509],[79.9294,7.2498],[79.9294,7.247],[79.9285,7.2454],[79.9289,7.2443],[79.927,7.2446]]]]}},{"type":"Feature","properties":{"osm_id":"331247373","code":7229,"fclass":"farmland","name":"paddy field"},"geometry":{"type":"MultiPolygon","coordinates":[[[[80.1469,7.1553],[80.1477,7.1572],[80.1488,7.1569],[80.1489,7.153],[80.151,7.1513],[80.1494,7.1519],[80.1493,7.151],[80.1486,7.1511],[80.1482,7.1534],[80.1469,7.1553]]]]}},{"type":"Feature","properties":{"osm_id":"331247375","code":7229,"fclass":"farmland","name":"paddy field"},"geometry":{"type":"MultiPolygon","coordinates":[[[[80.1435,7.1484],[80.1446,7.1503],[80.1445,7.1493],[80.1463,7.147],[80.1435,7.1484]]]]}},{"type":"Feature","properties":{"osm_id":"332361839","code":7229,"fclass":"farmland","name":null},"geometry":{"type":"MultiPolygon","coordinates":[[[[79.9237,6.859],[79.9238,6.861],[79.9254,6.8613],[79.9257,6.8608],[79.9245,6.8594],[79.9245,6.8575],[79.924,6.8574],[79.9237,6.859]]]]}},{"type":"Feature","properties":{"osm_id":"333204099","code":7229,"fclass":"farmland","name":null},"geometry":{"type":"MultiPolygon","coordinates":[[[[79.935,6.8472],[79.9378,6.8481],[79.9383,6.8467],[79.935,6.8472]]]]}},{"type":"Feature","properties":{"osm_id":"333204100","code":7229,"fclass":"farmland","name":null},"geometry":{"type":"MultiPolygon","coordinates":[[[[79.938,6.8483],[79.9386,6.849],[79.9398,6.8481],[79.9389,6.8481],[79.9388,6.8475],[79.938,6.8483]]]]}},{"type":"Feature","properties":{"osm_id":"338750045","code":7229,"fclass":"farmland","name":null},"geometry":{"type":"MultiPolygon","coordinates":[[[[79.9659,6.7883],[79.9671,6.7902],[79.9669,6.7933],[79.9684,6.7917],[79.9698,6.7922],[79.9684,6.7908],[79.9671,6.7871],[79.9666,6.7868],[79.9659,6.7883]]]]}},{"type":"Feature","properties":{"osm_id":"340321662","code":7229,"fclass":"farmland","name":null},"geometry":{"type":"MultiPolygon","coordinates":[[[[79.972,7.0924],[79.9732,7.0954],[79.9746,7.0955],[79.9772,7.0987],[79.9774,7.0981],[79.9765,7.0979],[79.9761,7.097],[79.9776,7.0964],[79.9765,7.096],[79.9758,7.0942],[79.9745,7.0934],[79.9746,7.0928],[79.9758,7.093],[79.9746,7.0919],[79.9742,7.0924],[79.974,7.0917],[79.9726,7.0917],[79.972,7.0924]]]]}},{"type":"Feature","properties":{"osm_id":"340444575","code":7229,"fclass":"farmland","name":null},"geometry":{"type":"MultiPolygon","coordinates":[[[[79.9541,6.9244],[79.9547,6.9246],[79.9564,6.9231],[79.9595,6.9234],[79.9576,6.9218],[79.96,6.9198],[79.9614,6.9202],[79.9629,6.9222],[79.9635,6.9213],[79.9628,6.92],[79.959,6.9171],[79.9579,6.92],[79.9552,6.9221],[79.9541,6.9244]]]]}},{"type":"Feature","properties":{"osm_id":"342262304","code":7229,"fclass":"farmland","name":null},"geometry":{"type":"MultiPolygon","coordinates":[[[[79.9591,6.917],[79.9613,6.918],[79.9651,6.9172],[79.9622,6.9174],[79.9595,6.9156],[79.9591,6.917]]]]}},{"type":"Feature","properties":{"osm_id":"342354646","code":7229,"fclass":"farmland","name":null},"geometry":{"type":"MultiPolygon","coordinates":[[[[80.0133,6.9167],[80.0142,6.9182],[80.0139,6.9202],[80.0153,6.9198],[80.0154,6.9188],[80.0171,6.9192],[80.0159,6.9178],[80.0155,6.9156],[80.0137,6.9156],[80.0133,6.9167]]]]}},{"type":"Feature","properties":{"osm_id":"342361207","code":7229,"fclass":"farmland","name":"Paddy Field"},"geometry":{"type":"MultiPolygon","coordinates":[[[[80.0179,6.9173],[80.0183,6.9177],[80.0192,6.917],[80.0205,6.9179],[80.021,6.9168],[80.0183,6.9163],[80.0179,6.9173]]]]}},{"type":"Feature","properties":{"osm_id":"343643850","code":7229,"fclass":"farmland","name":null},"geometry":{"type":"MultiPolygon","coordinates":[[[[80.0209,6.9205],[80.0218,6.9211],[80.0219,6.92],[80.0212,6.9195],[80.0209,6.9205]]]]}},{"type":"Feature","properties":{"osm_id":"343651699","code":7229,"fclass":"farmland","name":null},"geometry":{"type":"MultiPolygon","coordinates":[[[[80.0206,6.918],[80.022,6.9198],[80.0227,6.9199],[80.0221,6.9184],[80.023,6.9189],[80.023,6.9198],[80.0239,6.9197],[80.0241,6.9186],[80.0227,6.9179],[80.0217,6.9182],[80.021,6.9174],[80.0206,6.918]]]]}},{"type":"Feature","properties":{"osm_id":"345484558","code":7229,"fclass":"farmland","name":null},"geometry":{"type":"MultiPolygon","coordinates":[[[[79.9604,6.9001],[79.9624,6.9032],[79.9628,6.9027],[79.9604,6.9001]]]]}},{"type":"Feature","properties":{"osm_id":"354325927","code":7229,"fclass":"farmland","name":null},"geometry":{"type":"MultiPolygon","coordinates":[[[[79.9348,6.9826],[79.9353,6.9836],[79.9349,6.9854],[79.9359,6.9858],[79.9363,6.9838],[79.9375,6.9837],[79.9395,6.984],[79.9418,6.9857],[79.9423,6.9896],[79.9428,6.9859],[79.9451,6.9853],[79.9489,6.9861],[79.951,6.9884],[79.9522,6.9889],[79.9531,6.9919],[79.9525,6.994],[79.9508,6.9956],[79.949,6.9959],[79.9488,6.9974],[79.9498,6.9962],[79.9532,6.9947],[79.9532,6.9983],[79.9539,6.9967],[79.9539,6.9909],[79.9545,6.99],[79.9553,6.9901],[79.9566,6.9913],[79.958,6.994],[79.9581,6.9982],[79.9597,7.0007],[79.9605,6.9998],[79.959,6.9975],[79.9586,6.9956],[79.9623,6.9943],[79.9627,6.9931],[79.96,6.9946],[79.9575,6.9909],[79.9596,6.9889],[79.9647,6.9875],[79.965,6.9865],[79.961,6.9883],[79.9596,6.9867],[79.9598,6.984],[79.9594,6.9874],[79.9588,6.9889],[79.9576,6.9899],[79.956,6.9892],[79.9556,6.9881],[79.9532,6.988],[79.9524,6.987],[79.9516,6.9833],[79.9533,6.9816],[79.9528,6.9812],[79.952,6.982],[79.9512,6.9813],[79.951,6.983],[79.9499,6.9845],[79.947,6.9841],[79.9475,6.9799],[79.9459,6.9841],[79.9433,6.983],[79.9422,6.9834],[79.9407,6.982],[79.9402,6.9807],[79.9382,6.9816],[79.9364,6.9813],[79.9355,6.9819],[79.935,6.9814],[79.9348,6.9821],[79.9355,6.9824],[79.9348,6.9826]]]]}},{"type":"Feature","properties":{"osm_id":"354994697","code":7229,"fclass":"farmland","name":null},"geometry":{"type":"MultiPolygon","coordinates":[[[[79.9703,6.9636],[79.9704,6.9646],[79.9725,6.9635],[79.9747,6.9638],[79.9761,6.9579],[79.9741,6.9576],[79.9735,6.9559],[79.9725,6.9565],[79.9726,6.9582],[79.9715,6.9591],[79.9724,6.9594],[79.9746,6.9586],[79.9753,6.959],[79.9753,6.9599],[79.974,6.9621],[79.9703,6.9636]]]]}},{"type":"Feature","properties":{"osm_id":"5359590","code":7229,"fclass":"farmland","name":null},"geometry":{"type":"MultiPolygon","coordinates":[[[[79.9185,7.1002],[79.9198,7.1014],[79.9214,7.0999],[79.9209,7.0991],[79.9218,7.1],[79.9221,7.0994],[79.9216,7.0985],[79.9203,7.0985],[79.9194,7.0988],[79.9196,7.0993],[79.9185,7.1002]]]]}},{"type":"Feature","properties":{"osm_id":"362353833","code":7229,"fclass":"farmland","name":null},"geometry":{"type":"MultiPolygon","coordinates":[[[[79.9516,6.8806],[79.9524,6.881],[79.9542,6.8781],[79.9518,6.8794],[79.9516,6.8806]]]]}},{"type":"Feature","properties":{"osm_id":"367964272","code":7229,"fclass":"farmland","name":null},"geometry":{"type":"MultiPolygon","coordinates":[[[[79.9908,7.0639],[79.9934,7.0633],[79.9936,7.0619],[79.998,7.0588],[79.9979,7.0581],[79.9969,7.0588],[79.995,7.0564],[79.9951,7.0544],[79.9945,7.0547],[79.9945,7.0561],[79.9962,7.0589],[79.996,7.0598],[79.9908,7.0639]]]]}},{"type":"Feature","properties":{"osm_id":"370322317","code":7229,"fclass":"farmland","name":null},"geometry":{"type":"MultiPolygon","coordinates":[[[[79.9628,6.9229],[79.9668,6.9242],[79.9694,6.9236],[79.9708,6.9241],[79.9699,6.9232],[79.9669,6.9233],[79.9696,6.9197],[79.973,6.9188],[79.9722,6.9183],[79.9701,6.9186],[79.9696,6.9174],[79.9693,6.9195],[79.9683,6.9201],[79.9681,6.9211],[79.9655,6.9227],[79.9639,6.9216],[79.9628,6.9229]]]]}},{"type":"Feature","properties":{"osm_id":"371691073","code":7229,"fclass":"farmland","name":null},"geometry":{"type":"MultiPolygon","coordinates":[[[[80.1015,6.8551],[80.1035,6.857],[80.1029,6.856],[80.1033,6.8545],[80.1015,6.8551]]]]}},{"type":"Feature","properties":{"osm_id":"371692104","code":7229,"fclass":"farmland","name":null},"geometry":{"type":"MultiPolygon","coordinates":[[[[80.103,6.8571],[80.1036,6.8575],[80.103,6.8571]]]]}},{"type":"Feature","properties":{"osm_id":"376036347","code":7229,"fclass":"farmland","name":null},"geometry":{"type":"MultiPolygon","coordinates":[[[[80.008,7.0666],[80.0093,7.0671],[80.0095,7.0682],[80.012,7.0662],[80.011,7.0648],[80.0101,7.0667],[80.0082,7.0661],[80.008,7.0666]]]]}},{"type":"Feature","properties":{"osm_id":"376063170","code":7229,"fclass":"farmland","name":null},"geometry":{"type":"MultiPolygon","coordinates":[[[[79.9927,7.0978],[79.9934,7.0981],[79.9937,7.0997],[79.9957,7.1013],[79.9963,7.103],[79.9981,7.104],[80.0019,7.1043],[80.0036,7.1036],[80.005,7.104],[80.0053,7.1035],[79.999,7.0999],[79.9942,7.0951],[79.9933,7.0954],[79.9927,7.0978]]]]}},{"type":"Feature","properties":{"osm_id":"376181565","code":7229,"fclass":"farmland","name":null},"geometry":{"type":"MultiPolygon","coordinates":[[[[80.0057,7.1041],[80.0072,7.1049],[80.0086,7.1065],[80.0088,7.106],[80.0093,7.1063],[80.0068,7.1038],[80.0061,7.1035],[80.0057,7.1041]]]]}},{"type":"Feature","properties":{"osm_id":"376183251","code":7229,"fclass":"farmland","name":null},"geometry":{"type":"MultiPolygon","coordinates":[[[[80.011,7.1049],[80.0116,7.1048],[80.0114,7.1042],[80.011,7.1049]]]]}},{"type":"Feature","properties":{"osm_id":"376183253","code":7229,"fclass":"farmland","name":null},"geometry":{"type":"MultiPolygon","coordinates":[[[[80.0126,7.1049],[80.013,7.1041],[80.0126,7.1049]]]]}},{"type":"Feature","properties":{"osm_id":"376183254","code":7229,"fclass":"farmland","name":null},"geometry":{"type":"MultiPolygon","coordinates":[[[[80.0091,7.1053],[80.0104,7.1052],[80.0091,7.1053]]]]}},{"type":"Feature","properties":{"osm_id":"376194365","code":7229,"fclass":"farmland","name":null},"geometry":{"type":"MultiPolygon","coordinates":[[[[79.9562,7.0769],[79.9569,7.0775],[79.9583,7.0773],[79.9606,7.078],[79.9589,7.0765],[79.9587,7.0738],[79.9579,7.0749],[79.9582,7.0769],[79.9566,7.0765],[79.9562,7.0769]]]]}},{"type":"Feature","properties":{"osm_id":"376203282","code":7229,"fclass":"farmland","name":null},"geometry":{"type":"MultiPolygon","coordinates":[[[[80.002,7.0593],[80.0029,7.0604],[80.0053,7.0604],[80.008,7.0591],[80.0078,7.0586],[80.0063,7.0587],[80.0056,7.0598],[80.0043,7.0601],[80.002,7.0593]]]]}},{"type":"Feature","properties":{"osm_id":"376212978","code":7229,"fclass":"farmland","name":null},"geometry":{"type":"MultiPolygon","coordinates":[[[[80.0339,7.0805],[80.0351,7.081],[80.035,7.0818],[80.0359,7.0813],[80.0342,7.0802],[80.0339,7.0805]]]]}},{"type":"Feature","properties":{"osm_id":"376214213","code":7229,"fclass":"farmland","name":null},"geometry":{"type":"MultiPolygon","coordinates":[[[[80.0116,7.0999],[80.0122,7.0992],[80.0116,7.0999]]]]}},{"type":"Feature","properties":{"osm_id":"376321645","code":7229,"fclass":"farmland","name":"Walawdeniya Kuburuyaya"},"geometry":{"type":"MultiPolygon","coordinates":[[[[80.0162,7.0606],[80.0205,7.0584],[80.0212,7.0557],[80.0202,7.0575],[80.0184,7.0581],[80.0177,7.0571],[80.0174,7.059],[80.0162,7.0606]]]]}},{"type":"Feature","properties":{"osm_id":"376322785","code":7229,"fclass":"farmland","name":null},"geometry":{"type":"MultiPolygon","coordinates":[[[[79.9959,7.0966],[80.0009,7.1009],[80.006,7.1032],[80.0052,7.1001],[80.0079,7.1005],[80.0076,7.0997],[80.0128,7.0977],[80.0097,7.0976],[80.0076,7.0989],[80.007,7.0974],[80.0059,7.099],[80.0037,7.0974],[80.003,7.0953],[80.0045,7.0945],[80.0052,7.0951],[80.0059,7.0941],[80.0079,7.093],[80.0092,7.0931],[80.0093,7.0926],[80.0131,7.0932],[80.0132,7.0927],[80.0078,7.0922],[80.0036,7.0939],[80.0035,7.0932],[80.0025,7.0935],[80.0015,7.0926],[80.0007,7.0946],[80.0019,7.0944],[80.0039,7.0983],[80.0028,7.0996],[80.0018,7.0996],[80.0012,7.098],[79.9998,7.0979],[79.9987,7.0968],[79.9992,7.0961],[80.0003,7.0971],[80.0002,7.0961],[80.0009,7.096],[80.0001,7.0943],[79.999,7.095],[79.9988,7.0942],[79.9979,7.0944],[79.9979,7.0957],[79.9959,7.0966]]]]}},{"type":"Feature","properties":{"osm_id":"376324113","code":7229,"fclass":"farmland","name":null},"geometry":{"type":"MultiPolygon","coordinates":[[[[79.9405,7.0792],[79.9413,7.0787],[79.9405,7.0787],[79.9405,7.0792]]]]}},{"type":"Feature","properties":{"osm_id":"376330528","code":7229,"fclass":"farmland","name":null},"geometry":{"type":"MultiPolygon","coordinates":[[[[79.9804,7.0647],[79.982,7.0645],[79.9833,7.0628],[79.9819,7.0643],[79.9804,7.0647]]]]}},{"type":"Feature","properties":{"osm_id":"376338646","code":7229,"fclass":"farmland","name":null},"geometry":{"type":"MultiPolygon","coordinates":[[[[79.9789,7.0253],[79.9791,7.0246],[79.9789,7.0253]]]]}},{"type":"Feature","properties":{"osm_id":"376350340","code":7229,"fclass":"farmland","name":null},"geometry":{"type":"MultiPolygon","coordinates":[[[[80.0295,7.0712],[80.0297,7.072],[80.0299,7.071],[80.0295,7.0712]]]]}},{"type":"Feature","properties":{"osm_id":"376350356","code":7229,"fclass":"farmland","name":null},"geometry":{"type":"MultiPolygon","coordinates":[[[[80.0286,7.1113],[80.0291,7.1128],[80.029,7.1111],[80.0286,7.1113]]]]}},{"type":"Feature","properties":{"osm_id":"376355883","code":7229,"fclass":"farmland","name":null},"geometry":{"type":"MultiPolygon","coordinates":[[[[79.9289,7.0736],[79.9295,7.0742],[79.9289,7.0736]]]]}},{"type":"Feature","properties":{"osm_id":"376355884","code":7229,"fclass":"farmland","name":null},"geometry":{"type":"MultiPolygon","coordinates":[[[[79.9287,7.076],[79.9296,7.0755],[79.9296,7.075],[79.9288,7.0751],[79.9287,7.076]]]]}},{"type":"Feature","properties":{"osm_id":"376359027","code":7229,"fclass":"farmland","name":null},"geometry":{"type":"MultiPolygon","coordinates":[[[[79.944,7.0739],[79.9455,7.0755],[79.9458,7.0749],[79.944,7.0739]]]]}},{"type":"Feature","properties":{"osm_id":"376359169","code":7229,"fclass":"farmland","name":null},"geometry":{"type":"MultiPolygon","coordinates":[[[[80.0188,7.0754],[80.0197,7.0762],[80.0242,7.0758],[80.0248,7.0768],[80.0248,7.0757],[80.0261,7.0757],[80.0268,7.0763],[80.0277,7.08],[80.0274,7.076],[80.0304,7.0763],[80.0312,7.0781],[80.0313,7.0764],[80.0305,7.076],[80.0313,7.0759],[80.0317,7.0779],[80.0321,7.0776],[80.0318,7.0762],[80.036,7.0728],[80.0319,7.075],[80.0268,7.0757],[80.0284,7.0742],[80.0293,7.0713],[80.0284,7.0723],[80.028,7.0719],[80.0275,7.0739],[80.0264,7.0751],[80.0243,7.075],[80.0257,7.0741],[80.0188,7.0754]]]]}},{"type":"Feature","properties":{"osm_id":"376483989","code":7229,"fclass":"farmland","name":null},"geometry":{"type":"MultiPolygon","coordinates":[[[[80.0312,7.0782],[80.0315,7.0794],[80.0326,7.08],[80.0317,7.078],[80.0312,7.0782]]]]}},{"type":"Feature","properties":{"osm_id":"376484227","code":7229,"fclass":"farmland","name":null},"geometry":{"type":"MultiPolygon","coordinates":[[[[80.0389,7.0973],[80.0398,7.0979],[80.0389,7.0973]]]]}},{"type":"Feature","properties":{"osm_id":"376484838","code":7229,"fclass":"farmland","name":null},"geometry":{"type":"MultiPolygon","coordinates":[[[[80.0384,7.0988],[80.0391,7.1004],[80.0408,7.0987],[80.0407,7.0981],[80.0384,7.0988]]]]}},{"type":"Feature","properties":{"osm_id":"376485083","code":7229,"fclass":"farmland","name":null},"geometry":{"type":"MultiPolygon","coordinates":[[[[80.0343,7.0813],[80.0347,7.0815],[80.0343,7.0813]]]]}},{"type":"Feature","properties":{"osm_id":"376485086","code":7229,"fclass":"farmland","name":null},"geometry":{"type":"MultiPolygon","coordinates":[[[[80.0327,7.0797],[80.0343,7.0817],[80.0342,7.0802],[80.0327,7.0797]]]]}},{"type":"Feature","properties":{"osm_id":"376485391","code":7229,"fclass":"farmland","name":null},"geometry":{"type":"MultiPolygon","coordinates":[[[[80.017,7.1048],[80.0222,7.1071],[80.0233,7.1061],[80.0267,7.1062],[80.0277,7.1051],[80.029,7.1047],[80.0289,7.1035],[80.0302,7.1027],[80.0304,7.1015],[80.0325,7.1003],[80.0332,7.1005],[80.0331,7.1019],[80.0352,7.1022],[80.0377,7.1007],[80.0376,7.0988],[80.0394,7.0987],[80.0396,7.0982],[80.0371,7.0984],[80.0367,7.1005],[80.0346,7.1015],[80.0344,7.0994],[80.033,7.0993],[80.0333,7.0984],[80.0348,7.0977],[80.0336,7.0966],[80.0365,7.0948],[80.0375,7.095],[80.0379,7.0934],[80.037,7.0924],[80.0336,7.0946],[80.0321,7.0941],[80.0322,7.0957],[80.0315,7.0975],[80.0294,7.0977],[80.0267,7.0995],[80.0266,7.0983],[80.0283,7.0966],[80.0262,7.0974],[80.025,7.0966],[80.0251,7.0961],[80.0239,7.0964],[80.0227,7.0951],[80.0246,7.0922],[80.022,7.0946],[80.0233,7.098],[80.0246,7.0982],[80.0237,7.1009],[80.0229,7.101],[80.0234,7.103],[80.0227,7.1042],[80.0222,7.1044],[80.0205,7.1026],[80.0205,7.1042],[80.0196,7.1054],[80.0182,7.1038],[80.017,7.1048]]]]}},{"type":"Feature","properties":{"osm_id":"376486605","code":7229,"fclass":"farmland","name":null},"geometry":{"type":"MultiPolygon","coordinates":[[[[80.0351,7.0962],[80.0365,7.0958],[80.0355,7.0956],[80.0351,7.0962]]]]}},{"type":"Feature","properties":{"osm_id":"376501503","code":7229,"fclass":"farmland","name":null},"geometry":{"type":"MultiPolygon","coordinates":[[[[79.9797,7.099],[79.9804,7.099],[79.9813,7.0975],[79.9807,7.0964],[79.9819,7.0957],[79.9828,7.0961],[79.9828,7.0951],[79.9808,7.095],[79.9798,7.097],[79.9797,7.099]]]]}},{"type":"Feature","properties":{"osm_id":"5611084","code":7229,"fclass":"farmland","name":"Paddy"},"geometry":{"type":"MultiPolygon","coordinates":[[[[79.9099,7.0862],[79.911,7.0867],[79.9116,7.0881],[79.9126,7.0879],[79.913,7.0885],[79.913,7.0895],[79.9111,7.0909],[79.9124,7.0913],[79.9134,7.0907],[79.9152,7.093],[79.9158,7.0952],[79.914,7.0965],[79.9171,7.0994],[79.919,7.0975],[79.9191,7.0986],[79.9192,7.0978],[79.9206,7.0979],[79.9218,7.0985],[79.9224,7.0999],[79.9242,7.0987],[79.9282,7.0993],[79.9281,7.0982],[79.9309,7.0957],[79.9306,7.0928],[79.9326,7.0921],[79.9324,7.0913],[79.9307,7.0913],[79.9306,7.0902],[79.9299,7.09],[79.9299,7.0921],[79.9285,7.0926],[79.9277,7.0912],[79.9281,7.0888],[79.9272,7.0911],[79.9259,7.0912],[79.925,7.0902],[79.9253,7.0915],[79.9246,7.092],[79.9273,7.0934],[79.928,7.0955],[79.9277,7.0961],[79.926,7.0968],[79.9249,7.0956],[79.923,7.0964],[79.9213,7.0957],[79.9219,7.0957],[79.9217,7.0949],[79.9204,7.0948],[79.9209,7.0946],[79.9204,7.0937],[79.9215,7.0941],[79.9214,7.0914],[79.9185,7.0918],[79.9142,7.0888],[79.9142,7.087],[79.9152,7.086],[79.9183,7.0853],[79.9197,7.0874],[79.921,7.0869],[79.9211,7.0844],[79.9195,7.0854],[79.9183,7.0844],[79.9184,7.0836],[79.9208,7.0835],[79.9219,7.0785],[79.9252,7.0766],[79.9252,7.0754],[79.9242,7.0769],[79.9207,7.0777],[79.9194,7.0747],[79.9198,7.0719],[79.9191,7.0722],[79.9192,7.0764],[79.9182,7.0752],[79.9176,7.0763],[79.9155,7.0767],[79.9132,7.0755],[79.9154,7.0774],[79.917,7.0768],[79.9193,7.0772],[79.9188,7.0795],[79.9176,7.0806],[79.9178,7.082],[79.9169,7.0839],[79.9148,7.0847],[79.9142,7.0827],[79.913,7.0814],[79.9135,7.0798],[79.912,7.079],[79.9124,7.0818],[79.9142,7.0847],[79.9115,7.0853],[79.9121,7.0864],[79.9099,7.0862]],[[79.9208,7.0956],[79.9212,7.0951],[79.9208,7.0956]]]]}},{"type":"Feature","properties":{"osm_id":"6450599","code":7229,"fclass":"farmland","name":null},"geometry":{"type":"MultiPolygon","coordinates":[[[[79.9416,7.1079],[79.9421,7.1091],[79.9427,7.1082],[79.9445,7.1091],[79.945,7.1084],[79.9459,7.1085],[79.9469,7.1066],[79.9488,7.1067],[79.9498,7.1059],[79.9495,7.105],[79.9514,7.1025],[79.9511,7.1002],[79.9504,7.1001],[79.9496,7.1011],[79.9502,7.0985],[79.9491,7.0995],[79.9489,7.1017],[79.9466,7.1018],[79.9479,7.101],[79.9466,7.1001],[79.9488,7.0984],[79.9492,7.097],[79.9496,7.0984],[79.9508,7.0974],[79.9516,7.0989],[79.952,7.0976],[79.9535,7.0965],[79.9537,7.0955],[79.9529,7.0966],[79.9514,7.0968],[79.9505,7.0962],[79.9519,7.094],[79.9509,7.0933],[79.951,7.0925],[79.9532,7.0917],[79.9523,7.0908],[79.9524,7.0891],[79.9502,7.0897],[79.95,7.0918],[79.9491,7.0921],[79.9495,7.0948],[79.948,7.096],[79.9477,7.0974],[79.945,7.0989],[79.9456,7.1002],[79.9441,7.1025],[79.9445,7.1039],[79.9429,7.105],[79.943,7.1064],[79.9419,7.1069],[79.9416,7.1079]],[[79.9451,7.1026],[79.9461,7.1018],[79.9472,7.1023],[79.9469,7.1033],[79.9459,7.1036],[79.9451,7.1026]]]]}},{"type":"Feature","properties":{"osm_id":"376624434","code":7229,"fclass":"farmland","name":null},"geometry":{"type":"MultiPolygon","coordinates":[[[[79.9411,7.0988],[79.9419,7.0991],[79.943,7.0985],[79.9416,7.097],[79.9412,7.0972],[79.9418,7.0981],[79.9411,7.0988]]]]}},{"type":"Feature","properties":{"osm_id":"376628782","code":7229,"fclass":"farmland","name":null},"geometry":{"type":"MultiPolygon","coordinates":[[[[80.0163,7.1061],[80.0179,7.1071],[80.0175,7.1078],[80.0182,7.1083],[80.0193,7.1069],[80.0202,7.1081],[80.021,7.108],[80.0214,7.1069],[80.0193,7.1056],[80.017,7.1052],[80.0163,7.1061]]]]}},{"type":"Feature","properties":{"osm_id":"376632564","code":7229,"fclass":"farmland","name":"Kuganavila paddy field"},"geometry":{"type":"MultiPolygon","coordinates":[[[[80.0116,7.1034],[80.0121,7.1046],[80.0127,7.1034],[80.0153,7.1052],[80.0158,7.1041],[80.0167,7.1038],[80.0158,7.1034],[80.0179,7.1013],[80.0162,7.1017],[80.0157,7.1026],[80.0134,7.1017],[80.0132,7.103],[80.0116,7.1034]]]]}},{"type":"Feature","properties":{"osm_id":"376928390","code":7229,"fclass":"farmland","name":"Paddy"},"geometry":{"type":"MultiPolygon","coordinates":[[[[79.9257,7.1128],[79.9261,7.1136],[79.9266,7.1135],[79.9257,7.1128]]]]}},{"type":"Feature","properties":{"osm_id":"376928493","code":7229,"fclass":"farmland","name":null},"geometry":{"type":"MultiPolygon","coordinates":[[[[79.9283,7.1123],[79.9287,7.1129],[79.9304,7.1127],[79.9309,7.1118],[79.9297,7.111],[79.9283,7.1123]]]]}},{"type":"Feature","properties":{"osm_id":"376928716","code":7229,"fclass":"farmland","name":null},"geometry":{"type":"MultiPolygon","coordinates":[[[[80.0076,7.0698],[80.0078,7.0707],[80.0083,7.0696],[80.0076,7.0698]]]]}},{"type":"Feature","properties":{"osm_id":"376933399","code":7229,"fclass":"farmland","name":null},"geometry":{"type":"MultiPolygon","coordinates":[[[[80.006,7.064],[80.0078,7.0633],[80.006,7.064]]]]}},{"type":"Feature","properties":{"osm_id":"376939210","code":7229,"fclass":"farmland","name":null},"geometry":{"type":"MultiPolygon","coordinates":[[[[80.005,7.0629],[80.0055,7.0636],[80.005,7.0629]]]]}},{"type":"Feature","properties":{"osm_id":"376939211","code":7229,"fclass":"farmland","name":null},"geometry":{"type":"MultiPolygon","coordinates":[[[[80.0039,7.0636],[80.0049,7.0644],[80.0039,7.0636]]]]}},{"type":"Feature","properties":{"osm_id":"376939212","code":7229,"fclass":"farmland","name":null},"geometry":{"type":"MultiPolygon","coordinates":[[[[80.0057,7.0645],[80.0062,7.0652],[80.0064,7.0642],[80.0057,7.0645]]]]}},{"type":"Feature","properties":{"osm_id":"5740713","code":7229,"fclass":"farmland","name":null},"geometry":{"type":"MultiPolygon","coordinates":[[[[80.0608,7.1031],[80.062,7.1043],[80.0656,7.1027],[80.0671,7.1033],[80.0663,7.1024],[80.0669,7.1017],[80.0683,7.1019],[80.0669,7.1009],[80.0656,7.102],[80.0636,7.1022],[80.0631,7.1031],[80.0626,7.1023],[80.0621,7.1027],[80.0613,7.1018],[80.0608,7.1031]]]]}},{"type":"Feature","properties":{"osm_id":"376953951","code":7229,"fclass":"farmland","name":null},"geometry":{"type":"MultiPolygon","coordinates":[[[[80.0458,7.1136],[80.0464,7.1151],[80.0471,7.1152],[80.0473,7.1143],[80.0466,7.1142],[80.0472,7.1139],[80.0464,7.1132],[80.0458,7.1136]]]]}},{"type":"Feature","properties":{"osm_id":"376953952","code":7229,"fclass":"farmland","name":null},"geometry":{"type":"MultiPolygon","coordinates":[[[[80.0441,7.1118],[80.0444,7.1128],[80.0456,7.1132],[80.0458,7.1127],[80.0441,7.1118]]]]}},{"type":"Feature","properties":{"osm_id":"377411575","code":7229,"fclass":"farmland","name":null},"geometry":{"type":"MultiPolygon","coordinates":[[[[80.0467,7.1096],[80.0482,7.1123],[80.0483,7.1114],[80.0475,7.1104],[80.0481,7.1097],[80.0467,7.1096]]]]}},{"type":"Feature","properties":{"osm_id":"377411577","code":7229,"fclass":"farmland","name":null},"geometry":{"type":"MultiPolygon","coordinates":[[[[80.0481,7.1126],[80.0487,7.1138],[80.0488,7.1122],[80.0481,7.1126]]]]}},{"type":"Feature","properties":{"osm_id":"377434479","code":7229,"fclass":"farmland","name":null},"geometry":{"type":"MultiPolygon","coordinates":[[[[79.9353,7.1095],[79.9361,7.1101],[79.9353,7.1095]]]]}},{"type":"Feature","properties":{"osm_id":"377435486","code":7229,"fclass":"farmland","name":null},"geometry":{"type":"MultiPolygon","coordinates":[[[[80.0558,7.1088],[80.0566,7.1089],[80.0568,7.1079],[80.0562,7.1077],[80.0558,7.1088]]]]}},{"type":"Feature","properties":{"osm_id":"6430299","code":7229,"fclass":"farmland","name":null},"geometry":{"type":"MultiPolygon","coordinates":[[[[80.0236,7.1149],[80.024,7.1157],[80.0263,7.1159],[80.0271,7.1179],[80.0279,7.1163],[80.0287,7.1179],[80.0299,7.1173],[80.0319,7.1186],[80.0317,7.1197],[80.0322,7.1193],[80.0328,7.1201],[80.038,7.1207],[80.0359,7.1204],[80.0339,7.1189],[80.034,7.1176],[80.0363,7.117],[80.0363,7.1163],[80.0336,7.117],[80.0324,7.116],[80.031,7.1166],[80.029,7.1147],[80.0264,7.1152],[80.0255,7.1146],[80.026,7.1126],[80.0236,7.1149]],[[80.0307,7.117],[80.0314,7.1171],[80.0314,7.1179],[80.0307,7.117]]]]}},{"type":"Feature","properties":{"osm_id":"377439825","code":7229,"fclass":"farmland","name":null},"geometry":{"type":"MultiPolygon","coordinates":[[[[80.0366,7.1013],[80.0382,7.1019],[80.0387,7.1012],[80.0375,7.1008],[80.0366,7.1013]]]]}},{"type":"Feature","properties":{"osm_id":"377441317","code":7229,"fclass":"farmland","name":null},"geometry":{"type":"MultiPolygon","coordinates":[[[[80.0107,7.0832],[80.0121,7.084],[80.0123,7.086],[80.0139,7.0858],[80.0137,7.0849],[80.015,7.0847],[80.015,7.0842],[80.011,7.0823],[80.0107,7.0832]]]]}},{"type":"Feature","properties":{"osm_id":"377442960","code":7229,"fclass":"farmland","name":null},"geometry":{"type":"MultiPolygon","coordinates":[[[[80.0435,7.1108],[80.0446,7.1118],[80.0448,7.1103],[80.0468,7.1102],[80.0467,7.1096],[80.0445,7.1095],[80.0435,7.1108]]]]}},{"type":"Feature","properties":{"osm_id":"377443052","code":7229,"fclass":"farmland","name":null},"geometry":{"type":"MultiPolygon","coordinates":[[[[80.0014,7.0952],[80.0017,7.0957],[80.0021,7.0954],[80.0014,7.0952]]]]}},{"type":"Feature","properties":{"osm_id":"5727675","code":7229,"fclass":"farmland","name":null},"geometry":{"type":"MultiPolygon","coordinates":[[[[79.9324,7.099],[79.9338,7.0993],[79.9333,7.1008],[79.9351,7.1013],[79.9365,7.1009],[79.9365,7.1001],[79.9347,7.1004],[79.9342,7.0994],[79.9339,7.1002],[79.9341,7.099],[79.9325,7.0986],[79.9324,7.099]]]]}},{"type":"Feature","properties":{"osm_id":"377450394","code":7229,"fclass":"farmland","name":"Kosgaha Kubura"},"geometry":{"type":"MultiPolygon","coordinates":[[[[80.0081,7.063],[80.0107,7.0628],[80.0099,7.0624],[80.0102,7.0618],[80.0085,7.0623],[80.0081,7.063]]]]}},{"type":"Feature","properties":{"osm_id":"377569802","code":7229,"fclass":"farmland","name":null},"geometry":{"type":"MultiPolygon","coordinates":[[[[80.0369,7.0899],[80.037,7.0906],[80.0385,7.0909],[80.0389,7.0916],[80.0412,7.0916],[80.0404,7.0901],[80.0418,7.0883],[80.0417,7.0866],[80.0425,7.0849],[80.0418,7.083],[80.0421,7.0813],[80.0416,7.0828],[80.0423,7.085],[80.0415,7.0857],[80.0397,7.0836],[80.0393,7.0818],[80.041,7.0866],[80.0405,7.0867],[80.0406,7.0873],[80.0413,7.0874],[80.0409,7.089],[80.0397,7.0902],[80.0382,7.0901],[80.0379,7.0895],[80.0369,7.0899]]]]}},{"type":"Feature","properties":{"osm_id":"377569808","code":7229,"fclass":"farmland","name":null},"geometry":{"type":"MultiPolygon","coordinates":[[[[80.0372,7.0922],[80.0382,7.0932],[80.0405,7.0914],[80.0372,7.0922]]]]}},{"type":"Feature","properties":{"osm_id":"377570153","code":7229,"fclass":"farmland","name":null},"geometry":{"type":"MultiPolygon","coordinates":[[[[80.0432,7.0918],[80.0443,7.0918],[80.0453,7.0929],[80.0451,7.0942],[80.0466,7.0943],[80.0454,7.0919],[80.0476,7.0906],[80.0498,7.0902],[80.0511,7.0886],[80.0516,7.083],[80.0515,7.0822],[80.0511,7.083],[80.0506,7.0823],[80.0497,7.079],[80.0497,7.0809],[80.0509,7.0837],[80.0504,7.0883],[80.0498,7.0892],[80.0486,7.0886],[80.0481,7.0891],[80.0483,7.0873],[80.046,7.0842],[80.0458,7.0846],[80.0477,7.0871],[80.0475,7.0892],[80.0457,7.0903],[80.0452,7.0899],[80.0443,7.0913],[80.0438,7.091],[80.0444,7.09],[80.0435,7.09],[80.0432,7.0918]]]]}},{"type":"Feature","properties":{"osm_id":"377570427","code":7229,"fclass":"farmland","name":null},"geometry":{"type":"MultiPolygon","coordinates":[[[[80.0417,7.0999],[80.0423,7.1017],[80.0433,7.101],[80.045,7.1025],[80.047,7.1027],[80.045,7.1005],[80.0443,7.1006],[80.0448,7.0988],[80.0417,7.0999]]]]}},{"type":"Feature","properties":{"osm_id":"377570948","code":7229,"fclass":"farmland","name":null},"geometry":{"type":"MultiPolygon","coordinates":[[[[80.0392,7.1023],[80.0402,7.1025],[80.0418,7.1055],[80.0422,7.1046],[80.0425,7.1056],[80.0431,7.1057],[80.0415,7.1033],[80.0415,7.1013],[80.0408,7.1006],[80.0399,7.1006],[80.0392,7.1023]]]]}},{"type":"Feature","properties":{"osm_id":"377571217","code":7229,"fclass":"farmland","name":null},"geometry":{"type":"MultiPolygon","coordinates":[[[[80.0136,7.0721],[80.0144,7.0724],[80.0141,7.0711],[80.0136,7.0721]]]]}},{"type":"Feature","properties":{"osm_id":"377571218","code":7229,"fclass":"farmland","name":null},"geometry":{"type":"MultiPolygon","coordinates":[[[[80.0004,7.0721],[80.0009,7.0728],[80.0019,7.0725],[80.0018,7.0697],[80.0004,7.0721]]]]}},{"type":"Feature","properties":{"osm_id":"377571441","code":7229,"fclass":"farmland","name":"paddy"},"geometry":{"type":"MultiPolygon","coordinates":[[[[79.8838,7.2602],[79.8843,7.2613],[79.8838,7.2602]]]]}},{"type":"Feature","properties":{"osm_id":"377571442","code":7229,"fclass":"farmland","name":"paddy"},"geometry":{"type":"MultiPolygon","coordinates":[[[[79.8827,7.2589],[79.8838,7.26],[79.8837,7.259],[79.8827,7.2589]]]]}},{"type":"Feature","properties":{"osm_id":"377571901","code":7229,"fclass":"farmland","name":null},"geometry":{"type":"MultiPolygon","coordinates":[[[[80.0439,7.096],[80.0448,7.0965],[80.0448,7.0974],[80.0471,7.0979],[80.0481,7.0988],[80.0492,7.0981],[80.0486,7.0962],[80.0469,7.097],[80.045,7.0953],[80.0439,7.096]]]]}},{"type":"Feature","properties":{"osm_id":"377572407","code":7229,"fclass":"farmland","name":null},"geometry":{"type":"MultiPolygon","coordinates":[[[[80.0281,7.0819],[80.0282,7.0826],[80.0288,7.0823],[80.0281,7.0819]]]]}},{"type":"Feature","properties":{"osm_id":"5625109","code":7229,"fclass":"farmland","name":null},"geometry":{"type":"MultiPolygon","coordinates":[[[[80.0139,7.0764],[80.0148,7.0772],[80.015,7.0765],[80.018,7.0765],[80.0185,7.0779],[80.0203,7.078],[80.0224,7.0792],[80.0227,7.0801],[80.0244,7.0802],[80.0246,7.081],[80.0258,7.0801],[80.0246,7.08],[80.0229,7.0788],[80.023,7.078],[80.0224,7.0784],[80.0198,7.0775],[80.0178,7.0751],[80.0152,7.0753],[80.0139,7.0764]],[[80.0208,7.0778],[80.0222,7.0785],[80.0208,7.0778]]]]}},{"type":"Feature","properties":{"osm_id":"377572411","code":7229,"fclass":"farmland","name":null},"geometry":{"type":"MultiPolygon","coordinates":[[[[80.0304,7.0701],[80.0319,7.0704],[80.0314,7.0685],[80.0304,7.0701]]]]}},{"type":"Feature","properties":{"osm_id":"377572416","code":7229,"fclass":"farmland","name":null},"geometry":{"type":"MultiPolygon","coordinates":[[[[80.0013,7.0533],[80.0036,7.0539],[80.0035,7.0548],[80.0051,7.0533],[80.0044,7.0527],[80.0037,7.0533],[80.0013,7.0533]]]]}},{"type":"Feature","properties":{"osm_id":"377572418","code":7229,"fclass":"farmland","name":null},"geometry":{"type":"MultiPolygon","coordinates":[[[[80.0137,7.0767],[80.0143,7.077],[80.0137,7.0767]]]]}},{"type":"Feature","properties":{"osm_id":"377572476","code":7229,"fclass":"farmland","name":null},"geometry":{"type":"MultiPolygon","coordinates":[[[[80.0512,7.108],[80.0527,7.1068],[80.0544,7.1065],[80.0582,7.1084],[80.0582,7.1092],[80.0594,7.1098],[80.0599,7.1108],[80.0593,7.1129],[80.0577,7.1146],[80.0566,7.1147],[80.0563,7.1161],[80.0579,7.1157],[80.0599,7.1133],[80.06,7.1097],[80.0584,7.107],[80.0579,7.108],[80.0552,7.1054],[80.0552,7.1016],[80.053,7.1016],[80.052,7.1002],[80.052,7.1038],[80.0536,7.1029],[80.0542,7.1049],[80.0537,7.106],[80.0519,7.1067],[80.0512,7.108]]]]}},{"type":"Feature","properties":{"osm_id":"377573011","code":7229,"fclass":"farmland","name":null},"geometry":{"type":"MultiPolygon","coordinates":[[[[80.0566,7.104],[80.058,7.1056],[80.0587,7.1052],[80.0583,7.1025],[80.0574,7.102],[80.0566,7.104]]]]}},{"type":"Feature","properties":{"osm_id":"377574052","code":7229,"fclass":"farmland","name":null},"geometry":{"type":"MultiPolygon","coordinates":[[[[80.0431,7.1057],[80.0449,7.1066],[80.044,7.1053],[80.0431,7.1057]]]]}},{"type":"Feature","properties":{"osm_id":"377580528","code":7229,"fclass":"farmland","name":null},"geometry":{"type":"MultiPolygon","coordinates":[[[[79.9747,7.0752],[79.9772,7.0764],[79.9778,7.0755],[79.9841,7.0728],[79.9855,7.0726],[79.9871,7.0736],[79.9859,7.072],[79.9877,7.0704],[79.9897,7.0711],[79.9908,7.0725],[79.9907,7.0739],[79.9913,7.0728],[79.99,7.0702],[79.9921,7.0701],[79.9944,7.072],[79.9933,7.0698],[79.9953,7.069],[79.9971,7.0672],[79.9992,7.0668],[79.9975,7.0664],[79.9984,7.0648],[79.9965,7.0671],[79.9958,7.0662],[79.9962,7.0672],[79.995,7.0686],[79.9924,7.0696],[79.9906,7.069],[79.9897,7.0659],[79.9888,7.0671],[79.9887,7.0686],[79.9877,7.0694],[79.9859,7.0675],[79.9862,7.0695],[79.9852,7.0714],[79.9826,7.072],[79.9814,7.0715],[79.9811,7.0731],[79.9785,7.0732],[79.9776,7.074],[79.9757,7.0735],[79.9747,7.0752]]]]}},{"type":"Feature","properties":{"osm_id":"377580867","code":7229,"fclass":"farmland","name":"Aegual Baala Kumbura"},"geometry":{"type":"MultiPolygon","coordinates":[[[[79.9841,7.079],[79.9844,7.0797],[79.99,7.0766],[79.9891,7.0762],[79.9864,7.0782],[79.985,7.0783],[79.9842,7.0777],[79.9841,7.079]]]]}},{"type":"Feature","properties":{"osm_id":"377581008","code":7229,"fclass":"farmland","name":"paddy"},"geometry":{"type":"MultiPolygon","coordinates":[[[[79.8812,7.072],[79.882,7.0714],[79.8814,7.0713],[79.8812,7.072]]]]}},{"type":"Feature","properties":{"osm_id":"377582401","code":7229,"fclass":"farmland","name":null},"geometry":{"type":"MultiPolygon","coordinates":[[[[79.9723,7.0773],[79.9732,7.0785],[79.9727,7.079],[79.9756,7.0784],[79.976,7.0787],[79.9756,7.0793],[79.9766,7.0794],[79.9813,7.0785],[79.9741,7.0752],[79.9726,7.0762],[79.9723,7.0773]]]]}},{"type":"Feature","properties":{"osm_id":"377582800","code":7229,"fclass":"farmland","name":null},"geometry":{"type":"MultiPolygon","coordinates":[[[[79.9633,7.0685],[79.9643,7.0689],[79.966,7.0684],[79.9689,7.0701],[79.9694,7.0724],[79.967,7.0739],[79.97,7.0745],[79.9703,7.0752],[79.9697,7.0751],[79.9694,7.0761],[79.9718,7.0765],[79.9738,7.0748],[79.9683,7.0681],[79.9662,7.0678],[79.9633,7.0685]]]]}},{"type":"Feature","properties":{"osm_id":"377582988","code":7229,"fclass":"farmland","name":null},"geometry":{"type":"MultiPolygon","coordinates":[[[[79.9644,7.0618],[79.9647,7.0628],[79.9681,7.065],[79.9687,7.0669],[79.9694,7.067],[79.9696,7.0639],[79.9689,7.061],[79.966,7.0588],[79.9672,7.0607],[79.9689,7.0619],[79.9691,7.0634],[79.9682,7.0645],[79.9644,7.0618]]]]}},{"type":"Feature","properties":{"osm_id":"377583790","code":7229,"fclass":"farmland","name":null},"geometry":{"type":"MultiPolygon","coordinates":[[[[79.9795,7.0639],[79.9799,7.0641],[79.9798,7.0627],[79.9795,7.0639]]]]}},{"type":"Feature","properties":{"osm_id":"377584768","code":7229,"fclass":"farmland","name":null},"geometry":{"type":"MultiPolygon","coordinates":[[[[79.9869,7.0634],[79.9871,7.0642],[79.9897,7.0648],[79.9888,7.0631],[79.9869,7.0634]]]]}},{"type":"Feature","properties":{"osm_id":"377585048","code":7229,"fclass":"farmland","name":null},"geometry":{"type":"MultiPolygon","coordinates":[[[[79.9889,7.063],[79.99,7.0661],[79.9912,7.064],[79.9898,7.0632],[79.9903,7.0566],[79.9893,7.0598],[79.9897,7.0613],[79.9889,7.063]]]]}},{"type":"Feature","properties":{"osm_id":"377586025","code":7229,"fclass":"farmland","name":null},"geometry":{"type":"MultiPolygon","coordinates":[[[[80.0075,7.104],[80.0087,7.1048],[80.0084,7.104],[80.0075,7.104]]]]}},{"type":"Feature","properties":{"osm_id":"377586086","code":7229,"fclass":"farmland","name":null},"geometry":{"type":"MultiPolygon","coordinates":[[[[79.9854,7.0665],[79.986,7.067],[79.9854,7.0665]]]]}},{"type":"Feature","properties":{"osm_id":"5725068","code":7229,"fclass":"farmland","name":"Paddy"},"geometry":{"type":"MultiPolygon","coordinates":[[[[80.0159,7.1208],[80.017,7.1246],[80.0184,7.1254],[80.0184,7.1287],[80.0194,7.1284],[80.0207,7.1308],[80.0217,7.1299],[80.0237,7.1306],[80.0249,7.1318],[80.0249,7.1328],[80.0224,7.1346],[80.0213,7.1367],[80.0217,7.137],[80.0232,7.1357],[80.0234,7.1347],[80.026,7.1319],[80.0274,7.1335],[80.0265,7.1351],[80.0281,7.1347],[80.0287,7.1357],[80.0283,7.1378],[80.0253,7.1402],[80.0264,7.1409],[80.0265,7.1429],[80.0253,7.1443],[80.0234,7.1436],[80.0239,7.146],[80.0225,7.1469],[80.0231,7.1472],[80.0229,7.1483],[80.0215,7.1489],[80.0224,7.1491],[80.0222,7.1499],[80.0256,7.1471],[80.0266,7.1491],[80.0268,7.1471],[80.0262,7.1453],[80.0273,7.1445],[80.0271,7.1437],[80.0279,7.1435],[80.0282,7.1404],[80.0294,7.1384],[80.0303,7.1384],[80.0319,7.1408],[80.0328,7.144],[80.0324,7.1468],[80.0336,7.1489],[80.0333,7.1498],[80.0304,7.1516],[80.0329,7.1505],[80.0326,7.1537],[80.0344,7.149],[80.0337,7.1459],[80.034,7.1455],[80.036,7.1456],[80.035,7.1448],[80.0332,7.1449],[80.033,7.1406],[80.0306,7.137],[80.0307,7.1358],[80.03,7.1353],[80.0289,7.1324],[80.0341,7.1319],[80.0352,7.1333],[80.0371,7.1325],[80.038,7.133],[80.0374,7.1295],[80.0355,7.1301],[80.0347,7.1298],[80.034,7.1292],[80.0338,7.1267],[80.0328,7.1276],[80.0319,7.1269],[80.0306,7.1288],[80.0314,7.1286],[80.031,7.1296],[80.0273,7.13],[80.0272,7.1282],[80.0281,7.1274],[80.0279,7.1267],[80.0265,7.1262],[80.024,7.1267],[80.0218,7.1237],[80.0208,7.1247],[80.0199,7.1242],[80.0186,7.1205],[80.0162,7.1197],[80.0159,7.1208]]]]}},{"type":"Feature","properties":{"osm_id":"377820296","code":7229,"fclass":"farmland","name":null},"geometry":{"type":"MultiPolygon","coordinates":[[[[79.872,7.1325],[79.8726,7.1322],[79.8721,7.1319],[79.872,7.1325]]]]}},{"type":"Feature","properties":{"osm_id":"377820297","code":7229,"fclass":"farmland","name":null},"geometry":{"type":"MultiPolygon","coordinates":[[[[79.8734,7.132],[79.8734,7.132]]]]}},{"type":"Feature","properties":{"osm_id":"377820298","code":7229,"fclass":"farmland","name":null},"geometry":{"type":"MultiPolygon","coordinates":[[[[79.8733,7.1323],[79.8733,7.1323]]]]}},{"type":"Feature","properties":{"osm_id":"377820299","code":7229,"fclass":"farmland","name":null},"geometry":{"type":"MultiPolygon","coordinates":[[[[79.8718,7.1331],[79.8722,7.1329],[79.8718,7.1331]]]]}},{"type":"Feature","properties":{"osm_id":"377820300","code":7229,"fclass":"farmland","name":null},"geometry":{"type":"MultiPolygon","coordinates":[[[[79.8714,7.1329],[79.8717,7.1326],[79.8714,7.1329]]]]}},{"type":"Feature","properties":{"osm_id":"377820301","code":7229,"fclass":"farmland","name":null},"geometry":{"type":"MultiPolygon","coordinates":[[[[79.8728,7.1317],[79.8732,7.1316],[79.8728,7.1317]]]]}},{"type":"Feature","properties":{"osm_id":"377820302","code":7229,"fclass":"farmland","name":null},"geometry":{"type":"MultiPolygon","coordinates":[[[[79.8723,7.1315],[79.8723,7.1315]]]]}},{"type":"Feature","properties":{"osm_id":"377820303","code":7229,"fclass":"farmland","name":null},"geometry":{"type":"MultiPolygon","coordinates":[[[[79.8718,7.1314],[79.8723,7.1313],[79.8718,7.1314]]]]}},{"type":"Feature","properties":{"osm_id":"377820304","code":7229,"fclass":"farmland","name":null},"geometry":{"type":"MultiPolygon","coordinates":[[[[79.8742,7.132],[79.8749,7.1323],[79.8749,7.1316],[79.8742,7.1314],[79.8742,7.132]]]]}},{"type":"Feature","properties":{"osm_id":"377820305","code":7229,"fclass":"farmland","name":null},"geometry":{"type":"MultiPolygon","coordinates":[[[[79.8713,7.1324],[79.872,7.1325],[79.872,7.1319],[79.8713,7.1324]]]]}},{"type":"Feature","properties":{"osm_id":"377944614","code":7229,"fclass":"farmland","name":null},"geometry":{"type":"MultiPolygon","coordinates":[[[[79.9537,7.0634],[79.9541,7.0648],[79.9547,7.0647],[79.9537,7.0634]]]]}},{"type":"Feature","properties":{"osm_id":"377954275","code":7229,"fclass":"farmland","name":null},"geometry":{"type":"MultiPolygon","coordinates":[[[[79.9595,7.0378],[79.9606,7.04],[79.96,7.0372],[79.9595,7.0378]]]]}},{"type":"Feature","properties":{"osm_id":"377959532","code":7229,"fclass":"farmland","name":null},"geometry":{"type":"MultiPolygon","coordinates":[[[[79.9089,7.1533],[79.9127,7.1538],[79.9125,7.1527],[79.909,7.1527],[79.9089,7.1533]]]]}},{"type":"Feature","properties":{"osm_id":"378070432","code":7229,"fclass":"farmland","name":null},"geometry":{"type":"MultiPolygon","coordinates":[[[[79.9124,7.1524],[79.9128,7.1536],[79.9135,7.1535],[79.9136,7.1525],[79.9124,7.1524]]]]}},{"type":"Feature","properties":{"osm_id":"378249046","code":7229,"fclass":"farmland","name":"paddy"},"geometry":{"type":"MultiPolygon","coordinates":[[[[79.9011,7.1477],[79.9023,7.1501],[79.9032,7.1499],[79.902,7.1478],[79.9011,7.1477]]]]}},{"type":"Feature","properties":{"osm_id":"378251850","code":7229,"fclass":"farmland","name":null},"geometry":{"type":"MultiPolygon","coordinates":[[[[80.0519,7.0853],[80.0526,7.0861],[80.0541,7.0858],[80.0535,7.085],[80.0519,7.0853]]]]}},{"type":"Feature","properties":{"osm_id":"378261875","code":7229,"fclass":"farmland","name":null},"geometry":{"type":"MultiPolygon","coordinates":[[[[79.9394,7.0868],[79.9399,7.0871],[79.9398,7.0862],[79.9394,7.0868]]]]}},{"type":"Feature","properties":{"osm_id":"378265955","code":7229,"fclass":"farmland","name":null},"geometry":{"type":"MultiPolygon","coordinates":[[[[80.0501,7.0961],[80.0517,7.0975],[80.0526,7.0968],[80.0533,7.0976],[80.0556,7.0963],[80.0604,7.0952],[80.062,7.096],[80.0622,7.0975],[80.063,7.0976],[80.0632,7.096],[80.0616,7.0946],[80.0611,7.0929],[80.0637,7.0922],[80.0645,7.0932],[80.0636,7.0906],[80.0641,7.0894],[80.0635,7.0893],[80.0629,7.0905],[80.0604,7.0915],[80.0593,7.0876],[80.0582,7.0876],[80.0595,7.0921],[80.058,7.0928],[80.0581,7.094],[80.0568,7.0944],[80.0552,7.093],[80.0553,7.0948],[80.0537,7.0948],[80.0518,7.0927],[80.0528,7.0954],[80.052,7.0962],[80.0501,7.0961]]]]}},{"type":"Feature","properties":{"osm_id":"378269789","code":7229,"fclass":"farmland","name":null},"geometry":{"type":"MultiPolygon","coordinates":[[[[80.0373,7.0682],[80.0391,7.0701],[80.0389,7.0713],[80.0382,7.0712],[80.0378,7.0721],[80.0385,7.0724],[80.0389,7.0717],[80.0394,7.0719],[80.0392,7.0746],[80.0406,7.0768],[80.0394,7.0746],[80.04,7.0727],[80.0395,7.0706],[80.0411,7.0734],[80.0403,7.071],[80.0389,7.0686],[80.0373,7.0682]]]]}},{"type":"Feature","properties":{"osm_id":"378272976","code":7229,"fclass":"farmland","name":null},"geometry":{"type":"MultiPolygon","coordinates":[[[[80.0551,7.0996],[80.0554,7.1004],[80.0576,7.1008],[80.0562,7.0993],[80.0551,7.0996]]]]}},{"type":"Feature","properties":{"osm_id":"378279275","code":7229,"fclass":"farmland","name":null},"geometry":{"type":"MultiPolygon","coordinates":[[[[79.9954,7.0464],[79.9969,7.0464],[79.9969,7.0458],[79.9965,7.0454],[79.9954,7.0464]]]]}},{"type":"Feature","properties":{"osm_id":"378408544","code":7229,"fclass":"farmland","name":null},"geometry":{"type":"MultiPolygon","coordinates":[[[[80.0386,7.0682],[80.0394,7.0693],[80.0409,7.0694],[80.0386,7.0682]]]]}},{"type":"Feature","properties":{"osm_id":"378410750","code":7229,"fclass":"farmland","name":"paddy"},"geometry":{"type":"MultiPolygon","coordinates":[[[[79.9092,7.0756],[79.9117,7.0755],[79.9092,7.0756]]]]}},{"type":"Feature","properties":{"osm_id":"378413436","code":7229,"fclass":"farmland","name":"paddy"},"geometry":{"type":"MultiPolygon","coordinates":[[[[79.9097,7.0731],[79.9108,7.0728],[79.9107,7.0723],[79.9097,7.0731]]]]}},{"type":"Feature","properties":{"osm_id":"378424719","code":7229,"fclass":"farmland","name":null},"geometry":{"type":"MultiPolygon","coordinates":[[[[80.0265,7.0501],[80.0271,7.0503],[80.0265,7.0501]]]]}},{"type":"Feature","properties":{"osm_id":"378426013","code":7229,"fclass":"farmland","name":null},"geometry":{"type":"MultiPolygon","coordinates":[[[[80.0294,7.0469],[80.0303,7.0479],[80.0294,7.0469]]]]}},{"type":"Feature","properties":{"osm_id":"378426533","code":7229,"fclass":"farmland","name":null},"geometry":{"type":"MultiPolygon","coordinates":[[[[79.9044,7.0737],[79.9054,7.0752],[79.905,7.0758],[79.9057,7.0778],[79.9057,7.0787],[79.905,7.0791],[79.9066,7.0795],[79.9056,7.0759],[79.9061,7.0742],[79.9059,7.0737],[79.9044,7.0737]]]]}},{"type":"Feature","properties":{"osm_id":"378427795","code":7229,"fclass":"farmland","name":null},"geometry":{"type":"MultiPolygon","coordinates":[[[[79.8955,7.1732],[79.8956,7.1739],[79.8983,7.1743],[79.898,7.1732],[79.8966,7.1719],[79.8958,7.1719],[79.8955,7.1732]]]]}},{"type":"Feature","properties":{"osm_id":"378427796","code":7229,"fclass":"farmland","name":"Paddy"},"geometry":{"type":"MultiPolygon","coordinates":[[[[79.8947,7.1747],[79.8959,7.1767],[79.8985,7.1766],[79.8981,7.176],[79.8967,7.1763],[79.8953,7.1744],[79.8947,7.1747]]]]}},{"type":"Feature","properties":{"osm_id":"378444454","code":7229,"fclass":"farmland","name":null},"geometry":{"type":"MultiPolygon","coordinates":[[[[79.8963,7.1424],[79.8969,7.1426],[79.8963,7.1424]]]]}},{"type":"Feature","properties":{"osm_id":"378602421","code":7229,"fclass":"farmland","name":null},"geometry":{"type":"MultiPolygon","coordinates":[[[[79.9044,7.0737],[79.9059,7.0737],[79.9056,7.0732],[79.9044,7.0737]]]]}},{"type":"Feature","properties":{"osm_id":"378602422","code":7229,"fclass":"farmland","name":null},"geometry":{"type":"MultiPolygon","coordinates":[[[[79.9028,7.0703],[79.9046,7.0724],[79.9046,7.0734],[79.9057,7.073],[79.9038,7.0697],[79.9028,7.0703]]]]}},{"type":"Feature","properties":{"osm_id":"378616969","code":7229,"fclass":"farmland","name":null},"geometry":{"type":"MultiPolygon","coordinates":[[[[79.9601,7.0461],[79.9607,7.0461],[79.9624,7.0495],[79.9639,7.0507],[79.9643,7.05],[79.9621,7.0485],[79.961,7.0468],[79.9622,7.0436],[79.9606,7.0408],[79.9612,7.0447],[79.961,7.046],[79.9601,7.0461]]]]}},{"type":"Feature","properties":{"osm_id":"378619307","code":7229,"fclass":"farmland","name":null},"geometry":{"type":"MultiPolygon","coordinates":[[[[79.9212,7.0683],[79.923,7.0688],[79.9235,7.0684],[79.9229,7.0674],[79.9215,7.0672],[79.9212,7.0683]]]]}},{"type":"Feature","properties":{"osm_id":"379296680","code":7229,"fclass":"farmland","name":null},"geometry":{"type":"MultiPolygon","coordinates":[[[[79.9038,7.1698],[79.9042,7.1705],[79.9044,7.1696],[79.9038,7.1698]]]]}},{"type":"Feature","properties":{"osm_id":"379488414","code":7229,"fclass":"farmland","name":null},"geometry":{"type":"MultiPolygon","coordinates":[[[[80.0435,6.7193],[80.0457,6.7206],[80.0487,6.7197],[80.0542,6.7204],[80.0545,6.7187],[80.0579,6.717],[80.0569,6.7167],[80.0549,6.7175],[80.0543,6.7166],[80.0552,6.7148],[80.0545,6.7148],[80.0535,6.7172],[80.0525,6.7174],[80.0517,6.7152],[80.0518,6.7174],[80.0507,6.7182],[80.0475,6.7185],[80.0461,6.7181],[80.0458,6.7189],[80.0451,6.7178],[80.0436,6.7185],[80.0435,6.7193]]]]}},{"type":"Feature","properties":{"osm_id":"379699752","code":7229,"fclass":"farmland","name":null},"geometry":{"type":"MultiPolygon","coordinates":[[[[79.9977,7.043],[79.999,7.0444],[79.9993,7.0439],[79.9977,7.043]]]]}},{"type":"Feature","properties":{"osm_id":"379720671","code":7229,"fclass":"farmland","name":null},"geometry":{"type":"MultiPolygon","coordinates":[[[[79.9958,7.1042],[79.9967,7.1049],[79.9959,7.1035],[79.9958,7.1042]]]]}},{"type":"Feature","properties":{"osm_id":"379865580","code":7229,"fclass":"farmland","name":null},"geometry":{"type":"MultiPolygon","coordinates":[[[[80.0236,6.7312],[80.0238,6.7319],[80.0243,6.7318],[80.0246,6.7308],[80.0261,6.7305],[80.0303,6.7275],[80.0327,6.728],[80.0333,6.7273],[80.0303,6.7268],[80.029,6.7271],[80.0254,6.7302],[80.0239,6.7305],[80.0236,6.7312]]]]}},{"type":"Feature","properties":{"osm_id":"379879921","code":7229,"fclass":"farmland","name":null},"geometry":{"type":"MultiPolygon","coordinates":[[[[79.9913,7.0999],[79.9924,7.1014],[79.9939,7.1014],[79.9939,7.1022],[79.9956,7.1027],[79.997,7.1054],[79.997,7.104],[79.9959,7.1029],[79.9952,7.1011],[79.9934,7.0999],[79.9929,7.0982],[79.9913,7.0999]]]]}},{"type":"Feature","properties":{"osm_id":"380023677","code":7229,"fclass":"farmland","name":null},"geometry":{"type":"MultiPolygon","coordinates":[[[[79.9724,7.0964],[79.9742,7.0961],[79.9738,7.0955],[79.9724,7.0964]]]]}},{"type":"Feature","properties":{"osm_id":"380023681","code":7229,"fclass":"farmland","name":null},"geometry":{"type":"MultiPolygon","coordinates":[[[[79.9739,7.0976],[79.9756,7.1003],[79.9767,7.1006],[79.9762,7.0984],[79.9747,7.0964],[79.9739,7.0976]]]]}},{"type":"Feature","properties":{"osm_id":"380528084","code":7229,"fclass":"farmland","name":null},"geometry":{"type":"MultiPolygon","coordinates":[[[[79.8958,7.1718],[79.8967,7.1718],[79.899,7.1701],[79.8972,7.1701],[79.8958,7.1718]]]]}},{"type":"Feature","properties":{"osm_id":"380703573","code":7229,"fclass":"farmland","name":null},"geometry":{"type":"MultiPolygon","coordinates":[[[[80.0335,7.0437],[80.034,7.0438],[80.0335,7.0437]]]]}},{"type":"Feature","properties":{"osm_id":"380707934","code":7229,"fclass":"farmland","name":null},"geometry":{"type":"MultiPolygon","coordinates":[[[[79.9929,7.0755],[79.993,7.0761],[79.9929,7.0755]]]]}},{"type":"Feature","properties":{"osm_id":"380712477","code":7229,"fclass":"farmland","name":null},"geometry":{"type":"MultiPolygon","coordinates":[[[[80.0304,7.0382],[80.0314,7.04],[80.0326,7.0409],[80.0325,7.0386],[80.0339,7.0379],[80.0338,7.0373],[80.0343,7.038],[80.0358,7.0356],[80.0374,7.0348],[80.0382,7.0351],[80.0391,7.0369],[80.0389,7.0387],[80.0402,7.0381],[80.0405,7.037],[80.0397,7.0364],[80.039,7.034],[80.0422,7.0318],[80.0453,7.0272],[80.0448,7.027],[80.0447,7.0278],[80.0443,7.0274],[80.0431,7.0295],[80.043,7.0289],[80.0421,7.0289],[80.0419,7.0298],[80.0403,7.0272],[80.0409,7.0304],[80.0382,7.0324],[80.0372,7.0323],[80.0346,7.0285],[80.0341,7.0286],[80.0364,7.0327],[80.0351,7.0333],[80.0342,7.0315],[80.0336,7.0313],[80.0333,7.0319],[80.0348,7.0338],[80.0304,7.0382]]]]}},{"type":"Feature","properties":{"osm_id":"380718283","code":7229,"fclass":"farmland","name":"Paddy"},"geometry":{"type":"MultiPolygon","coordinates":[[[[79.8962,7.194],[79.8976,7.1956],[79.902,7.1968],[79.9035,7.1965],[79.9042,7.1956],[79.9077,7.196],[79.9042,7.1948],[79.9024,7.1956],[79.8994,7.1949],[79.8974,7.1892],[79.8964,7.1888],[79.8973,7.1919],[79.8962,7.194]]]]}},{"type":"Feature","properties":{"osm_id":"380718486","code":7229,"fclass":"farmland","name":null},"geometry":{"type":"MultiPolygon","coordinates":[[[[79.8964,7.1879],[79.897,7.1881],[79.8972,7.1874],[79.8964,7.1879]]]]}},{"type":"Feature","properties":{"osm_id":"380718487","code":7229,"fclass":"farmland","name":"Paddy"},"geometry":{"type":"MultiPolygon","coordinates":[[[[79.8953,7.1851],[79.8954,7.187],[79.8961,7.1878],[79.8973,7.187],[79.8978,7.1851],[79.8991,7.1849],[79.8972,7.1834],[79.8972,7.1842],[79.8953,7.1851]]]]}},{"type":"Feature","properties":{"osm_id":"380721283","code":7229,"fclass":"farmland","name":"Paddy"},"geometry":{"type":"MultiPolygon","coordinates":[[[[79.8889,7.1972],[79.8898,7.1985],[79.8898,7.1969],[79.8889,7.1972]]]]}},{"type":"Feature","properties":{"osm_id":"380727524","code":7229,"fclass":"farmland","name":null},"geometry":{"type":"MultiPolygon","coordinates":[[[[80.0327,7.04],[80.0327,7.04]]]]}},{"type":"Feature","properties":{"osm_id":"380732772","code":7229,"fclass":"farmland","name":null},"geometry":{"type":"MultiPolygon","coordinates":[[[[79.9513,7.1002],[79.9527,7.0991],[79.9529,7.098],[79.9515,7.099],[79.9513,7.1002]]]]}},{"type":"Feature","properties":{"osm_id":"380774414","code":7229,"fclass":"farmland","name":null},"geometry":{"type":"MultiPolygon","coordinates":[[[[80.0739,7.1571],[80.0756,7.1596],[80.0804,7.1605],[80.0823,7.1622],[80.0822,7.1635],[80.0826,7.1634],[80.0825,7.1621],[80.0812,7.1604],[80.0827,7.1584],[80.0846,7.1599],[80.0854,7.1593],[80.0871,7.1624],[80.0887,7.1613],[80.0894,7.1618],[80.0888,7.1606],[80.087,7.1616],[80.0862,7.158],[80.0845,7.1575],[80.0848,7.1567],[80.0858,7.157],[80.0875,7.1547],[80.0854,7.1558],[80.0849,7.155],[80.085,7.1533],[80.0839,7.1527],[80.0819,7.1527],[80.0825,7.1533],[80.0827,7.1557],[80.0813,7.1581],[80.0798,7.1578],[80.0804,7.1559],[80.0765,7.1589],[80.0739,7.1571]]]]}},{"type":"Feature","properties":{"osm_id":"380784809","code":7229,"fclass":"farmland","name":null},"geometry":{"type":"MultiPolygon","coordinates":[[[[80.07,7.0675],[80.07,7.0675]]]]}},{"type":"Feature","properties":{"osm_id":"380784816","code":7229,"fclass":"farmland","name":null},"geometry":{"type":"MultiPolygon","coordinates":[[[[80.0694,7.068],[80.0701,7.0683],[80.0694,7.068]]]]}},{"type":"Feature","properties":{"osm_id":"380784817","code":7229,"fclass":"farmland","name":null},"geometry":{"type":"MultiPolygon","coordinates":[[[[80.0687,7.0678],[80.0694,7.0688],[80.0697,7.0685],[80.0692,7.0676],[80.0687,7.0678]]]]}},{"type":"Feature","properties":{"osm_id":"380789628","code":7229,"fclass":"farmland","name":null},"geometry":{"type":"MultiPolygon","coordinates":[[[[80.0862,7.0795],[80.0874,7.0814],[80.0875,7.0832],[80.0881,7.0833],[80.0877,7.0814],[80.0889,7.0807],[80.0862,7.0795]]]]}},{"type":"Feature","properties":{"osm_id":"380791499","code":7229,"fclass":"farmland","name":null},"geometry":{"type":"MultiPolygon","coordinates":[[[[80.0879,7.084],[80.0888,7.0846],[80.089,7.0841],[80.0881,7.0835],[80.0879,7.084]]]]}},{"type":"Feature","properties":{"osm_id":"380791501","code":7229,"fclass":"farmland","name":null},"geometry":{"type":"MultiPolygon","coordinates":[[[[80.0888,7.0844],[80.0895,7.0852],[80.0899,7.0848],[80.0888,7.0844]]]]}},{"type":"Feature","properties":{"osm_id":"380801718","code":7229,"fclass":"farmland","name":null},"geometry":{"type":"MultiPolygon","coordinates":[[[[80.0895,7.0852],[80.0933,7.0896],[80.0929,7.0911],[80.0917,7.0913],[80.0915,7.0921],[80.094,7.093],[80.0942,7.0942],[80.0952,7.093],[80.0955,7.0937],[80.0964,7.0938],[80.0962,7.093],[80.0975,7.0923],[80.0989,7.0938],[80.0993,7.0929],[80.0984,7.0918],[80.0984,7.0908],[80.0996,7.0895],[80.1007,7.0896],[80.1014,7.0883],[80.1027,7.0891],[80.1027,7.0904],[80.1041,7.09],[80.1062,7.0907],[80.1062,7.0893],[80.1046,7.0889],[80.105,7.0876],[80.1046,7.0872],[80.1036,7.0874],[80.1021,7.0864],[80.1005,7.0884],[80.0996,7.0881],[80.1004,7.0843],[80.1003,7.0835],[80.0995,7.0831],[80.0987,7.0833],[80.0991,7.0855],[80.0978,7.0857],[80.0984,7.0865],[80.0969,7.0911],[80.0944,7.092],[80.0935,7.0912],[80.0934,7.0877],[80.0929,7.0878],[80.0899,7.0848],[80.0895,7.0852]]]]}},{"type":"Feature","properties":{"osm_id":"380811903","code":7229,"fclass":"farmland","name":null},"geometry":{"type":"MultiPolygon","coordinates":[[[[80.148,7.1009],[80.1484,7.1027],[80.15,7.1038],[80.149,7.1004],[80.148,7.1009]]]]}},{"type":"Feature","properties":{"osm_id":"380852736","code":7229,"fclass":"farmland","name":null},"geometry":{"type":"MultiPolygon","coordinates":[[[[80.0839,7.0876],[80.0854,7.0885],[80.0857,7.0882],[80.0839,7.0876]]]]}},{"type":"Feature","properties":{"osm_id":"380852740","code":7229,"fclass":"farmland","name":null},"geometry":{"type":"MultiPolygon","coordinates":[[[[80.0855,7.0885],[80.0897,7.0919],[80.0896,7.0924],[80.0915,7.0923],[80.0916,7.0913],[80.0855,7.0885]]]]}},{"type":"Feature","properties":{"osm_id":"380856699","code":7229,"fclass":"farmland","name":null},"geometry":{"type":"MultiPolygon","coordinates":[[[[80.0787,7.079],[80.0791,7.0797],[80.0808,7.0795],[80.0805,7.0789],[80.0787,7.079]]]]}},{"type":"Feature","properties":{"osm_id":"380885166","code":7229,"fclass":"farmland","name":null},"geometry":{"type":"MultiPolygon","coordinates":[[[[80.0585,7.1013],[80.0594,7.1015],[80.0607,7.0985],[80.0598,7.0987],[80.06,7.0995],[80.0585,7.1013]]]]}},{"type":"Feature","properties":{"osm_id":"380894062","code":7229,"fclass":"farmland","name":null},"geometry":{"type":"MultiPolygon","coordinates":[[[[80.0803,7.1109],[80.0816,7.1121],[80.0811,7.113],[80.0824,7.1135],[80.0829,7.112],[80.0811,7.1104],[80.0826,7.1084],[80.0829,7.1068],[80.0822,7.1067],[80.0824,7.1081],[80.0803,7.1109]]]]}},{"type":"Feature","properties":{"osm_id":"380898257","code":7229,"fclass":"farmland","name":null},"geometry":{"type":"MultiPolygon","coordinates":[[[[80.0865,7.1031],[80.0881,7.1033],[80.09,7.105],[80.0898,7.1042],[80.0875,7.1023],[80.0865,7.1031]]]]}},{"type":"Feature","properties":{"osm_id":"380927874","code":7229,"fclass":"farmland","name":null},"geometry":{"type":"MultiPolygon","coordinates":[[[[80.041,7.0737],[80.0425,7.0758],[80.0433,7.0756],[80.041,7.0737]]]]}},{"type":"Feature","properties":{"osm_id":"380934550","code":7229,"fclass":"farmland","name":"paddy field"},"geometry":{"type":"MultiPolygon","coordinates":[[[[80.1167,7.111],[80.1169,7.1118],[80.1179,7.1118],[80.1186,7.1102],[80.1194,7.1114],[80.1206,7.1116],[80.1206,7.1112],[80.1194,7.1111],[80.1185,7.109],[80.1188,7.1072],[80.12,7.1063],[80.121,7.1068],[80.1211,7.1081],[80.1215,7.1069],[80.1207,7.105],[80.1195,7.105],[80.1184,7.1062],[80.1178,7.1077],[80.118,7.1097],[80.1167,7.111]]]]}},{"type":"Feature","properties":{"osm_id":"380934768","code":7229,"fclass":"farmland","name":null},"geometry":{"type":"MultiPolygon","coordinates":[[[[80.1061,7.0974],[80.1083,7.099],[80.1094,7.098],[80.1096,7.0968],[80.1086,7.0977],[80.1061,7.0974]]]]}},{"type":"Feature","properties":{"osm_id":"380935905","code":7229,"fclass":"farmland","name":null},"geometry":{"type":"MultiPolygon","coordinates":[[[[80.1549,7.0933],[80.1562,7.0929],[80.1552,7.0926],[80.1549,7.0933]]]]}},{"type":"Feature","properties":{"osm_id":"380936530","code":7229,"fclass":"farmland","name":null},"geometry":{"type":"MultiPolygon","coordinates":[[[[80.1463,7.1269],[80.1467,7.1272],[80.1473,7.1246],[80.1492,7.1233],[80.1477,7.1224],[80.1474,7.1207],[80.1468,7.1212],[80.1474,7.1221],[80.1463,7.1269]]]]}},{"type":"Feature","properties":{"osm_id":"380937352","code":7229,"fclass":"farmland","name":null},"geometry":{"type":"MultiPolygon","coordinates":[[[[80.1472,7.1258],[80.1483,7.1271],[80.1477,7.128],[80.1481,7.132],[80.1475,7.135],[80.1492,7.1362],[80.1506,7.1365],[80.1503,7.1357],[80.1481,7.1348],[80.1488,7.1325],[80.1504,7.1324],[80.1489,7.1315],[80.1489,7.1279],[80.151,7.1278],[80.152,7.1285],[80.1522,7.1331],[80.1532,7.1328],[80.1528,7.131],[80.1561,7.1312],[80.1532,7.1302],[80.1534,7.1293],[80.1528,7.1296],[80.153,7.1289],[80.1523,7.128],[80.1535,7.1266],[80.1514,7.1276],[80.1493,7.127],[80.1483,7.1257],[80.1472,7.1258]]]]}},{"type":"Feature","properties":{"osm_id":"380939187","code":7229,"fclass":"farmland","name":null},"geometry":{"type":"MultiPolygon","coordinates":[[[[80.1044,7.1121],[80.1049,7.1127],[80.1056,7.111],[80.1064,7.1107],[80.109,7.1108],[80.1082,7.1096],[80.1068,7.1097],[80.1044,7.1121]]]]}},{"type":"Feature","properties":{"osm_id":"380939188","code":7229,"fclass":"farmland","name":null},"geometry":{"type":"MultiPolygon","coordinates":[[[[80.1013,7.1128],[80.1024,7.1136],[80.1029,7.1154],[80.1036,7.114],[80.1032,7.1137],[80.1047,7.1125],[80.1013,7.112],[80.1013,7.1128]]]]}},{"type":"Feature","properties":{"osm_id":"380939432","code":7229,"fclass":"farmland","name":null},"geometry":{"type":"MultiPolygon","coordinates":[[[[80.1491,7.1238],[80.15,7.1243],[80.1498,7.1236],[80.1491,7.1238]]]]}},{"type":"Feature","properties":{"osm_id":"380939435","code":7229,"fclass":"farmland","name":null},"geometry":{"type":"MultiPolygon","coordinates":[[[[80.1449,7.1272],[80.1457,7.128],[80.1456,7.127],[80.1449,7.1272]]]]}},{"type":"Feature","properties":{"osm_id":"380939437","code":7229,"fclass":"farmland","name":null},"geometry":{"type":"MultiPolygon","coordinates":[[[[80.1451,7.127],[80.1451,7.127]]]]}},{"type":"Feature","properties":{"osm_id":"380939438","code":7229,"fclass":"farmland","name":null},"geometry":{"type":"MultiPolygon","coordinates":[[[[80.1447,7.1266],[80.1448,7.1271],[80.1456,7.1269],[80.1447,7.1266]]]]}},{"type":"Feature","properties":{"osm_id":"380939881","code":7229,"fclass":"farmland","name":null},"geometry":{"type":"MultiPolygon","coordinates":[[[[80.1039,7.1148],[80.1049,7.1152],[80.1043,7.118],[80.1049,7.1184],[80.1053,7.1161],[80.1065,7.1152],[80.1045,7.113],[80.1039,7.1148]]]]}},{"type":"Feature","properties":{"osm_id":"381188736","code":7229,"fclass":"farmland","name":null},"geometry":{"type":"MultiPolygon","coordinates":[[[[80.04,6.8558],[80.041,6.857],[80.04,6.8558]]]]}},{"type":"Feature","properties":{"osm_id":"381188823","code":7229,"fclass":"farmland","name":null},"geometry":{"type":"MultiPolygon","coordinates":[[[[80.0584,6.8419],[80.0592,6.8431],[80.0584,6.8419]]]]}},{"type":"Feature","properties":{"osm_id":"381192521","code":7229,"fclass":"farmland","name":null},"geometry":{"type":"MultiPolygon","coordinates":[[[[79.9475,6.9168],[79.9486,6.9173],[79.9498,6.9143],[79.948,6.9143],[79.9486,6.9155],[79.9475,6.9168]]]]}},{"type":"Feature","properties":{"osm_id":"381244131","code":7229,"fclass":"farmland","name":null},"geometry":{"type":"MultiPolygon","coordinates":[[[[80.1697,7.1101],[80.171,7.1105],[80.1716,7.1098],[80.1709,7.1093],[80.1697,7.1101]]]]}},{"type":"Feature","properties":{"osm_id":"381245388","code":7229,"fclass":"farmland","name":null},"geometry":{"type":"MultiPolygon","coordinates":[[[[80.1737,7.1108],[80.1748,7.1109],[80.1764,7.1081],[80.1757,7.1089],[80.1745,7.1087],[80.1737,7.1108]]]]}},{"type":"Feature","properties":{"osm_id":"381271641","code":7229,"fclass":"farmland","name":null},"geometry":{"type":"MultiPolygon","coordinates":[[[[80.1676,7.1151],[80.1697,7.1156],[80.1699,7.1144],[80.1712,7.113],[80.1704,7.1132],[80.1696,7.1124],[80.1692,7.1143],[80.1676,7.1151]]]]}},{"type":"Feature","properties":{"osm_id":"381271642","code":7229,"fclass":"farmland","name":null},"geometry":{"type":"MultiPolygon","coordinates":[[[[80.1713,7.1217],[80.1742,7.1217],[80.1757,7.1153],[80.1745,7.1141],[80.1734,7.1185],[80.1713,7.1217]]]]}},{"type":"Feature","properties":{"osm_id":"381277146","code":7229,"fclass":"farmland","name":null},"geometry":{"type":"MultiPolygon","coordinates":[[[[80.1422,7.1227],[80.1431,7.1227],[80.1435,7.1219],[80.1422,7.1214],[80.1422,7.1227]]]]}},{"type":"Feature","properties":{"osm_id":"381277147","code":7229,"fclass":"farmland","name":null},"geometry":{"type":"MultiPolygon","coordinates":[[[[80.1422,7.1214],[80.1435,7.1219],[80.1439,7.1202],[80.1431,7.12],[80.1422,7.1214]]]]}},{"type":"Feature","properties":{"osm_id":"381277690","code":7229,"fclass":"farmland","name":null},"geometry":{"type":"MultiPolygon","coordinates":[[[[80.1404,7.1182],[80.1409,7.1196],[80.1426,7.1186],[80.1431,7.12],[80.1439,7.1202],[80.1434,7.1178],[80.1404,7.1182]]]]}},{"type":"Feature","properties":{"osm_id":"381277806","code":7229,"fclass":"farmland","name":null},"geometry":{"type":"MultiPolygon","coordinates":[[[[80.1398,7.1204],[80.1398,7.121],[80.1409,7.1196],[80.1398,7.1204]]]]}},{"type":"Feature","properties":{"osm_id":"381278042","code":7229,"fclass":"farmland","name":null},"geometry":{"type":"MultiPolygon","coordinates":[[[[80.1419,7.1172],[80.142,7.1179],[80.1434,7.1178],[80.1434,7.1172],[80.1419,7.1172]]]]}},{"type":"Feature","properties":{"osm_id":"381278043","code":7229,"fclass":"farmland","name":null},"geometry":{"type":"MultiPolygon","coordinates":[[[[80.1444,7.1197],[80.1453,7.1207],[80.145,7.1192],[80.1444,7.1197]]]]}},{"type":"Feature","properties":{"osm_id":"381315339","code":7229,"fclass":"farmland","name":null},"geometry":{"type":"MultiPolygon","coordinates":[[[[80.1033,7.1402],[80.1036,7.1416],[80.1042,7.1415],[80.1033,7.1402]]]]}},{"type":"Feature","properties":{"osm_id":"381393994","code":7229,"fclass":"farmland","name":null},"geometry":{"type":"MultiPolygon","coordinates":[[[[80.1129,7.0987],[80.1133,7.0989],[80.1141,7.0969],[80.1168,7.0949],[80.1175,7.0962],[80.1215,7.0984],[80.123,7.0967],[80.127,7.0961],[80.1285,7.0961],[80.1288,7.0973],[80.1299,7.0963],[80.1307,7.097],[80.1342,7.0978],[80.135,7.0963],[80.1314,7.0962],[80.1281,7.0939],[80.1304,7.0924],[80.1371,7.0921],[80.1366,7.0913],[80.135,7.092],[80.1337,7.0913],[80.1297,7.092],[80.1303,7.0906],[80.1318,7.0891],[80.1346,7.0892],[80.1346,7.0882],[80.1359,7.0888],[80.1364,7.0871],[80.1411,7.0889],[80.1417,7.088],[80.1402,7.0881],[80.1402,7.0873],[80.1396,7.0869],[80.1389,7.0875],[80.1344,7.0868],[80.1343,7.0876],[80.134,7.0864],[80.1346,7.0855],[80.1339,7.0852],[80.1332,7.0875],[80.1326,7.0876],[80.1326,7.0864],[80.131,7.0853],[80.1292,7.0829],[80.13,7.0816],[80.1323,7.0807],[80.1323,7.079],[80.1312,7.0801],[80.1304,7.0798],[80.1293,7.0805],[80.1289,7.0816],[80.128,7.0793],[80.1272,7.079],[80.1279,7.0808],[80.1268,7.0813],[80.1275,7.081],[80.1283,7.0816],[80.1289,7.0828],[80.1274,7.0824],[80.1288,7.0834],[80.1285,7.0842],[80.1296,7.0842],[80.1311,7.0869],[80.1298,7.0891],[80.1294,7.0881],[80.1278,7.0875],[80.1274,7.0862],[80.127,7.0864],[80.1274,7.0875],[80.1291,7.0887],[80.1292,7.0899],[80.1281,7.0911],[80.127,7.0906],[80.1273,7.0923],[80.1263,7.093],[80.1261,7.0945],[80.1253,7.0948],[80.1241,7.0939],[80.1233,7.0953],[80.1221,7.0949],[80.122,7.0934],[80.1233,7.0906],[80.1233,7.09],[80.1224,7.09],[80.122,7.092],[80.1205,7.0938],[80.1205,7.0962],[80.1196,7.0956],[80.1186,7.0959],[80.1189,7.0951],[80.1176,7.0942],[80.1174,7.0929],[80.1188,7.0916],[80.1196,7.0893],[80.1189,7.0882],[80.1184,7.0912],[80.1173,7.088],[80.1164,7.0876],[80.1171,7.0884],[80.1168,7.0895],[80.1177,7.0907],[80.1177,7.0922],[80.116,7.0931],[80.1151,7.0921],[80.1157,7.0942],[80.1151,7.0959],[80.1134,7.0962],[80.1129,7.0987]]]]}},{"type":"Feature","properties":{"osm_id":"381394000","code":7229,"fclass":"farmland","name":null},"geometry":{"type":"MultiPolygon","coordinates":[[[[80.144,7.0837],[80.1444,7.0842],[80.144,7.0837]]]]}},{"type":"Feature","properties":{"osm_id":"381403827","code":7229,"fclass":"farmland","name":null},"geometry":{"type":"MultiPolygon","coordinates":[[[[80.0692,7.09],[80.07,7.0894],[80.0692,7.0892],[80.0692,7.09]]]]}},{"type":"Feature","properties":{"osm_id":"381403828","code":7229,"fclass":"farmland","name":null},"geometry":{"type":"MultiPolygon","coordinates":[[[[80.069,7.0908],[80.0693,7.0912],[80.0697,7.0901],[80.0692,7.09],[80.069,7.0908]]]]}},{"type":"Feature","properties":{"osm_id":"381406566","code":7229,"fclass":"farmland","name":null},"geometry":{"type":"MultiPolygon","coordinates":[[[[80.1013,7.1341],[80.103,7.1346],[80.1021,7.1336],[80.1021,7.1342],[80.1017,7.1337],[80.1013,7.1341]]]]}},{"type":"Feature","properties":{"osm_id":"381408393","code":7229,"fclass":"farmland","name":null},"geometry":{"type":"MultiPolygon","coordinates":[[[[80.0948,7.1503],[80.0994,7.1527],[80.1004,7.1565],[80.0993,7.1577],[80.0999,7.1581],[80.1002,7.1597],[80.1011,7.1567],[80.1004,7.1536],[80.1014,7.1526],[80.1033,7.153],[80.1034,7.1524],[80.1015,7.1523],[80.1013,7.1512],[80.0996,7.1496],[80.0984,7.1499],[80.0972,7.1486],[80.0948,7.1503]]]]}},{"type":"Feature","properties":{"osm_id":"381408471","code":7229,"fclass":"farmland","name":null},"geometry":{"type":"MultiPolygon","coordinates":[[[[80.0942,7.1511],[80.0965,7.1533],[80.097,7.1566],[80.0975,7.1545],[80.097,7.1527],[80.0951,7.1507],[80.0942,7.1511]]]]}},{"type":"Feature","properties":{"osm_id":"382181825","code":7229,"fclass":"farmland","name":null},"geometry":{"type":"MultiPolygon","coordinates":[[[[79.9926,7.0399],[79.9931,7.0413],[79.9965,7.0427],[79.9971,7.0454],[80.0,7.0474],[80.0005,7.047],[80.001,7.0488],[80.0044,7.0524],[80.009,7.0554],[80.0084,7.0577],[80.0094,7.0594],[80.0101,7.0591],[80.0099,7.0576],[80.0112,7.0565],[80.0109,7.0552],[80.0119,7.0528],[80.0147,7.0506],[80.0177,7.0507],[80.0178,7.0481],[80.0193,7.0484],[80.0205,7.0501],[80.0216,7.0505],[80.0184,7.0476],[80.0195,7.0455],[80.0226,7.0451],[80.0314,7.04],[80.0304,7.0382],[80.0261,7.0405],[80.0247,7.0405],[80.024,7.0426],[80.0231,7.0428],[80.0235,7.0433],[80.0187,7.0442],[80.0159,7.0486],[80.0148,7.0486],[80.0161,7.0435],[80.0171,7.0433],[80.0177,7.0417],[80.0199,7.04],[80.0196,7.0381],[80.0201,7.0369],[80.0213,7.0356],[80.025,7.0348],[80.0216,7.0348],[80.0227,7.0319],[80.0244,7.0314],[80.0261,7.0299],[80.0283,7.0302],[80.0287,7.0295],[80.0262,7.0295],[80.0235,7.0307],[80.0231,7.0282],[80.0247,7.0268],[80.0231,7.0274],[80.022,7.0271],[80.0188,7.0245],[80.0165,7.0255],[80.0148,7.0247],[80.0132,7.0227],[80.0117,7.0225],[80.0108,7.0231],[80.0123,7.0231],[80.014,7.0247],[80.0141,7.0257],[80.0129,7.0275],[80.0097,7.0284],[80.0087,7.0279],[80.0089,7.0273],[80.0079,7.0273],[80.0079,7.0279],[80.0106,7.0287],[80.0166,7.0265],[80.0192,7.0269],[80.0217,7.0288],[80.022,7.0304],[80.0206,7.0327],[80.018,7.0317],[80.0166,7.0303],[80.0175,7.0319],[80.0168,7.0335],[80.0189,7.0334],[80.0195,7.0348],[80.016,7.0418],[80.015,7.0416],[80.0149,7.0405],[80.0133,7.0391],[80.0131,7.0403],[80.0146,7.043],[80.0146,7.0449],[80.0129,7.0494],[80.0116,7.0511],[80.0111,7.0511],[80.0085,7.0462],[80.0104,7.0515],[80.0099,7.0538],[80.0087,7.054],[80.0055,7.0518],[80.0029,7.0488],[80.0012,7.0453],[80.0023,7.0436],[80.0053,7.0428],[80.0074,7.0415],[80.0094,7.0363],[80.0112,7.0345],[80.0106,7.034],[80.0102,7.035],[80.01,7.0322],[80.0098,7.0342],[80.0072,7.0404],[80.0042,7.0419],[80.0035,7.0416],[80.0009,7.0435],[79.9993,7.0425],[80.0003,7.044],[79.9998,7.0446],[79.998,7.044],[79.9969,7.0408],[80.0023,7.0374],[80.0032,7.0348],[80.0023,7.0357],[80.0022,7.0345],[80.0017,7.0345],[80.0021,7.0363],[79.9997,7.0377],[79.999,7.0372],[79.9993,7.0343],[79.9983,7.0344],[79.9987,7.0365],[79.9982,7.0385],[79.9963,7.0393],[79.995,7.0366],[79.9957,7.0391],[79.9953,7.0404],[79.9932,7.0407],[79.9928,7.0388],[79.9926,7.0399]]]]}},{"type":"Feature","properties":{"osm_id":"382191279","code":7229,"fclass":"farmland","name":"Paddy"},"geometry":{"type":"MultiPolygon","coordinates":[[[[80.0202,7.0208],[80.0242,7.0219],[80.026,7.0197],[80.0239,7.0207],[80.0213,7.0199],[80.0202,7.0208]]]]}},{"type":"Feature","properties":{"osm_id":"382193086","code":7229,"fclass":"farmland","name":null},"geometry":{"type":"MultiPolygon","coordinates":[[[[80.0261,6.7351],[80.028,6.7359],[80.0284,6.7353],[80.0262,6.7343],[80.0261,6.7351]]]]}},{"type":"Feature","properties":{"osm_id":"382209357","code":7229,"fclass":"farmland","name":null},"geometry":{"type":"MultiPolygon","coordinates":[[[[79.9337,7.0595],[79.9342,7.0601],[79.9346,7.0595],[79.9337,7.0595]]]]}},{"type":"Feature","properties":{"osm_id":"382210688","code":7229,"fclass":"farmland","name":"Paddy"},"geometry":{"type":"MultiPolygon","coordinates":[[[[80.0189,7.0154],[80.0244,7.0155],[80.0244,7.015],[80.0198,7.0152],[80.0189,7.0146],[80.0189,7.0154]]]]}},{"type":"Feature","properties":{"osm_id":"382215403","code":7229,"fclass":"farmland","name":null},"geometry":{"type":"MultiPolygon","coordinates":[[[[80.0033,7.0042],[80.0035,7.0052],[80.0035,7.0045],[80.004,7.0046],[80.0067,7.0095],[80.0067,7.0104],[80.0104,7.0114],[80.0138,7.0134],[80.0113,7.0112],[80.0073,7.0093],[80.0057,7.0068],[80.0061,7.0056],[80.0054,7.0054],[80.0053,7.0038],[80.004,7.0041],[80.0039,7.0036],[80.0033,7.0042]]]]}},{"type":"Feature","properties":{"osm_id":"382228029","code":7229,"fclass":"farmland","name":null},"geometry":{"type":"MultiPolygon","coordinates":[[[[79.9901,7.0307],[79.9911,7.0323],[79.9913,7.0308],[79.9946,7.0309],[79.9964,7.0297],[79.9947,7.0294],[79.9938,7.0305],[79.9904,7.0301],[79.9901,7.0307]]]]}},{"type":"Feature","properties":{"osm_id":"382228033","code":7229,"fclass":"farmland","name":null},"geometry":{"type":"MultiPolygon","coordinates":[[[[79.9873,7.0382],[79.9884,7.038],[79.988,7.039],[79.9889,7.0385],[79.9901,7.0396],[79.9897,7.0407],[79.9876,7.0408],[79.9877,7.0412],[79.9906,7.0406],[79.9924,7.041],[79.9924,7.0404],[79.9909,7.0399],[79.9889,7.038],[79.9876,7.0375],[79.9873,7.0382]]]]}},{"type":"Feature","properties":{"osm_id":"382228034","code":7229,"fclass":"farmland","name":null},"geometry":{"type":"MultiPolygon","coordinates":[[[[79.9878,7.0326],[79.9892,7.0332],[79.9895,7.0315],[79.9904,7.0328],[79.9897,7.0315],[79.9904,7.0299],[79.9878,7.0326]]]]}},{"type":"Feature","properties":{"osm_id":"382383509","code":7229,"fclass":"farmland","name":null},"geometry":{"type":"MultiPolygon","coordinates":[[[[79.9963,7.0291],[79.9965,7.0297],[80.0008,7.0293],[80.0012,7.0283],[80.0023,7.0278],[79.9963,7.0291]]]]}},{"type":"Feature","properties":{"osm_id":"382389787","code":7229,"fclass":"farmland","name":null},"geometry":{"type":"MultiPolygon","coordinates":[[[[80.0218,7.0614],[80.0225,7.062],[80.023,7.0614],[80.0223,7.0608],[80.0218,7.0614]]]]}},{"type":"Feature","properties":{"osm_id":"382398222","code":7229,"fclass":"farmland","name":null},"geometry":{"type":"MultiPolygon","coordinates":[[[[80.0134,7.0334],[80.015,7.0337],[80.0134,7.0334]]]]}},{"type":"Feature","properties":{"osm_id":"382403633","code":7229,"fclass":"farmland","name":null},"geometry":{"type":"MultiPolygon","coordinates":[[[[80.0244,7.0155],[80.0252,7.0153],[80.0244,7.015],[80.0244,7.0155]]]]}},{"type":"Feature","properties":{"osm_id":"382985979","code":7229,"fclass":"farmland","name":null},"geometry":{"type":"MultiPolygon","coordinates":[[[[79.9819,7.0435],[79.9825,7.0437],[79.983,7.0414],[79.9836,7.041],[79.9828,7.04],[79.9831,7.0386],[79.9819,7.0435]]]]}},{"type":"Feature","properties":{"osm_id":"382987423","code":7229,"fclass":"farmland","name":null},"geometry":{"type":"MultiPolygon","coordinates":[[[[80.0024,7.075],[80.0033,7.0744],[80.0029,7.0739],[80.0024,7.075]]]]}},{"type":"Feature","properties":{"osm_id":"382994923","code":7229,"fclass":"farmland","name":null},"geometry":{"type":"MultiPolygon","coordinates":[[[[79.9207,7.1169],[79.9216,7.1195],[79.9249,7.1206],[79.9243,7.1172],[79.9258,7.1158],[79.9259,7.1139],[79.9243,7.1138],[79.9239,7.1153],[79.9228,7.1161],[79.9211,7.1157],[79.9207,7.1169]]]]}},{"type":"Feature","properties":{"osm_id":"383029258","code":7229,"fclass":"farmland","name":null},"geometry":{"type":"MultiPolygon","coordinates":[[[[79.941,7.0961],[79.9411,7.0968],[79.9421,7.0962],[79.9435,7.0974],[79.943,7.0956],[79.9418,7.095],[79.941,7.0961]]]]}},{"type":"Feature","properties":{"osm_id":"383198791","code":7229,"fclass":"farmland","name":null},"geometry":{"type":"MultiPolygon","coordinates":[[[[79.9307,7.0961],[79.9313,7.0969],[79.9358,7.0964],[79.9367,7.0982],[79.9363,7.0999],[79.9374,7.1],[79.938,7.099],[79.9377,7.097],[79.9396,7.0964],[79.9409,7.0932],[79.9424,7.0925],[79.9423,7.0908],[79.9434,7.0908],[79.9457,7.0879],[79.9533,7.0868],[79.9542,7.0848],[79.9533,7.0848],[79.9544,7.0824],[79.9529,7.0826],[79.9519,7.0819],[79.9524,7.0832],[79.9519,7.0846],[79.9508,7.0862],[79.9495,7.0864],[79.9497,7.0848],[79.9457,7.085],[79.944,7.0831],[79.9462,7.0798],[79.951,7.0784],[79.9476,7.0781],[79.9493,7.0768],[79.9492,7.0764],[79.9482,7.0766],[79.9482,7.0761],[79.9494,7.074],[79.9503,7.0735],[79.9529,7.0748],[79.9511,7.0732],[79.9511,7.0725],[79.9554,7.0716],[79.9553,7.071],[79.949,7.0729],[79.9484,7.0696],[79.946,7.0697],[79.9466,7.0724],[79.946,7.0771],[79.944,7.0797],[79.9414,7.0791],[79.942,7.0819],[79.9405,7.0833],[79.9383,7.0823],[79.9375,7.0795],[79.9384,7.078],[79.9367,7.0785],[79.935,7.0772],[79.9325,7.0726],[79.9318,7.074],[79.9327,7.0758],[79.9341,7.0771],[79.9352,7.0794],[79.9369,7.0808],[79.9359,7.0834],[79.9346,7.0839],[79.932,7.0831],[79.9329,7.0836],[79.9321,7.0846],[79.9346,7.0863],[79.9351,7.0848],[79.9373,7.0839],[79.9387,7.0854],[79.9402,7.0859],[79.9403,7.0871],[79.9396,7.09],[79.9381,7.0907],[79.9381,7.0913],[79.936,7.0917],[79.9355,7.0934],[79.9343,7.0939],[79.9341,7.0947],[79.9307,7.0961]]]]}},{"type":"Feature","properties":{"osm_id":"5703292","code":7229,"fclass":"farmland","name":"Paddy"},"geometry":{"type":"MultiPolygon","coordinates":[[[[80.1581,7.1088],[80.1594,7.1093],[80.1625,7.1059],[80.1611,7.1048],[80.1611,7.1036],[80.1598,7.1035],[80.159,7.1045],[80.1598,7.1068],[80.1581,7.1088]]]]}},{"type":"Feature","properties":{"osm_id":"383293204","code":7229,"fclass":"farmland","name":null},"geometry":{"type":"MultiPolygon","coordinates":[[[[80.0444,7.0924],[80.0452,7.0931],[80.0444,7.0924]]]]}},{"type":"Feature","properties":{"osm_id":"383293205","code":7229,"fclass":"farmland","name":null},"geometry":{"type":"MultiPolygon","coordinates":[[[[80.0433,7.092],[80.0443,7.0918],[80.0433,7.092]]]]}},{"type":"Feature","properties":{"osm_id":"383293206","code":7229,"fclass":"farmland","name":null},"geometry":{"type":"MultiPolygon","coordinates":[[[[80.0457,7.0945],[80.0459,7.0952],[80.0461,7.0944],[80.0457,7.0945]]]]}},{"type":"Feature","properties":{"osm_id":"383408278","code":7229,"fclass":"farmland","name":null},"geometry":{"type":"MultiPolygon","coordinates":[[[[79.944,7.0909],[79.9447,7.0916],[79.9469,7.092],[79.9474,7.0933],[79.9499,7.0917],[79.9506,7.088],[79.946,7.0885],[79.944,7.0909]]]]}},{"type":"Feature","properties":{"osm_id":"5688279","code":7229,"fclass":"farmland","name":null},"geometry":{"type":"MultiPolygon","coordinates":[[[[79.9976,7.106],[80.001,7.1088],[80.0012,7.1096],[80.0004,7.1103],[80.0031,7.1107],[80.0047,7.1102],[80.0068,7.1111],[80.008,7.1127],[80.0091,7.1122],[80.0111,7.113],[80.0108,7.1145],[80.0116,7.1154],[80.0123,7.1211],[80.0111,7.1219],[80.0091,7.1206],[80.0078,7.1205],[80.0068,7.122],[80.0091,7.1214],[80.0116,7.1229],[80.0103,7.1248],[80.0103,7.1254],[80.0113,7.1258],[80.0114,7.1269],[80.0107,7.1281],[80.0078,7.129],[80.0063,7.1316],[80.0068,7.1323],[80.0067,7.1312],[80.0077,7.1297],[80.0116,7.129],[80.0115,7.1312],[80.0124,7.1313],[80.0131,7.1341],[80.0144,7.1341],[80.0147,7.1308],[80.014,7.1288],[80.0144,7.1267],[80.0133,7.1207],[80.0147,7.1188],[80.0169,7.1199],[80.0176,7.1196],[80.0187,7.1201],[80.0164,7.1163],[80.0168,7.116],[80.0185,7.1172],[80.0205,7.1201],[80.0209,7.1194],[80.0229,7.1213],[80.0247,7.1217],[80.0233,7.1211],[80.0211,7.1176],[80.0214,7.1168],[80.024,7.1157],[80.0235,7.115],[80.022,7.1149],[80.022,7.1138],[80.0214,7.1136],[80.022,7.1135],[80.0221,7.1125],[80.0232,7.1129],[80.0233,7.1123],[80.0226,7.1118],[80.0234,7.1103],[80.0228,7.1097],[80.0235,7.109],[80.025,7.1088],[80.0258,7.1103],[80.026,7.1081],[80.0277,7.1074],[80.0287,7.1079],[80.0293,7.1072],[80.0307,7.1092],[80.0307,7.1106],[80.0328,7.1108],[80.0348,7.1096],[80.0352,7.1108],[80.0347,7.112],[80.0371,7.1117],[80.0363,7.1089],[80.0347,7.1082],[80.035,7.1063],[80.0356,7.1061],[80.0372,7.1072],[80.0374,7.1081],[80.0397,7.1093],[80.0401,7.1106],[80.0396,7.112],[80.0405,7.1119],[80.0405,7.1127],[80.041,7.1123],[80.0419,7.113],[80.0415,7.1097],[80.0425,7.1093],[80.0435,7.1106],[80.0444,7.1095],[80.0415,7.1073],[80.0398,7.1076],[80.0376,7.1052],[80.0363,7.1047],[80.0375,7.102],[80.0345,7.1025],[80.0332,7.1021],[80.0329,7.1032],[80.031,7.1046],[80.0294,7.1043],[80.0262,7.1066],[80.0232,7.1063],[80.0224,7.1098],[80.0209,7.1116],[80.0197,7.1113],[80.0192,7.11],[80.0181,7.1099],[80.0171,7.109],[80.0165,7.1093],[80.0161,7.1114],[80.0153,7.1112],[80.0152,7.109],[80.014,7.1096],[80.014,7.1084],[80.0132,7.1081],[80.0127,7.11],[80.0146,7.1131],[80.0159,7.1131],[80.0152,7.1145],[80.0121,7.1103],[80.0105,7.1093],[80.0084,7.1094],[80.0081,7.1081],[80.0074,7.1078],[80.0088,7.1072],[80.0071,7.1066],[80.0061,7.1047],[80.0021,7.1058],[80.0001,7.1046],[79.998,7.1047],[79.9979,7.1057],[79.9985,7.1063],[79.9976,7.106]],[[80.017,7.1129],[80.0174,7.1124],[80.0177,7.1131],[80.0176,7.1121],[80.0183,7.1115],[80.0193,7.1128],[80.0207,7.1133],[80.0199,7.1157],[80.019,7.1158],[80.0179,7.1134],[80.017,7.1129]],[[80.0309,7.1082],[80.0313,7.1071],[80.0345,7.1083],[80.0329,7.1097],[80.0309,7.1082]],[[80.032,7.1054],[80.0335,7.1043],[80.034,7.1026],[80.0355,7.1036],[80.034,7.1058],[80.032,7.1054]]]]}},{"type":"Feature","properties":{"osm_id":"384142439","code":7229,"fclass":"farmland","name":null},"geometry":{"type":"MultiPolygon","coordinates":[[[[80.0908,6.5054],[80.0918,6.5061],[80.0926,6.5039],[80.0908,6.5054]]]]}},{"type":"Feature","properties":{"osm_id":"384153596","code":7229,"fclass":"farmland","name":"Mawee wela"},"geometry":{"type":"MultiPolygon","coordinates":[[[[79.9823,7.0826],[79.9835,7.0829],[79.9834,7.0836],[79.985,7.0851],[79.9839,7.0825],[79.9823,7.0826]]]]}},{"type":"Feature","properties":{"osm_id":"384275549","code":7229,"fclass":"farmland","name":null},"geometry":{"type":"MultiPolygon","coordinates":[[[[79.98,7.079],[79.9805,7.0801],[79.9818,7.08],[79.9825,7.0824],[79.984,7.0822],[79.9844,7.0829],[79.9846,7.0818],[79.9835,7.0811],[79.9835,7.08],[79.9814,7.0786],[79.98,7.079]]]]}},{"type":"Feature","properties":{"osm_id":"384280956","code":7229,"fclass":"farmland","name":null},"geometry":{"type":"MultiPolygon","coordinates":[[[[79.9831,7.0794],[79.9844,7.0804],[79.984,7.0791],[79.9831,7.0794]]]]}},{"type":"Feature","properties":{"osm_id":"384298756","code":7229,"fclass":"farmland","name":null},"geometry":{"type":"MultiPolygon","coordinates":[[[[79.9858,7.0928],[79.987,7.0932],[79.9873,7.0925],[79.9863,7.0922],[79.9858,7.0928]]]]}},{"type":"Feature","properties":{"osm_id":"384298758","code":7229,"fclass":"farmland","name":null},"geometry":{"type":"MultiPolygon","coordinates":[[[[79.9694,7.0901],[79.9705,7.0903],[79.9704,7.0909],[79.972,7.0919],[79.972,7.09],[79.9744,7.0876],[79.9728,7.0905],[79.9722,7.0904],[79.9721,7.0918],[79.9748,7.091],[79.9751,7.0901],[79.9777,7.0899],[79.9796,7.0911],[79.9807,7.0937],[79.9828,7.0933],[79.9828,7.0928],[79.9857,7.093],[79.9858,7.0918],[79.9851,7.0912],[79.986,7.0907],[79.985,7.09],[79.9849,7.0909],[79.9841,7.0915],[79.9817,7.089],[79.9806,7.0892],[79.9797,7.0878],[79.9792,7.0884],[79.9777,7.0873],[79.9769,7.0878],[79.9766,7.0868],[79.9756,7.0867],[79.9753,7.0858],[79.9769,7.0859],[79.9765,7.0865],[79.9773,7.087],[79.9778,7.0863],[79.98,7.0866],[79.98,7.0871],[79.9805,7.0865],[79.982,7.0867],[79.983,7.0851],[79.9797,7.0825],[79.9782,7.0829],[79.9787,7.0818],[79.9808,7.0823],[79.981,7.0816],[79.982,7.0816],[79.9817,7.0801],[79.9806,7.0804],[79.9797,7.0795],[79.98,7.079],[79.9784,7.079],[79.9775,7.0795],[79.9775,7.0806],[79.9769,7.0804],[79.9769,7.0795],[79.9753,7.0793],[79.9742,7.08],[79.976,7.0806],[79.9763,7.0824],[79.9758,7.0832],[79.9748,7.0832],[79.9747,7.0817],[79.9742,7.0814],[79.9729,7.0824],[79.9739,7.0827],[79.9737,7.0841],[79.9728,7.0826],[79.9734,7.0843],[79.9721,7.0844],[79.9718,7.0826],[79.9698,7.0838],[79.97,7.0889],[79.9694,7.0901]]]]}},{"type":"Feature","properties":{"osm_id":"384359767","code":7229,"fclass":"farmland","name":null},"geometry":{"type":"MultiPolygon","coordinates":[[[[80.0322,7.0169],[80.0354,7.0174],[80.0348,7.0165],[80.0323,7.0163],[80.0322,7.0169]]]]}},{"type":"Feature","properties":{"osm_id":"384498412","code":7229,"fclass":"farmland","name":null},"geometry":{"type":"MultiPolygon","coordinates":[[[[79.9594,6.8504],[79.9598,6.8506],[79.9616,6.8493],[79.9634,6.8497],[79.9637,6.8491],[79.9629,6.8489],[79.9617,6.8473],[79.961,6.849],[79.9594,6.8504]]]]}},{"type":"Feature","properties":{"osm_id":"384498599","code":7229,"fclass":"farmland","name":null},"geometry":{"type":"MultiPolygon","coordinates":[[[[79.9586,6.8521],[79.9601,6.852],[79.9599,6.8508],[79.9593,6.8505],[79.9586,6.8521]]]]}},{"type":"Feature","properties":{"osm_id":"384656408","code":7229,"fclass":"farmland","name":null},"geometry":{"type":"MultiPolygon","coordinates":[[[[80.0287,7.0292],[80.03,7.0286],[80.0287,7.0292]]]]}},{"type":"Feature","properties":{"osm_id":"384704713","code":7229,"fclass":"farmland","name":null},"geometry":{"type":"MultiPolygon","coordinates":[[[[79.9721,7.0254],[79.9731,7.0265],[79.9722,7.0255],[79.9724,7.0246],[79.9721,7.0254]]]]}},{"type":"Feature","properties":{"osm_id":"384707269","code":7229,"fclass":"farmland","name":null},"geometry":{"type":"MultiPolygon","coordinates":[[[[79.9878,7.0246],[79.9889,7.0269],[79.9886,7.0246],[79.9878,7.0246]]]]}},{"type":"Feature","properties":{"osm_id":"384709619","code":7229,"fclass":"farmland","name":"Paddy field"},"geometry":{"type":"MultiPolygon","coordinates":[[[[80.0004,7.0228],[80.0015,7.0251],[80.0026,7.0244],[80.0009,7.0227],[80.0004,7.0228]]]]}},{"type":"Feature","properties":{"osm_id":"384783443","code":7229,"fclass":"farmland","name":"Paddy"},"geometry":{"type":"MultiPolygon","coordinates":[[[[79.9808,7.0941],[79.9809,7.0946],[79.9845,7.0959],[79.9862,7.0946],[79.9873,7.0948],[79.9862,7.0933],[79.9845,7.0943],[79.9832,7.0936],[79.9808,7.0941]]]]}},{"type":"Feature","properties":{"osm_id":"384789798","code":7229,"fclass":"farmland","name":null},"geometry":{"type":"MultiPolygon","coordinates":[[[[79.9816,7.0887],[79.9829,7.09],[79.9856,7.09],[79.9842,7.0883],[79.9841,7.0894],[79.9842,7.088],[79.9837,7.0877],[79.9831,7.0886],[79.9816,7.0887]]]]}},{"type":"Feature","properties":{"osm_id":"384797168","code":7229,"fclass":"farmland","name":null},"geometry":{"type":"MultiPolygon","coordinates":[[[[80.0408,7.0962],[80.0418,7.0969],[80.0426,7.0958],[80.0426,7.0967],[80.0441,7.0957],[80.0427,7.0953],[80.0408,7.0962]]]]}},{"type":"Feature","properties":{"osm_id":"384800979","code":7229,"fclass":"farmland","name":null},"geometry":{"type":"MultiPolygon","coordinates":[[[[79.9682,7.0896],[79.9688,7.0895],[79.9682,7.0896]]]]}},{"type":"Feature","properties":{"osm_id":"384802770","code":7229,"fclass":"farmland","name":null},"geometry":{"type":"MultiPolygon","coordinates":[[[[80.0413,7.0973],[80.0418,7.0984],[80.042,7.0976],[80.0435,7.0968],[80.0413,7.0973]]]]}},{"type":"Feature","properties":{"osm_id":"384802771","code":7229,"fclass":"farmland","name":null},"geometry":{"type":"MultiPolygon","coordinates":[[[[80.0431,7.0967],[80.0448,7.0987],[80.0457,7.0979],[80.0449,7.0976],[80.0447,7.0981],[80.0443,7.0962],[80.0431,7.0967]]]]}},{"type":"Feature","properties":{"osm_id":"384806002","code":7229,"fclass":"farmland","name":null},"geometry":{"type":"MultiPolygon","coordinates":[[[[79.9659,7.0897],[79.9664,7.0897],[79.9659,7.0897]]]]}},{"type":"Feature","properties":{"osm_id":"384806003","code":7229,"fclass":"farmland","name":null},"geometry":{"type":"MultiPolygon","coordinates":[[[[79.966,7.0899],[79.9666,7.09],[79.966,7.0899]]]]}},{"type":"Feature","properties":{"osm_id":"384965669","code":7229,"fclass":"farmland","name":null},"geometry":{"type":"MultiPolygon","coordinates":[[[[80.0344,7.101],[80.0352,7.1014],[80.0366,7.1005],[80.0369,7.0982],[80.0395,7.098],[80.0378,7.0967],[80.0363,7.0976],[80.0363,7.0987],[80.0354,7.0985],[80.0345,7.0992],[80.0344,7.101]]]]}},{"type":"Feature","properties":{"osm_id":"385073546","code":7229,"fclass":"farmland","name":null},"geometry":{"type":"MultiPolygon","coordinates":[[[[80.0791,7.0898],[80.0809,7.092],[80.081,7.0914],[80.0791,7.0898]]]]}},{"type":"Feature","properties":{"osm_id":"385073547","code":7229,"fclass":"farmland","name":null},"geometry":{"type":"MultiPolygon","coordinates":[[[[80.0849,7.0941],[80.0861,7.0942],[80.0872,7.0921],[80.0886,7.0915],[80.0871,7.092],[80.0863,7.0935],[80.0849,7.0941]]]]}},{"type":"Feature","properties":{"osm_id":"385073548","code":7229,"fclass":"farmland","name":null},"geometry":{"type":"MultiPolygon","coordinates":[[[[80.0862,7.0956],[80.0877,7.0974],[80.0878,7.0984],[80.0889,7.0986],[80.0909,7.1008],[80.0909,7.0997],[80.0887,7.0968],[80.0882,7.097],[80.0862,7.0956]]]]}},{"type":"Feature","properties":{"osm_id":"385074384","code":7229,"fclass":"farmland","name":null},"geometry":{"type":"MultiPolygon","coordinates":[[[[80.1152,7.1029],[80.1157,7.1044],[80.1164,7.1035],[80.1156,7.1012],[80.1152,7.1029]]]]}},{"type":"Feature","properties":{"osm_id":"385074385","code":7229,"fclass":"farmland","name":null},"geometry":{"type":"MultiPolygon","coordinates":[[[[80.112,7.1017],[80.1122,7.1054],[80.1132,7.1065],[80.1127,7.1031],[80.1136,7.1017],[80.112,7.1017]]]]}},{"type":"Feature","properties":{"osm_id":"385076303","code":7229,"fclass":"farmland","name":null},"geometry":{"type":"MultiPolygon","coordinates":[[[[80.1082,7.1469],[80.1091,7.1475],[80.1097,7.147],[80.1091,7.1465],[80.109,7.1447],[80.1082,7.1469]]]]}},{"type":"Feature","properties":{"osm_id":"385196778","code":7229,"fclass":"farmland","name":null},"geometry":{"type":"MultiPolygon","coordinates":[[[[79.9685,7.0937],[79.9709,7.094],[79.9708,7.0929],[79.9685,7.0937]]]]}},{"type":"Feature","properties":{"osm_id":"385214712","code":7229,"fclass":"farmland","name":null},"geometry":{"type":"MultiPolygon","coordinates":[[[[79.9324,7.1095],[79.9329,7.1095],[79.9324,7.1095]]]]}},{"type":"Feature","properties":{"osm_id":"385227338","code":7229,"fclass":"farmland","name":null},"geometry":{"type":"MultiPolygon","coordinates":[[[[79.9911,7.0964],[79.9925,7.0979],[79.9927,7.0972],[79.9911,7.0964]]]]}},{"type":"Feature","properties":{"osm_id":"385359104","code":7229,"fclass":"farmland","name":null},"geometry":{"type":"MultiPolygon","coordinates":[[[[79.9868,7.0949],[79.991,7.0968],[79.9868,7.0949]]]]}},{"type":"Feature","properties":{"osm_id":"385362342","code":7229,"fclass":"farmland","name":null},"geometry":{"type":"MultiPolygon","coordinates":[[[[80.0005,7.1044],[80.0015,7.1053],[80.0031,7.1054],[80.0052,7.1046],[80.0039,7.1038],[80.0021,7.1046],[80.0005,7.1044]]]]}},{"type":"Feature","properties":{"osm_id":"5733913","code":7229,"fclass":"farmland","name":null},"geometry":{"type":"MultiPolygon","coordinates":[[[[80.0089,7.1071],[80.0094,7.1077],[80.0105,7.1068],[80.0118,7.1075],[80.0121,7.1073],[80.0114,7.1068],[80.0133,7.1071],[80.0136,7.1064],[80.0125,7.1057],[80.0131,7.1051],[80.012,7.1051],[80.0089,7.1071]],[[80.0109,7.1061],[80.011,7.1056],[80.0124,7.1054],[80.0123,7.1059],[80.0109,7.1061]]]]}},{"type":"Feature","properties":{"osm_id":"385796467","code":7229,"fclass":"farmland","name":null},"geometry":{"type":"MultiPolygon","coordinates":[[[[80.0383,7.1022],[80.0392,7.1017],[80.0383,7.1022]]]]}},{"type":"Feature","properties":{"osm_id":"385801943","code":7229,"fclass":"farmland","name":null},"geometry":{"type":"MultiPolygon","coordinates":[[[[80.0468,7.0983],[80.0476,7.0984],[80.0468,7.0983]]]]}},{"type":"Feature","properties":{"osm_id":"385805753","code":7229,"fclass":"farmland","name":null},"geometry":{"type":"MultiPolygon","coordinates":[[[[80.0485,7.1143],[80.0504,7.115],[80.0491,7.1135],[80.0485,7.1143]]]]}},{"type":"Feature","properties":{"osm_id":"385811539","code":7229,"fclass":"farmland","name":null},"geometry":{"type":"MultiPolygon","coordinates":[[[[80.0033,7.0867],[80.0036,7.0883],[80.0045,7.0886],[80.0042,7.0875],[80.0049,7.0864],[80.0033,7.0867]]]]}},{"type":"Feature","properties":{"osm_id":"386283889","code":7229,"fclass":"farmland","name":null},"geometry":{"type":"MultiPolygon","coordinates":[[[[79.9284,7.0998],[79.9291,7.1004],[79.9305,7.1003],[79.9312,7.0994],[79.9301,7.099],[79.9296,7.0997],[79.9284,7.0998]]]]}},{"type":"Feature","properties":{"osm_id":"386435007","code":7229,"fclass":"farmland","name":"Paddy"},"geometry":{"type":"MultiPolygon","coordinates":[[[[79.9826,7.0966],[79.9834,7.0964],[79.9826,7.0966]]]]}},{"type":"Feature","properties":{"osm_id":"386890952","code":7229,"fclass":"farmland","name":"Paddy"},"geometry":{"type":"MultiPolygon","coordinates":[[[[79.9616,7.0975],[79.962,7.098],[79.9627,7.0974],[79.9624,7.0969],[79.9616,7.0975]]]]}},{"type":"Feature","properties":{"osm_id":"387051754","code":7229,"fclass":"farmland","name":"Paddy"},"geometry":{"type":"MultiPolygon","coordinates":[[[[79.9402,7.0954],[79.9409,7.0959],[79.9428,7.0925],[79.9411,7.0932],[79.9402,7.0954]]]]}},{"type":"Feature","properties":{"osm_id":"387055228","code":7229,"fclass":"farmland","name":"Paddy"},"geometry":{"type":"MultiPolygon","coordinates":[[[[79.939,7.0986],[79.9403,7.0986],[79.9404,7.0974],[79.9417,7.0964],[79.9411,7.0968],[79.9409,7.0962],[79.939,7.0986]]]]}},{"type":"Feature","properties":{"osm_id":"387295171","code":7229,"fclass":"farmland","name":null},"geometry":{"type":"MultiPolygon","coordinates":[[[[80.0061,7.0568],[80.0068,7.0562],[80.0061,7.0568]]]]}},{"type":"Feature","properties":{"osm_id":"387296805","code":7229,"fclass":"farmland","name":null},"geometry":{"type":"MultiPolygon","coordinates":[[[[79.9981,7.05],[79.9992,7.0504],[79.999,7.0512],[79.9981,7.0514],[79.9991,7.0517],[80.001,7.0491],[79.9989,7.0492],[79.9981,7.05]]]]}},{"type":"Feature","properties":{"osm_id":"387299124","code":7229,"fclass":"farmland","name":null},"geometry":{"type":"MultiPolygon","coordinates":[[[[79.9975,7.0405],[79.9982,7.0415],[79.9975,7.0405]]]]}},{"type":"Feature","properties":{"osm_id":"388608848","code":7229,"fclass":"farmland","name":null},"geometry":{"type":"MultiPolygon","coordinates":[[[[79.9641,7.0336],[79.9686,7.033],[79.9704,7.0356],[79.9713,7.0391],[79.9693,7.0402],[79.972,7.0396],[79.9735,7.0401],[79.9741,7.0409],[79.9741,7.0422],[79.973,7.0432],[79.9732,7.0455],[79.9725,7.047],[79.9716,7.0474],[79.9682,7.0449],[79.9678,7.0437],[79.967,7.0436],[79.9653,7.0387],[79.9671,7.0447],[79.9665,7.0456],[79.9676,7.0455],[79.9706,7.0471],[79.9717,7.0489],[79.9701,7.0507],[79.969,7.0503],[79.9667,7.0512],[79.9643,7.0505],[79.9645,7.0519],[79.9662,7.0526],[79.9685,7.0528],[79.97,7.0519],[79.9711,7.0522],[79.9717,7.0547],[79.973,7.0562],[79.973,7.0576],[79.9719,7.0583],[79.9717,7.0591],[79.9702,7.0595],[79.9727,7.0597],[79.9737,7.0623],[79.9732,7.0643],[79.9745,7.0646],[79.975,7.0636],[79.9771,7.0627],[79.9756,7.0631],[79.9751,7.0625],[79.975,7.0614],[79.976,7.0598],[79.9778,7.0587],[79.979,7.0588],[79.9797,7.0579],[79.9809,7.0587],[79.9811,7.0575],[79.9801,7.0572],[79.9807,7.0568],[79.9825,7.057],[79.9842,7.0583],[79.9855,7.0581],[79.9825,7.0567],[79.9824,7.0561],[79.9846,7.0543],[79.987,7.0552],[79.9877,7.0548],[79.9842,7.0542],[79.9851,7.0536],[79.9847,7.0532],[79.9825,7.0542],[79.9821,7.0556],[79.9806,7.0564],[79.9786,7.0558],[79.9783,7.0571],[79.9759,7.0585],[79.9752,7.0583],[79.9743,7.0572],[79.9744,7.056],[79.9722,7.0545],[79.9719,7.0535],[79.973,7.0489],[79.9776,7.0473],[79.9795,7.0451],[79.9822,7.0439],[79.9818,7.0435],[79.9805,7.044],[79.9802,7.043],[79.98,7.0442],[79.9762,7.0471],[79.9729,7.0478],[79.9751,7.0418],[79.9746,7.0402],[79.9755,7.038],[79.9783,7.0379],[79.9795,7.036],[79.9831,7.0347],[79.9809,7.035],[79.98,7.0341],[79.9796,7.0353],[79.9789,7.0355],[79.9779,7.034],[79.9777,7.0366],[79.9754,7.0373],[79.9749,7.037],[79.9748,7.0354],[79.9754,7.0326],[79.9742,7.0334],[79.9744,7.0382],[79.9735,7.0392],[79.9723,7.0389],[79.971,7.0372],[79.9695,7.0328],[79.9707,7.0282],[79.9695,7.0303],[79.9692,7.0326],[79.9676,7.0324],[79.9654,7.0298],[79.9666,7.0326],[79.9641,7.0336]]]]}},{"type":"Feature","properties":{"osm_id":"388619871","code":7229,"fclass":"farmland","name":null},"geometry":{"type":"MultiPolygon","coordinates":[[[[80.0337,7.0908],[80.0363,7.0907],[80.0357,7.0902],[80.0352,7.0908],[80.0337,7.0908]]]]}},{"type":"Feature","properties":{"osm_id":"388809644","code":7229,"fclass":"farmland","name":null},"geometry":{"type":"MultiPolygon","coordinates":[[[[80.0546,7.1172],[80.0554,7.1171],[80.0548,7.1167],[80.0546,7.1172]]]]}},{"type":"Feature","properties":{"osm_id":"388812625","code":7229,"fclass":"farmland","name":null},"geometry":{"type":"MultiPolygon","coordinates":[[[[79.9684,7.0677],[79.9708,7.0704],[79.9725,7.0679],[79.9779,7.0661],[79.9803,7.0646],[79.9793,7.0643],[79.9779,7.0657],[79.9748,7.0663],[79.9743,7.0656],[79.9745,7.0647],[79.9731,7.0644],[79.9705,7.0672],[79.9684,7.0677]]]]}},{"type":"Feature","properties":{"osm_id":"388816230","code":7229,"fclass":"farmland","name":null},"geometry":{"type":"MultiPolygon","coordinates":[[[[79.9609,7.0794],[79.9617,7.0809],[79.9637,7.0817],[79.9631,7.0791],[79.9609,7.0794]]]]}},{"type":"Feature","properties":{"osm_id":"388831936","code":7229,"fclass":"farmland","name":null},"geometry":{"type":"MultiPolygon","coordinates":[[[[79.9725,7.0507],[79.9749,7.0515],[79.9725,7.0507]]]]}},{"type":"Feature","properties":{"osm_id":"389489225","code":7229,"fclass":"farmland","name":null},"geometry":{"type":"MultiPolygon","coordinates":[[[[80.0343,7.1132],[80.0349,7.1132],[80.0348,7.1125],[80.0343,7.1124],[80.0343,7.1132]]]]}},{"type":"Feature","properties":{"osm_id":"389513203","code":7229,"fclass":"farmland","name":null},"geometry":{"type":"MultiPolygon","coordinates":[[[[80.0084,7.0244],[80.009,7.0234],[80.0084,7.0244]]]]}},{"type":"Feature","properties":{"osm_id":"389643843","code":7229,"fclass":"farmland","name":null},"geometry":{"type":"MultiPolygon","coordinates":[[[[80.0484,7.0987],[80.0497,7.0985],[80.0488,7.0983],[80.0484,7.0987]]]]}},{"type":"Feature","properties":{"osm_id":"389994895","code":7229,"fclass":"farmland","name":null},"geometry":{"type":"MultiPolygon","coordinates":[[[[79.9563,7.0607],[79.9572,7.062],[79.9563,7.0607]]]]}},{"type":"Feature","properties":{"osm_id":"390024214","code":7229,"fclass":"farmland","name":null},"geometry":{"type":"MultiPolygon","coordinates":[[[[80.0186,7.0206],[80.0193,7.0205],[80.0186,7.0206]]]]}},{"type":"Feature","properties":{"osm_id":"390025469","code":7229,"fclass":"farmland","name":null},"geometry":{"type":"MultiPolygon","coordinates":[[[[79.9326,7.0674],[79.9332,7.0682],[79.9326,7.0674]]]]}},{"type":"Feature","properties":{"osm_id":"390169392","code":7229,"fclass":"farmland","name":null},"geometry":{"type":"MultiPolygon","coordinates":[[[[80.0365,7.1295],[80.0386,7.1294],[80.0389,7.1314],[80.0399,7.1312],[80.0389,7.1326],[80.0397,7.1337],[80.0425,7.1336],[80.0417,7.1328],[80.0408,7.1334],[80.0398,7.133],[80.0407,7.1319],[80.0399,7.1299],[80.0407,7.1296],[80.0415,7.131],[80.0424,7.1313],[80.0422,7.1317],[80.0437,7.1321],[80.0451,7.1336],[80.0464,7.1336],[80.0475,7.1351],[80.0485,7.1344],[80.0491,7.1351],[80.0484,7.1358],[80.0485,7.1382],[80.0495,7.1375],[80.0503,7.1379],[80.05,7.1367],[80.0513,7.1365],[80.0517,7.1357],[80.053,7.1367],[80.0533,7.1355],[80.0551,7.1351],[80.0567,7.1338],[80.0583,7.1339],[80.0583,7.1322],[80.057,7.1313],[80.0564,7.1329],[80.0545,7.1328],[80.0543,7.1322],[80.0534,7.1329],[80.0526,7.1327],[80.0527,7.1322],[80.0536,7.132],[80.0531,7.1312],[80.0536,7.1295],[80.0524,7.1313],[80.0506,7.1311],[80.0505,7.1297],[80.0512,7.1289],[80.0501,7.1283],[80.0505,7.1263],[80.0495,7.1274],[80.0499,7.1291],[80.0492,7.1305],[80.0493,7.1325],[80.0452,7.1302],[80.0449,7.1281],[80.0487,7.1253],[80.0505,7.1216],[80.0517,7.1224],[80.0509,7.1204],[80.0494,7.123],[80.0488,7.1234],[80.048,7.1229],[80.0478,7.1257],[80.0437,7.1278],[80.0427,7.1266],[80.0453,7.1236],[80.0439,7.124],[80.0432,7.122],[80.0436,7.1201],[80.0429,7.1221],[80.0416,7.1212],[80.0434,7.1232],[80.0434,7.1251],[80.0422,7.126],[80.042,7.1269],[80.0414,7.1247],[80.0413,7.1255],[80.0403,7.1253],[80.0409,7.1268],[80.0395,7.1275],[80.0367,7.1253],[80.037,7.128],[80.0365,7.1295]]]]}},{"type":"Feature","properties":{"osm_id":"390176430","code":7229,"fclass":"farmland","name":null},"geometry":{"type":"MultiPolygon","coordinates":[[[[79.9235,7.0691],[79.9271,7.0687],[79.926,7.0682],[79.9253,7.0687],[79.9244,7.0681],[79.9235,7.0691]]]]}},{"type":"Feature","properties":{"osm_id":"390184578","code":7229,"fclass":"farmland","name":null},"geometry":{"type":"MultiPolygon","coordinates":[[[[80.0558,7.1186],[80.0564,7.1189],[80.0566,7.1175],[80.0561,7.1172],[80.0558,7.1186]]]]}},{"type":"Feature","properties":{"osm_id":"390758525","code":7229,"fclass":"farmland","name":null},"geometry":{"type":"MultiPolygon","coordinates":[[[[79.9244,7.0582],[79.9266,7.0586],[79.9267,7.0581],[79.9266,7.0576],[79.9244,7.0582]]]]}},{"type":"Feature","properties":{"osm_id":"392045175","code":7229,"fclass":"farmland","name":"Paddy"},"geometry":{"type":"MultiPolygon","coordinates":[[[[79.8839,7.2072],[79.8867,7.2111],[79.8872,7.2139],[79.8892,7.2139],[79.8904,7.2146],[79.8903,7.2163],[79.8911,7.2165],[79.8915,7.2176],[79.892,7.2174],[79.8907,7.2133],[79.8889,7.2109],[79.8904,7.211],[79.8921,7.21],[79.8943,7.2109],[79.8917,7.2073],[79.8906,7.2067],[79.8896,7.2077],[79.8887,7.2072],[79.8879,7.2077],[79.8861,7.205],[79.8849,7.2049],[79.8842,7.2051],[79.8839,7.2072]]]]}},{"type":"Feature","properties":{"osm_id":"392218979","code":7229,"fclass":"farmland","name":null},"geometry":{"type":"MultiPolygon","coordinates":[[[[79.9074,7.2099],[79.9091,7.2102],[79.9093,7.2089],[79.9077,7.2081],[79.9074,7.2099]]]]}},{"type":"Feature","properties":{"osm_id":"392225736","code":7229,"fclass":"farmland","name":"Paddy"},"geometry":{"type":"MultiPolygon","coordinates":[[[[79.8948,7.2103],[79.8957,7.2116],[79.8954,7.2134],[79.8988,7.2133],[79.9008,7.2153],[79.9013,7.2142],[79.9036,7.2155],[79.9041,7.2169],[79.9054,7.2169],[79.9052,7.2163],[79.9042,7.2164],[79.9039,7.215],[79.9045,7.214],[79.9063,7.2134],[79.9059,7.2121],[79.9034,7.2117],[79.9025,7.2122],[79.902,7.2116],[79.9024,7.2106],[79.9008,7.2092],[79.8996,7.2091],[79.8986,7.2077],[79.8965,7.2089],[79.8988,7.2094],[79.899,7.2109],[79.8985,7.2117],[79.8964,7.2119],[79.8956,7.2102],[79.8948,7.2103]]]]}},{"type":"Feature","properties":{"osm_id":"392233607","code":7229,"fclass":"farmland","name":"Paddy"},"geometry":{"type":"MultiPolygon","coordinates":[[[[79.8996,7.2073],[79.9009,7.2084],[79.9011,7.2062],[79.8996,7.2073]]]]}},{"type":"Feature","properties":{"osm_id":"392549829","code":7229,"fclass":"farmland","name":"Paddy"},"geometry":{"type":"MultiPolygon","coordinates":[[[[79.9106,7.2029],[79.912,7.2024],[79.912,7.2014],[79.9145,7.202],[79.9152,7.2053],[79.9165,7.2055],[79.9148,7.2035],[79.9146,7.2015],[79.9127,7.2015],[79.9119,7.2001],[79.9118,7.2021],[79.9106,7.2029]]]]}},{"type":"Feature","properties":{"osm_id":"394519675","code":7229,"fclass":"farmland","name":null},"geometry":{"type":"MultiPolygon","coordinates":[[[[79.9079,7.1955],[79.9096,7.1962],[79.9108,7.194],[79.9115,7.194],[79.9135,7.1918],[79.915,7.1917],[79.9166,7.1934],[79.9165,7.1956],[79.9175,7.1974],[79.9166,7.1948],[79.9171,7.1936],[79.9189,7.1945],[79.9232,7.1941],[79.9236,7.1966],[79.9236,7.194],[79.9264,7.1944],[79.9265,7.1933],[79.9286,7.1925],[79.9306,7.1942],[79.9309,7.1936],[79.9287,7.1917],[79.927,7.1923],[79.9259,7.1938],[79.9196,7.1941],[79.9172,7.1933],[79.9146,7.1911],[79.9126,7.1915],[79.9111,7.1937],[79.9103,7.1938],[79.9107,7.1947],[79.9099,7.1957],[79.9079,7.1955]]]]}},{"type":"Feature","properties":{"osm_id":"397202946","code":7229,"fclass":"farmland","name":"paddy"},"geometry":{"type":"MultiPolygon","coordinates":[[[[79.986,7.0911],[79.9867,7.0908],[79.986,7.0911]]]]}},{"type":"Feature","properties":{"osm_id":"398445120","code":7229,"fclass":"farmland","name":null},"geometry":{"type":"MultiPolygon","coordinates":[[[[79.9687,7.0353],[79.9691,7.0358],[79.97,7.0352],[79.9695,7.0348],[79.9687,7.0353]]]]}},{"type":"Feature","properties":{"osm_id":"399576536","code":7229,"fclass":"farmland","name":null},"geometry":{"type":"MultiPolygon","coordinates":[[[[79.9854,7.0335],[79.9864,7.0331],[79.9854,7.0335]]]]}},{"type":"Feature","properties":{"osm_id":"402817229","code":7229,"fclass":"farmland","name":null},"geometry":{"type":"MultiPolygon","coordinates":[[[[79.9789,7.0518],[79.9799,7.0514],[79.9789,7.0518]]]]}},{"type":"Feature","properties":{"osm_id":"402817230","code":7229,"fclass":"farmland","name":null},"geometry":{"type":"MultiPolygon","coordinates":[[[[79.981,7.0532],[79.9821,7.0551],[79.981,7.0532]]]]}},{"type":"Feature","properties":{"osm_id":"403100165","code":7229,"fclass":"farmland","name":null},"geometry":{"type":"MultiPolygon","coordinates":[[[[80.0199,6.8566],[80.0213,6.8579],[80.0206,6.8627],[80.0209,6.8635],[80.0219,6.8638],[80.022,6.8654],[80.0224,6.8653],[80.0241,6.8619],[80.0263,6.8609],[80.0259,6.8601],[80.0276,6.8583],[80.028,6.8569],[80.0268,6.8567],[80.027,6.8558],[80.029,6.8537],[80.0284,6.8535],[80.027,6.855],[80.026,6.854],[80.0249,6.8542],[80.026,6.8548],[80.0267,6.8577],[80.0247,6.8606],[80.0225,6.8618],[80.0225,6.8629],[80.0218,6.8598],[80.0225,6.8581],[80.0237,6.8574],[80.0225,6.8576],[80.022,6.8586],[80.0219,6.8574],[80.0206,6.8565],[80.0229,6.8516],[80.0216,6.8515],[80.0218,6.8531],[80.0199,6.8566]]]]}},{"type":"Feature","properties":{"osm_id":"403572854","code":7229,"fclass":"farmland","name":"paddy field"},"geometry":{"type":"MultiPolygon","coordinates":[[[[80.0,6.5654],[80.0012,6.5657],[80.0011,6.565],[80.0,6.5654]]]]}},{"type":"Feature","properties":{"osm_id":"403822109","code":7229,"fclass":"farmland","name":"Rubber"},"geometry":{"type":"MultiPolygon","coordinates":[[[[80.0967,6.7291],[80.0973,6.7293],[80.0975,6.7288],[80.0967,6.7291]]]]}},{"type":"Feature","properties":{"osm_id":"404540195","code":7229,"fclass":"farmland","name":null},"geometry":{"type":"MultiPolygon","coordinates":[[[[79.962,6.9046],[79.9633,6.9055],[79.9647,6.9025],[79.9634,6.9033],[79.9628,6.9028],[79.962,6.9046]]]]}},{"type":"Feature","properties":{"osm_id":"405263739","code":7229,"fclass":"farmland","name":null},"geometry":{"type":"MultiPolygon","coordinates":[[[[79.9894,7.0506],[79.9907,7.0506],[79.9894,7.0506]]]]}},{"type":"Feature","properties":{"osm_id":"405641303","code":7229,"fclass":"farmland","name":null},"geometry":{"type":"MultiPolygon","coordinates":[[[[79.9048,7.0799],[79.905,7.0814],[79.9066,7.0829],[79.9066,7.0795],[79.905,7.0791],[79.9048,7.0799]]]]}},{"type":"Feature","properties":{"osm_id":"406120268","code":7229,"fclass":"farmland","name":null},"geometry":{"type":"MultiPolygon","coordinates":[[[[79.9019,7.081],[79.9028,7.0811],[79.9025,7.0805],[79.9019,7.081]]]]}},{"type":"Feature","properties":{"osm_id":"406126020","code":7229,"fclass":"farmland","name":"Buddhika's Paddy"},"geometry":{"type":"MultiPolygon","coordinates":[[[[79.9445,7.222],[79.9449,7.222],[79.9452,7.2207],[79.9445,7.222]]]]}},{"type":"Feature","properties":{"osm_id":"406135207","code":7229,"fclass":"farmland","name":null},"geometry":{"type":"MultiPolygon","coordinates":[[[[79.8812,7.1077],[79.8819,7.1074],[79.8815,7.1071],[79.8812,7.1077]]]]}},{"type":"Feature","properties":{"osm_id":"406139043","code":7229,"fclass":"farmland","name":"Paddy Field"},"geometry":{"type":"MultiPolygon","coordinates":[[[[80.0151,6.8734],[80.0169,6.8743],[80.018,6.8738],[80.0183,6.8727],[80.0194,6.8729],[80.0212,6.8764],[80.0197,6.8762],[80.0194,6.8767],[80.0214,6.8781],[80.0219,6.8799],[80.0193,6.88],[80.0182,6.8807],[80.0186,6.8814],[80.0197,6.8808],[80.0216,6.8813],[80.021,6.8839],[80.0195,6.8837],[80.0197,6.8849],[80.0216,6.8851],[80.0212,6.8866],[80.0197,6.8877],[80.0206,6.8882],[80.0204,6.8894],[80.0196,6.889],[80.0197,6.8901],[80.0192,6.8902],[80.0177,6.8894],[80.0182,6.8928],[80.0198,6.8933],[80.0205,6.8925],[80.0215,6.8927],[80.0221,6.8934],[80.0218,6.8943],[80.0234,6.8937],[80.0212,6.8914],[80.0223,6.8904],[80.022,6.8898],[80.0225,6.8888],[80.023,6.8891],[80.0241,6.8883],[80.0231,6.8876],[80.0232,6.8861],[80.0254,6.8859],[80.0243,6.8855],[80.0236,6.8843],[80.0237,6.8829],[80.0229,6.8815],[80.0234,6.881],[80.0279,6.8835],[80.0294,6.8865],[80.0315,6.888],[80.0312,6.8901],[80.0317,6.8881],[80.0357,6.888],[80.0324,6.8875],[80.0294,6.885],[80.0293,6.8827],[80.034,6.8828],[80.0334,6.8825],[80.0334,6.881],[80.0316,6.8821],[80.0289,6.8814],[80.0282,6.8803],[80.0291,6.879],[80.0287,6.8782],[80.0279,6.8786],[80.0274,6.8782],[80.0276,6.8791],[80.0262,6.8805],[80.0256,6.8795],[80.0247,6.88],[80.0231,6.8797],[80.0223,6.8762],[80.0229,6.8756],[80.0241,6.8763],[80.0236,6.8768],[80.0244,6.8762],[80.0239,6.8751],[80.0213,6.8751],[80.0215,6.8725],[80.0219,6.8714],[80.023,6.8713],[80.0251,6.8692],[80.024,6.8677],[80.0219,6.8685],[80.0216,6.8671],[80.0231,6.8657],[80.0213,6.8656],[80.0189,6.8673],[80.0163,6.8658],[80.0178,6.8681],[80.0173,6.8697],[80.0188,6.8713],[80.0172,6.874],[80.0151,6.8734]]]]}},{"type":"Feature","properties":{"osm_id":"406139201","code":7229,"fclass":"farmland","name":"Paddy Field"},"geometry":{"type":"MultiPolygon","coordinates":[[[[80.0259,6.8668],[80.0265,6.8669],[80.0259,6.8668]]]]}},{"type":"Feature","properties":{"osm_id":"406179625","code":7229,"fclass":"farmland","name":"Paddy Field"},"geometry":{"type":"MultiPolygon","coordinates":[[[[80.033,6.88],[80.0339,6.881],[80.0338,6.8793],[80.033,6.88]]]]}},{"type":"Feature","properties":{"osm_id":"406537024","code":7229,"fclass":"farmland","name":null},"geometry":{"type":"MultiPolygon","coordinates":[[[[79.9084,7.0667],[79.9122,7.0667],[79.9085,7.0662],[79.9084,7.0667]]]]}},{"type":"Feature","properties":{"osm_id":"406542630","code":7229,"fclass":"farmland","name":null},"geometry":{"type":"MultiPolygon","coordinates":[[[[79.9126,7.0672],[79.916,7.0678],[79.9126,7.0672]]]]}},{"type":"Feature","properties":{"osm_id":"406542631","code":7229,"fclass":"farmland","name":null},"geometry":{"type":"MultiPolygon","coordinates":[[[[79.9067,7.0657],[79.9146,7.0675],[79.9138,7.0665],[79.9141,7.0657],[79.9173,7.0645],[79.9175,7.0639],[79.9143,7.0643],[79.9126,7.0655],[79.9067,7.0657]]]]}},{"type":"Feature","properties":{"osm_id":"406573647","code":7229,"fclass":"farmland","name":null},"geometry":{"type":"MultiPolygon","coordinates":[[[[79.8962,7.0799],[79.8969,7.0799],[79.8962,7.0799]]]]}},{"type":"Feature","properties":{"osm_id":"406743099","code":7229,"fclass":"farmland","name":null},"geometry":{"type":"MultiPolygon","coordinates":[[[[79.9237,7.0825],[79.9244,7.0822],[79.9237,7.0825]]]]}},{"type":"Feature","properties":{"osm_id":"406900017","code":7229,"fclass":"farmland","name":null},"geometry":{"type":"MultiPolygon","coordinates":[[[[79.8791,7.0781],[79.8794,7.0808],[79.8799,7.0804],[79.8802,7.0811],[79.8828,7.0811],[79.8826,7.0785],[79.8807,7.0798],[79.8799,7.078],[79.8791,7.0781]]]]}},{"type":"Feature","properties":{"osm_id":"407196677","code":7229,"fclass":"farmland","name":null},"geometry":{"type":"MultiPolygon","coordinates":[[[[79.9116,7.0786],[79.912,7.0789],[79.912,7.0779],[79.9116,7.0786]]]]}},{"type":"Feature","properties":{"osm_id":"407218469","code":7229,"fclass":"farmland","name":"Paddy Field"},"geometry":{"type":"MultiPolygon","coordinates":[[[[80.0263,6.8747],[80.0276,6.8778],[80.0263,6.8747]]]]}},{"type":"Feature","properties":{"osm_id":"407664520","code":7229,"fclass":"farmland","name":null},"geometry":{"type":"MultiPolygon","coordinates":[[[[79.9184,7.0693],[79.9197,7.0709],[79.9184,7.0693]]]]}},{"type":"Feature","properties":{"osm_id":"407664521","code":7229,"fclass":"farmland","name":null},"geometry":{"type":"MultiPolygon","coordinates":[[[[79.9186,7.0692],[79.9199,7.0707],[79.9194,7.0691],[79.9186,7.0692]]]]}},{"type":"Feature","properties":{"osm_id":"408641686","code":7229,"fclass":"farmland","name":"Coconut Cultivation"},"geometry":{"type":"MultiPolygon","coordinates":[[[[80.0481,6.8592],[80.0488,6.8595],[80.0499,6.8587],[80.0497,6.8569],[80.0505,6.8566],[80.0516,6.8522],[80.0503,6.8519],[80.0499,6.8546],[80.0485,6.8557],[80.0481,6.8592]]]]}},{"type":"Feature","properties":{"osm_id":"409000256","code":7229,"fclass":"farmland","name":null},"geometry":{"type":"MultiPolygon","coordinates":[[[[80.0348,6.8522],[80.037,6.8506],[80.039,6.8516],[80.0376,6.8502],[80.0388,6.8484],[80.0383,6.8479],[80.0373,6.8498],[80.0352,6.8507],[80.0348,6.8522]]]]}},{"type":"Feature","properties":{"osm_id":"409000257","code":7229,"fclass":"farmland","name":null},"geometry":{"type":"MultiPolygon","coordinates":[[[[80.0283,6.8487],[80.0308,6.8485],[80.0306,6.8495],[80.0318,6.8487],[80.0331,6.85],[80.0334,6.8518],[80.0343,6.8502],[80.0336,6.8504],[80.0337,6.8488],[80.0341,6.8493],[80.0346,6.848],[80.0323,6.8481],[80.0325,6.8463],[80.0316,6.8478],[80.0308,6.8473],[80.0308,6.8482],[80.0292,6.848],[80.0283,6.8487]]]]}},{"type":"Feature","properties":{"osm_id":"413155184","code":7229,"fclass":"farmland","name":null},"geometry":{"type":"MultiPolygon","coordinates":[[[[80.0388,7.1065],[80.0394,7.1065],[80.0394,7.1056],[80.0389,7.1057],[80.0388,7.1065]]]]}},{"type":"Feature","properties":{"osm_id":"413155185","code":7229,"fclass":"farmland","name":null},"geometry":{"type":"MultiPolygon","coordinates":[[[[80.0408,7.1065],[80.0411,7.1074],[80.0417,7.1067],[80.0408,7.1065]]]]}},{"type":"Feature","properties":{"osm_id":"417517048","code":7229,"fclass":"farmland","name":null},"geometry":{"type":"MultiPolygon","coordinates":[[[[79.9097,7.0748],[79.9117,7.0752],[79.9097,7.0748]]]]}},{"type":"Feature","properties":{"osm_id":"418887866","code":7229,"fclass":"farmland","name":"Paddy"},"geometry":{"type":"MultiPolygon","coordinates":[[[[79.911,7.1299],[79.9169,7.1297],[79.9166,7.1285],[79.9159,7.1284],[79.9154,7.129],[79.9131,7.1288],[79.911,7.1299]]]]}},{"type":"Feature","properties":{"osm_id":"418911795","code":7229,"fclass":"farmland","name":null},"geometry":{"type":"MultiPolygon","coordinates":[[[[79.9172,7.1221],[79.9172,7.1221]]]]}},{"type":"Feature","properties":{"osm_id":"418923516","code":7229,"fclass":"farmland","name":"paddy"},"geometry":{"type":"MultiPolygon","coordinates":[[[[79.9095,7.1297],[79.9109,7.1297],[79.9095,7.1297]]]]}},{"type":"Feature","properties":{"osm_id":"418929387","code":7229,"fclass":"farmland","name":null},"geometry":{"type":"MultiPolygon","coordinates":[[[[79.9099,7.1339],[79.9102,7.1345],[79.911,7.1326],[79.9102,7.1326],[79.9099,7.1339]]]]}},{"type":"Feature","properties":{"osm_id":"418930093","code":7229,"fclass":"farmland","name":null},"geometry":{"type":"MultiPolygon","coordinates":[[[[79.8831,7.1391],[79.8841,7.1387],[79.8835,7.137],[79.8831,7.1391]]]]}},{"type":"Feature","properties":{"osm_id":"418931352","code":7229,"fclass":"farmland","name":null},"geometry":{"type":"MultiPolygon","coordinates":[[[[79.8958,7.131],[79.8961,7.1314],[79.8965,7.1306],[79.8958,7.131]]]]}},{"type":"Feature","properties":{"osm_id":"418931353","code":7229,"fclass":"farmland","name":null},"geometry":{"type":"MultiPolygon","coordinates":[[[[79.8907,7.1323],[79.8918,7.1331],[79.8934,7.1313],[79.8956,7.1315],[79.8957,7.131],[79.8941,7.131],[79.8937,7.1296],[79.8907,7.1323]]]]}},{"type":"Feature","properties":{"osm_id":"418936493","code":7229,"fclass":"farmland","name":null},"geometry":{"type":"MultiPolygon","coordinates":[[[[79.8835,7.1367],[79.8838,7.1371],[79.8844,7.1363],[79.8835,7.1367]]]]}},{"type":"Feature","properties":{"osm_id":"419323198","code":7229,"fclass":"farmland","name":"Paddy"},"geometry":{"type":"MultiPolygon","coordinates":[[[[79.9947,6.9254],[79.9952,6.9261],[79.9958,6.9255],[79.997,6.926],[79.9967,6.9249],[79.9977,6.9219],[79.9963,6.9243],[79.9947,6.9254]]]]}},{"type":"Feature","properties":{"osm_id":"419688819","code":7229,"fclass":"farmland","name":null},"geometry":{"type":"MultiPolygon","coordinates":[[[[79.9386,6.9337],[79.939,6.9329],[79.9386,6.9337]]]]}},{"type":"Feature","properties":{"osm_id":"419779475","code":7229,"fclass":"farmland","name":null},"geometry":{"type":"MultiPolygon","coordinates":[[[[79.9867,6.9835],[79.9876,6.9836],[79.9873,6.9831],[79.9867,6.9835]]]]}},{"type":"Feature","properties":{"osm_id":"419779477","code":7229,"fclass":"farmland","name":null},"geometry":{"type":"MultiPolygon","coordinates":[[[[79.9901,6.974],[79.9903,6.975],[79.9926,6.9764],[79.9933,6.9785],[79.9936,6.9803],[79.993,6.9813],[79.991,6.9815],[79.9926,6.9822],[79.9922,6.9844],[79.9927,6.9842],[79.9931,6.9821],[79.9935,6.9825],[79.9933,6.9837],[79.9945,6.9828],[79.9957,6.9838],[79.9964,6.9832],[79.9948,6.9818],[79.9953,6.9786],[79.9935,6.9729],[79.9918,6.973],[79.9901,6.974]]]]}},{"type":"Feature","properties":{"osm_id":"419779482","code":7229,"fclass":"farmland","name":null},"geometry":{"type":"MultiPolygon","coordinates":[[[[79.9872,6.9888],[79.9896,6.9873],[79.9889,6.9871],[79.9872,6.9888]]]]}},{"type":"Feature","properties":{"osm_id":"419779484","code":7229,"fclass":"farmland","name":null},"geometry":{"type":"MultiPolygon","coordinates":[[[[79.9799,6.9817],[79.98,6.9841],[79.9807,6.9844],[79.9805,6.9819],[79.9799,6.9817]]]]}},{"type":"Feature","properties":{"osm_id":"419779485","code":7229,"fclass":"farmland","name":null},"geometry":{"type":"MultiPolygon","coordinates":[[[[79.9851,6.9806],[79.9853,6.9811],[79.9867,6.9799],[79.9865,6.9795],[79.986,6.9806],[79.9851,6.9806]]]]}},{"type":"Feature","properties":{"osm_id":"419779487","code":7229,"fclass":"farmland","name":null},"geometry":{"type":"MultiPolygon","coordinates":[[[[79.9867,6.9752],[79.9894,6.9753],[79.9902,6.975],[79.99,6.9741],[79.9889,6.9736],[79.9867,6.974],[79.9867,6.9752]]]]}},{"type":"Feature","properties":{"osm_id":"419779489","code":7229,"fclass":"farmland","name":null},"geometry":{"type":"MultiPolygon","coordinates":[[[[79.9835,6.9742],[79.9842,6.9752],[79.9866,6.9753],[79.9866,6.9741],[79.9835,6.9742]]]]}},{"type":"Feature","properties":{"osm_id":"419779491","code":7229,"fclass":"farmland","name":null},"geometry":{"type":"MultiPolygon","coordinates":[[[[79.9854,6.9867],[79.9883,6.986],[79.9905,6.9867],[79.991,6.9854],[79.9882,6.9847],[79.9872,6.9861],[79.9854,6.9867]]]]}},{"type":"Feature","properties":{"osm_id":"419779493","code":7229,"fclass":"farmland","name":null},"geometry":{"type":"MultiPolygon","coordinates":[[[[79.9816,6.9892],[79.9827,6.989],[79.9853,6.9868],[79.9816,6.9892]]]]}},{"type":"Feature","properties":{"osm_id":"419779494","code":7229,"fclass":"farmland","name":null},"geometry":{"type":"MultiPolygon","coordinates":[[[[79.9868,6.9795],[79.9876,6.9795],[79.9891,6.9754],[79.9875,6.9753],[79.9878,6.9772],[79.9868,6.9795]]]]}},{"type":"Feature","properties":{"osm_id":"419779496","code":7229,"fclass":"farmland","name":null},"geometry":{"type":"MultiPolygon","coordinates":[[[[79.9895,6.9867],[79.9901,6.9867],[79.9895,6.9867]]]]}},{"type":"Feature","properties":{"osm_id":"419779497","code":7229,"fclass":"farmland","name":null},"geometry":{"type":"MultiPolygon","coordinates":[[[[79.9841,6.9808],[79.985,6.9812],[79.985,6.9807],[79.9841,6.9808]]]]}},{"type":"Feature","properties":{"osm_id":"419779498","code":7229,"fclass":"farmland","name":null},"geometry":{"type":"MultiPolygon","coordinates":[[[[79.9755,6.9816],[79.9775,6.9808],[79.9783,6.9796],[79.9793,6.9801],[79.9799,6.9816],[79.9803,6.9814],[79.9795,6.979],[79.9799,6.9772],[79.9811,6.9757],[79.9836,6.9749],[79.9834,6.9741],[79.9793,6.9743],[79.9788,6.9753],[79.9796,6.9755],[79.9795,6.9771],[79.9785,6.9777],[79.9775,6.9801],[79.9765,6.9803],[79.9755,6.9816]]]]}},{"type":"Feature","properties":{"osm_id":"419792258","code":7229,"fclass":"farmland","name":null},"geometry":{"type":"MultiPolygon","coordinates":[[[[79.99,6.9618],[79.9918,6.9606],[79.9925,6.9614],[79.9954,6.9614],[79.9945,6.9582],[79.9917,6.9575],[79.9923,6.96],[79.9905,6.9603],[79.99,6.9618]]]]}},{"type":"Feature","properties":{"osm_id":"419792263","code":7229,"fclass":"farmland","name":null},"geometry":{"type":"MultiPolygon","coordinates":[[[[79.997,6.9568],[79.997,6.9575],[79.9985,6.9574],[79.9984,6.9569],[79.997,6.9568]]]]}},{"type":"Feature","properties":{"osm_id":"419792269","code":7229,"fclass":"farmland","name":null},"geometry":{"type":"MultiPolygon","coordinates":[[[[79.9933,6.957],[79.9939,6.9579],[79.9946,6.9578],[79.9943,6.9565],[79.9933,6.957]]]]}},{"type":"Feature","properties":{"osm_id":"419792270","code":7229,"fclass":"farmland","name":null},"geometry":{"type":"MultiPolygon","coordinates":[[[[79.9958,6.9559],[79.9966,6.957],[79.9962,6.9552],[79.9958,6.9559]]]]}},{"type":"Feature","properties":{"osm_id":"419793536","code":7229,"fclass":"farmland","name":null},"geometry":{"type":"MultiPolygon","coordinates":[[[[79.9993,6.9638],[80.0011,6.9641],[79.9993,6.9638]]]]}},{"type":"Feature","properties":{"osm_id":"419793537","code":7229,"fclass":"farmland","name":null},"geometry":{"type":"MultiPolygon","coordinates":[[[[79.9868,6.9674],[79.9872,6.9683],[79.9881,6.9686],[79.9919,6.9659],[79.9934,6.9662],[79.9936,6.9673],[79.9921,6.9728],[79.9935,6.9728],[79.9948,6.9689],[79.9967,6.9698],[79.9968,6.9714],[79.9995,6.9702],[79.9981,6.9691],[79.9967,6.9661],[79.9961,6.9638],[79.9969,6.964],[79.9962,6.9619],[79.9938,6.9617],[79.9931,6.9624],[79.9925,6.9617],[79.9921,6.9639],[79.9911,6.9655],[79.9868,6.9674]]]]}},{"type":"Feature","properties":{"osm_id":"419793538","code":7229,"fclass":"farmland","name":null},"geometry":{"type":"MultiPolygon","coordinates":[[[[79.9964,6.962],[79.9973,6.9629],[79.9968,6.9631],[79.9971,6.9639],[79.9994,6.9633],[79.9988,6.9626],[80.0018,6.9623],[80.0017,6.9618],[79.9983,6.9618],[79.9982,6.9627],[79.9975,6.9629],[79.9972,6.9618],[79.9964,6.962]]]]}},{"type":"Feature","properties":{"osm_id":"419793539","code":7229,"fclass":"farmland","name":null},"geometry":{"type":"MultiPolygon","coordinates":[[[[79.9797,6.9667],[79.9807,6.9664],[79.9822,6.9686],[79.9818,6.9647],[79.9811,6.9632],[79.9813,6.9593],[79.9805,6.9594],[79.9809,6.9616],[79.9802,6.9624],[79.9809,6.965],[79.9797,6.9667]]]]}},{"type":"Feature","properties":{"osm_id":"6238733","code":7229,"fclass":"farmland","name":null},"geometry":{"type":"MultiPolygon","coordinates":[[[[80.0021,6.9732],[80.0029,6.974],[80.0054,6.974],[80.0054,6.9732],[80.0106,6.9724],[80.0115,6.971],[80.0138,6.9707],[80.0122,6.9705],[80.0099,6.9715],[80.0077,6.9704],[80.007,6.9712],[80.0044,6.9718],[80.0022,6.9716],[80.0021,6.9732]],[[80.007,6.9724],[80.0098,6.9719],[80.007,6.9724]]]]}},{"type":"Feature","properties":{"osm_id":"419802921","code":7229,"fclass":"farmland","name":null},"geometry":{"type":"MultiPolygon","coordinates":[[[[79.9969,6.9715],[79.999,6.9783],[79.9998,6.9799],[80.0012,6.9801],[80.0006,6.9813],[80.0018,6.9812],[80.0018,6.9822],[80.0056,6.9847],[80.0066,6.9829],[80.0028,6.9793],[80.003,6.9788],[80.0052,6.9788],[80.0088,6.9799],[80.0085,6.9793],[80.0062,6.9781],[80.0025,6.9777],[80.002,6.9765],[80.0003,6.9758],[79.9997,6.9744],[80.0019,6.9738],[80.0014,6.9721],[80.002,6.9721],[80.002,6.971],[80.0006,6.9716],[79.9996,6.9704],[79.9969,6.9715]]]]}},{"type":"Feature","properties":{"osm_id":"419813215","code":7229,"fclass":"farmland","name":null},"geometry":{"type":"MultiPolygon","coordinates":[[[[80.0358,6.9301],[80.0368,6.9312],[80.0384,6.9314],[80.038,6.9307],[80.0358,6.9301]]]]}},{"type":"Feature","properties":{"osm_id":"419824190","code":7229,"fclass":"farmland","name":null},"geometry":{"type":"MultiPolygon","coordinates":[[[[80.0251,6.9135],[80.0267,6.9141],[80.027,6.9137],[80.0251,6.9135]]]]}},{"type":"Feature","properties":{"osm_id":"419824191","code":7229,"fclass":"farmland","name":"Paddy Fied"},"geometry":{"type":"MultiPolygon","coordinates":[[[[80.023,6.9101],[80.0266,6.9108],[80.0268,6.9103],[80.0252,6.9096],[80.0251,6.9085],[80.0237,6.9091],[80.0236,6.9084],[80.023,6.9101]]]]}},{"type":"Feature","properties":{"osm_id":"419824193","code":7229,"fclass":"farmland","name":null},"geometry":{"type":"MultiPolygon","coordinates":[[[[80.0227,6.9105],[80.0242,6.911],[80.024,6.9126],[80.0247,6.9125],[80.025,6.9115],[80.0258,6.9115],[80.0255,6.9106],[80.0249,6.9111],[80.0237,6.9103],[80.0227,6.9105]]]]}},{"type":"Feature","properties":{"osm_id":"419824194","code":7229,"fclass":"farmland","name":null},"geometry":{"type":"MultiPolygon","coordinates":[[[[80.0267,6.9108],[80.0278,6.9106],[80.0269,6.9103],[80.0267,6.9108]]]]}},{"type":"Feature","properties":{"osm_id":"419833069","code":7229,"fclass":"farmland","name":null},"geometry":{"type":"MultiPolygon","coordinates":[[[[79.9861,6.9269],[79.9867,6.9275],[79.987,6.9271],[79.9866,6.9265],[79.9861,6.9269]]]]}},{"type":"Feature","properties":{"osm_id":"419833070","code":7229,"fclass":"farmland","name":null},"geometry":{"type":"MultiPolygon","coordinates":[[[[79.9871,6.9278],[79.988,6.9283],[79.9888,6.9275],[79.9887,6.9267],[79.9877,6.9265],[79.9871,6.9278]]]]}},{"type":"Feature","properties":{"osm_id":"419846842","code":7229,"fclass":"farmland","name":null},"geometry":{"type":"MultiPolygon","coordinates":[[[[79.9652,6.9322],[79.9655,6.934],[79.9667,6.9323],[79.9652,6.9322]]]]}},{"type":"Feature","properties":{"osm_id":"419847978","code":7229,"fclass":"farmland","name":null},"geometry":{"type":"MultiPolygon","coordinates":[[[[79.9689,6.9331],[79.9694,6.934],[79.9695,6.9327],[79.9689,6.9331]]]]}},{"type":"Feature","properties":{"osm_id":"419847979","code":7229,"fclass":"farmland","name":null},"geometry":{"type":"MultiPolygon","coordinates":[[[[79.9667,6.9326],[79.9667,6.9346],[79.9683,6.9346],[79.969,6.9339],[79.9685,6.932],[79.9667,6.9326]]]]}},{"type":"Feature","properties":{"osm_id":"419873535","code":7229,"fclass":"farmland","name":null},"geometry":{"type":"MultiPolygon","coordinates":[[[[79.9443,6.9285],[79.9464,6.9291],[79.9483,6.9276],[79.9494,6.9257],[79.9534,6.9259],[79.9538,6.9245],[79.9523,6.924],[79.9508,6.9246],[79.9483,6.9239],[79.9446,6.9208],[79.9475,6.925],[79.9484,6.9255],[79.9469,6.9283],[79.9445,6.928],[79.9443,6.9285]]]]}},{"type":"Feature","properties":{"osm_id":"419874057","code":7229,"fclass":"farmland","name":null},"geometry":{"type":"MultiPolygon","coordinates":[[[[80.0465,6.9219],[80.0475,6.922],[80.0474,6.9212],[80.0465,6.9219]]]]}},{"type":"Feature","properties":{"osm_id":"419882659","code":7229,"fclass":"farmland","name":null},"geometry":{"type":"MultiPolygon","coordinates":[[[[79.9928,6.9327],[79.9934,6.9329],[79.9936,6.9323],[79.993,6.9321],[79.9928,6.9327]]]]}},{"type":"Feature","properties":{"osm_id":"419885342","code":7229,"fclass":"farmland","name":"Paddy Fied"},"geometry":{"type":"MultiPolygon","coordinates":[[[[80.0174,6.91],[80.0208,6.91],[80.0197,6.9085],[80.021,6.9056],[80.0204,6.9054],[80.0192,6.9063],[80.0194,6.9086],[80.0174,6.91]]]]}},{"type":"Feature","properties":{"osm_id":"6242072","code":7229,"fclass":"farmland","name":null},"geometry":{"type":"MultiPolygon","coordinates":[[[[80.0441,6.908],[80.0442,6.9088],[80.0448,6.9083],[80.046,6.9091],[80.0459,6.9097],[80.0471,6.9097],[80.0461,6.9072],[80.0467,6.9045],[80.0455,6.9048],[80.0453,6.9082],[80.0444,6.9077],[80.0441,6.908]]]]}},{"type":"Feature","properties":{"osm_id":"419911475","code":7229,"fclass":"farmland","name":null},"geometry":{"type":"MultiPolygon","coordinates":[[[[80.0186,6.9104],[80.019,6.9142],[80.0212,6.9138],[80.0192,6.912],[80.0195,6.9108],[80.0207,6.9112],[80.0213,6.9104],[80.0186,6.9104]]]]}},{"type":"Feature","properties":{"osm_id":"419920201","code":7229,"fclass":"farmland","name":null},"geometry":{"type":"MultiPolygon","coordinates":[[[[79.968,6.9556],[79.9705,6.9525],[79.9709,6.9508],[79.969,6.9515],[79.9692,6.952],[79.9702,6.952],[79.968,6.9556]]]]}},{"type":"Feature","properties":{"osm_id":"419933316","code":7229,"fclass":"farmland","name":null},"geometry":{"type":"MultiPolygon","coordinates":[[[[80.014,6.9882],[80.0158,6.9876],[80.0141,6.9876],[80.014,6.9882]]]]}},{"type":"Feature","properties":{"osm_id":"419933317","code":7229,"fclass":"farmland","name":null},"geometry":{"type":"MultiPolygon","coordinates":[[[[79.9794,6.999],[79.9804,6.9988],[79.9808,6.9968],[79.9794,6.999]]]]}},{"type":"Feature","properties":{"osm_id":"419933318","code":7229,"fclass":"farmland","name":null},"geometry":{"type":"MultiPolygon","coordinates":[[[[80.0074,6.9955],[80.0079,6.9981],[80.0089,6.9957],[80.0074,6.9955]]]]}},{"type":"Feature","properties":{"osm_id":"419933319","code":7229,"fclass":"farmland","name":null},"geometry":{"type":"MultiPolygon","coordinates":[[[[80.0043,6.9939],[80.0068,6.9901],[80.0055,6.9913],[80.0043,6.9939]]]]}},{"type":"Feature","properties":{"osm_id":"419933320","code":7229,"fclass":"farmland","name":null},"geometry":{"type":"MultiPolygon","coordinates":[[[[80.0159,6.9874],[80.0186,6.9865],[80.0179,6.9856],[80.0178,6.9866],[80.0159,6.9874]]]]}},{"type":"Feature","properties":{"osm_id":"419933321","code":7229,"fclass":"farmland","name":null},"geometry":{"type":"MultiPolygon","coordinates":[[[[80.0093,6.9954],[80.0109,6.9949],[80.0114,6.994],[80.0093,6.9954]]]]}},{"type":"Feature","properties":{"osm_id":"419933322","code":7229,"fclass":"farmland","name":null},"geometry":{"type":"MultiPolygon","coordinates":[[[[80.0142,6.9825],[80.0169,6.9826],[80.0184,6.9819],[80.0143,6.982],[80.0142,6.9825]]]]}},{"type":"Feature","properties":{"osm_id":"419933323","code":7229,"fclass":"farmland","name":null},"geometry":{"type":"MultiPolygon","coordinates":[[[[80.0104,6.979],[80.013,6.9822],[80.0141,6.9825],[80.0142,6.982],[80.0129,6.9817],[80.0104,6.979]]]]}},{"type":"Feature","properties":{"osm_id":"419933326","code":7229,"fclass":"farmland","name":null},"geometry":{"type":"MultiPolygon","coordinates":[[[[79.9962,6.9938],[79.9977,6.9962],[79.9991,6.9954],[79.9991,6.9934],[79.9976,6.9942],[79.9965,6.9934],[79.9962,6.9938]]]]}},{"type":"Feature","properties":{"osm_id":"419933327","code":7229,"fclass":"farmland","name":null},"geometry":{"type":"MultiPolygon","coordinates":[[[[80.0132,6.9895],[80.0139,6.9907],[80.0139,6.9931],[80.0152,6.994],[80.0153,6.9912],[80.0143,6.9894],[80.0132,6.9895]]]]}},{"type":"Feature","properties":{"osm_id":"419933328","code":7229,"fclass":"farmland","name":null},"geometry":{"type":"MultiPolygon","coordinates":[[[[80.0185,6.9819],[80.0192,6.9821],[80.0185,6.9819]]]]}},{"type":"Feature","properties":{"osm_id":"419933329","code":7229,"fclass":"farmland","name":null},"geometry":{"type":"MultiPolygon","coordinates":[[[[80.0087,6.9793],[80.0092,6.9799],[80.011,6.9784],[80.0121,6.9787],[80.0111,6.9774],[80.0125,6.9756],[80.0112,6.9763],[80.0109,6.9776],[80.0095,6.979],[80.0087,6.9793]]]]}},{"type":"Feature","properties":{"osm_id":"419933331","code":7229,"fclass":"farmland","name":null},"geometry":{"type":"MultiPolygon","coordinates":[[[[79.9958,6.9839],[79.9977,6.9859],[79.9986,6.9881],[79.9991,6.988],[79.9984,6.9865],[79.9988,6.9856],[79.9973,6.9853],[79.9967,6.9835],[79.9958,6.9839]]]]}},{"type":"Feature","properties":{"osm_id":"419933333","code":7229,"fclass":"farmland","name":null},"geometry":{"type":"MultiPolygon","coordinates":[[[[79.9789,6.9953],[79.9808,6.9957],[79.981,6.9969],[79.9819,6.9957],[79.9828,6.9958],[79.9842,6.9948],[79.981,6.9951],[79.9796,6.9944],[79.9792,6.9934],[79.9789,6.9953]]]]}},{"type":"Feature","properties":{"osm_id":"419933335","code":7229,"fclass":"farmland","name":null},"geometry":{"type":"MultiPolygon","coordinates":[[[[80.0118,7.0012],[80.0137,7.0007],[80.0146,6.9991],[80.0153,6.999],[80.0156,6.9996],[80.0171,6.9993],[80.016,6.9974],[80.0148,6.9967],[80.0146,6.9953],[80.0151,6.9954],[80.0142,6.9943],[80.0129,6.9947],[80.0151,6.998],[80.0118,7.0012]]]]}},{"type":"Feature","properties":{"osm_id":"419933336","code":7229,"fclass":"farmland","name":null},"geometry":{"type":"MultiPolygon","coordinates":[[[[79.9842,6.9945],[79.9866,6.9954],[79.9864,6.9967],[79.9868,6.9955],[79.9903,6.9941],[79.9922,6.9916],[79.9918,6.9912],[79.9907,6.9927],[79.9897,6.9923],[79.9899,6.9933],[79.9879,6.9945],[79.987,6.9938],[79.9855,6.994],[79.9847,6.9926],[79.9849,6.9945],[79.9842,6.9945]]]]}},{"type":"Feature","properties":{"osm_id":"419933337","code":7229,"fclass":"farmland","name":null},"geometry":{"type":"MultiPolygon","coordinates":[[[[80.0132,6.9942],[80.0139,6.9941],[80.0135,6.9928],[80.0132,6.9942]]]]}},{"type":"Feature","properties":{"osm_id":"419933338","code":7229,"fclass":"farmland","name":null},"geometry":{"type":"MultiPolygon","coordinates":[[[[80.0059,6.9843],[80.0086,6.9862],[80.0074,6.9864],[80.0089,6.9885],[80.0076,6.9896],[80.0095,6.9892],[80.0106,6.9899],[80.0115,6.9939],[80.0121,6.9917],[80.0117,6.9894],[80.0138,6.9891],[80.0138,6.9881],[80.0067,6.983],[80.0066,6.984],[80.0059,6.9843]]]]}},{"type":"Feature","properties":{"osm_id":"419933339","code":7229,"fclass":"farmland","name":null},"geometry":{"type":"MultiPolygon","coordinates":[[[[79.9906,6.9868],[79.9921,6.9891],[79.9919,6.9911],[79.9927,6.9913],[79.9933,6.9926],[79.9925,6.997],[79.994,6.9977],[79.9946,6.9941],[79.9966,6.9933],[79.9954,6.9916],[79.9972,6.9905],[79.9956,6.9908],[79.9944,6.9902],[79.9926,6.9847],[79.9911,6.9854],[79.9906,6.9868]]]]}},{"type":"Feature","properties":{"osm_id":"419933665","code":7229,"fclass":"farmland","name":null},"geometry":{"type":"MultiPolygon","coordinates":[[[[80.0102,7.0019],[80.0117,7.0013],[80.0106,7.0013],[80.0102,7.0019]]]]}},{"type":"Feature","properties":{"osm_id":"419933667","code":7229,"fclass":"farmland","name":null},"geometry":{"type":"MultiPolygon","coordinates":[[[[80.0118,7.0013],[80.0118,7.0013]]]]}},{"type":"Feature","properties":{"osm_id":"419935681","code":7229,"fclass":"farmland","name":"Paddy fields"},"geometry":{"type":"MultiPolygon","coordinates":[[[[80.0428,6.9047],[80.0438,6.9048],[80.0431,6.9042],[80.0428,6.9047]]]]}},{"type":"Feature","properties":{"osm_id":"419943692","code":7229,"fclass":"farmland","name":null},"geometry":{"type":"MultiPolygon","coordinates":[[[[80.016,6.9967],[80.0162,6.9975],[80.019,6.9989],[80.0223,6.9989],[80.0244,7.0016],[80.0237,6.9985],[80.0254,6.998],[80.027,6.9988],[80.0281,6.9975],[80.0295,6.9974],[80.0298,6.997],[80.0284,6.997],[80.0298,6.9964],[80.0298,6.9956],[80.0296,6.995],[80.0256,6.9959],[80.0249,6.9944],[80.0245,6.9962],[80.0216,6.9973],[80.0206,6.9968],[80.019,6.9971],[80.0168,6.9961],[80.016,6.9967]]]]}},{"type":"Feature","properties":{"osm_id":"419943700","code":7229,"fclass":"farmland","name":null},"geometry":{"type":"MultiPolygon","coordinates":[[[[80.0155,6.9913],[80.0156,6.9925],[80.0168,6.9926],[80.018,6.9917],[80.0189,6.9921],[80.0194,6.9914],[80.023,6.9911],[80.0261,6.9887],[80.0272,6.989],[80.0263,6.9881],[80.0265,6.987],[80.029,6.9858],[80.0274,6.9858],[80.0277,6.9853],[80.0288,6.9853],[80.0287,6.9847],[80.0274,6.9848],[80.027,6.9857],[80.0265,6.9846],[80.027,6.982],[80.0261,6.9832],[80.0238,6.9828],[80.0233,6.9834],[80.0255,6.9843],[80.0263,6.9855],[80.0249,6.9885],[80.0238,6.9882],[80.0239,6.9889],[80.0219,6.9903],[80.0203,6.9903],[80.0199,6.9892],[80.019,6.9905],[80.0155,6.9913]]]]}},{"type":"Feature","properties":{"osm_id":"419943710","code":7229,"fclass":"farmland","name":null},"geometry":{"type":"MultiPolygon","coordinates":[[[[80.0288,6.9848],[80.03,6.9867],[80.03,6.9857],[80.0324,6.9848],[80.0288,6.9848]]]]}},{"type":"Feature","properties":{"osm_id":"419943712","code":7229,"fclass":"farmland","name":null},"geometry":{"type":"MultiPolygon","coordinates":[[[[80.0139,7.0039],[80.0146,7.0036],[80.0153,7.0007],[80.0141,7.0016],[80.0139,7.0039]]]]}},{"type":"Feature","properties":{"osm_id":"419943717","code":7229,"fclass":"farmland","name":null},"geometry":{"type":"MultiPolygon","coordinates":[[[[80.0153,7.0005],[80.0156,7.001],[80.0166,7.0005],[80.0194,7.0046],[80.0199,7.0045],[80.018,7.002],[80.0171,6.9994],[80.0157,6.9997],[80.0153,7.0005]]]]}},{"type":"Feature","properties":{"osm_id":"419943720","code":7229,"fclass":"farmland","name":null},"geometry":{"type":"MultiPolygon","coordinates":[[[[80.0148,7.0108],[80.0166,7.0104],[80.0173,7.012],[80.0175,7.0107],[80.0193,7.0101],[80.0199,7.0107],[80.0198,7.0067],[80.0217,7.0075],[80.02,7.0064],[80.0199,7.0046],[80.0194,7.0047],[80.0193,7.0062],[80.0186,7.0067],[80.0191,7.0074],[80.0189,7.0088],[80.0168,7.0098],[80.0157,7.0091],[80.0163,7.0099],[80.0148,7.0108]]]]}},{"type":"Feature","properties":{"osm_id":"419943725","code":7229,"fclass":"farmland","name":null},"geometry":{"type":"MultiPolygon","coordinates":[[[[80.0244,7.0017],[80.025,7.0033],[80.0244,7.0017]]]]}},{"type":"Feature","properties":{"osm_id":"419995565","code":7229,"fclass":"farmland","name":null},"geometry":{"type":"MultiPolygon","coordinates":[[[[80.0494,6.9],[80.0505,6.8999],[80.0506,6.8988],[80.0494,6.9]]]]}},{"type":"Feature","properties":{"osm_id":"420002479","code":7229,"fclass":"farmland","name":null},"geometry":{"type":"MultiPolygon","coordinates":[[[[80.0278,6.9294],[80.0288,6.9303],[80.0297,6.9299],[80.0287,6.9286],[80.0278,6.9294]]]]}},{"type":"Feature","properties":{"osm_id":"420002480","code":7229,"fclass":"farmland","name":null},"geometry":{"type":"MultiPolygon","coordinates":[[[[80.0288,6.9304],[80.0294,6.931],[80.0301,6.9302],[80.0288,6.9304]]]]}},{"type":"Feature","properties":{"osm_id":"420011354","code":7229,"fclass":"farmland","name":null},"geometry":{"type":"MultiPolygon","coordinates":[[[[80.0374,6.9186],[80.0382,6.919],[80.0381,6.9185],[80.0374,6.9186]]]]}},{"type":"Feature","properties":{"osm_id":"420011355","code":7229,"fclass":"farmland","name":null},"geometry":{"type":"MultiPolygon","coordinates":[[[[80.0382,6.9185],[80.0382,6.9185]]]]}},{"type":"Feature","properties":{"osm_id":"420020478","code":7229,"fclass":"farmland","name":null},"geometry":{"type":"MultiPolygon","coordinates":[[[[79.9654,6.9654],[79.967,6.9659],[79.9704,6.9646],[79.9703,6.9636],[79.9692,6.9637],[79.9669,6.9598],[79.9683,6.9632],[79.9675,6.9646],[79.9654,6.9654]]]]}},{"type":"Feature","properties":{"osm_id":"420044429","code":7229,"fclass":"farmland","name":null},"geometry":{"type":"MultiPolygon","coordinates":[[[[79.9913,6.9197],[79.9931,6.9211],[79.9942,6.9207],[79.9941,6.9201],[79.992,6.9193],[79.9913,6.9197]]]]}},{"type":"Feature","properties":{"osm_id":"420048831","code":7229,"fclass":"farmland","name":"Paddy Fied"},"geometry":{"type":"MultiPolygon","coordinates":[[[[80.0214,6.9045],[80.0225,6.9052],[80.022,6.9042],[80.0214,6.9045]]]]}},{"type":"Feature","properties":{"osm_id":"420093318","code":7229,"fclass":"farmland","name":null},"geometry":{"type":"MultiPolygon","coordinates":[[[[79.9546,6.899],[79.9565,6.9007],[79.9552,6.8989],[79.9558,6.8971],[79.9546,6.899]]]]}},{"type":"Feature","properties":{"osm_id":"420105382","code":7229,"fclass":"farmland","name":null},"geometry":{"type":"MultiPolygon","coordinates":[[[[79.9881,6.9994],[79.9922,7.0024],[79.9928,7.0021],[79.9925,7.0008],[79.9938,7.0006],[79.9955,7.0034],[79.9954,7.0084],[79.9967,7.0084],[79.996,7.0014],[79.9974,7.0011],[79.9979,6.9997],[79.9956,6.9995],[79.9924,6.9971],[79.9908,6.9998],[79.9896,7.0],[79.9885,6.9988],[79.9881,6.9994]]]]}},{"type":"Feature","properties":{"osm_id":"420105395","code":7229,"fclass":"farmland","name":null},"geometry":{"type":"MultiPolygon","coordinates":[[[[79.9939,7.0116],[79.9946,7.0131],[79.9943,7.0114],[79.9939,7.0116]]]]}},{"type":"Feature","properties":{"osm_id":"420105398","code":7229,"fclass":"farmland","name":null},"geometry":{"type":"MultiPolygon","coordinates":[[[[79.9919,7.0084],[79.9926,7.0101],[79.9938,7.0116],[79.9943,7.0114],[79.9919,7.0084]]]]}},{"type":"Feature","properties":{"osm_id":"420105404","code":7229,"fclass":"farmland","name":null},"geometry":{"type":"MultiPolygon","coordinates":[[[[79.9799,7.0047],[79.9815,7.004],[79.9802,7.0027],[79.9799,7.0047]]]]}},{"type":"Feature","properties":{"osm_id":"420105409","code":7229,"fclass":"farmland","name":null},"geometry":{"type":"MultiPolygon","coordinates":[[[[79.9847,7.0094],[79.986,7.0104],[79.9869,7.0094],[79.9889,7.0096],[79.9892,7.0078],[79.9877,7.0072],[79.9847,7.0094]]]]}},{"type":"Feature","properties":{"osm_id":"420105415","code":7229,"fclass":"farmland","name":null},"geometry":{"type":"MultiPolygon","coordinates":[[[[79.9975,7.0011],[79.9991,7.0016],[80.0012,7.0035],[80.0032,7.0041],[80.0037,7.0036],[80.0025,7.0026],[80.0027,7.0015],[80.0014,7.0022],[79.9979,6.9998],[79.9975,7.0011]]]]}},{"type":"Feature","properties":{"osm_id":"420105422","code":7229,"fclass":"farmland","name":null},"geometry":{"type":"MultiPolygon","coordinates":[[[[79.9812,7.0045],[79.9861,7.0031],[79.9846,7.0004],[79.9842,7.0003],[79.9847,7.0017],[79.9844,7.0027],[79.983,7.0038],[79.9816,7.0038],[79.9812,7.0045]]]]}},{"type":"Feature","properties":{"osm_id":"420105429","code":7229,"fclass":"farmland","name":null},"geometry":{"type":"MultiPolygon","coordinates":[[[[79.9862,7.0032],[79.9881,7.0039],[79.9876,7.0051],[79.9878,7.0071],[79.9891,7.0075],[79.9894,7.0055],[79.9919,7.0081],[79.9901,7.0046],[79.9921,7.0024],[79.99,7.0011],[79.9894,7.0024],[79.9874,7.0031],[79.9863,7.0026],[79.9862,7.0032]]]]}},{"type":"Feature","properties":{"osm_id":"420124113","code":7229,"fclass":"farmland","name":null},"geometry":{"type":"MultiPolygon","coordinates":[[[[79.9369,6.9302],[79.9388,6.9304],[79.94,6.9316],[79.94,6.93],[79.9386,6.9294],[79.9369,6.9302]]]]}},{"type":"Feature","properties":{"osm_id":"420145867","code":7229,"fclass":"farmland","name":null},"geometry":{"type":"MultiPolygon","coordinates":[[[[80.1405,6.9673],[80.1413,6.9676],[80.1405,6.9673]]]]}},{"type":"Feature","properties":{"osm_id":"420145869","code":7229,"fclass":"farmland","name":null},"geometry":{"type":"MultiPolygon","coordinates":[[[[80.1389,6.9665],[80.1406,6.9669],[80.1404,6.9658],[80.1389,6.9665]]]]}},{"type":"Feature","properties":{"osm_id":"420145871","code":7229,"fclass":"farmland","name":null},"geometry":{"type":"MultiPolygon","coordinates":[[[[80.1429,6.9661],[80.1442,6.9668],[80.1448,6.965],[80.1441,6.9645],[80.1429,6.9661]]]]}},{"type":"Feature","properties":{"osm_id":"420146478","code":7229,"fclass":"farmland","name":null},"geometry":{"type":"MultiPolygon","coordinates":[[[[80.1494,6.9649],[80.1563,6.9655],[80.1562,6.9648],[80.1538,6.9649],[80.1529,6.9642],[80.1494,6.9649]]]]}},{"type":"Feature","properties":{"osm_id":"420149959","code":7229,"fclass":"farmland","name":null},"geometry":{"type":"MultiPolygon","coordinates":[[[[80.1516,6.9751],[80.1524,6.9753],[80.1516,6.9751]]]]}},{"type":"Feature","properties":{"osm_id":"420155558","code":7229,"fclass":"farmland","name":null},"geometry":{"type":"MultiPolygon","coordinates":[[[[80.1354,6.9663],[80.1365,6.9678],[80.1367,6.9665],[80.1354,6.9663]]]]}},{"type":"Feature","properties":{"osm_id":"420155560","code":7229,"fclass":"farmland","name":null},"geometry":{"type":"MultiPolygon","coordinates":[[[[80.1376,6.9663],[80.1377,6.9669],[80.1388,6.9667],[80.1388,6.9662],[80.1376,6.9663]]]]}},{"type":"Feature","properties":{"osm_id":"420155563","code":7229,"fclass":"farmland","name":null},"geometry":{"type":"MultiPolygon","coordinates":[[[[80.1395,6.9646],[80.1396,6.9658],[80.1401,6.9651],[80.1395,6.9646]]]]}},{"type":"Feature","properties":{"osm_id":"420155565","code":7229,"fclass":"farmland","name":null},"geometry":{"type":"MultiPolygon","coordinates":[[[[80.1346,6.9653],[80.1356,6.9656],[80.1358,6.9646],[80.1346,6.9653]]]]}},{"type":"Feature","properties":{"osm_id":"420155567","code":7229,"fclass":"farmland","name":null},"geometry":{"type":"MultiPolygon","coordinates":[[[[80.1347,6.967],[80.1348,6.9676],[80.1362,6.9683],[80.1353,6.9663],[80.1347,6.967]]]]}},{"type":"Feature","properties":{"osm_id":"420155569","code":7229,"fclass":"farmland","name":null},"geometry":{"type":"MultiPolygon","coordinates":[[[[80.1334,6.9656],[80.1342,6.9657],[80.1339,6.9672],[80.1344,6.9672],[80.1351,6.9657],[80.1346,6.9651],[80.1334,6.9656]]]]}},{"type":"Feature","properties":{"osm_id":"420162267","code":7229,"fclass":"farmland","name":null},"geometry":{"type":"MultiPolygon","coordinates":[[[[80.1346,6.9605],[80.136,6.9607],[80.1366,6.9593],[80.1346,6.9605]]]]}},{"type":"Feature","properties":{"osm_id":"420162270","code":7229,"fclass":"farmland","name":null},"geometry":{"type":"MultiPolygon","coordinates":[[[[80.1346,6.9646],[80.1367,6.964],[80.1346,6.9646]]]]}},{"type":"Feature","properties":{"osm_id":"420172129","code":7229,"fclass":"farmland","name":null},"geometry":{"type":"MultiPolygon","coordinates":[[[[80.1451,6.9506],[80.1452,6.9519],[80.1459,6.9513],[80.1478,6.9516],[80.1465,6.9491],[80.1475,6.948],[80.1455,6.9482],[80.146,6.9496],[80.1451,6.9506]]]]}},{"type":"Feature","properties":{"osm_id":"420215320","code":7229,"fclass":"farmland","name":null},"geometry":{"type":"MultiPolygon","coordinates":[[[[80.0939,6.9463],[80.0956,6.947],[80.0956,6.9477],[80.0968,6.9469],[80.0957,6.9455],[80.0939,6.9463]]]]}},{"type":"Feature","properties":{"osm_id":"420258053","code":7229,"fclass":"farmland","name":null},"geometry":{"type":"MultiPolygon","coordinates":[[[[80.1308,6.9745],[80.1322,6.9746],[80.1323,6.9736],[80.1308,6.9745]]]]}},{"type":"Feature","properties":{"osm_id":"420272354","code":7229,"fclass":"farmland","name":null},"geometry":{"type":"MultiPolygon","coordinates":[[[[80.0894,6.8987],[80.0909,6.8997],[80.0926,6.899],[80.0939,6.8978],[80.0937,6.8968],[80.0922,6.898],[80.0894,6.8987]]]]}},{"type":"Feature","properties":{"osm_id":"420276276","code":7229,"fclass":"farmland","name":null},"geometry":{"type":"MultiPolygon","coordinates":[[[[80.0968,6.897],[80.1012,6.8962],[80.1056,6.8936],[80.1036,6.8934],[80.1034,6.892],[80.1031,6.8941],[80.1013,6.8955],[80.0975,6.8965],[80.0973,6.8946],[80.0968,6.897]]]]}},{"type":"Feature","properties":{"osm_id":"420279194","code":7229,"fclass":"farmland","name":null},"geometry":{"type":"MultiPolygon","coordinates":[[[[80.0897,6.9513],[80.0904,6.9519],[80.0903,6.9531],[80.093,6.9535],[80.0938,6.9545],[80.0933,6.9531],[80.0914,6.9531],[80.0909,6.9518],[80.0926,6.9492],[80.0937,6.9489],[80.0939,6.9494],[80.0946,6.9486],[80.0934,6.9478],[80.0915,6.9481],[80.0922,6.9493],[80.0908,6.9511],[80.0897,6.9513]]]]}},{"type":"Feature","properties":{"osm_id":"420285220","code":7229,"fclass":"farmland","name":"Paddy Field"},"geometry":{"type":"MultiPolygon","coordinates":[[[[80.0799,6.9218],[80.0811,6.9218],[80.0824,6.9204],[80.083,6.9213],[80.0841,6.9213],[80.0848,6.92],[80.0845,6.9187],[80.083,6.918],[80.0828,6.9199],[80.0801,6.9207],[80.0799,6.9218]]]]}},{"type":"Feature","properties":{"osm_id":"420290908","code":7229,"fclass":"farmland","name":null},"geometry":{"type":"MultiPolygon","coordinates":[[[[80.1127,6.9376],[80.1146,6.9403],[80.1176,6.9408],[80.1177,6.9432],[80.1189,6.943],[80.1176,6.9397],[80.1158,6.9402],[80.1138,6.938],[80.1127,6.9376]]]]}},{"type":"Feature","properties":{"osm_id":"420299823","code":7229,"fclass":"farmland","name":null},"geometry":{"type":"MultiPolygon","coordinates":[[[[80.116,6.9438],[80.117,6.9439],[80.1164,6.9464],[80.1178,6.9429],[80.116,6.9438]]]]}},{"type":"Feature","properties":{"osm_id":"420405061","code":7229,"fclass":"farmland","name":null},"geometry":{"type":"MultiPolygon","coordinates":[[[[80.0862,6.9458],[80.0865,6.9462],[80.0862,6.9458]]]]}},{"type":"Feature","properties":{"osm_id":"420405063","code":7229,"fclass":"farmland","name":null},"geometry":{"type":"MultiPolygon","coordinates":[[[[80.0841,6.9466],[80.0846,6.9471],[80.0855,6.9466],[80.0841,6.9466]]]]}},{"type":"Feature","properties":{"osm_id":"420406425","code":7229,"fclass":"farmland","name":"Paddy Field"},"geometry":{"type":"MultiPolygon","coordinates":[[[[80.0903,6.9654],[80.0903,6.9661],[80.0915,6.9657],[80.0911,6.9673],[80.0919,6.9687],[80.0907,6.9701],[80.0913,6.9701],[80.0927,6.9682],[80.0935,6.9688],[80.0947,6.9677],[80.0921,6.9671],[80.0937,6.964],[80.0948,6.9642],[80.0956,6.9631],[80.0995,6.9614],[80.1017,6.9635],[80.0995,6.9607],[80.1034,6.9592],[80.1046,6.9604],[80.1048,6.9585],[80.1045,6.958],[80.1024,6.9591],[80.1017,6.9588],[80.1017,6.9562],[80.1008,6.9597],[80.0961,6.9617],[80.0952,6.9606],[80.0955,6.9618],[80.0948,6.9629],[80.0933,6.9632],[80.0923,6.9648],[80.0903,6.9654]]]]}},{"type":"Feature","properties":{"osm_id":"420406626","code":7229,"fclass":"farmland","name":null},"geometry":{"type":"MultiPolygon","coordinates":[[[[80.0895,6.9455],[80.0897,6.9461],[80.0895,6.9455]]]]}},{"type":"Feature","properties":{"osm_id":"420406627","code":7229,"fclass":"farmland","name":null},"geometry":{"type":"MultiPolygon","coordinates":[[[[80.0862,6.9485],[80.0882,6.9491],[80.0894,6.9485],[80.0889,6.9478],[80.0862,6.9485]]]]}},{"type":"Feature","properties":{"osm_id":"420412066","code":7229,"fclass":"farmland","name":null},"geometry":{"type":"MultiPolygon","coordinates":[[[[80.1265,6.968],[80.1279,6.97],[80.1289,6.9694],[80.1275,6.9694],[80.1273,6.9678],[80.1265,6.968]]]]}},{"type":"Feature","properties":{"osm_id":"420419019","code":7229,"fclass":"farmland","name":null},"geometry":{"type":"MultiPolygon","coordinates":[[[[80.0654,6.8938],[80.0662,6.8938],[80.0658,6.8933],[80.0654,6.8938]]]]}},{"type":"Feature","properties":{"osm_id":"420419060","code":7229,"fclass":"farmland","name":null},"geometry":{"type":"MultiPolygon","coordinates":[[[[80.067,6.8988],[80.067,6.8988]]]]}},{"type":"Feature","properties":{"osm_id":"420419061","code":7229,"fclass":"farmland","name":null},"geometry":{"type":"MultiPolygon","coordinates":[[[[80.0671,6.899],[80.0671,6.899]]]]}},{"type":"Feature","properties":{"osm_id":"420424850","code":7229,"fclass":"farmland","name":null},"geometry":{"type":"MultiPolygon","coordinates":[[[[80.1376,6.9844],[80.1378,6.9839],[80.1376,6.9844]]]]}},{"type":"Feature","properties":{"osm_id":"420424872","code":7229,"fclass":"farmland","name":null},"geometry":{"type":"MultiPolygon","coordinates":[[[[80.1384,6.9832],[80.1384,6.9832]]]]}},{"type":"Feature","properties":{"osm_id":"420437468","code":7229,"fclass":"farmland","name":null},"geometry":{"type":"MultiPolygon","coordinates":[[[[79.9119,7.1254],[79.9127,7.1256],[79.9125,7.1251],[79.9119,7.1254]]]]}},{"type":"Feature","properties":{"osm_id":"420437471","code":7229,"fclass":"farmland","name":"paddy"},"geometry":{"type":"MultiPolygon","coordinates":[[[[79.9078,7.1289],[79.9087,7.1291],[79.9078,7.1289]]]]}},{"type":"Feature","properties":{"osm_id":"420450667","code":7229,"fclass":"farmland","name":null},"geometry":{"type":"MultiPolygon","coordinates":[[[[79.8811,7.1292],[79.8822,7.1292],[79.8823,7.1279],[79.8813,7.128],[79.8811,7.1292]]]]}},{"type":"Feature","properties":{"osm_id":"420450703","code":7229,"fclass":"farmland","name":"paddy"},"geometry":{"type":"MultiPolygon","coordinates":[[[[79.8907,7.1381],[79.8909,7.139],[79.8924,7.1389],[79.892,7.1382],[79.8907,7.1381]]]]}},{"type":"Feature","properties":{"osm_id":"420450974","code":7229,"fclass":"farmland","name":"paddy"},"geometry":{"type":"MultiPolygon","coordinates":[[[[80.0556,6.9013],[80.0563,6.9014],[80.0565,6.9004],[80.0557,6.9005],[80.0556,6.9013]]]]}},{"type":"Feature","properties":{"osm_id":"420453433","code":7229,"fclass":"farmland","name":null},"geometry":{"type":"MultiPolygon","coordinates":[[[[80.0334,6.9363],[80.0361,6.9361],[80.0373,6.9378],[80.0371,6.9361],[80.0389,6.9353],[80.0407,6.9352],[80.0435,6.9361],[80.0396,6.9341],[80.0435,6.9301],[80.0428,6.9299],[80.0409,6.9315],[80.0384,6.9346],[80.0338,6.9352],[80.0334,6.9363]]]]}},{"type":"Feature","properties":{"osm_id":"420455070","code":7229,"fclass":"farmland","name":null},"geometry":{"type":"MultiPolygon","coordinates":[[[[80.0362,6.9134],[80.0365,6.9138],[80.0375,6.9134],[80.0379,6.9143],[80.0406,6.9129],[80.0386,6.9126],[80.0385,6.9119],[80.037,6.9123],[80.0379,6.9131],[80.0362,6.9134]]]]}},{"type":"Feature","properties":{"osm_id":"420471501","code":7229,"fclass":"farmland","name":"paddy"},"geometry":{"type":"MultiPolygon","coordinates":[[[[79.9182,7.1354],[79.9189,7.1357],[79.9198,7.1346],[79.9194,7.1336],[79.9186,7.1336],[79.9182,7.1354]]]]}},{"type":"Feature","properties":{"osm_id":"420519726","code":7229,"fclass":"farmland","name":"Paddy fields"},"geometry":{"type":"MultiPolygon","coordinates":[[[[80.0419,6.9025],[80.0439,6.9016],[80.042,6.9018],[80.0419,6.9025]]]]}},{"type":"Feature","properties":{"osm_id":"420710800","code":7229,"fclass":"farmland","name":null},"geometry":{"type":"MultiPolygon","coordinates":[[[[79.9115,7.2113],[79.9122,7.2126],[79.9162,7.2112],[79.9127,7.2106],[79.9115,7.2113]]]]}},{"type":"Feature","properties":{"osm_id":"420720496","code":7229,"fclass":"farmland","name":null},"geometry":{"type":"MultiPolygon","coordinates":[[[[79.9036,7.2108],[79.9094,7.2115],[79.9098,7.2107],[79.9041,7.2103],[79.9036,7.2108]]]]}},{"type":"Feature","properties":{"osm_id":"420814217","code":7229,"fclass":"farmland","name":null},"geometry":{"type":"MultiPolygon","coordinates":[[[[80.0266,6.9113],[80.0282,6.9116],[80.0276,6.9133],[80.0286,6.9139],[80.0278,6.9132],[80.0295,6.9118],[80.0304,6.9097],[80.0312,6.9096],[80.0323,6.9069],[80.0308,6.9079],[80.0316,6.905],[80.0308,6.9044],[80.0296,6.9091],[80.0266,6.9113]]]]}},{"type":"Feature","properties":{"osm_id":"420871493","code":7229,"fclass":"farmland","name":null},"geometry":{"type":"MultiPolygon","coordinates":[[[[79.9678,7.1276],[79.9685,7.1279],[79.969,7.1269],[79.9678,7.1276]]]]}},{"type":"Feature","properties":{"osm_id":"420871912","code":7229,"fclass":"farmland","name":null},"geometry":{"type":"MultiPolygon","coordinates":[[[[79.9689,7.1263],[79.9694,7.1265],[79.9701,7.1255],[79.9698,7.124],[79.9703,7.1232],[79.9695,7.1238],[79.9699,7.1251],[79.9689,7.1263]]]]}},{"type":"Feature","properties":{"osm_id":"420871966","code":7229,"fclass":"farmland","name":null},"geometry":{"type":"MultiPolygon","coordinates":[[[[79.9681,7.129],[79.9682,7.1297],[79.9683,7.1292],[79.969,7.1296],[79.9683,7.1279],[79.9681,7.129]]]]}},{"type":"Feature","properties":{"osm_id":"420979961","code":7229,"fclass":"farmland","name":null},"geometry":{"type":"MultiPolygon","coordinates":[[[[79.9952,7.1535],[79.9961,7.1535],[79.9963,7.1512],[79.9981,7.1494],[79.9977,7.1484],[79.9989,7.1462],[80.0008,7.1461],[80.0014,7.1454],[80.0008,7.1443],[79.9985,7.1451],[79.9968,7.1418],[79.9973,7.1456],[79.9954,7.1494],[79.9952,7.1535]]]]}},{"type":"Feature","properties":{"osm_id":"420980750","code":7229,"fclass":"farmland","name":null},"geometry":{"type":"MultiPolygon","coordinates":[[[[79.9842,7.1286],[79.9875,7.1319],[79.9868,7.1336],[79.9878,7.1324],[79.9882,7.1333],[79.9882,7.1327],[79.9899,7.1335],[79.9913,7.133],[79.9892,7.1329],[79.9875,7.1306],[79.9842,7.1286]]]]}},{"type":"Feature","properties":{"osm_id":"421031349","code":7229,"fclass":"farmland","name":null},"geometry":{"type":"MultiPolygon","coordinates":[[[[79.9742,6.9283],[79.9745,6.9286],[79.9763,6.9266],[79.9756,6.9266],[79.9742,6.9283]]]]}},{"type":"Feature","properties":{"osm_id":"421031350","code":7229,"fclass":"farmland","name":null},"geometry":{"type":"MultiPolygon","coordinates":[[[[79.9696,6.9267],[79.9699,6.9289],[79.9713,6.9302],[79.9715,6.932],[79.9716,6.9292],[79.9701,6.9264],[79.9696,6.9267]]]]}},{"type":"Feature","properties":{"osm_id":"421067184","code":7229,"fclass":"farmland","name":null},"geometry":{"type":"MultiPolygon","coordinates":[[[[79.9708,7.1535],[79.9711,7.1546],[79.9724,7.1547],[79.9736,7.1559],[79.9788,7.1555],[79.9792,7.1548],[79.9804,7.1554],[79.9797,7.153],[79.9801,7.1512],[79.979,7.1536],[79.9761,7.1534],[79.976,7.1497],[79.977,7.148],[79.9789,7.147],[79.9772,7.1472],[79.9759,7.1483],[79.975,7.1482],[79.9744,7.1468],[79.9717,7.1479],[79.9717,7.1483],[79.9732,7.1482],[79.9745,7.1492],[79.9752,7.1521],[79.9732,7.1537],[79.9717,7.154],[79.9711,7.1531],[79.9708,7.1535]]]]}},{"type":"Feature","properties":{"osm_id":"421110057","code":7229,"fclass":"farmland","name":null},"geometry":{"type":"MultiPolygon","coordinates":[[[[79.9188,7.0982],[79.9191,7.0986],[79.9192,7.0978],[79.9206,7.0979],[79.9226,7.0999],[79.9242,7.0987],[79.9259,7.0991],[79.926,7.0968],[79.9213,7.0957],[79.9188,7.0982]]]]}},{"type":"Feature","properties":{"osm_id":"421118347","code":7229,"fclass":"farmland","name":null},"geometry":{"type":"MultiPolygon","coordinates":[[[[79.9346,7.1298],[79.9372,7.1287],[79.9369,7.1276],[79.9381,7.126],[79.9383,7.1243],[79.9364,7.1238],[79.9369,7.1264],[79.9346,7.1298]]]]}},{"type":"Feature","properties":{"osm_id":"421139691","code":7229,"fclass":"farmland","name":null},"geometry":{"type":"MultiPolygon","coordinates":[[[[79.9701,7.1387],[79.9704,7.1385],[79.9701,7.1387]]]]}},{"type":"Feature","properties":{"osm_id":"421207952","code":7229,"fclass":"farmland","name":null},"geometry":{"type":"MultiPolygon","coordinates":[[[[80.0027,7.1731],[80.0042,7.1732],[80.0027,7.1731]]]]}},{"type":"Feature","properties":{"osm_id":"421210584","code":7229,"fclass":"farmland","name":"Muthuraja Wela"},"geometry":{"type":"MultiPolygon","coordinates":[[[[79.8846,7.1303],[79.8865,7.131],[79.8865,7.1301],[79.8872,7.1299],[79.8872,7.1287],[79.8868,7.1296],[79.8863,7.1294],[79.8866,7.1273],[79.8873,7.1271],[79.8886,7.1249],[79.8899,7.125],[79.8896,7.1239],[79.8886,7.1236],[79.8888,7.1232],[79.888,7.1228],[79.8857,7.1241],[79.8868,7.1244],[79.8871,7.1253],[79.8854,7.1265],[79.8856,7.1296],[79.8846,7.1303]]]]}},{"type":"Feature","properties":{"osm_id":"421211893","code":7229,"fclass":"farmland","name":null},"geometry":{"type":"MultiPolygon","coordinates":[[[[79.8822,7.1176],[79.8826,7.1211],[79.885,7.1213],[79.8852,7.1208],[79.8833,7.1202],[79.8829,7.1177],[79.8834,7.1172],[79.8844,7.1177],[79.8869,7.116],[79.8873,7.1151],[79.8865,7.1149],[79.8867,7.114],[79.8847,7.1138],[79.8832,7.1145],[79.8832,7.116],[79.8823,7.1164],[79.8822,7.1176]]]]}},{"type":"Feature","properties":{"osm_id":"421235983","code":7229,"fclass":"farmland","name":null},"geometry":{"type":"MultiPolygon","coordinates":[[[[79.9807,7.1548],[79.9816,7.155],[79.9814,7.1545],[79.9807,7.1548]]]]}},{"type":"Feature","properties":{"osm_id":"421240043","code":7229,"fclass":"farmland","name":null},"geometry":{"type":"MultiPolygon","coordinates":[[[[80.1217,6.9407],[80.1223,6.9419],[80.1241,6.9425],[80.1231,6.9463],[80.1248,6.9465],[80.127,6.9453],[80.1279,6.9458],[80.1285,6.9452],[80.1291,6.9462],[80.1304,6.9453],[80.1305,6.9436],[80.1292,6.9433],[80.1266,6.9445],[80.1258,6.944],[80.1256,6.9451],[80.1251,6.9449],[80.1251,6.9431],[80.1263,6.9418],[80.1284,6.9419],[80.1275,6.9382],[80.1298,6.9375],[80.1297,6.9366],[80.1275,6.9373],[80.1263,6.9351],[80.1273,6.9334],[80.1291,6.9331],[80.1285,6.9322],[80.126,6.9334],[80.1256,6.932],[80.1262,6.9315],[80.1252,6.9303],[80.1247,6.9329],[80.1266,6.9373],[80.1268,6.9395],[80.1261,6.9406],[80.1254,6.9394],[80.1258,6.939],[80.1252,6.9393],[80.1257,6.9408],[80.1251,6.9415],[80.1244,6.9415],[80.1237,6.9397],[80.1233,6.9413],[80.1217,6.9407]]]]}},{"type":"Feature","properties":{"osm_id":"421240571","code":7229,"fclass":"farmland","name":null},"geometry":{"type":"MultiPolygon","coordinates":[[[[79.9188,7.1619],[79.9188,7.1624],[79.9193,7.1623],[79.9194,7.1606],[79.9188,7.1619]]]]}},{"type":"Feature","properties":{"osm_id":"421243890","code":7229,"fclass":"farmland","name":null},"geometry":{"type":"MultiPolygon","coordinates":[[[[79.9234,7.1554],[79.925,7.1553],[79.9279,7.1514],[79.9303,7.1514],[79.9306,7.152],[79.9313,7.1515],[79.9328,7.1541],[79.9322,7.1529],[79.9336,7.1526],[79.934,7.1532],[79.9339,7.1523],[79.9347,7.1516],[79.9378,7.152],[79.9381,7.1515],[79.9399,7.1524],[79.9405,7.152],[79.9372,7.1503],[79.9349,7.1504],[79.93,7.1492],[79.9269,7.1501],[79.9248,7.1522],[79.9234,7.1554]]]]}},{"type":"Feature","properties":{"osm_id":"421244452","code":7229,"fclass":"farmland","name":"Paddy Field"},"geometry":{"type":"MultiPolygon","coordinates":[[[[79.9528,7.137],[79.954,7.1369],[79.9553,7.1357],[79.9528,7.137]]]]}},{"type":"Feature","properties":{"osm_id":"421264999","code":7229,"fclass":"farmland","name":null},"geometry":{"type":"MultiPolygon","coordinates":[[[[79.9382,7.124],[79.9395,7.1241],[79.9404,7.1232],[79.9422,7.1236],[79.9409,7.1219],[79.9414,7.1183],[79.9404,7.1179],[79.9401,7.1216],[79.9395,7.1216],[79.9396,7.1227],[79.9382,7.124]]]]}},{"type":"Feature","properties":{"osm_id":"421265211","code":7229,"fclass":"farmland","name":null},"geometry":{"type":"MultiPolygon","coordinates":[[[[79.9296,7.141],[79.9308,7.1422],[79.9311,7.1401],[79.9333,7.1393],[79.9353,7.1393],[79.9366,7.1405],[79.9384,7.1393],[79.9362,7.1397],[79.9355,7.1388],[79.9356,7.1378],[79.9306,7.1392],[79.9296,7.141]]]]}},{"type":"Feature","properties":{"osm_id":"421298099","code":7229,"fclass":"farmland","name":null},"geometry":{"type":"MultiPolygon","coordinates":[[[[80.0983,6.9683],[80.0985,6.9695],[80.0991,6.9695],[80.099,6.9674],[80.0983,6.9683]]]]}},{"type":"Feature","properties":{"osm_id":"421327811","code":7229,"fclass":"farmland","name":null},"geometry":{"type":"MultiPolygon","coordinates":[[[[80.0791,6.9662],[80.0793,6.9675],[80.0801,6.9675],[80.0821,6.9633],[80.0833,6.9636],[80.083,6.9646],[80.0836,6.9646],[80.0841,6.9634],[80.0847,6.9633],[80.0826,6.9624],[80.0818,6.9593],[80.081,6.9594],[80.081,6.9607],[80.0795,6.9608],[80.0801,6.9618],[80.0811,6.9619],[80.0801,6.9653],[80.0793,6.9654],[80.0791,6.9662]]]]}},{"type":"Feature","properties":{"osm_id":"421329311","code":7229,"fclass":"farmland","name":"Paddy Field"},"geometry":{"type":"MultiPolygon","coordinates":[[[[80.0876,6.9565],[80.0891,6.9595],[80.0889,6.9567],[80.0901,6.9559],[80.0894,6.9556],[80.0876,6.9565]]]]}},{"type":"Feature","properties":{"osm_id":"421338485","code":7229,"fclass":"farmland","name":"Paddy Field"},"geometry":{"type":"MultiPolygon","coordinates":[[[[80.0682,6.9469],[80.071,6.9482],[80.0717,6.9491],[80.0709,6.9497],[80.072,6.9523],[80.0718,6.9543],[80.0711,6.9544],[80.0721,6.9554],[80.0724,6.9576],[80.0715,6.9586],[80.0683,6.9591],[80.0719,6.9592],[80.0734,6.9646],[80.0729,6.9598],[80.0732,6.9589],[80.0752,6.9581],[80.0727,6.9566],[80.0724,6.9557],[80.0728,6.9514],[80.0719,6.9479],[80.0724,6.9473],[80.0718,6.9467],[80.0706,6.9473],[80.0693,6.9466],[80.0682,6.9469]]]]}},{"type":"Feature","properties":{"osm_id":"421342927","code":7229,"fclass":"farmland","name":"Paddy Field"},"geometry":{"type":"MultiPolygon","coordinates":[[[[80.0758,6.9511],[80.079,6.95],[80.0793,6.951],[80.0801,6.9513],[80.0822,6.9494],[80.0792,6.9488],[80.0761,6.9498],[80.0758,6.9511]]]]}},{"type":"Feature","properties":{"osm_id":"421403708","code":7229,"fclass":"farmland","name":null},"geometry":{"type":"MultiPolygon","coordinates":[[[[80.1165,6.9487],[80.117,6.9492],[80.1171,6.9482],[80.1165,6.9487]]]]}},{"type":"Feature","properties":{"osm_id":"421490414","code":7229,"fclass":"farmland","name":null},"geometry":{"type":"MultiPolygon","coordinates":[[[[79.9771,7.1249],[79.979,7.1244],[79.9796,7.1255],[79.98,7.1225],[79.9795,7.1212],[79.9815,7.1173],[79.9821,7.1184],[79.9816,7.1213],[79.9811,7.1217],[79.9813,7.1229],[79.9821,7.1229],[79.9822,7.1209],[79.9831,7.1207],[79.9824,7.1205],[79.9823,7.1195],[79.9834,7.1156],[79.9833,7.1127],[79.9843,7.1138],[79.9841,7.1159],[79.9856,7.1152],[79.9856,7.1158],[79.9869,7.1162],[79.9878,7.118],[79.9882,7.1195],[79.9877,7.1209],[79.9887,7.1216],[79.9881,7.1226],[79.9895,7.1238],[79.9892,7.1254],[79.9901,7.1267],[79.9899,7.1274],[79.9904,7.127],[79.9897,7.1258],[79.9901,7.1236],[79.9888,7.1206],[79.9896,7.1194],[79.9911,7.1201],[79.9919,7.1197],[79.9939,7.1213],[79.9947,7.1209],[79.9946,7.1201],[79.9985,7.1219],[79.9984,7.1211],[79.9992,7.1207],[79.998,7.1205],[79.9994,7.1198],[79.9979,7.1202],[79.996,7.1192],[79.996,7.1181],[79.9956,7.1183],[79.9952,7.1174],[79.9949,7.1187],[79.9937,7.118],[79.9915,7.1179],[79.9887,7.1157],[79.9896,7.1128],[79.9877,7.115],[79.9857,7.1139],[79.9846,7.1103],[79.9851,7.1094],[79.9858,7.1094],[79.9857,7.1075],[79.9869,7.1062],[79.9897,7.1061],[79.9897,7.1055],[79.9854,7.1053],[79.9837,7.1058],[79.9835,7.1046],[79.982,7.1029],[79.9798,7.1032],[79.9794,7.1047],[79.9825,7.1079],[79.9825,7.1097],[79.9809,7.1136],[79.9808,7.1164],[79.9797,7.12],[79.9791,7.1208],[79.9776,7.1205],[79.979,7.1211],[79.9785,7.1226],[79.9794,7.1225],[79.9793,7.1234],[79.9771,7.1249]]]]}},{"type":"Feature","properties":{"osm_id":"421564170","code":7229,"fclass":"farmland","name":null},"geometry":{"type":"MultiPolygon","coordinates":[[[[79.982,7.1264],[79.983,7.1279],[79.9844,7.1283],[79.9846,7.1276],[79.9836,7.1275],[79.9823,7.126],[79.982,7.1264]]]]}},{"type":"Feature","properties":{"osm_id":"421588614","code":7229,"fclass":"farmland","name":null},"geometry":{"type":"MultiPolygon","coordinates":[[[[79.9952,6.9799],[79.9961,6.9798],[79.9952,6.9799]]]]}},{"type":"Feature","properties":{"osm_id":"421683561","code":7229,"fclass":"farmland","name":null},"geometry":{"type":"MultiPolygon","coordinates":[[[[80.0317,7.1365],[80.0329,7.1372],[80.0343,7.1366],[80.0321,7.1355],[80.0317,7.1365]]]]}},{"type":"Feature","properties":{"osm_id":"421753527","code":7229,"fclass":"farmland","name":null},"geometry":{"type":"MultiPolygon","coordinates":[[[[79.8899,7.0585],[79.8905,7.0597],[79.8909,7.0583],[79.8904,7.0579],[79.8899,7.0585]]]]}},{"type":"Feature","properties":{"osm_id":"421753528","code":7229,"fclass":"farmland","name":null},"geometry":{"type":"MultiPolygon","coordinates":[[[[79.902,7.0548],[79.902,7.0566],[79.9031,7.0579],[79.9041,7.0564],[79.9031,7.0553],[79.9026,7.0557],[79.9026,7.0547],[79.902,7.0548]]]]}},{"type":"Feature","properties":{"osm_id":"421762273","code":7229,"fclass":"farmland","name":null},"geometry":{"type":"MultiPolygon","coordinates":[[[[79.93,7.1181],[79.9302,7.1187],[79.931,7.1181],[79.93,7.1181]]]]}},{"type":"Feature","properties":{"osm_id":"421767593","code":7229,"fclass":"farmland","name":null},"geometry":{"type":"MultiPolygon","coordinates":[[[[80.0262,7.0491],[80.0263,7.0497],[80.0288,7.0505],[80.0294,7.0516],[80.0301,7.0513],[80.0319,7.0539],[80.032,7.0553],[80.0331,7.0566],[80.0312,7.0601],[80.0322,7.0614],[80.0346,7.0561],[80.0334,7.0557],[80.0331,7.0542],[80.0322,7.0536],[80.0322,7.0513],[80.0331,7.0475],[80.0354,7.0473],[80.0334,7.047],[80.0351,7.0449],[80.0333,7.0452],[80.0323,7.0467],[80.0327,7.0477],[80.032,7.0476],[80.0322,7.0501],[80.0315,7.0515],[80.0301,7.0512],[80.0284,7.0493],[80.0271,7.0496],[80.0262,7.0491]]]]}},{"type":"Feature","properties":{"osm_id":"421769241","code":7229,"fclass":"farmland","name":null},"geometry":{"type":"MultiPolygon","coordinates":[[[[79.9775,7.1009],[79.9778,7.1017],[79.98,7.103],[79.9835,7.1021],[79.9807,7.1008],[79.9798,7.1016],[79.9775,7.1009]]]]}},{"type":"Feature","properties":{"osm_id":"421862646","code":7229,"fclass":"farmland","name":null},"geometry":{"type":"MultiPolygon","coordinates":[[[[80.0084,7.14],[80.0097,7.1399],[80.0117,7.1376],[80.0124,7.1386],[80.013,7.1386],[80.0139,7.1416],[80.0124,7.1427],[80.0124,7.1433],[80.0156,7.1438],[80.0161,7.1427],[80.0174,7.1429],[80.0152,7.1414],[80.0139,7.1385],[80.014,7.137],[80.0147,7.136],[80.0162,7.1367],[80.0167,7.1385],[80.0172,7.1383],[80.0178,7.139],[80.0162,7.1357],[80.0151,7.1354],[80.0145,7.1342],[80.01,7.1354],[80.0091,7.1366],[80.0112,7.1355],[80.0122,7.1355],[80.0124,7.1366],[80.0084,7.14]]]]}},{"type":"Feature","properties":{"osm_id":"422051463","code":7229,"fclass":"farmland","name":null},"geometry":{"type":"MultiPolygon","coordinates":[[[[79.9604,7.1919],[79.9606,7.1931],[79.9612,7.1921],[79.9604,7.1919]]]]}},{"type":"Feature","properties":{"osm_id":"422051464","code":7229,"fclass":"farmland","name":null},"geometry":{"type":"MultiPolygon","coordinates":[[[[79.961,7.1917],[79.962,7.192],[79.9625,7.1907],[79.964,7.1899],[79.9646,7.1887],[79.9623,7.19],[79.961,7.1917]]]]}},{"type":"Feature","properties":{"osm_id":"422052838","code":7229,"fclass":"farmland","name":null},"geometry":{"type":"MultiPolygon","coordinates":[[[[79.9816,7.1546],[79.9828,7.155],[79.9833,7.1564],[79.9844,7.1564],[79.9851,7.1555],[79.9859,7.156],[79.9862,7.1553],[79.9899,7.1573],[79.9908,7.1588],[79.99,7.1604],[79.9907,7.1621],[79.9913,7.1621],[79.9916,7.1597],[79.9914,7.1569],[79.9938,7.1568],[79.9935,7.1546],[79.9921,7.1535],[79.9922,7.1511],[79.9907,7.1522],[79.9903,7.1542],[79.9868,7.1529],[79.9862,7.1536],[79.9859,7.1531],[79.9842,7.154],[79.983,7.1526],[79.9843,7.1505],[79.9831,7.1514],[79.9819,7.1514],[79.983,7.1543],[79.9816,7.1546]]]]}},{"type":"Feature","properties":{"osm_id":"422053756","code":7229,"fclass":"farmland","name":null},"geometry":{"type":"MultiPolygon","coordinates":[[[[79.9647,7.1886],[79.9657,7.1889],[79.9662,7.188],[79.9653,7.1876],[79.9647,7.1886]]]]}},{"type":"Feature","properties":{"osm_id":"422067366","code":7229,"fclass":"farmland","name":null},"geometry":{"type":"MultiPolygon","coordinates":[[[[80.0008,7.1439],[80.0023,7.145],[80.002,7.1438],[80.0036,7.144],[80.0035,7.1434],[80.0025,7.1433],[80.0031,7.1426],[80.0022,7.143],[80.0025,7.142],[80.0016,7.1436],[80.0008,7.1439]]]]}},{"type":"Feature","properties":{"osm_id":"422127516","code":7229,"fclass":"farmland","name":null},"geometry":{"type":"MultiPolygon","coordinates":[[[[80.0164,7.1932],[80.0165,7.194],[80.0173,7.1939],[80.0183,7.1948],[80.0185,7.1934],[80.0173,7.1937],[80.0164,7.1932]]]]}},{"type":"Feature","properties":{"osm_id":"422162447","code":7229,"fclass":"farmland","name":null},"geometry":{"type":"MultiPolygon","coordinates":[[[[80.0089,7.1453],[80.0102,7.1472],[80.0091,7.1485],[80.011,7.1487],[80.0113,7.1475],[80.0107,7.1475],[80.0106,7.1468],[80.0112,7.1458],[80.0102,7.1464],[80.0089,7.1453]]]]}},{"type":"Feature","properties":{"osm_id":"422214954","code":7229,"fclass":"farmland","name":null},"geometry":{"type":"MultiPolygon","coordinates":[[[[79.8989,7.2234],[79.8991,7.2244],[79.9002,7.2249],[79.8989,7.2234]]]]}},{"type":"Feature","properties":{"osm_id":"422214955","code":7229,"fclass":"farmland","name":null},"geometry":{"type":"MultiPolygon","coordinates":[[[[79.9021,7.2256],[79.9023,7.2263],[79.9039,7.2255],[79.9027,7.2249],[79.9021,7.2256]]]]}},{"type":"Feature","properties":{"osm_id":"422214956","code":7229,"fclass":"farmland","name":null},"geometry":{"type":"MultiPolygon","coordinates":[[[[79.9021,7.2241],[79.9029,7.2242],[79.9033,7.2211],[79.9021,7.2241]]]]}},{"type":"Feature","properties":{"osm_id":"422219728","code":7229,"fclass":"farmland","name":null},"geometry":{"type":"MultiPolygon","coordinates":[[[[79.8976,7.2223],[79.898,7.2235],[79.8987,7.2233],[79.8981,7.222],[79.8976,7.2223]]]]}},{"type":"Feature","properties":{"osm_id":"422228094","code":7229,"fclass":"farmland","name":null},"geometry":{"type":"MultiPolygon","coordinates":[[[[79.9477,7.1711],[79.9519,7.1723],[79.9544,7.1776],[79.9541,7.1806],[79.9558,7.1813],[79.9549,7.1787],[79.9555,7.1777],[79.9543,7.1761],[79.9543,7.1744],[79.9529,7.1722],[79.9513,7.1709],[79.9504,7.1712],[79.9482,7.1701],[79.9477,7.1711]]]]}},{"type":"Feature","properties":{"osm_id":"422269752","code":7229,"fclass":"farmland","name":null},"geometry":{"type":"MultiPolygon","coordinates":[[[[79.9391,7.1857],[79.9396,7.188],[79.9406,7.1878],[79.9407,7.1866],[79.9391,7.1857]]]]}},{"type":"Feature","properties":{"osm_id":"422290080","code":7229,"fclass":"farmland","name":null},"geometry":{"type":"MultiPolygon","coordinates":[[[[79.9455,7.1616],[79.9457,7.1624],[79.9465,7.1623],[79.9459,7.1629],[79.9462,7.1637],[79.9491,7.1623],[79.9536,7.1574],[79.9532,7.1569],[79.9537,7.1565],[79.9529,7.1561],[79.9521,7.1577],[79.9499,7.1571],[79.9498,7.1578],[79.9491,7.1581],[79.9497,7.1596],[79.9492,7.1604],[79.9473,7.1615],[79.9465,7.161],[79.9455,7.1616]]]]}},{"type":"Feature","properties":{"osm_id":"422403102","code":7229,"fclass":"farmland","name":null},"geometry":{"type":"MultiPolygon","coordinates":[[[[79.9477,7.1115],[79.9477,7.1115]]]]}},{"type":"Feature","properties":{"osm_id":"422540720","code":7229,"fclass":"farmland","name":null},"geometry":{"type":"MultiPolygon","coordinates":[[[[79.9789,7.126],[79.9795,7.1282],[79.9801,7.1281],[79.9796,7.1256],[79.9789,7.126]]]]}},{"type":"Feature","properties":{"osm_id":"422620826","code":7229,"fclass":"farmland","name":null},"geometry":{"type":"MultiPolygon","coordinates":[[[[79.986,7.1858],[79.9877,7.1857],[79.9889,7.1871],[79.99,7.187],[79.9879,7.1848],[79.986,7.1854],[79.986,7.1858]]]]}},{"type":"Feature","properties":{"osm_id":"422620828","code":7229,"fclass":"farmland","name":null},"geometry":{"type":"MultiPolygon","coordinates":[[[[79.9899,7.1867],[79.9915,7.1878],[79.9923,7.1865],[79.9919,7.186],[79.9899,7.1867]]]]}},{"type":"Feature","properties":{"osm_id":"422655306","code":7229,"fclass":"farmland","name":null},"geometry":{"type":"MultiPolygon","coordinates":[[[[79.8864,7.0391],[79.8875,7.0393],[79.8876,7.0381],[79.8867,7.0382],[79.8864,7.0391]]]]}},{"type":"Feature","properties":{"osm_id":"422841294","code":7229,"fclass":"farmland","name":null},"geometry":{"type":"MultiPolygon","coordinates":[[[[80.0055,7.1608],[80.0079,7.163],[80.0124,7.1695],[80.014,7.1701],[80.0164,7.1728],[80.0227,7.1728],[80.0244,7.1734],[80.0244,7.1725],[80.023,7.1722],[80.0241,7.171],[80.027,7.1706],[80.0302,7.1713],[80.0301,7.1719],[80.0308,7.1722],[80.0309,7.1714],[80.0318,7.1708],[80.0319,7.1704],[80.028,7.1704],[80.027,7.1698],[80.027,7.1689],[80.0238,7.1698],[80.0239,7.1704],[80.0209,7.1722],[80.0168,7.1721],[80.0125,7.168],[80.011,7.1651],[80.0097,7.1644],[80.0117,7.1638],[80.0105,7.1634],[80.0101,7.1623],[80.0096,7.1634],[80.0072,7.1614],[80.0075,7.1606],[80.0109,7.16],[80.0147,7.1613],[80.0173,7.1603],[80.0201,7.1614],[80.0212,7.1622],[80.0209,7.1629],[80.0215,7.1622],[80.0225,7.1623],[80.0229,7.161],[80.022,7.1617],[80.021,7.1615],[80.0202,7.1601],[80.0184,7.1598],[80.0176,7.1585],[80.0171,7.1599],[80.0154,7.1593],[80.0147,7.1603],[80.0133,7.16],[80.0155,7.1568],[80.0167,7.1564],[80.0178,7.1569],[80.0199,7.1562],[80.02,7.157],[80.0207,7.1572],[80.0209,7.1562],[80.0234,7.1563],[80.0261,7.1574],[80.0268,7.1584],[80.0274,7.1586],[80.0274,7.1575],[80.0278,7.1588],[80.029,7.1591],[80.0276,7.1571],[80.0268,7.157],[80.027,7.1582],[80.0249,7.1561],[80.0197,7.1553],[80.0194,7.1536],[80.0175,7.1555],[80.0166,7.1545],[80.0172,7.1538],[80.0162,7.1532],[80.0161,7.1555],[80.0121,7.1589],[80.0098,7.1586],[80.0094,7.1594],[80.0074,7.1597],[80.0071,7.159],[80.0066,7.1604],[80.0055,7.1608]]]]}},{"type":"Feature","properties":{"osm_id":"422852136","code":7229,"fclass":"farmland","name":null},"geometry":{"type":"MultiPolygon","coordinates":[[[[79.9448,7.1313],[79.9452,7.132],[79.9448,7.1313]]]]}},{"type":"Feature","properties":{"osm_id":"422865703","code":7229,"fclass":"farmland","name":null},"geometry":{"type":"MultiPolygon","coordinates":[[[[79.9423,7.1326],[79.9431,7.1326],[79.9428,7.1322],[79.9423,7.1326]]]]}},{"type":"Feature","properties":{"osm_id":"422870686","code":7229,"fclass":"farmland","name":null},"geometry":{"type":"MultiPolygon","coordinates":[[[[79.9265,7.1302],[79.928,7.1298],[79.9293,7.1255],[79.9278,7.1292],[79.9266,7.1297],[79.9265,7.1302]]]]}},{"type":"Feature","properties":{"osm_id":"422878875","code":7229,"fclass":"farmland","name":null},"geometry":{"type":"MultiPolygon","coordinates":[[[[79.926,7.1266],[79.9264,7.1271],[79.9271,7.1264],[79.9266,7.126],[79.926,7.1266]]]]}},{"type":"Feature","properties":{"osm_id":"422989880","code":7229,"fclass":"farmland","name":null},"geometry":{"type":"MultiPolygon","coordinates":[[[[79.9574,7.1412],[79.9586,7.14],[79.958,7.1398],[79.9574,7.1412]]]]}},{"type":"Feature","properties":{"osm_id":"423013298","code":7229,"fclass":"farmland","name":null},"geometry":{"type":"MultiPolygon","coordinates":[[[[79.9917,7.1944],[79.9926,7.1942],[79.9932,7.1953],[79.9936,7.1974],[79.9927,7.198],[79.9931,7.1986],[79.9943,7.1971],[79.997,7.1972],[79.9964,7.196],[79.9957,7.1967],[79.9945,7.1965],[79.9944,7.1952],[79.9936,7.1954],[79.9926,7.194],[79.9917,7.1944]]]]}},{"type":"Feature","properties":{"osm_id":"423013303","code":7229,"fclass":"farmland","name":null},"geometry":{"type":"MultiPolygon","coordinates":[[[[79.9897,7.199],[79.9915,7.1997],[79.993,7.1986],[79.9925,7.198],[79.9908,7.1985],[79.9898,7.1976],[79.9897,7.199]]]]}},{"type":"Feature","properties":{"osm_id":"423020627","code":7229,"fclass":"farmland","name":null},"geometry":{"type":"MultiPolygon","coordinates":[[[[80.0532,7.0693],[80.0535,7.0702],[80.0554,7.0718],[80.0563,7.0744],[80.0574,7.0755],[80.0578,7.0788],[80.0573,7.0787],[80.0579,7.0791],[80.0579,7.0752],[80.0569,7.0743],[80.0561,7.0721],[80.0567,7.0705],[80.0558,7.0715],[80.0532,7.0693]]]]}},{"type":"Feature","properties":{"osm_id":"6290316","code":7229,"fclass":"farmland","name":null},"geometry":{"type":"MultiPolygon","coordinates":[[[[79.998,7.1243],[79.9989,7.127],[80.0001,7.1276],[80.0017,7.1319],[80.0014,7.1303],[80.0018,7.13],[79.9996,7.1262],[80.0004,7.1244],[79.9988,7.1235],[79.9986,7.122],[79.998,7.1243]]]]}},{"type":"Feature","properties":{"osm_id":"423051494","code":7229,"fclass":"farmland","name":null},"geometry":{"type":"MultiPolygon","coordinates":[[[[79.9986,7.1215],[80.0003,7.123],[79.9999,7.1218],[79.9986,7.1215]]]]}},{"type":"Feature","properties":{"osm_id":"423051745","code":7229,"fclass":"farmland","name":null},"geometry":{"type":"MultiPolygon","coordinates":[[[[80.1557,7.1389],[80.1567,7.1396],[80.1573,7.1381],[80.1567,7.1391],[80.1557,7.1389]]]]}},{"type":"Feature","properties":{"osm_id":"423051746","code":7229,"fclass":"farmland","name":null},"geometry":{"type":"MultiPolygon","coordinates":[[[[80.1579,7.1418],[80.1584,7.14],[80.1579,7.1418]]]]}},{"type":"Feature","properties":{"osm_id":"423204154","code":7229,"fclass":"farmland","name":null},"geometry":{"type":"MultiPolygon","coordinates":[[[[79.9985,7.1887],[79.9992,7.1926],[79.9997,7.1902],[79.9992,7.189],[80.001,7.1885],[80.0003,7.1875],[79.9999,7.1882],[79.9985,7.1887]]]]}},{"type":"Feature","properties":{"osm_id":"423217645","code":7229,"fclass":"farmland","name":null},"geometry":{"type":"MultiPolygon","coordinates":[[[[79.9408,7.1517],[79.942,7.1516],[79.9418,7.151],[79.9444,7.1473],[79.9449,7.1454],[79.9444,7.145],[79.9435,7.1481],[79.9425,7.1486],[79.9414,7.1515],[79.9408,7.1517]]]]}},{"type":"Feature","properties":{"osm_id":"423218492","code":7229,"fclass":"farmland","name":null},"geometry":{"type":"MultiPolygon","coordinates":[[[[79.9444,7.1449],[79.9469,7.1439],[79.9462,7.1432],[79.9456,7.144],[79.9455,7.1436],[79.9471,7.1395],[79.9454,7.1427],[79.9445,7.1428],[79.9452,7.1431],[79.9451,7.1444],[79.9444,7.1449]]]]}},{"type":"Feature","properties":{"osm_id":"423392355","code":7229,"fclass":"farmland","name":null},"geometry":{"type":"MultiPolygon","coordinates":[[[[79.946,7.1451],[79.946,7.1451]]]]}},{"type":"Feature","properties":{"osm_id":"423423491","code":7229,"fclass":"farmland","name":"Rice"},"geometry":{"type":"MultiPolygon","coordinates":[[[[80.0553,7.1751],[80.0574,7.1745],[80.0574,7.1737],[80.0553,7.1751]]]]}},{"type":"Feature","properties":{"osm_id":"423423492","code":7229,"fclass":"farmland","name":null},"geometry":{"type":"MultiPolygon","coordinates":[[[[80.05,7.1713],[80.0503,7.1715],[80.0527,7.1687],[80.0526,7.1672],[80.0514,7.1662],[80.0506,7.1662],[80.0518,7.1671],[80.0521,7.1683],[80.05,7.1713]]]]}},{"type":"Feature","properties":{"osm_id":"423430641","code":7229,"fclass":"farmland","name":null},"geometry":{"type":"MultiPolygon","coordinates":[[[[80.0573,7.1664],[80.0608,7.1641],[80.0615,7.1644],[80.0612,7.166],[80.0617,7.1663],[80.0621,7.1641],[80.0648,7.1619],[80.0658,7.1629],[80.0659,7.1664],[80.0677,7.1664],[80.0674,7.1652],[80.068,7.1638],[80.0669,7.1616],[80.0675,7.1608],[80.0672,7.1602],[80.0684,7.159],[80.0684,7.1572],[80.0671,7.1586],[80.0652,7.158],[80.0645,7.1558],[80.0638,7.1559],[80.0631,7.1551],[80.0627,7.1557],[80.0643,7.1573],[80.0624,7.1565],[80.0614,7.1569],[80.0633,7.1598],[80.0643,7.1596],[80.0638,7.1621],[80.0612,7.1635],[80.0601,7.1635],[80.0573,7.1664]]]]}},{"type":"Feature","properties":{"osm_id":"423502139","code":7229,"fclass":"farmland","name":null},"geometry":{"type":"MultiPolygon","coordinates":[[[[80.0044,7.1699],[80.005,7.1722],[80.0044,7.1733],[80.005,7.1753],[80.0062,7.1764],[80.0059,7.1781],[80.0071,7.1784],[80.0082,7.1802],[80.0091,7.1807],[80.0092,7.1802],[80.0097,7.1809],[80.0085,7.1813],[80.008,7.1835],[80.0101,7.1845],[80.0108,7.1872],[80.0122,7.1877],[80.011,7.1896],[80.0114,7.1906],[80.0121,7.1907],[80.0122,7.1899],[80.0116,7.1895],[80.0126,7.1887],[80.0149,7.1919],[80.0143,7.1976],[80.0102,7.2011],[80.0107,7.2015],[80.0128,7.2003],[80.0132,7.2039],[80.0138,7.2022],[80.0134,7.1993],[80.0152,7.1988],[80.0171,7.2023],[80.0162,7.2034],[80.0193,7.2039],[80.0185,7.2053],[80.0177,7.2052],[80.018,7.2077],[80.0185,7.2081],[80.0179,7.2058],[80.0199,7.2046],[80.0214,7.2079],[80.0209,7.2095],[80.0232,7.2095],[80.0219,7.2089],[80.0218,7.2068],[80.0272,7.2064],[80.0295,7.2069],[80.0258,7.206],[80.026,7.205],[80.0247,7.2062],[80.0217,7.2064],[80.0208,7.2045],[80.0216,7.204],[80.0201,7.204],[80.0187,7.2024],[80.019,7.2002],[80.0232,7.2001],[80.0164,7.1991],[80.0161,7.1976],[80.0167,7.1964],[80.0159,7.1944],[80.0164,7.1939],[80.016,7.1924],[80.0163,7.1915],[80.0173,7.1909],[80.0158,7.191],[80.0136,7.1886],[80.0114,7.183],[80.0107,7.1828],[80.0103,7.1818],[80.0099,7.1794],[80.0085,7.1788],[80.0082,7.177],[80.0118,7.1788],[80.0135,7.1811],[80.0138,7.1806],[80.0156,7.182],[80.0156,7.183],[80.016,7.1822],[80.018,7.1824],[80.0185,7.183],[80.0179,7.1842],[80.02,7.185],[80.0218,7.1885],[80.0214,7.1889],[80.0219,7.1893],[80.0227,7.1886],[80.0239,7.1891],[80.0247,7.1921],[80.0236,7.194],[80.0236,7.196],[80.0251,7.1921],[80.0283,7.1952],[80.0278,7.1966],[80.0298,7.1976],[80.0309,7.1967],[80.0293,7.1947],[80.0297,7.1942],[80.0278,7.1938],[80.0261,7.1914],[80.0265,7.1901],[80.026,7.1904],[80.0259,7.1896],[80.0268,7.1891],[80.0253,7.1889],[80.0244,7.1873],[80.0214,7.1858],[80.0211,7.185],[80.0217,7.1849],[80.0208,7.1844],[80.0191,7.1817],[80.0197,7.1807],[80.0221,7.1794],[80.0253,7.1804],[80.0285,7.1843],[80.0296,7.1846],[80.0295,7.1841],[80.0311,7.1855],[80.0338,7.1884],[80.0342,7.1897],[80.0347,7.1889],[80.0366,7.1889],[80.0364,7.1916],[80.0373,7.1894],[80.038,7.1893],[80.0389,7.1903],[80.0393,7.19],[80.0387,7.1889],[80.0397,7.1881],[80.04,7.1869],[80.0351,7.188],[80.0338,7.1859],[80.0348,7.1851],[80.0326,7.1856],[80.0313,7.184],[80.0322,7.1827],[80.0297,7.1831],[80.0289,7.1819],[80.0272,7.1815],[80.0272,7.1806],[80.029,7.1799],[80.0337,7.1813],[80.0325,7.1803],[80.0326,7.1791],[80.0366,7.1779],[80.0377,7.178],[80.0388,7.1792],[80.038,7.1777],[80.0393,7.1769],[80.0437,7.1795],[80.0456,7.1816],[80.0456,7.1827],[80.0465,7.1823],[80.0464,7.1816],[80.0437,7.1789],[80.0444,7.1776],[80.0464,7.1773],[80.0466,7.1768],[80.0417,7.178],[80.0405,7.1767],[80.038,7.1766],[80.0373,7.175],[80.0363,7.1764],[80.0336,7.1773],[80.0317,7.1793],[80.0302,7.1791],[80.0301,7.1783],[80.0296,7.179],[80.0262,7.1792],[80.0267,7.1774],[80.0257,7.1788],[80.0246,7.1792],[80.022,7.1779],[80.0217,7.1772],[80.0207,7.1787],[80.0166,7.1805],[80.0131,7.178],[80.014,7.1762],[80.0121,7.1771],[80.0071,7.1745],[80.0063,7.1701],[80.0074,7.1704],[80.0077,7.1697],[80.0071,7.17],[80.0048,7.1685],[80.0044,7.1699]]]]}},{"type":"Feature","properties":{"osm_id":"423517325","code":7229,"fclass":"farmland","name":null},"geometry":{"type":"MultiPolygon","coordinates":[[[[80.0668,7.0741],[80.0672,7.075],[80.0684,7.0754],[80.0684,7.0748],[80.0668,7.0741]]]]}},{"type":"Feature","properties":{"osm_id":"423519609","code":7229,"fclass":"farmland","name":null},"geometry":{"type":"MultiPolygon","coordinates":[[[[80.0554,7.0816],[80.058,7.0847],[80.058,7.0875],[80.0594,7.0874],[80.059,7.0861],[80.0603,7.0868],[80.0599,7.0863],[80.0608,7.0853],[80.0619,7.0855],[80.0591,7.085],[80.0592,7.0858],[80.0585,7.0853],[80.0577,7.081],[80.0557,7.0807],[80.0554,7.0816]]]]}},{"type":"Feature","properties":{"osm_id":"423588178","code":7229,"fclass":"farmland","name":null},"geometry":{"type":"MultiPolygon","coordinates":[[[[79.9965,7.2039],[79.9974,7.2046],[79.9971,7.203],[79.9965,7.2039]]]]}},{"type":"Feature","properties":{"osm_id":"423593306","code":7229,"fclass":"farmland","name":null},"geometry":{"type":"MultiPolygon","coordinates":[[[[79.9526,7.1343],[79.9529,7.1345],[79.953,7.134],[79.9526,7.1343]]]]}},{"type":"Feature","properties":{"osm_id":"423593307","code":7229,"fclass":"farmland","name":null},"geometry":{"type":"MultiPolygon","coordinates":[[[[79.9499,7.1384],[79.9507,7.1396],[79.9503,7.1383],[79.9499,7.1384]]]]}},{"type":"Feature","properties":{"osm_id":"423599211","code":7229,"fclass":"farmland","name":null},"geometry":{"type":"MultiPolygon","coordinates":[[[[79.9495,7.1378],[79.9514,7.1379],[79.9508,7.1375],[79.9511,7.1371],[79.9528,7.1371],[79.9512,7.1369],[79.9495,7.1378]]]]}},{"type":"Feature","properties":{"osm_id":"423599263","code":7229,"fclass":"farmland","name":null},"geometry":{"type":"MultiPolygon","coordinates":[[[[79.9504,7.1386],[79.9504,7.1386]]]]}},{"type":"Feature","properties":{"osm_id":"423668216","code":7229,"fclass":"farmland","name":null},"geometry":{"type":"MultiPolygon","coordinates":[[[[79.9916,7.2111],[79.9932,7.2126],[79.992,7.213],[79.9934,7.2131],[79.9939,7.2143],[79.9935,7.2153],[79.9952,7.2166],[79.9953,7.2174],[79.9932,7.2186],[79.9944,7.2203],[80.0018,7.2186],[80.0066,7.2198],[80.008,7.2206],[80.0076,7.2217],[80.008,7.2222],[80.009,7.2218],[80.0086,7.2208],[80.0092,7.2201],[80.0118,7.2208],[80.013,7.2218],[80.0134,7.2242],[80.0148,7.223],[80.0166,7.2234],[80.0172,7.2258],[80.0191,7.2266],[80.0197,7.2295],[80.0183,7.2312],[80.0174,7.2316],[80.0161,7.2312],[80.0151,7.2325],[80.0181,7.2321],[80.0193,7.2328],[80.0187,7.2317],[80.0195,7.2318],[80.0203,7.2293],[80.0224,7.2294],[80.0227,7.2288],[80.0206,7.2279],[80.0187,7.2255],[80.0179,7.2232],[80.0148,7.2224],[80.0134,7.2211],[80.0139,7.2202],[80.0213,7.2207],[80.0216,7.2224],[80.0224,7.2212],[80.0244,7.2233],[80.0237,7.2209],[80.0245,7.2197],[80.0231,7.22],[80.0245,7.2174],[80.0233,7.2175],[80.0234,7.2168],[80.0226,7.217],[80.0218,7.2193],[80.0211,7.219],[80.0212,7.218],[80.0189,7.2195],[80.0171,7.2189],[80.0183,7.2163],[80.0205,7.2153],[80.0185,7.2155],[80.0159,7.2189],[80.0115,7.2194],[80.0106,7.2183],[80.0065,7.2187],[80.0065,7.2171],[80.0091,7.2165],[80.0131,7.2135],[80.013,7.2129],[80.0116,7.2139],[80.0116,7.2118],[80.0113,7.214],[80.0096,7.2158],[80.0069,7.2162],[80.0055,7.2154],[80.0057,7.2181],[80.0036,7.2179],[80.0039,7.2167],[80.0032,7.2161],[80.0038,7.215],[80.0028,7.217],[80.0018,7.2172],[80.0014,7.2162],[79.9983,7.2178],[79.9968,7.2176],[79.9987,7.2144],[80.0001,7.2149],[80.0002,7.2134],[80.0034,7.2129],[80.0061,7.2108],[80.0035,7.212],[80.003,7.211],[80.0021,7.2123],[80.0002,7.2125],[79.9995,7.2115],[80.0006,7.2111],[79.9991,7.2104],[79.9989,7.209],[80.0,7.2054],[80.001,7.205],[80.0009,7.2043],[80.0014,7.204],[80.0045,7.2038],[80.0041,7.2032],[80.0024,7.2035],[80.0017,7.2026],[80.0008,7.2038],[79.9997,7.2034],[79.9993,7.2063],[79.9979,7.2078],[79.9968,7.2073],[79.998,7.2084],[79.9982,7.2108],[79.9981,7.2133],[79.9966,7.2153],[79.9949,7.2147],[79.9936,7.2118],[79.9916,7.2111]]]]}},{"type":"Feature","properties":{"osm_id":"423883450","code":7229,"fclass":"farmland","name":null},"geometry":{"type":"MultiPolygon","coordinates":[[[[80.0381,7.1568],[80.0404,7.1576],[80.042,7.1575],[80.0485,7.1504],[80.0501,7.1448],[80.0483,7.1402],[80.0502,7.1401],[80.0479,7.1383],[80.0463,7.1396],[80.0463,7.142],[80.047,7.1418],[80.0477,7.1427],[80.0482,7.1455],[80.0473,7.1461],[80.0425,7.1456],[80.0416,7.1468],[80.0436,7.1459],[80.0452,7.1469],[80.0486,7.146],[80.0491,7.1468],[80.0486,7.1487],[80.0416,7.157],[80.0405,7.1573],[80.0386,7.1564],[80.0381,7.1568]]]]}},{"type":"Feature","properties":{"osm_id":"423894112","code":7229,"fclass":"farmland","name":null},"geometry":{"type":"MultiPolygon","coordinates":[[[[80.0438,7.1663],[80.0452,7.1663],[80.047,7.1645],[80.048,7.165],[80.0486,7.1641],[80.0481,7.1634],[80.0495,7.1632],[80.0496,7.1613],[80.0503,7.1607],[80.0511,7.1614],[80.0509,7.1602],[80.0531,7.1582],[80.0529,7.1574],[80.0538,7.1544],[80.0541,7.1536],[80.0554,7.1535],[80.0551,7.1525],[80.0559,7.1519],[80.0557,7.1509],[80.057,7.1512],[80.0553,7.1495],[80.0558,7.1486],[80.0564,7.1492],[80.0574,7.149],[80.0574,7.148],[80.0559,7.1473],[80.0555,7.1465],[80.0562,7.1456],[80.0574,7.1461],[80.0574,7.1443],[80.0569,7.1443],[80.0567,7.143],[80.0574,7.1432],[80.057,7.1401],[80.0564,7.1415],[80.0546,7.1409],[80.0543,7.1413],[80.0553,7.1427],[80.0547,7.144],[80.0537,7.1447],[80.0532,7.1432],[80.0534,7.1453],[80.0526,7.1475],[80.0537,7.1472],[80.0544,7.1497],[80.0533,7.1504],[80.0539,7.1519],[80.0514,7.156],[80.0512,7.1571],[80.0518,7.158],[80.0492,7.1593],[80.0475,7.1626],[80.0457,7.1639],[80.0449,7.1638],[80.0454,7.1649],[80.0438,7.1663]]]]}},{"type":"Feature","properties":{"osm_id":"423995893","code":7229,"fclass":"farmland","name":null},"geometry":{"type":"MultiPolygon","coordinates":[[[[80.0512,7.1395],[80.052,7.1405],[80.0532,7.1408],[80.0538,7.1401],[80.0553,7.1411],[80.0557,7.1406],[80.0549,7.1394],[80.0535,7.1392],[80.0543,7.1387],[80.0537,7.1377],[80.0529,7.1386],[80.0517,7.1377],[80.0512,7.1395]]]]}},{"type":"Feature","properties":{"osm_id":"424072903","code":7229,"fclass":"farmland","name":null},"geometry":{"type":"MultiPolygon","coordinates":[[[[80.1344,7.0807],[80.1351,7.0841],[80.1357,7.0829],[80.137,7.0827],[80.1426,7.085],[80.1456,7.0843],[80.1448,7.0835],[80.1426,7.0838],[80.1419,7.0828],[80.1426,7.0812],[80.1444,7.081],[80.1443,7.079],[80.1414,7.079],[80.1414,7.0817],[80.1392,7.0831],[80.136,7.081],[80.1366,7.079],[80.1357,7.079],[80.1344,7.0807]]]]}},{"type":"Feature","properties":{"osm_id":"424072904","code":7229,"fclass":"farmland","name":null},"geometry":{"type":"MultiPolygon","coordinates":[[[[80.1343,7.084],[80.1344,7.0831],[80.1343,7.084]]]]}},{"type":"Feature","properties":{"osm_id":"424087830","code":7229,"fclass":"farmland","name":null},"geometry":{"type":"MultiPolygon","coordinates":[[[[80.1232,7.0891],[80.1233,7.09],[80.1247,7.0891],[80.1232,7.0891]]]]}},{"type":"Feature","properties":{"osm_id":"424087831","code":7229,"fclass":"farmland","name":null},"geometry":{"type":"MultiPolygon","coordinates":[[[[80.1232,7.0842],[80.1233,7.0881],[80.1236,7.0848],[80.1246,7.084],[80.1232,7.0842]]]]}},{"type":"Feature","properties":{"osm_id":"424087834","code":7229,"fclass":"farmland","name":null},"geometry":{"type":"MultiPolygon","coordinates":[[[[80.1232,7.0828],[80.1238,7.0826],[80.1234,7.082],[80.1232,7.0828]]]]}},{"type":"Feature","properties":{"osm_id":"424212478","code":7229,"fclass":"farmland","name":null},"geometry":{"type":"MultiPolygon","coordinates":[[[[80.0304,7.178],[80.0308,7.1784],[80.0304,7.178]]]]}},{"type":"Feature","properties":{"osm_id":"424325733","code":7229,"fclass":"farmland","name":null},"geometry":{"type":"MultiPolygon","coordinates":[[[[80.1346,7.0986],[80.1364,7.0976],[80.1392,7.0982],[80.1401,7.1001],[80.1418,7.1009],[80.1425,7.1],[80.1422,7.0991],[80.1415,7.0986],[80.1402,7.0993],[80.1394,7.0979],[80.1401,7.0978],[80.1384,7.0977],[80.139,7.097],[80.1377,7.0975],[80.1364,7.0967],[80.1379,7.0958],[80.1401,7.0963],[80.1413,7.0958],[80.1425,7.0968],[80.1425,7.094],[80.1388,7.0954],[80.1384,7.0951],[80.1389,7.0946],[80.138,7.0941],[80.1378,7.0952],[80.1353,7.0964],[80.1346,7.0986]]]]}},{"type":"Feature","properties":{"osm_id":"424415707","code":7229,"fclass":"farmland","name":null},"geometry":{"type":"MultiPolygon","coordinates":[[[[80.1562,7.1165],[80.1572,7.1153],[80.1592,7.1161],[80.1598,7.117],[80.1602,7.1163],[80.1612,7.1163],[80.1575,7.115],[80.1562,7.1153],[80.1562,7.1165]]]]}},{"type":"Feature","properties":{"osm_id":"424448663","code":7229,"fclass":"farmland","name":null},"geometry":{"type":"MultiPolygon","coordinates":[[[[80.1783,7.1077],[80.1788,7.108],[80.1791,7.1074],[80.1788,7.1065],[80.1783,7.1077]]]]}},{"type":"Feature","properties":{"osm_id":"424452441","code":7229,"fclass":"farmland","name":null},"geometry":{"type":"MultiPolygon","coordinates":[[[[79.9661,7.1031],[79.9673,7.1026],[79.9693,7.0998],[79.9714,7.0999],[79.9725,7.1017],[79.9717,7.1061],[79.9705,7.108],[79.9687,7.1081],[79.9708,7.1083],[79.9711,7.1099],[79.9687,7.1132],[79.9668,7.1143],[79.9674,7.1146],[79.9669,7.116],[79.9701,7.1119],[79.9698,7.1131],[79.9703,7.1139],[79.9695,7.1167],[79.9694,7.1215],[79.9699,7.123],[79.97,7.1213],[79.9709,7.1227],[79.9699,7.1187],[79.9701,7.1158],[79.9708,7.1147],[79.9719,7.1143],[79.9704,7.1131],[79.9705,7.1114],[79.9724,7.1099],[79.9741,7.1119],[79.9747,7.1115],[79.9747,7.1139],[79.9759,7.1121],[79.9727,7.109],[79.9723,7.1069],[79.9735,7.1048],[79.9758,7.1057],[79.9738,7.1039],[79.974,7.1013],[79.9698,7.0977],[79.9689,7.0979],[79.9683,7.0997],[79.9676,7.0996],[79.9661,7.1031]]]]}},{"type":"Feature","properties":{"osm_id":"6455365","code":7229,"fclass":"farmland","name":null},"geometry":{"type":"MultiPolygon","coordinates":[[[[79.953,7.1557],[79.9542,7.1563],[79.9576,7.1519],[79.9598,7.151],[79.9613,7.1485],[79.9641,7.1467],[79.964,7.1461],[79.9629,7.1466],[79.9626,7.1457],[79.9647,7.1445],[79.9629,7.1448],[79.9617,7.1461],[79.9614,7.1453],[79.9601,7.1454],[79.958,7.1432],[79.9578,7.1419],[79.9557,7.1419],[79.9535,7.1398],[79.9551,7.1425],[79.958,7.1439],[79.9601,7.1472],[79.9589,7.1494],[79.9578,7.15],[79.9569,7.1494],[79.9561,7.1517],[79.9535,7.1524],[79.953,7.1557]],[[79.9585,7.1502],[79.9595,7.1498],[79.959,7.1508],[79.9585,7.1502]]]]}},{"type":"Feature","properties":{"osm_id":"424523518","code":7229,"fclass":"farmland","name":null},"geometry":{"type":"MultiPolygon","coordinates":[[[[80.1914,7.1118],[80.1931,7.1092],[80.196,7.109],[80.1935,7.1084],[80.1914,7.1118]]]]}},{"type":"Feature","properties":{"osm_id":"424648594","code":7229,"fclass":"farmland","name":null},"geometry":{"type":"MultiPolygon","coordinates":[[[[80.1721,7.0911],[80.1733,7.0909],[80.1737,7.0899],[80.1721,7.0911]]]]}},{"type":"Feature","properties":{"osm_id":"424648595","code":7229,"fclass":"farmland","name":null},"geometry":{"type":"MultiPolygon","coordinates":[[[[80.1676,7.0972],[80.1686,7.0997],[80.1681,7.098],[80.1691,7.0979],[80.1681,7.0961],[80.1676,7.0972]]]]}},{"type":"Feature","properties":{"osm_id":"6311445","code":7229,"fclass":"farmland","name":null},"geometry":{"type":"MultiPolygon","coordinates":[[[[79.9886,7.1873],[79.9896,7.1884],[79.9897,7.19],[79.9904,7.19],[79.9902,7.1878],[79.9894,7.1873],[79.99,7.187],[79.9886,7.1873]]]]}},{"type":"Feature","properties":{"osm_id":"424679437","code":7229,"fclass":"farmland","name":null},"geometry":{"type":"MultiPolygon","coordinates":[[[[79.9962,7.1832],[79.997,7.1835],[79.9971,7.1826],[79.9962,7.1832]]]]}},{"type":"Feature","properties":{"osm_id":"424694523","code":7229,"fclass":"farmland","name":null},"geometry":{"type":"MultiPolygon","coordinates":[[[[79.9156,7.1654],[79.9158,7.1673],[79.9211,7.166],[79.9202,7.1655],[79.9199,7.1643],[79.9208,7.1632],[79.9231,7.1612],[79.9252,7.1614],[79.9224,7.1606],[79.9222,7.16],[79.925,7.1553],[79.9234,7.1554],[79.9215,7.158],[79.9207,7.1617],[79.9162,7.163],[79.9159,7.1642],[79.9164,7.1643],[79.9156,7.1654]]]]}},{"type":"Feature","properties":{"osm_id":"424957558","code":7229,"fclass":"farmland","name":null},"geometry":{"type":"MultiPolygon","coordinates":[[[[79.9769,7.1846],[79.9792,7.185],[79.9769,7.1846]]]]}},{"type":"Feature","properties":{"osm_id":"6455521","code":7229,"fclass":"farmland","name":null},"geometry":{"type":"MultiPolygon","coordinates":[[[[79.9624,7.1729],[79.964,7.1751],[79.964,7.1761],[79.9647,7.1763],[79.9646,7.1749],[79.9654,7.1753],[79.9646,7.1783],[79.9662,7.1759],[79.9681,7.1778],[79.9668,7.1807],[79.9679,7.179],[79.9688,7.1799],[79.9705,7.1795],[79.9742,7.1807],[79.9745,7.1856],[79.9753,7.179],[79.9742,7.1795],[79.9712,7.1786],[79.9699,7.1773],[79.9697,7.1763],[79.9702,7.1758],[79.9697,7.175],[79.9676,7.1754],[79.9635,7.172],[79.9624,7.1729]],[[79.9684,7.1765],[79.9691,7.1762],[79.9696,7.1767],[79.9693,7.1772],[79.9684,7.1765]],[[79.9688,7.1788],[79.9688,7.1788]]]]}},{"type":"Feature","properties":{"osm_id":"6333374","code":7229,"fclass":"farmland","name":null},"geometry":{"type":"MultiPolygon","coordinates":[[[[79.9653,7.1876],[79.9662,7.188],[79.9672,7.1872],[79.9688,7.1876],[79.9668,7.1863],[79.9664,7.1807],[79.9656,7.1822],[79.9661,7.1865],[79.9653,7.1876]]]]}},{"type":"Feature","properties":{"osm_id":"426251726","code":7229,"fclass":"farmland","name":null},"geometry":{"type":"MultiPolygon","coordinates":[[[[79.9652,7.1281],[79.9668,7.1281],[79.9652,7.1281]]]]}},{"type":"Feature","properties":{"osm_id":"426697747","code":7229,"fclass":"farmland","name":null},"geometry":{"type":"MultiPolygon","coordinates":[[[[79.9656,7.134],[79.9668,7.1351],[79.9659,7.1378],[79.9664,7.1379],[79.9659,7.1418],[79.9667,7.1413],[79.9665,7.1427],[79.9674,7.1349],[79.966,7.1336],[79.9656,7.134]]]]}},{"type":"Feature","properties":{"osm_id":"427050322","code":7229,"fclass":"farmland","name":null},"geometry":{"type":"MultiPolygon","coordinates":[[[[80.0032,7.1343],[80.0039,7.1346],[80.0032,7.1343]]]]}},{"type":"Feature","properties":{"osm_id":"427933872","code":7229,"fclass":"farmland","name":null},"geometry":{"type":"MultiPolygon","coordinates":[[[[80.0331,7.2018],[80.0348,7.2035],[80.0373,7.2046],[80.0353,7.2029],[80.0355,7.2015],[80.0394,7.2006],[80.0366,7.2007],[80.0378,7.1986],[80.0354,7.201],[80.0342,7.201],[80.0343,7.2015],[80.0333,7.2013],[80.0331,7.2018]]]]}},{"type":"Feature","properties":{"osm_id":"427934722","code":7229,"fclass":"farmland","name":null},"geometry":{"type":"MultiPolygon","coordinates":[[[[80.0292,7.1998],[80.0304,7.199],[80.0314,7.1999],[80.0316,7.2011],[80.0309,7.2036],[80.0301,7.2043],[80.0308,7.2038],[80.032,7.2047],[80.0315,7.203],[80.0332,7.2013],[80.0312,7.1972],[80.0309,7.1967],[80.0298,7.1976],[80.0303,7.1983],[80.0292,7.1998]]]]}},{"type":"Feature","properties":{"osm_id":"427936849","code":7229,"fclass":"farmland","name":null},"geometry":{"type":"MultiPolygon","coordinates":[[[[79.9328,7.1609],[79.9333,7.1613],[79.9339,7.1598],[79.9328,7.1609]]]]}},{"type":"Feature","properties":{"osm_id":"427969425","code":7229,"fclass":"farmland","name":null},"geometry":{"type":"MultiPolygon","coordinates":[[[[79.9409,7.1723],[79.9419,7.1755],[79.9422,7.1735],[79.9413,7.1712],[79.9409,7.1723]]]]}},{"type":"Feature","properties":{"osm_id":"428122118","code":7229,"fclass":"farmland","name":null},"geometry":{"type":"MultiPolygon","coordinates":[[[[79.939,7.1853],[79.9411,7.1872],[79.9405,7.1859],[79.939,7.1853]]]]}},{"type":"Feature","properties":{"osm_id":"428129546","code":7229,"fclass":"farmland","name":null},"geometry":{"type":"MultiPolygon","coordinates":[[[[80.0069,7.1134],[80.0073,7.1144],[80.0077,7.1143],[80.0069,7.1134]]]]}},{"type":"Feature","properties":{"osm_id":"428129547","code":7229,"fclass":"farmland","name":null},"geometry":{"type":"MultiPolygon","coordinates":[[[[80.0047,7.112],[80.0058,7.113],[80.0064,7.1128],[80.0055,7.1117],[80.0047,7.112]]]]}},{"type":"Feature","properties":{"osm_id":"428129571","code":7229,"fclass":"farmland","name":null},"geometry":{"type":"MultiPolygon","coordinates":[[[[80.0013,7.1129],[80.0024,7.1154],[80.0021,7.1124],[80.0013,7.1129]]]]}},{"type":"Feature","properties":{"osm_id":"428161794","code":7229,"fclass":"farmland","name":null},"geometry":{"type":"MultiPolygon","coordinates":[[[[80.0007,7.1147],[80.0016,7.1148],[80.0017,7.114],[80.0007,7.1147]]]]}},{"type":"Feature","properties":{"osm_id":"428174150","code":7229,"fclass":"farmland","name":null},"geometry":{"type":"MultiPolygon","coordinates":[[[[79.9608,7.1217],[79.9612,7.1225],[79.9624,7.1226],[79.9608,7.1217]]]]}},{"type":"Feature","properties":{"osm_id":"428175028","code":7229,"fclass":"farmland","name":null},"geometry":{"type":"MultiPolygon","coordinates":[[[[79.9578,7.1159],[79.9612,7.1182],[79.9614,7.1195],[79.9607,7.1205],[79.9611,7.1212],[79.9618,7.119],[79.964,7.1197],[79.9596,7.1165],[79.9587,7.1148],[79.9582,7.1152],[79.959,7.1159],[79.9578,7.1159]]]]}},{"type":"Feature","properties":{"osm_id":"428361567","code":7229,"fclass":"farmland","name":null},"geometry":{"type":"MultiPolygon","coordinates":[[[[79.9752,7.1806],[79.9773,7.1808],[79.9793,7.1829],[79.9796,7.1844],[79.979,7.1857],[79.9775,7.1866],[79.9783,7.1874],[79.9805,7.1855],[79.9805,7.1826],[79.9784,7.1808],[79.9788,7.1803],[79.9831,7.179],[79.9855,7.1791],[79.9873,7.1806],[79.9886,7.1804],[79.9896,7.1824],[79.9898,7.1806],[79.9923,7.1803],[79.9899,7.1803],[79.9888,7.1798],[79.9891,7.179],[79.9876,7.1801],[79.9864,7.1788],[79.9895,7.1782],[79.9911,7.1773],[79.9916,7.1776],[79.9913,7.1769],[79.9919,7.1764],[79.9873,7.1777],[79.9858,7.1766],[79.9853,7.1781],[79.9817,7.1773],[79.9802,7.1781],[79.98,7.179],[79.9795,7.1784],[79.9786,7.1793],[79.9772,7.1787],[79.9771,7.1753],[79.9759,7.1733],[79.9755,7.1738],[79.9765,7.1776],[79.9762,7.1788],[79.9753,7.179],[79.9752,7.1806]]]]}},{"type":"Feature","properties":{"osm_id":"428735949","code":7229,"fclass":"farmland","name":null},"geometry":{"type":"MultiPolygon","coordinates":[[[[79.9471,7.1267],[79.948,7.1269],[79.9477,7.1263],[79.9471,7.1267]]]]}},{"type":"Feature","properties":{"osm_id":"428874669","code":7229,"fclass":"farmland","name":null},"geometry":{"type":"MultiPolygon","coordinates":[[[[80.0244,7.1737],[80.0244,7.1737]]]]}},{"type":"Feature","properties":{"osm_id":"6456486","code":7229,"fclass":"farmland","name":null},"geometry":{"type":"MultiPolygon","coordinates":[[[[79.9281,7.1133],[79.9304,7.1145],[79.9311,7.1155],[79.9314,7.1144],[79.9378,7.1144],[79.938,7.1135],[79.9372,7.1131],[79.9377,7.112],[79.9367,7.1125],[79.9368,7.1112],[79.9358,7.1101],[79.9333,7.1109],[79.932,7.1102],[79.931,7.1113],[79.9317,7.1125],[79.9309,7.1126],[79.9312,7.1133],[79.9299,7.1127],[79.9281,7.1133]],[[79.9346,7.1122],[79.9352,7.1112],[79.9361,7.1113],[79.9355,7.1133],[79.9349,7.1133],[79.9346,7.1122]]]]}},{"type":"Feature","properties":{"osm_id":"429016342","code":7229,"fclass":"farmland","name":null},"geometry":{"type":"MultiPolygon","coordinates":[[[[79.9379,7.1144],[79.939,7.1145],[79.9396,7.1138],[79.9381,7.1134],[79.9379,7.1144]]]]}},{"type":"Feature","properties":{"osm_id":"429230273","code":7229,"fclass":"farmland","name":null},"geometry":{"type":"MultiPolygon","coordinates":[[[[79.9402,7.1166],[79.9404,7.1178],[79.9415,7.1182],[79.9426,7.1176],[79.9443,7.1183],[79.9453,7.1195],[79.9461,7.1233],[79.9485,7.1225],[79.9485,7.121],[79.9506,7.1202],[79.9512,7.1188],[79.9526,7.1185],[79.9539,7.1166],[79.9573,7.1158],[79.9572,7.115],[79.9585,7.1148],[79.9577,7.1138],[79.9562,7.1147],[79.9565,7.1155],[79.956,7.1148],[79.9547,7.1149],[79.9545,7.1153],[79.9552,7.1155],[79.9542,7.1157],[79.954,7.1142],[79.9536,7.1159],[79.9518,7.1178],[79.9515,7.1174],[79.9473,7.1192],[79.9461,7.1179],[79.9463,7.1164],[79.9477,7.1155],[79.9475,7.115],[79.9461,7.1158],[79.9452,7.1147],[79.9443,7.1165],[79.9417,7.1154],[79.9402,7.1166]]]]}},{"type":"Feature","properties":{"osm_id":"429242206","code":7229,"fclass":"farmland","name":null},"geometry":{"type":"MultiPolygon","coordinates":[[[[79.951,7.0567],[79.9517,7.0573],[79.9553,7.0564],[79.9547,7.0551],[79.952,7.0559],[79.9515,7.0539],[79.951,7.0567]]]]}},{"type":"Feature","properties":{"osm_id":"429242207","code":7229,"fclass":"farmland","name":null},"geometry":{"type":"MultiPolygon","coordinates":[[[[79.9445,7.056],[79.945,7.0602],[79.9463,7.0605],[79.9483,7.0588],[79.9504,7.0587],[79.9516,7.0575],[79.951,7.0568],[79.9494,7.0569],[79.9488,7.0576],[79.9459,7.0583],[79.9448,7.0565],[79.9449,7.0547],[79.9445,7.056]]]]}},{"type":"Feature","properties":{"osm_id":"429242208","code":7229,"fclass":"farmland","name":null},"geometry":{"type":"MultiPolygon","coordinates":[[[[79.9539,7.0651],[79.9542,7.0664],[79.957,7.068],[79.9552,7.0656],[79.9584,7.0637],[79.9593,7.064],[79.9591,7.0633],[79.9607,7.0623],[79.9616,7.0606],[79.9609,7.0599],[79.9604,7.0619],[79.958,7.0632],[79.9572,7.0627],[79.9564,7.0642],[79.9539,7.0651]]]]}},{"type":"Feature","properties":{"osm_id":"429242209","code":7229,"fclass":"farmland","name":null},"geometry":{"type":"MultiPolygon","coordinates":[[[[79.946,7.066],[79.9473,7.0675],[79.9466,7.0674],[79.947,7.0692],[79.9484,7.0696],[79.9495,7.0678],[79.9541,7.0662],[79.9533,7.0653],[79.9487,7.0667],[79.9479,7.0648],[79.946,7.066]]]]}},{"type":"Feature","properties":{"osm_id":"429242210","code":7229,"fclass":"farmland","name":null},"geometry":{"type":"MultiPolygon","coordinates":[[[[79.9333,7.0622],[79.9412,7.0608],[79.9404,7.0598],[79.9375,7.0613],[79.9347,7.0605],[79.9342,7.0612],[79.9347,7.0617],[79.9333,7.0622]]]]}},{"type":"Feature","properties":{"osm_id":"429242211","code":7229,"fclass":"farmland","name":null},"geometry":{"type":"MultiPolygon","coordinates":[[[[79.9548,7.0551],[79.9557,7.0569],[79.9563,7.0555],[79.9603,7.054],[79.9604,7.0535],[79.9587,7.0538],[79.9578,7.0533],[79.9565,7.05],[79.9564,7.0511],[79.9579,7.0539],[79.9548,7.0551]]]]}},{"type":"Feature","properties":{"osm_id":"429242212","code":7229,"fclass":"farmland","name":null},"geometry":{"type":"MultiPolygon","coordinates":[[[[79.9331,7.0684],[79.9394,7.0694],[79.9396,7.0688],[79.943,7.0683],[79.9465,7.0693],[79.946,7.0677],[79.9436,7.0677],[79.9433,7.0682],[79.9419,7.0672],[79.9412,7.068],[79.9394,7.0683],[79.9382,7.0678],[79.9375,7.0666],[79.937,7.068],[79.9349,7.0685],[79.9335,7.0679],[79.9331,7.0684]]]]}},{"type":"Feature","properties":{"osm_id":"429242213","code":7229,"fclass":"farmland","name":null},"geometry":{"type":"MultiPolygon","coordinates":[[[[79.9363,7.048],[79.9374,7.0516],[79.9368,7.0541],[79.9374,7.0552],[79.9459,7.0658],[79.9479,7.0648],[79.9491,7.0628],[79.9475,7.0641],[79.9463,7.0639],[79.9457,7.0621],[79.9461,7.0605],[79.9439,7.0609],[79.9436,7.0596],[79.9411,7.0572],[79.9412,7.056],[79.9396,7.0564],[79.9379,7.0536],[79.9398,7.0506],[79.9427,7.0491],[79.9453,7.0501],[79.9514,7.0485],[79.9521,7.0443],[79.9508,7.0479],[79.9445,7.049],[79.9439,7.0479],[79.9455,7.0466],[79.9458,7.0434],[79.9468,7.0434],[79.9472,7.0426],[79.946,7.0426],[79.9458,7.0408],[79.9451,7.0408],[79.9443,7.0449],[79.9395,7.0414],[79.9407,7.0433],[79.9428,7.0442],[79.9437,7.046],[79.9435,7.047],[79.9422,7.0485],[79.9381,7.0511],[79.9363,7.048]]]]}},{"type":"Feature","properties":{"osm_id":"429268924","code":7229,"fclass":"farmland","name":null},"geometry":{"type":"MultiPolygon","coordinates":[[[[79.9675,7.0958],[79.9687,7.0953],[79.9685,7.0945],[79.9675,7.0958]]]]}},{"type":"Feature","properties":{"osm_id":"429272816","code":7229,"fclass":"farmland","name":null},"geometry":{"type":"MultiPolygon","coordinates":[[[[79.9785,7.1002],[79.9792,7.1014],[79.9806,7.1008],[79.9792,7.0997],[79.9785,7.1002]]]]}},{"type":"Feature","properties":{"osm_id":"429280780","code":7229,"fclass":"farmland","name":null},"geometry":{"type":"MultiPolygon","coordinates":[[[[80.0217,7.2039],[80.0226,7.2037],[80.0217,7.2039]]]]}},{"type":"Feature","properties":{"osm_id":"429280792","code":7229,"fclass":"farmland","name":null},"geometry":{"type":"MultiPolygon","coordinates":[[[[80.0194,7.2019],[80.0199,7.2016],[80.0194,7.2019]]]]}},{"type":"Feature","properties":{"osm_id":"429286936","code":7229,"fclass":"farmland","name":null},"geometry":{"type":"MultiPolygon","coordinates":[[[[80.0232,7.2035],[80.0238,7.2033],[80.0232,7.2035]]]]}},{"type":"Feature","properties":{"osm_id":"429555916","code":7229,"fclass":"farmland","name":null},"geometry":{"type":"MultiPolygon","coordinates":[[[[80.0099,7.058],[80.0114,7.0642],[80.0127,7.0662],[80.0146,7.0591],[80.0143,7.0587],[80.0128,7.0608],[80.0116,7.06],[80.0113,7.0584],[80.0107,7.0584],[80.0107,7.0592],[80.0104,7.0582],[80.0109,7.0576],[80.0105,7.0572],[80.0099,7.058]]]]}},{"type":"Feature","properties":{"osm_id":"429821680","code":7229,"fclass":"farmland","name":null},"geometry":{"type":"MultiPolygon","coordinates":[[[[79.9562,7.1279],[79.9587,7.1315],[79.9597,7.1311],[79.9585,7.1305],[79.957,7.1273],[79.9562,7.1279]]]]}},{"type":"Feature","properties":{"osm_id":"429832674","code":7229,"fclass":"farmland","name":null},"geometry":{"type":"MultiPolygon","coordinates":[[[[80.0048,7.1246],[80.006,7.1241],[80.0059,7.123],[80.0048,7.1246]]]]}},{"type":"Feature","properties":{"osm_id":"429852663","code":7229,"fclass":"farmland","name":null},"geometry":{"type":"MultiPolygon","coordinates":[[[[79.997,7.1835],[79.9997,7.1848],[80.0005,7.184],[80.0025,7.1834],[80.0028,7.1838],[80.004,7.1816],[80.0053,7.1807],[80.006,7.1789],[80.0057,7.1772],[80.0038,7.1777],[80.005,7.1797],[80.0023,7.183],[79.9997,7.1843],[79.9981,7.1841],[79.9973,7.1832],[79.997,7.1835]]]]}},{"type":"Feature","properties":{"osm_id":"429852664","code":7229,"fclass":"farmland","name":null},"geometry":{"type":"MultiPolygon","coordinates":[[[[79.999,7.1857],[79.9995,7.1861],[79.9993,7.1854],[79.999,7.1857]]]]}},{"type":"Feature","properties":{"osm_id":"429932048","code":7229,"fclass":"farmland","name":null},"geometry":{"type":"MultiPolygon","coordinates":[[[[80.0078,7.0715],[80.0087,7.0722],[80.0081,7.0739],[80.0087,7.0754],[80.0114,7.0739],[80.0107,7.0736],[80.0099,7.0742],[80.0091,7.0731],[80.0105,7.0715],[80.0116,7.0716],[80.0119,7.0724],[80.0125,7.0721],[80.0127,7.0704],[80.0136,7.0702],[80.0128,7.0698],[80.013,7.0686],[80.0118,7.0665],[80.0099,7.0677],[80.0093,7.0693],[80.008,7.0703],[80.0078,7.0715]]]]}},{"type":"Feature","properties":{"osm_id":"429932049","code":7229,"fclass":"farmland","name":null},"geometry":{"type":"MultiPolygon","coordinates":[[[[80.0068,7.0732],[80.0075,7.0732],[80.0079,7.0718],[80.0068,7.0732]]]]}},{"type":"Feature","properties":{"osm_id":"430277385","code":7229,"fclass":"farmland","name":null},"geometry":{"type":"MultiPolygon","coordinates":[[[[79.9369,7.1369],[79.9396,7.1365],[79.9388,7.1362],[79.9393,7.1354],[79.9369,7.1369]]]]}},{"type":"Feature","properties":{"osm_id":"430280577","code":7229,"fclass":"farmland","name":null},"geometry":{"type":"MultiPolygon","coordinates":[[[[79.9329,7.1314],[79.9335,7.1317],[79.9344,7.1299],[79.9329,7.1314]]]]}},{"type":"Feature","properties":{"osm_id":"430280787","code":7229,"fclass":"farmland","name":null},"geometry":{"type":"MultiPolygon","coordinates":[[[[79.9355,7.1236],[79.9363,7.1239],[79.9355,7.1236]]]]}},{"type":"Feature","properties":{"osm_id":"430287391","code":7229,"fclass":"farmland","name":null},"geometry":{"type":"MultiPolygon","coordinates":[[[[79.986,7.0956],[79.9884,7.0983],[79.9875,7.1017],[79.9884,7.1012],[79.9893,7.0986],[79.99,7.0987],[79.99,7.0999],[79.9912,7.0997],[79.991,7.0971],[79.9905,7.0975],[79.9899,7.0965],[79.9868,7.0952],[79.986,7.0956]]]]}},{"type":"Feature","properties":{"osm_id":"430298330","code":7229,"fclass":"farmland","name":null},"geometry":{"type":"MultiPolygon","coordinates":[[[[79.931,7.194],[79.9315,7.1949],[79.9342,7.1957],[79.9365,7.1974],[79.9365,7.1968],[79.9343,7.1953],[79.933,7.1954],[79.931,7.194]]]]}},{"type":"Feature","properties":{"osm_id":"430304983","code":7229,"fclass":"farmland","name":null},"geometry":{"type":"MultiPolygon","coordinates":[[[[79.9954,7.1283],[79.996,7.129],[79.9959,7.1282],[79.9986,7.1251],[79.9976,7.125],[79.9954,7.1283]]]]}},{"type":"Feature","properties":{"osm_id":"430305772","code":7229,"fclass":"farmland","name":null},"geometry":{"type":"MultiPolygon","coordinates":[[[[79.9959,7.1298],[79.9964,7.1299],[79.9963,7.1288],[79.9959,7.1298]]]]}},{"type":"Feature","properties":{"osm_id":"430328328","code":7229,"fclass":"farmland","name":null},"geometry":{"type":"MultiPolygon","coordinates":[[[[79.942,7.1975],[79.9453,7.1968],[79.9463,7.1977],[79.9459,7.199],[79.9486,7.1993],[79.953,7.1945],[79.9503,7.1963],[79.9488,7.1986],[79.9472,7.1984],[79.9461,7.1969],[79.9472,7.1944],[79.9472,7.1913],[79.9467,7.191],[79.9459,7.1964],[79.942,7.1975]]]]}},{"type":"Feature","properties":{"osm_id":"430465571","code":7229,"fclass":"farmland","name":null},"geometry":{"type":"MultiPolygon","coordinates":[[[[79.9543,7.193],[79.957,7.1917],[79.9554,7.1916],[79.9551,7.1924],[79.9549,7.1916],[79.9543,7.193]]]]}},{"type":"Feature","properties":{"osm_id":"430520240","code":7229,"fclass":"farmland","name":null},"geometry":{"type":"MultiPolygon","coordinates":[[[[79.9496,7.1673],[79.9523,7.1682],[79.9533,7.1696],[79.9547,7.1696],[79.9555,7.1708],[79.9591,7.171],[79.9621,7.1728],[79.9632,7.1718],[79.963,7.169],[79.9621,7.17],[79.9594,7.1699],[79.9578,7.1692],[79.9576,7.1698],[79.9563,7.1691],[79.9565,7.1683],[79.953,7.1668],[79.9513,7.1664],[79.9496,7.1673]]]]}},{"type":"Feature","properties":{"osm_id":"430521976","code":7229,"fclass":"farmland","name":"Pine Apple"},"geometry":{"type":"MultiPolygon","coordinates":[[[[79.969,7.1022],[79.9691,7.1026],[79.97,7.1022],[79.9697,7.0999],[79.969,7.1004],[79.9698,7.1017],[79.969,7.1022]]]]}},{"type":"Feature","properties":{"osm_id":"430672185","code":7229,"fclass":"farmland","name":null},"geometry":{"type":"MultiPolygon","coordinates":[[[[80.0155,7.1382],[80.0167,7.1375],[80.0161,7.1373],[80.0155,7.1382]]]]}},{"type":"Feature","properties":{"osm_id":"430674535","code":7229,"fclass":"farmland","name":"Paddy"},"geometry":{"type":"MultiPolygon","coordinates":[[[[79.9501,7.1062],[79.9509,7.1068],[79.9537,7.1048],[79.9544,7.1053],[79.9563,7.1051],[79.9579,7.1066],[79.9574,7.1088],[79.9587,7.1071],[79.96,7.1073],[79.9603,7.1081],[79.961,7.108],[79.9613,7.1103],[79.962,7.1105],[79.9621,7.1088],[79.9631,7.1083],[79.9591,7.106],[79.9563,7.1036],[79.956,7.1017],[79.9567,7.1006],[79.9546,7.1015],[79.9542,7.099],[79.953,7.1004],[79.9517,7.0998],[79.9522,7.1027],[79.9505,7.1044],[79.9501,7.1062]]]]}},{"type":"Feature","properties":{"osm_id":"430677049","code":7229,"fclass":"farmland","name":null},"geometry":{"type":"MultiPolygon","coordinates":[[[[79.9543,7.095],[79.9582,7.0961],[79.9589,7.0944],[79.9603,7.0955],[79.961,7.0969],[79.9618,7.0962],[79.9633,7.0968],[79.9639,7.0951],[79.9629,7.0956],[79.9617,7.0951],[79.9605,7.0936],[79.9609,7.0932],[79.9598,7.0927],[79.957,7.0939],[79.956,7.0936],[79.9558,7.0945],[79.9543,7.095]]]]}},{"type":"Feature","properties":{"osm_id":"430837375","code":7229,"fclass":"farmland","name":null},"geometry":{"type":"MultiPolygon","coordinates":[[[[79.9318,7.1346],[79.9328,7.1349],[79.9328,7.1342],[79.9322,7.1338],[79.9318,7.1346]]]]}},{"type":"Feature","properties":{"osm_id":"430869529","code":7229,"fclass":"farmland","name":null},"geometry":{"type":"MultiPolygon","coordinates":[[[[79.9328,7.1379],[79.9333,7.1385],[79.9333,7.1372],[79.9328,7.1379]]]]}},{"type":"Feature","properties":{"osm_id":"430878392","code":7229,"fclass":"farmland","name":null},"geometry":{"type":"MultiPolygon","coordinates":[[[[79.9333,7.1349],[79.934,7.1358],[79.9333,7.1349]]]]}},{"type":"Feature","properties":{"osm_id":"431112451","code":7229,"fclass":"farmland","name":null},"geometry":{"type":"MultiPolygon","coordinates":[[[[80.0412,7.1939],[80.0421,7.1966],[80.0434,7.1962],[80.0436,7.1948],[80.0417,7.193],[80.0412,7.1939]]]]}},{"type":"Feature","properties":{"osm_id":"431112497","code":7229,"fclass":"farmland","name":null},"geometry":{"type":"MultiPolygon","coordinates":[[[[80.0397,7.1899],[80.0407,7.1914],[80.0408,7.1884],[80.0417,7.188],[80.0462,7.1901],[80.0464,7.1892],[80.0442,7.1889],[80.0419,7.1871],[80.0405,7.1878],[80.0406,7.1885],[80.0401,7.1883],[80.0407,7.1897],[80.0397,7.1899]]]]}},{"type":"Feature","properties":{"osm_id":"431112498","code":7229,"fclass":"farmland","name":null},"geometry":{"type":"MultiPolygon","coordinates":[[[[80.03,7.1945],[80.0319,7.1948],[80.0324,7.1961],[80.0339,7.1962],[80.0355,7.1955],[80.0371,7.1934],[80.036,7.1922],[80.034,7.1927],[80.0329,7.1924],[80.0315,7.1934],[80.0314,7.1923],[80.0305,7.1919],[80.03,7.1945]]]]}},{"type":"Feature","properties":{"osm_id":"6413373","code":7229,"fclass":"farmland","name":null},"geometry":{"type":"MultiPolygon","coordinates":[[[[79.9847,7.0531],[79.986,7.054],[79.9856,7.0528],[79.9889,7.0508],[79.9895,7.0515],[79.9894,7.0503],[79.9908,7.0498],[79.9936,7.0508],[79.9923,7.0491],[79.9909,7.0493],[79.9869,7.0515],[79.9873,7.0491],[79.9888,7.0479],[79.9893,7.0464],[79.9881,7.0481],[79.9875,7.0481],[79.9867,7.0444],[79.9862,7.0476],[79.987,7.0491],[79.9869,7.0505],[79.986,7.0522],[79.9861,7.0513],[79.9854,7.0512],[79.9847,7.0531]],[[79.987,7.0478],[79.9872,7.0487],[79.987,7.0478]]]]}},{"type":"Feature","properties":{"osm_id":"6413456","code":7229,"fclass":"farmland","name":null},"geometry":{"type":"MultiPolygon","coordinates":[[[[79.9545,7.0887],[79.9551,7.0893],[79.9567,7.0877],[79.9575,7.088],[79.9568,7.088],[79.9565,7.0887],[79.9585,7.0886],[79.9586,7.0893],[79.9597,7.0893],[79.9605,7.0902],[79.96,7.0908],[79.9574,7.0906],[79.958,7.0898],[79.9569,7.0894],[79.9554,7.0915],[79.9564,7.0925],[79.9575,7.0923],[79.9579,7.0929],[79.9589,7.0922],[79.959,7.0913],[79.9618,7.0908],[79.9642,7.092],[79.9634,7.0943],[79.9648,7.0947],[79.9649,7.0939],[79.9659,7.0937],[79.9662,7.0923],[79.9652,7.0916],[79.9658,7.0908],[79.9651,7.0902],[79.9659,7.0899],[79.965,7.089],[79.966,7.088],[79.9665,7.0882],[79.966,7.0891],[79.9675,7.0885],[79.968,7.0892],[79.9692,7.0893],[79.9696,7.0835],[79.968,7.0829],[79.9661,7.0841],[79.9644,7.0842],[79.9638,7.0827],[79.9629,7.0827],[79.9629,7.0821],[79.9602,7.0793],[79.9592,7.0803],[79.9597,7.081],[79.9588,7.0815],[79.9569,7.0845],[79.9552,7.0849],[79.9545,7.0887]],[[79.9606,7.0895],[79.9618,7.0894],[79.9621,7.0901],[79.961,7.0904],[79.9606,7.0895]],[[79.9613,7.0878],[79.964,7.0868],[79.9651,7.0877],[79.9649,7.0884],[79.9633,7.0889],[79.9613,7.0878]],[[79.9637,7.0895],[79.9644,7.0888],[79.9648,7.0895],[79.9637,7.0895]]]]}},{"type":"Feature","properties":{"osm_id":"431122305","code":7229,"fclass":"farmland","name":null},"geometry":{"type":"MultiPolygon","coordinates":[[[[79.9575,7.1268],[79.9587,7.1265],[79.9575,7.1268]]]]}},{"type":"Feature","properties":{"osm_id":"431123377","code":7229,"fclass":"farmland","name":null},"geometry":{"type":"MultiPolygon","coordinates":[[[[79.9552,7.093],[79.9567,7.093],[79.9552,7.093]]]]}},{"type":"Feature","properties":{"osm_id":"6456495","code":7229,"fclass":"farmland","name":null},"geometry":{"type":"MultiPolygon","coordinates":[[[[79.9095,7.1107],[79.9108,7.111],[79.9109,7.1129],[79.9126,7.1137],[79.9135,7.1148],[79.9134,7.1158],[79.9145,7.1167],[79.9162,7.1153],[79.9161,7.114],[79.915,7.113],[79.9164,7.111],[79.9149,7.1096],[79.9158,7.1088],[79.9174,7.1103],[79.9178,7.1124],[79.9194,7.1129],[79.9194,7.114],[79.9205,7.1142],[79.9207,7.1131],[79.9213,7.1131],[79.9223,7.1136],[79.9235,7.1131],[79.9238,7.1142],[79.9243,7.1135],[79.9255,7.1138],[79.9257,7.1123],[79.9275,7.1138],[79.9274,7.1125],[79.9289,7.1109],[79.932,7.1098],[79.9312,7.1078],[79.9324,7.1058],[79.9312,7.1045],[79.9314,7.1064],[79.9295,7.1078],[79.9295,7.106],[79.9287,7.106],[79.9277,7.1071],[79.9262,7.1067],[79.9266,7.1056],[79.9255,7.1058],[79.925,7.1049],[79.9231,7.1055],[79.9199,7.1044],[79.9201,7.1053],[79.9186,7.1054],[79.9164,7.1042],[79.9162,7.1058],[79.9149,7.1063],[79.915,7.1088],[79.9121,7.1104],[79.9095,7.1107]],[[79.923,7.1072],[79.9233,7.1064],[79.9242,7.1071],[79.9233,7.1076],[79.923,7.1072]],[[79.9258,7.109],[79.9262,7.1084],[79.9282,7.1094],[79.9282,7.11],[79.9268,7.1103],[79.9258,7.109]]]]}},{"type":"Feature","properties":{"osm_id":"431594940","code":7229,"fclass":"farmland","name":null},"geometry":{"type":"MultiPolygon","coordinates":[[[[79.9805,7.1855],[79.9814,7.185],[79.986,7.1858],[79.986,7.1854],[79.9813,7.1845],[79.9805,7.1831],[79.9805,7.1855]]]]}},{"type":"Feature","properties":{"osm_id":"431794179","code":7229,"fclass":"farmland","name":null},"geometry":{"type":"MultiPolygon","coordinates":[[[[80.0934,7.1507],[80.0941,7.151],[80.0949,7.15],[80.0942,7.1495],[80.0934,7.1507]]]]}},{"type":"Feature","properties":{"osm_id":"431794180","code":7229,"fclass":"farmland","name":null},"geometry":{"type":"MultiPolygon","coordinates":[[[[80.0925,7.1512],[80.0936,7.151],[80.0925,7.1512]]]]}},{"type":"Feature","properties":{"osm_id":"432046225","code":7229,"fclass":"farmland","name":null},"geometry":{"type":"MultiPolygon","coordinates":[[[[79.8984,7.1741],[79.8999,7.1752],[79.9008,7.175],[79.8984,7.1741]]]]}},{"type":"Feature","properties":{"osm_id":"432046337","code":7229,"fclass":"farmland","name":null},"geometry":{"type":"MultiPolygon","coordinates":[[[[79.8948,7.1734],[79.8964,7.1708],[79.8948,7.1734]]]]}},{"type":"Feature","properties":{"osm_id":"432046651","code":7229,"fclass":"farmland","name":null},"geometry":{"type":"MultiPolygon","coordinates":[[[[79.9108,7.1802],[79.9111,7.1816],[79.9115,7.1805],[79.9108,7.1802]]]]}},{"type":"Feature","properties":{"osm_id":"6458769","code":7229,"fclass":"farmland","name":null},"geometry":{"type":"MultiPolygon","coordinates":[[[[79.9158,7.1673],[79.919,7.1693],[79.92,7.1707],[79.9214,7.17],[79.9215,7.1713],[79.9243,7.1742],[79.9242,7.1783],[79.9248,7.1792],[79.9258,7.1794],[79.9274,7.1824],[79.9287,7.1835],[79.9296,7.1831],[79.9323,7.184],[79.9356,7.1878],[79.9381,7.1891],[79.9392,7.1915],[79.9384,7.1893],[79.9344,7.186],[79.9342,7.1853],[79.936,7.1852],[79.939,7.1876],[79.9386,7.1864],[79.936,7.1848],[79.9359,7.1839],[79.9353,7.1849],[79.9337,7.1849],[79.9316,7.1832],[79.9291,7.1826],[79.9277,7.1814],[79.9247,7.1766],[79.9248,7.1735],[79.923,7.1705],[79.9256,7.1707],[79.9267,7.1726],[79.9306,7.172],[79.933,7.173],[79.9341,7.1728],[79.9342,7.1722],[79.9369,7.172],[79.9397,7.1701],[79.9414,7.1708],[79.9415,7.1682],[79.9453,7.1697],[79.9457,7.1691],[79.9449,7.1682],[79.9474,7.1676],[79.9462,7.1671],[79.9455,7.1655],[79.9459,7.1645],[79.9451,7.1638],[79.9457,7.1624],[79.9446,7.1621],[79.9403,7.1654],[79.9381,7.1651],[79.9361,7.1665],[79.9355,7.1659],[79.9345,7.1665],[79.9341,7.1658],[79.9291,7.1663],[79.9312,7.1624],[79.9326,7.1609],[79.9315,7.1612],[79.9309,7.1602],[79.9306,7.1624],[79.9287,7.1651],[79.9277,7.1645],[79.9237,7.1661],[79.9211,7.166],[79.9158,7.1673]],[[79.9261,7.1678],[79.9262,7.1671],[79.9272,7.1665],[79.9287,7.1673],[79.9306,7.1668],[79.9333,7.1684],[79.9327,7.1691],[79.928,7.1692],[79.9262,7.1685],[79.9261,7.1678]],[[79.9329,7.1668],[79.9338,7.1664],[79.9329,7.1668]],[[79.9351,7.1677],[79.9363,7.1673],[79.9363,7.1678],[79.9351,7.1677]]]]}},{"type":"Feature","properties":{"osm_id":"5842751","code":7229,"fclass":"farmland","name":null},"geometry":{"type":"MultiPolygon","coordinates":[[[[79.8841,7.1582],[79.8851,7.1604],[79.8864,7.1612],[79.886,7.163],[79.8864,7.1636],[79.8888,7.1639],[79.8913,7.1623],[79.8963,7.1623],[79.898,7.1641],[79.8995,7.1645],[79.9011,7.1668],[79.8982,7.1671],[79.8971,7.1681],[79.8978,7.1693],[79.8994,7.1688],[79.9006,7.1694],[79.9006,7.1705],[79.9019,7.1705],[79.9027,7.1697],[79.9044,7.1695],[79.9038,7.1679],[79.9055,7.1677],[79.907,7.1701],[79.9062,7.1739],[79.9067,7.1756],[79.9061,7.18],[79.9069,7.1784],[79.9075,7.1783],[79.911,7.1795],[79.911,7.1785],[79.909,7.1785],[79.9073,7.1777],[79.9076,7.1752],[79.9071,7.1726],[79.9086,7.1707],[79.9077,7.1681],[79.9089,7.1672],[79.9095,7.1655],[79.9118,7.166],[79.9153,7.1722],[79.9151,7.1747],[79.9173,7.1772],[79.9159,7.1746],[79.9163,7.1722],[79.9143,7.1696],[79.9144,7.1679],[79.9151,7.1671],[79.9158,7.1673],[79.9162,7.163],[79.9149,7.1627],[79.9147,7.1614],[79.9136,7.1627],[79.9119,7.1629],[79.9109,7.1623],[79.908,7.1635],[79.9065,7.1616],[79.907,7.1599],[79.9059,7.1574],[79.9062,7.157],[79.9047,7.1557],[79.9045,7.1546],[79.9089,7.1533],[79.909,7.1527],[79.9079,7.1523],[79.9082,7.1487],[79.909,7.1483],[79.9113,7.1492],[79.9103,7.1479],[79.912,7.1465],[79.9146,7.1464],[79.9149,7.1479],[79.9155,7.1477],[79.9158,7.1463],[79.917,7.1473],[79.9185,7.1472],[79.9189,7.1459],[79.9203,7.1448],[79.9213,7.1459],[79.9219,7.1457],[79.9221,7.1438],[79.9236,7.1448],[79.9238,7.1432],[79.9257,7.1433],[79.926,7.1445],[79.9266,7.1435],[79.9284,7.1434],[79.9296,7.1445],[79.9297,7.1417],[79.9287,7.1402],[79.9262,7.1385],[79.9251,7.1405],[79.9215,7.1423],[79.9193,7.1427],[79.9194,7.1406],[79.9217,7.1384],[79.9204,7.1371],[79.9186,7.1381],[79.9182,7.1371],[79.9189,7.1357],[79.9182,7.1354],[79.9186,7.1336],[79.917,7.1337],[79.9159,7.1331],[79.9134,7.1368],[79.9127,7.137],[79.9165,7.1391],[79.9168,7.1406],[79.9163,7.1414],[79.9132,7.1416],[79.9121,7.1429],[79.9081,7.144],[79.9078,7.142],[79.9069,7.1419],[79.9075,7.145],[79.9058,7.1464],[79.9049,7.1464],[79.9051,7.1471],[79.9036,7.149],[79.9036,7.1503],[79.9022,7.1504],[79.8979,7.1533],[79.8956,7.1535],[79.8957,7.1544],[79.8942,7.1549],[79.8946,7.1561],[79.896,7.156],[79.8964,7.1568],[79.895,7.1587],[79.8949,7.1612],[79.8929,7.1598],[79.8905,7.1602],[79.8891,7.1596],[79.8878,7.1581],[79.8881,7.1559],[79.8873,7.1542],[79.8877,7.1499],[79.8898,7.149],[79.8918,7.1468],[79.8917,7.1432],[79.8934,7.1422],[79.8941,7.141],[79.8942,7.1396],[79.893,7.1391],[79.8925,7.1407],[79.8921,7.1404],[79.8919,7.1415],[79.8907,7.142],[79.8902,7.1461],[79.8859,7.149],[79.8848,7.1506],[79.8855,7.1527],[79.8841,7.1582]],[[79.898,7.1558],[79.8984,7.1548],[79.9007,7.1553],[79.903,7.1546],[79.9042,7.1569],[79.9016,7.1566],[79.9002,7.1584],[79.898,7.1558]],[[79.8998,7.1612],[79.9003,7.1603],[79.9032,7.1605],[79.9047,7.1638],[79.9042,7.1662],[79.9023,7.1665],[79.8998,7.1612]]]]}},{"type":"Feature","properties":{"osm_id":"432082201","code":7229,"fclass":"farmland","name":null},"geometry":{"type":"MultiPolygon","coordinates":[[[[79.9896,7.1677],[79.9902,7.1688],[79.9912,7.1677],[79.9906,7.1648],[79.9912,7.1621],[79.9904,7.1627],[79.9896,7.1677]]]]}},{"type":"Feature","properties":{"osm_id":"432316570","code":7229,"fclass":"farmland","name":null},"geometry":{"type":"MultiPolygon","coordinates":[[[[79.9802,7.1916],[79.9816,7.1923],[79.9809,7.1912],[79.9802,7.1916]]]]}},{"type":"Feature","properties":{"osm_id":"432365658","code":7229,"fclass":"farmland","name":null},"geometry":{"type":"MultiPolygon","coordinates":[[[[80.0347,7.21],[80.0349,7.2105],[80.0353,7.2101],[80.0347,7.21]]]]}},{"type":"Feature","properties":{"osm_id":"432365672","code":7229,"fclass":"farmland","name":null},"geometry":{"type":"MultiPolygon","coordinates":[[[[80.0283,7.2154],[80.0302,7.2141],[80.0316,7.2145],[80.0304,7.2135],[80.0289,7.2143],[80.0293,7.2115],[80.0283,7.2154]]]]}},{"type":"Feature","properties":{"osm_id":"432368700","code":7229,"fclass":"farmland","name":null},"geometry":{"type":"MultiPolygon","coordinates":[[[[80.0314,7.2072],[80.0325,7.2063],[80.0345,7.2093],[80.0326,7.2055],[80.0328,7.2045],[80.0322,7.2044],[80.0323,7.2061],[80.0314,7.2072]]]]}},{"type":"Feature","properties":{"osm_id":"432543202","code":7229,"fclass":"farmland","name":null},"geometry":{"type":"MultiPolygon","coordinates":[[[[79.9939,7.1326],[79.995,7.1318],[79.9953,7.1331],[79.9949,7.1337],[79.9972,7.1329],[79.9958,7.133],[79.9951,7.131],[79.9939,7.1326]]]]}},{"type":"Feature","properties":{"osm_id":"432543697","code":7229,"fclass":"farmland","name":null},"geometry":{"type":"MultiPolygon","coordinates":[[[[79.9949,7.1302],[79.9956,7.1309],[79.996,7.129],[79.9949,7.1302]]]]}},{"type":"Feature","properties":{"osm_id":"432772935","code":7229,"fclass":"farmland","name":null},"geometry":{"type":"MultiPolygon","coordinates":[[[[79.9651,7.1837],[79.9655,7.1834],[79.9651,7.1837]]]]}},{"type":"Feature","properties":{"osm_id":"432783115","code":7229,"fclass":"farmland","name":null},"geometry":{"type":"MultiPolygon","coordinates":[[[[79.9688,7.1854],[79.9692,7.1846],[79.9688,7.1854]]]]}},{"type":"Feature","properties":{"osm_id":"432783133","code":7229,"fclass":"farmland","name":null},"geometry":{"type":"MultiPolygon","coordinates":[[[[79.9655,7.1772],[79.9661,7.1775],[79.9655,7.1772]]]]}},{"type":"Feature","properties":{"osm_id":"432874695","code":7229,"fclass":"farmland","name":null},"geometry":{"type":"MultiPolygon","coordinates":[[[[80.027,7.1689],[80.0277,7.1693],[80.0289,7.1683],[80.0289,7.1672],[80.0309,7.1673],[80.032,7.1653],[80.0328,7.1651],[80.0317,7.1627],[80.0307,7.1663],[80.0287,7.1669],[80.027,7.1689]]]]}},{"type":"Feature","properties":{"osm_id":"433014508","code":7229,"fclass":"farmland","name":null},"geometry":{"type":"MultiPolygon","coordinates":[[[[79.9868,7.1428],[79.9892,7.1451],[79.9909,7.1504],[79.9915,7.1512],[79.9923,7.151],[79.9913,7.1486],[79.9919,7.146],[79.9927,7.1454],[79.9919,7.1448],[79.9923,7.1397],[79.9923,7.1416],[79.9908,7.1455],[79.9888,7.1443],[79.9875,7.1415],[79.9868,7.1416],[79.9868,7.1428]]]]}},{"type":"Feature","properties":{"osm_id":"433830626","code":7229,"fclass":"farmland","name":null},"geometry":{"type":"MultiPolygon","coordinates":[[[[79.9231,7.2126],[79.9263,7.213],[79.9278,7.212],[79.9279,7.2127],[79.9289,7.2129],[79.9291,7.2123],[79.9285,7.2106],[79.9232,7.2102],[79.9231,7.2126]]]]}},{"type":"Feature","properties":{"osm_id":"433830627","code":7229,"fclass":"farmland","name":null},"geometry":{"type":"MultiPolygon","coordinates":[[[[79.9285,7.2103],[79.9314,7.209],[79.933,7.2085],[79.9345,7.2089],[79.9361,7.208],[79.9371,7.2083],[79.9371,7.2078],[79.9365,7.207],[79.9316,7.2082],[79.9308,7.2074],[79.9285,7.2103]]]]}},{"type":"Feature","properties":{"osm_id":"434319994","code":7229,"fclass":"farmland","name":null},"geometry":{"type":"MultiPolygon","coordinates":[[[[79.8727,6.8967],[79.8727,6.8967]]]]}},{"type":"Feature","properties":{"osm_id":"434762243","code":7229,"fclass":"farmland","name":null},"geometry":{"type":"MultiPolygon","coordinates":[[[[80.0435,7.1969],[80.0438,7.1973],[80.0444,7.1964],[80.0454,7.1966],[80.0471,7.1979],[80.0472,7.1991],[80.0483,7.1975],[80.0467,7.1973],[80.0457,7.1963],[80.0453,7.1955],[80.0458,7.1935],[80.0451,7.1935],[80.0449,7.195],[80.0435,7.1969]]]]}},{"type":"Feature","properties":{"osm_id":"434771973","code":7229,"fclass":"farmland","name":null},"geometry":{"type":"MultiPolygon","coordinates":[[[[80.0455,7.195],[80.0467,7.1951],[80.0471,7.1935],[80.0459,7.1935],[80.0463,7.194],[80.0455,7.195]]]]}},{"type":"Feature","properties":{"osm_id":"434927767","code":7229,"fclass":"farmland","name":null},"geometry":{"type":"MultiPolygon","coordinates":[[[[80.0319,7.1708],[80.0336,7.1706],[80.0357,7.1691],[80.0353,7.1685],[80.0319,7.1708]]]]}},{"type":"Feature","properties":{"osm_id":"434930557","code":7229,"fclass":"farmland","name":null},"geometry":{"type":"MultiPolygon","coordinates":[[[[80.0343,7.1755],[80.0354,7.1768],[80.0364,7.1762],[80.0352,7.1747],[80.0352,7.1755],[80.0343,7.1755]]]]}},{"type":"Feature","properties":{"osm_id":"435093789","code":7229,"fclass":"farmland","name":null},"geometry":{"type":"MultiPolygon","coordinates":[[[[79.9846,7.083],[79.985,7.0844],[79.9868,7.0842],[79.9861,7.0834],[79.9846,7.083]]]]}},{"type":"Feature","properties":{"osm_id":"435104809","code":7229,"fclass":"farmland","name":null},"geometry":{"type":"MultiPolygon","coordinates":[[[[79.9568,7.0969],[79.958,7.0964],[79.957,7.0959],[79.9568,7.0969]]]]}},{"type":"Feature","properties":{"osm_id":"435104810","code":7229,"fclass":"farmland","name":null},"geometry":{"type":"MultiPolygon","coordinates":[[[[79.9529,7.0989],[79.9541,7.0986],[79.9563,7.0967],[79.9557,7.0963],[79.9562,7.0957],[79.9542,7.0954],[79.9529,7.0989]]]]}},{"type":"Feature","properties":{"osm_id":"435277541","code":7229,"fclass":"farmland","name":null},"geometry":{"type":"MultiPolygon","coordinates":[[[[79.9985,7.1651],[79.9999,7.1624],[79.9993,7.1623],[79.9985,7.1651]]]]}},{"type":"Feature","properties":{"osm_id":"435278502","code":7229,"fclass":"farmland","name":null},"geometry":{"type":"MultiPolygon","coordinates":[[[[79.9936,7.1552],[79.9939,7.1571],[79.9964,7.1575],[79.9993,7.1622],[80.0,7.1619],[79.9987,7.1598],[79.9989,7.1591],[80.0,7.1591],[79.9992,7.1575],[79.9997,7.1572],[80.0012,7.1585],[80.0019,7.1609],[80.003,7.161],[80.0037,7.1622],[80.0036,7.1658],[80.0046,7.1666],[80.0042,7.1684],[80.0033,7.169],[80.0052,7.1686],[80.0087,7.1697],[80.0101,7.1687],[80.0097,7.168],[80.0075,7.1692],[80.0055,7.1636],[80.0064,7.1668],[80.0055,7.1661],[80.0049,7.163],[80.0054,7.1622],[80.0049,7.1622],[80.0055,7.1617],[80.005,7.1599],[80.0059,7.1579],[80.0043,7.1573],[80.0049,7.1553],[80.0072,7.1544],[80.0076,7.1533],[80.0116,7.1528],[80.0114,7.1521],[80.0099,7.1516],[80.01,7.1501],[80.0091,7.15],[80.0087,7.1514],[80.0069,7.1509],[80.0063,7.1536],[80.0029,7.1558],[80.0024,7.1553],[80.0008,7.1556],[80.0014,7.1547],[80.0026,7.1543],[80.0023,7.1538],[80.0029,7.1532],[80.0023,7.1529],[80.0004,7.1549],[79.9982,7.1542],[79.997,7.1549],[79.9961,7.1535],[79.9951,7.1536],[79.9936,7.1546],[79.9936,7.1552]]]]}},{"type":"Feature","properties":{"osm_id":"435279110","code":7229,"fclass":"farmland","name":null},"geometry":{"type":"MultiPolygon","coordinates":[[[[79.9744,7.1563],[79.9756,7.1573],[79.9756,7.1583],[79.978,7.1617],[79.9804,7.163],[79.9786,7.1611],[79.977,7.1577],[79.9781,7.1571],[79.9795,7.1576],[79.9794,7.1568],[79.9816,7.1565],[79.9827,7.1577],[79.9831,7.1557],[79.9797,7.1557],[79.979,7.1552],[79.9791,7.1566],[79.9779,7.1556],[79.9756,7.1556],[79.9744,7.1563]]]]}},{"type":"Feature","properties":{"osm_id":"435279111","code":7229,"fclass":"farmland","name":null},"geometry":{"type":"MultiPolygon","coordinates":[[[[79.9713,7.155],[79.9718,7.1564],[79.9722,7.1558],[79.9737,7.1562],[79.9727,7.1552],[79.9713,7.155]]]]}},{"type":"Feature","properties":{"osm_id":"435279936","code":7229,"fclass":"farmland","name":null},"geometry":{"type":"MultiPolygon","coordinates":[[[[79.9847,7.1562],[79.9851,7.1569],[79.9876,7.1559],[79.9847,7.1562]]]]}},{"type":"Feature","properties":{"osm_id":"435426973","code":7229,"fclass":"farmland","name":null},"geometry":{"type":"MultiPolygon","coordinates":[[[[80.0115,7.2258],[80.0126,7.2264],[80.0133,7.2259],[80.0134,7.2244],[80.0124,7.2245],[80.0115,7.2258]]]]}},{"type":"Feature","properties":{"osm_id":"435427726","code":7229,"fclass":"farmland","name":null},"geometry":{"type":"MultiPolygon","coordinates":[[[[80.0062,7.2103],[80.0083,7.2078],[80.0062,7.2103]]]]}},{"type":"Feature","properties":{"osm_id":"435429036","code":7229,"fclass":"farmland","name":null},"geometry":{"type":"MultiPolygon","coordinates":[[[[80.0011,7.1879],[80.0014,7.1884],[80.004,7.1883],[80.0034,7.1902],[80.0022,7.1905],[80.003,7.1911],[80.0024,7.1923],[80.0028,7.1952],[80.0033,7.1938],[80.0029,7.1927],[80.0045,7.1887],[80.0049,7.1892],[80.0045,7.1901],[80.0058,7.1904],[80.0048,7.1886],[80.0054,7.1878],[80.0063,7.191],[80.0054,7.1947],[80.0069,7.1966],[80.0061,7.1943],[80.0068,7.1926],[80.0063,7.188],[80.0069,7.1866],[80.0093,7.1845],[80.0084,7.1841],[80.0066,7.1863],[80.0043,7.1877],[80.0011,7.1879]]]]}},{"type":"Feature","properties":{"osm_id":"435429601","code":7229,"fclass":"farmland","name":null},"geometry":{"type":"MultiPolygon","coordinates":[[[[79.9977,7.1783],[79.9993,7.1783],[79.9993,7.179],[80.0007,7.1781],[80.0036,7.178],[80.0006,7.1777],[79.9989,7.1766],[79.9992,7.1779],[79.9977,7.1783]]]]}},{"type":"Feature","properties":{"osm_id":"435432271","code":7229,"fclass":"farmland","name":null},"geometry":{"type":"MultiPolygon","coordinates":[[[[79.9475,7.1658],[79.9482,7.1679],[79.9513,7.1664],[79.9554,7.163],[79.9568,7.1614],[79.9564,7.1601],[79.9574,7.1598],[79.9604,7.1562],[79.9618,7.1565],[79.9627,7.1575],[79.9641,7.157],[79.9654,7.1579],[79.9654,7.1562],[79.9665,7.1555],[79.9657,7.1556],[79.9647,7.1542],[79.9652,7.1518],[79.9661,7.1501],[79.9674,7.1493],[79.9671,7.1489],[79.9658,7.1486],[79.9645,7.1533],[79.9637,7.1543],[79.9603,7.156],[79.9586,7.1556],[79.9576,7.1574],[79.9554,7.1584],[79.9551,7.1593],[79.9512,7.1628],[79.9505,7.1641],[79.9475,7.1658]]]]}},{"type":"Feature","properties":{"osm_id":"435434361","code":7229,"fclass":"farmland","name":null},"geometry":{"type":"MultiPolygon","coordinates":[[[[79.9656,7.1585],[79.9665,7.1597],[79.9682,7.1597],[79.9684,7.1646],[79.9691,7.1643],[79.9686,7.163],[79.9692,7.1629],[79.9701,7.1661],[79.971,7.1667],[79.97,7.1619],[79.9704,7.1612],[79.9695,7.1607],[79.9693,7.1592],[79.97,7.1583],[79.9723,7.1585],[79.9701,7.1576],[79.9686,7.1588],[79.9691,7.1577],[79.9683,7.1556],[79.9679,7.1573],[79.9671,7.1577],[79.9663,7.1572],[79.9666,7.158],[79.9656,7.1585]]]]}},{"type":"Feature","properties":{"osm_id":"435436285","code":7229,"fclass":"farmland","name":null},"geometry":{"type":"MultiPolygon","coordinates":[[[[79.9565,7.1617],[79.9594,7.1602],[79.9612,7.1606],[79.9609,7.1595],[79.9622,7.158],[79.9615,7.1574],[79.9618,7.1567],[79.9604,7.1564],[79.9595,7.1572],[79.9576,7.1599],[79.9566,7.1603],[79.9565,7.1617]]]]}},{"type":"Feature","properties":{"osm_id":"435436286","code":7229,"fclass":"farmland","name":null},"geometry":{"type":"MultiPolygon","coordinates":[[[[79.9638,7.1578],[79.9647,7.1578],[79.9642,7.1574],[79.9638,7.1578]]]]}},{"type":"Feature","properties":{"osm_id":"435442654","code":7229,"fclass":"farmland","name":null},"geometry":{"type":"MultiPolygon","coordinates":[[[[79.9452,7.1406],[79.9467,7.1406],[79.9453,7.14],[79.9452,7.1406]]]]}},{"type":"Feature","properties":{"osm_id":"6455559","code":7229,"fclass":"farmland","name":null},"geometry":{"type":"MultiPolygon","coordinates":[[[[79.9453,7.1329],[79.9462,7.1334],[79.9459,7.134],[79.9474,7.1342],[79.9474,7.1355],[79.9479,7.134],[79.949,7.1337],[79.9479,7.1306],[79.9502,7.1328],[79.9516,7.1329],[79.9501,7.1324],[79.9494,7.1313],[79.9504,7.1291],[79.9522,7.1292],[79.9516,7.1283],[79.9542,7.1272],[79.9562,7.1279],[79.9564,7.1272],[79.9552,7.1271],[79.9561,7.125],[79.9548,7.1267],[79.9509,7.1279],[79.9491,7.1295],[79.9484,7.1293],[79.947,7.1271],[79.9473,7.1234],[79.9459,7.1235],[79.9459,7.1278],[79.9472,7.1293],[79.9473,7.1314],[79.9453,7.1329]],[[79.9463,7.1327],[79.9479,7.1318],[79.9482,7.1322],[79.9471,7.1331],[79.9471,7.1325],[79.9463,7.1327]],[[79.9487,7.131],[79.9492,7.1305],[79.9487,7.131]]]]}},{"type":"Feature","properties":{"osm_id":"435740738","code":7229,"fclass":"farmland","name":null},"geometry":{"type":"MultiPolygon","coordinates":[[[[79.9337,7.1762],[79.9347,7.1749],[79.9337,7.1762]]]]}},{"type":"Feature","properties":{"osm_id":"437234321","code":7229,"fclass":"farmland","name":null},"geometry":{"type":"MultiPolygon","coordinates":[[[[79.9444,6.8957],[79.9465,6.8952],[79.9457,6.8944],[79.9467,6.8937],[79.9469,6.8924],[79.9489,6.8912],[79.9487,6.8904],[79.9476,6.8901],[79.9467,6.8891],[79.946,6.8894],[79.9453,6.8913],[79.9444,6.8957]]]]}},{"type":"Feature","properties":{"osm_id":"437523219","code":7229,"fclass":"farmland","name":null},"geometry":{"type":"MultiPolygon","coordinates":[[[[79.9466,7.1369],[79.9472,7.1353],[79.9466,7.1369]]]]}},{"type":"Feature","properties":{"osm_id":"437943473","code":7229,"fclass":"farmland","name":null},"geometry":{"type":"MultiPolygon","coordinates":[[[[79.9386,7.1405],[79.9393,7.1417],[79.9401,7.1412],[79.9386,7.1405]]]]}},{"type":"Feature","properties":{"osm_id":"438079933","code":7229,"fclass":"farmland","name":null},"geometry":{"type":"MultiPolygon","coordinates":[[[[79.9414,7.1409],[79.9418,7.1416],[79.9414,7.1409]]]]}},{"type":"Feature","properties":{"osm_id":"438295090","code":7229,"fclass":"farmland","name":null},"geometry":{"type":"MultiPolygon","coordinates":[[[[79.9819,7.1633],[79.9823,7.1637],[79.9819,7.1633]]]]}},{"type":"Feature","properties":{"osm_id":"438295094","code":7229,"fclass":"farmland","name":null},"geometry":{"type":"MultiPolygon","coordinates":[[[[79.9838,7.1646],[79.9848,7.1663],[79.9849,7.1649],[79.9838,7.1646]]]]}},{"type":"Feature","properties":{"osm_id":"438299544","code":7229,"fclass":"farmland","name":null},"geometry":{"type":"MultiPolygon","coordinates":[[[[80.0071,7.1589],[80.008,7.1586],[80.0079,7.1581],[80.0071,7.1589]]]]}},{"type":"Feature","properties":{"osm_id":"438484179","code":7229,"fclass":"farmland","name":null},"geometry":{"type":"MultiPolygon","coordinates":[[[[80.0376,7.1749],[80.038,7.1743],[80.0376,7.1749]]]]}},{"type":"Feature","properties":{"osm_id":"438612589","code":7229,"fclass":"farmland","name":null},"geometry":{"type":"MultiPolygon","coordinates":[[[[79.9992,7.15],[79.9999,7.1503],[79.9992,7.15]]]]}},{"type":"Feature","properties":{"osm_id":"439978769","code":7229,"fclass":"farmland","name":null},"geometry":{"type":"MultiPolygon","coordinates":[[[[79.9426,7.176],[79.9444,7.1776],[79.9426,7.176]]]]}},{"type":"Feature","properties":{"osm_id":"443564569","code":7229,"fclass":"farmland","name":null},"geometry":{"type":"MultiPolygon","coordinates":[[[[80.0015,7.134],[80.0017,7.1355],[80.0019,7.1345],[80.0021,7.1351],[80.0025,7.1348],[80.002,7.1336],[80.0015,7.134]]]]}},{"type":"Feature","properties":{"osm_id":"444704386","code":7229,"fclass":"farmland","name":null},"geometry":{"type":"MultiPolygon","coordinates":[[[[79.9786,7.1893],[79.9794,7.1904],[79.98,7.1899],[79.9786,7.1893]]]]}},{"type":"Feature","properties":{"osm_id":"445604473","code":7229,"fclass":"farmland","name":null},"geometry":{"type":"MultiPolygon","coordinates":[[[[80.124,7.138],[80.1245,7.1384],[80.125,7.137],[80.124,7.138]]]]}},{"type":"Feature","properties":{"osm_id":"445628816","code":7229,"fclass":"farmland","name":null},"geometry":{"type":"MultiPolygon","coordinates":[[[[79.9995,7.1753],[79.9996,7.1761],[80.0006,7.1761],[80.0016,7.1742],[80.0005,7.1735],[79.9995,7.1753]]]]}},{"type":"Feature","properties":{"osm_id":"445857915","code":7229,"fclass":"farmland","name":null},"geometry":{"type":"MultiPolygon","coordinates":[[[[80.038,7.1618],[80.039,7.1623],[80.0383,7.1629],[80.0389,7.1629],[80.0384,7.1608],[80.038,7.1618]]]]}},{"type":"Feature","properties":{"osm_id":"447893225","code":7229,"fclass":"farmland","name":null},"geometry":{"type":"MultiPolygon","coordinates":[[[[80.0417,7.1717],[80.0435,7.1718],[80.0464,7.1734],[80.0446,7.1717],[80.0417,7.1717]]]]}},{"type":"Feature","properties":{"osm_id":"448619977","code":7229,"fclass":"farmland","name":null},"geometry":{"type":"MultiPolygon","coordinates":[[[[80.0451,7.1935],[80.0458,7.1935],[80.0472,7.1915],[80.047,7.1896],[80.0476,7.1893],[80.0492,7.1896],[80.0505,7.1913],[80.0494,7.1895],[80.0496,7.1885],[80.0464,7.1892],[80.0466,7.1911],[80.0453,7.1923],[80.0451,7.1935]]]]}},{"type":"Feature","properties":{"osm_id":"6843579","code":7229,"fclass":"farmland","name":null},"geometry":{"type":"MultiPolygon","coordinates":[[[[79.916,7.0681],[79.918,7.0689],[79.9202,7.0681],[79.9209,7.0665],[79.9202,7.0644],[79.9209,7.0622],[79.9199,7.0618],[79.9176,7.0639],[79.9197,7.065],[79.9192,7.0673],[79.9183,7.0678],[79.9161,7.0674],[79.916,7.0681]]],[[[79.92,7.0585],[79.9205,7.0597],[79.9202,7.0618],[79.9211,7.0621],[79.9219,7.0605],[79.9217,7.0592],[79.9241,7.0582],[79.9224,7.0583],[79.9215,7.0569],[79.9202,7.0569],[79.92,7.0585]]]]}},{"type":"Feature","properties":{"osm_id":"477456367","code":7229,"fclass":"farmland","name":null},"geometry":{"type":"MultiPolygon","coordinates":[[[[80.1706,7.2296],[80.1717,7.2311],[80.1721,7.2301],[80.1715,7.229],[80.1706,7.2296]]]]}},{"type":"Feature","properties":{"osm_id":"477456368","code":7229,"fclass":"farmland","name":null},"geometry":{"type":"MultiPolygon","coordinates":[[[[80.1675,7.2311],[80.1679,7.2315],[80.1695,7.2303],[80.17,7.2308],[80.1703,7.23],[80.1695,7.2294],[80.1689,7.2302],[80.1678,7.2295],[80.1684,7.2303],[80.1675,7.2311]]]]}},{"type":"Feature","properties":{"osm_id":"477456369","code":7229,"fclass":"farmland","name":null},"geometry":{"type":"MultiPolygon","coordinates":[[[[80.1724,7.2215],[80.1724,7.2215]]]]}},{"type":"Feature","properties":{"osm_id":"477456370","code":7229,"fclass":"farmland","name":null},"geometry":{"type":"MultiPolygon","coordinates":[[[[80.1723,7.2214],[80.1723,7.2214]]]]}},{"type":"Feature","properties":{"osm_id":"477456371","code":7229,"fclass":"farmland","name":null},"geometry":{"type":"MultiPolygon","coordinates":[[[[80.1722,7.2212],[80.1722,7.2212]]]]}},{"type":"Feature","properties":{"osm_id":"477456373","code":7229,"fclass":"farmland","name":null},"geometry":{"type":"MultiPolygon","coordinates":[[[[80.1718,7.221],[80.1723,7.2208],[80.1718,7.221]]]]}},{"type":"Feature","properties":{"osm_id":"477456374","code":7229,"fclass":"farmland","name":null},"geometry":{"type":"MultiPolygon","coordinates":[[[[80.1715,7.2209],[80.1715,7.2209]]]]}},{"type":"Feature","properties":{"osm_id":"477456375","code":7229,"fclass":"farmland","name":null},"geometry":{"type":"MultiPolygon","coordinates":[[[[80.1714,7.2208],[80.1714,7.2208]]]]}},{"type":"Feature","properties":{"osm_id":"477460808","code":7229,"fclass":"farmland","name":null},"geometry":{"type":"MultiPolygon","coordinates":[[[[80.1413,7.2285],[80.1416,7.2292],[80.1427,7.2292],[80.142,7.2282],[80.1413,7.2285]]]]}},{"type":"Feature","properties":{"osm_id":"477460809","code":7229,"fclass":"farmland","name":null},"geometry":{"type":"MultiPolygon","coordinates":[[[[80.1343,7.2284],[80.1355,7.2288],[80.1352,7.2284],[80.136,7.2281],[80.1397,7.2281],[80.1403,7.2276],[80.1374,7.2271],[80.1343,7.2277],[80.1343,7.2284]]]]}},{"type":"Feature","properties":{"osm_id":"477462985","code":7229,"fclass":"farmland","name":null},"geometry":{"type":"MultiPolygon","coordinates":[[[[80.1566,7.228],[80.1573,7.2284],[80.1599,7.2268],[80.1611,7.2295],[80.1611,7.2316],[80.1628,7.2313],[80.1601,7.2255],[80.1606,7.2235],[80.1623,7.2208],[80.1599,7.2216],[80.1585,7.2208],[80.159,7.2252],[80.1566,7.228]]]]}},{"type":"Feature","properties":{"osm_id":"477462986","code":7229,"fclass":"farmland","name":null},"geometry":{"type":"MultiPolygon","coordinates":[[[[80.1597,7.2286],[80.1603,7.2316],[80.161,7.2316],[80.1609,7.2293],[80.1604,7.2284],[80.1597,7.2286]]]]}},{"type":"Feature","properties":{"osm_id":"477609536","code":7229,"fclass":"farmland","name":null},"geometry":{"type":"MultiPolygon","coordinates":[[[[80.1331,7.2453],[80.1332,7.2458],[80.1345,7.2447],[80.1365,7.2398],[80.1377,7.2393],[80.1383,7.237],[80.1379,7.2364],[80.1359,7.239],[80.1331,7.2453]]]]}},{"type":"Feature","properties":{"osm_id":"477614502","code":7229,"fclass":"farmland","name":null},"geometry":{"type":"MultiPolygon","coordinates":[[[[80.1233,7.2205],[80.1239,7.2204],[80.1238,7.2198],[80.1233,7.2205]]]]}},{"type":"Feature","properties":{"osm_id":"477614512","code":7229,"fclass":"farmland","name":null},"geometry":{"type":"MultiPolygon","coordinates":[[[[80.1322,7.211],[80.1341,7.2122],[80.1343,7.2145],[80.1343,7.2099],[80.1338,7.2105],[80.1324,7.2102],[80.1322,7.211]]]]}},{"type":"Feature","properties":{"osm_id":"477614515","code":7229,"fclass":"farmland","name":"paddy farm land"},"geometry":{"type":"MultiPolygon","coordinates":[[[[80.1233,7.2112],[80.1266,7.2099],[80.1288,7.2099],[80.1289,7.2093],[80.1274,7.2089],[80.1236,7.2104],[80.1233,7.2112]]]]}},{"type":"Feature","properties":{"osm_id":"477614516","code":7229,"fclass":"farmland","name":null},"geometry":{"type":"MultiPolygon","coordinates":[[[[80.1264,7.2138],[80.1269,7.2143],[80.1281,7.2124],[80.1288,7.2123],[80.1292,7.2112],[80.1288,7.2099],[80.1277,7.2099],[80.1283,7.2109],[80.1264,7.2138]]]]}},{"type":"Feature","properties":{"osm_id":"477614517","code":7229,"fclass":"farmland","name":null},"geometry":{"type":"MultiPolygon","coordinates":[[[[80.1328,7.2174],[80.1333,7.2174],[80.1328,7.2174]]]]}},{"type":"Feature","properties":{"osm_id":"477614518","code":7229,"fclass":"farmland","name":null},"geometry":{"type":"MultiPolygon","coordinates":[[[[80.132,7.2189],[80.1326,7.2191],[80.1328,7.2208],[80.1339,7.2208],[80.1343,7.2153],[80.1325,7.2165],[80.1335,7.2166],[80.1337,7.2176],[80.1332,7.2194],[80.132,7.2189]]]]}},{"type":"Feature","properties":{"osm_id":"477615052","code":7229,"fclass":"farmland","name":null},"geometry":{"type":"MultiPolygon","coordinates":[[[[80.1673,7.2398],[80.1688,7.2399],[80.1674,7.2388],[80.1673,7.2398]]]]}},{"type":"Feature","properties":{"osm_id":"477615053","code":7229,"fclass":"farmland","name":null},"geometry":{"type":"MultiPolygon","coordinates":[[[[80.1676,7.2349],[80.1696,7.2346],[80.1676,7.2349]]]]}},{"type":"Feature","properties":{"osm_id":"477615054","code":7229,"fclass":"farmland","name":null},"geometry":{"type":"MultiPolygon","coordinates":[[[[80.1673,7.2338],[80.1678,7.2338],[80.1673,7.2338]]]]}},{"type":"Feature","properties":{"osm_id":"477617410","code":7229,"fclass":"farmland","name":null},"geometry":{"type":"MultiPolygon","coordinates":[[[[80.1568,7.1955],[80.1574,7.1957],[80.1571,7.1951],[80.1568,7.1955]]]]}},{"type":"Feature","properties":{"osm_id":"477617447","code":7229,"fclass":"farmland","name":null},"geometry":{"type":"MultiPolygon","coordinates":[[[[80.1545,7.1911],[80.1563,7.1931],[80.1569,7.1953],[80.1567,7.1946],[80.1582,7.1941],[80.1574,7.1938],[80.1554,7.1913],[80.1545,7.1911]]]]}},{"type":"Feature","properties":{"osm_id":"477617448","code":7229,"fclass":"farmland","name":null},"geometry":{"type":"MultiPolygon","coordinates":[[[[80.1562,7.1922],[80.1586,7.1928],[80.1573,7.1919],[80.1562,7.1917],[80.1562,7.1922]]]]}},{"type":"Feature","properties":{"osm_id":"477617449","code":7229,"fclass":"farmland","name":null},"geometry":{"type":"MultiPolygon","coordinates":[[[[80.1577,7.1904],[80.1578,7.1912],[80.1581,7.1909],[80.1598,7.1924],[80.1602,7.192],[80.1577,7.1904]]]]}},{"type":"Feature","properties":{"osm_id":"477617456","code":7229,"fclass":"farmland","name":null},"geometry":{"type":"MultiPolygon","coordinates":[[[[80.1646,7.1971],[80.1652,7.197],[80.1646,7.1971]]]]}},{"type":"Feature","properties":{"osm_id":"477617487","code":7229,"fclass":"farmland","name":null},"geometry":{"type":"MultiPolygon","coordinates":[[[[80.1638,7.1942],[80.1643,7.1954],[80.1638,7.1966],[80.1646,7.1954],[80.1638,7.1942]]]]}},{"type":"Feature","properties":{"osm_id":"477618322","code":7229,"fclass":"farmland","name":null},"geometry":{"type":"MultiPolygon","coordinates":[[[[80.1247,7.1705],[80.1253,7.1722],[80.1262,7.1677],[80.1279,7.1662],[80.1289,7.1676],[80.1301,7.166],[80.1289,7.1665],[80.1278,7.166],[80.1276,7.1647],[80.1263,7.1651],[80.1247,7.1705]]]]}},{"type":"Feature","properties":{"osm_id":"477618326","code":7229,"fclass":"farmland","name":null},"geometry":{"type":"MultiPolygon","coordinates":[[[[80.1226,7.1727],[80.1238,7.1745],[80.1246,7.174],[80.1248,7.1745],[80.1253,7.1737],[80.1248,7.1734],[80.1246,7.171],[80.1226,7.1727]]]]}},{"type":"Feature","properties":{"osm_id":"477618833","code":7229,"fclass":"farmland","name":null},"geometry":{"type":"MultiPolygon","coordinates":[[[[80.1431,7.1976],[80.1438,7.1972],[80.1434,7.199],[80.1439,7.199],[80.1443,7.198],[80.1439,7.197],[80.1449,7.196],[80.1452,7.1938],[80.1445,7.1955],[80.1432,7.1962],[80.1431,7.1976]]]]}},{"type":"Feature","properties":{"osm_id":"477618840","code":7229,"fclass":"farmland","name":null},"geometry":{"type":"MultiPolygon","coordinates":[[[[80.1358,7.1882],[80.138,7.1897],[80.1379,7.1927],[80.1359,7.1974],[80.1361,7.199],[80.1365,7.1989],[80.1378,7.1944],[80.1389,7.1927],[80.1383,7.1914],[80.1388,7.1894],[80.14,7.1907],[80.14,7.1897],[80.1398,7.1881],[80.1358,7.1882]]]]}},{"type":"Feature","properties":{"osm_id":"477620166","code":7229,"fclass":"farmland","name":null},"geometry":{"type":"MultiPolygon","coordinates":[[[[80.1496,7.1896],[80.149,7.1897],[80.149,7.1912],[80.1474,7.1941],[80.1477,7.1947],[80.1463,7.1961],[80.1454,7.1991],[80.1463,7.1981],[80.1461,7.1989],[80.1466,7.199],[80.1471,7.1966],[80.1479,7.1961],[80.1492,7.1967],[80.1479,7.1957],[80.1482,7.1936],[80.1493,7.1928],[80.1508,7.1963],[80.1512,7.1961],[80.1501,7.1942],[80.1496,7.1896]]]]}},{"type":"Feature","properties":{"osm_id":"477620569","code":7229,"fclass":"farmland","name":null},"geometry":{"type":"MultiPolygon","coordinates":[[[[80.1694,7.1946],[80.1677,7.1925],[80.1683,7.1945],[80.1707,7.1982],[80.1712,7.1978],[80.1701,7.1959],[80.1703,7.195],[80.1694,7.1946]]]]}},{"type":"Feature","properties":{"osm_id":"481790924","code":7229,"fclass":"farmland","name":null},"geometry":{"type":"MultiPolygon","coordinates":[[[[80.0916,7.1506],[80.0924,7.1512],[80.0943,7.1492],[80.0937,7.1491],[80.0916,7.1506]]]]}},{"type":"Feature","properties":{"osm_id":"481790925","code":7229,"fclass":"farmland","name":null},"geometry":{"type":"MultiPolygon","coordinates":[[[[80.0825,7.149],[80.0837,7.1497],[80.0839,7.1527],[80.085,7.1533],[80.0876,7.1509],[80.0893,7.1513],[80.0894,7.1525],[80.0905,7.1504],[80.0916,7.1506],[80.0947,7.1483],[80.0943,7.1476],[80.0926,7.149],[80.091,7.1478],[80.0907,7.1486],[80.0877,7.1495],[80.0883,7.1457],[80.0865,7.1464],[80.0867,7.1476],[80.0858,7.149],[80.0846,7.1492],[80.0827,7.1484],[80.0825,7.149]]]]}},{"type":"Feature","properties":{"osm_id":"481790926","code":7229,"fclass":"farmland","name":null},"geometry":{"type":"MultiPolygon","coordinates":[[[[80.0924,7.1532],[80.0931,7.155],[80.0931,7.1522],[80.0926,7.1521],[80.0924,7.1532]]]]}},{"type":"Feature","properties":{"osm_id":"481795087","code":7229,"fclass":"farmland","name":null},"geometry":{"type":"MultiPolygon","coordinates":[[[[80.1097,7.046],[80.1101,7.047],[80.1103,7.0461],[80.1097,7.046]]]]}},{"type":"Feature","properties":{"osm_id":"481795548","code":7229,"fclass":"farmland","name":null},"geometry":{"type":"MultiPolygon","coordinates":[[[[80.1701,7.071],[80.1712,7.0709],[80.1712,7.0702],[80.1703,7.0699],[80.1701,7.071]]]]}},{"type":"Feature","properties":{"osm_id":"481795554","code":7229,"fclass":"farmland","name":null},"geometry":{"type":"MultiPolygon","coordinates":[[[[80.1682,7.0751],[80.1684,7.0758],[80.1693,7.0755],[80.1692,7.0749],[80.1682,7.0751]]]]}},{"type":"Feature","properties":{"osm_id":"483205881","code":7229,"fclass":"farmland","name":null},"geometry":{"type":"MultiPolygon","coordinates":[[[[80.1191,7.0608],[80.1195,7.0605],[80.1191,7.0608]]]]}},{"type":"Feature","properties":{"osm_id":"483205957","code":7229,"fclass":"farmland","name":null},"geometry":{"type":"MultiPolygon","coordinates":[[[[80.1178,7.0639],[80.1184,7.0641],[80.1188,7.0621],[80.1182,7.062],[80.1178,7.0639]]]]}},{"type":"Feature","properties":{"osm_id":"483205970","code":7229,"fclass":"farmland","name":null},"geometry":{"type":"MultiPolygon","coordinates":[[[[80.1164,7.0593],[80.1181,7.0604],[80.1185,7.0618],[80.1189,7.0606],[80.1204,7.0609],[80.12,7.0642],[80.1209,7.0651],[80.1209,7.0623],[80.1216,7.0621],[80.1223,7.0629],[80.1226,7.0617],[80.121,7.0616],[80.1203,7.0601],[80.1206,7.0597],[80.1164,7.0593]]]]}},{"type":"Feature","properties":{"osm_id":"7215313","code":7229,"fclass":"farmland","name":null},"geometry":{"type":"MultiPolygon","coordinates":[[[[80.0981,7.1292],[80.0991,7.1321],[80.1002,7.1308],[80.0981,7.1292]],[[80.0986,7.1303],[80.0988,7.1299],[80.0986,7.1303]]]]}},{"type":"Feature","properties":{"osm_id":"494136978","code":7229,"fclass":"farmland","name":null},"geometry":{"type":"MultiPolygon","coordinates":[[[[80.1094,7.1709],[80.1113,7.1704],[80.1143,7.1732],[80.1153,7.1724],[80.1118,7.1702],[80.1111,7.1686],[80.1117,7.166],[80.1112,7.1657],[80.1103,7.167],[80.1103,7.1689],[80.1094,7.1709]]]]}},{"type":"Feature","properties":{"osm_id":"494141857","code":7229,"fclass":"farmland","name":"Kumbura"},"geometry":{"type":"MultiPolygon","coordinates":[[[[80.1032,7.1702],[80.1064,7.1715],[80.1076,7.1713],[80.1095,7.1728],[80.1108,7.175],[80.1116,7.1748],[80.1117,7.1737],[80.1106,7.1732],[80.1094,7.1709],[80.104,7.1697],[80.1032,7.1702]]]]}},{"type":"Feature","properties":{"osm_id":"494142983","code":7229,"fclass":"farmland","name":null},"geometry":{"type":"MultiPolygon","coordinates":[[[[80.112,7.156],[80.1131,7.1573],[80.113,7.1582],[80.1146,7.1587],[80.1154,7.1605],[80.1156,7.1625],[80.1143,7.1632],[80.1144,7.1637],[80.1159,7.1636],[80.1162,7.1653],[80.1157,7.1658],[80.1162,7.166],[80.117,7.1643],[80.1158,7.1588],[80.1144,7.1568],[80.112,7.156]]]]}},{"type":"Feature","properties":{"osm_id":"494146413","code":7229,"fclass":"farmland","name":"Kumbura"},"geometry":{"type":"MultiPolygon","coordinates":[[[[80.1007,7.1706],[80.1008,7.1717],[80.1021,7.171],[80.1022,7.1702],[80.104,7.1697],[80.1049,7.1661],[80.1042,7.1665],[80.1027,7.1695],[80.1011,7.1698],[80.1007,7.1706]]]]}},{"type":"Feature","properties":{"osm_id":"494147101","code":7229,"fclass":"farmland","name":"Kumbura"},"geometry":{"type":"MultiPolygon","coordinates":[[[[80.0989,7.166],[80.0992,7.1686],[80.1005,7.1692],[80.1021,7.1656],[80.1001,7.168],[80.0992,7.1667],[80.0995,7.1658],[80.0989,7.166]]]]}},{"type":"Feature","properties":{"osm_id":"7353414","code":7229,"fclass":"farmland","name":"Ambepussa Govt. Seed Production Farm"},"geometry":{"type":"MultiPolygon","coordinates":[[[[80.1586,7.2867],[80.1596,7.287],[80.1614,7.2897],[80.1633,7.2892],[80.1644,7.2884],[80.1645,7.2875],[80.1667,7.2867],[80.1685,7.2842],[80.1688,7.282],[80.1678,7.2813],[80.1678,7.2783],[80.1656,7.2766],[80.163,7.2794],[80.1621,7.2819],[80.1606,7.283],[80.1615,7.2835],[80.1607,7.2851],[80.1595,7.2854],[80.1594,7.2864],[80.1586,7.2867]],[[80.1644,7.2836],[80.1654,7.2821],[80.1656,7.2835],[80.1644,7.2836]]]]}},{"type":"Feature","properties":{"osm_id":"517248124","code":7229,"fclass":"farmland","name":null},"geometry":{"type":"MultiPolygon","coordinates":[[[[79.9058,6.8634],[79.9065,6.8645],[79.907,6.8643],[79.9068,6.8631],[79.9058,6.8634]]]]}},{"type":"Feature","properties":{"osm_id":"517248127","code":7229,"fclass":"farmland","name":null},"geometry":{"type":"MultiPolygon","coordinates":[[[[79.9068,6.8629],[79.9078,6.863],[79.9068,6.8629]]]]}},{"type":"Feature","properties":{"osm_id":"521766806","code":7229,"fclass":"farmland","name":null},"geometry":{"type":"MultiPolygon","coordinates":[[[[79.9124,6.859],[79.913,6.8609],[79.9129,6.8591],[79.9124,6.859]]]]}},{"type":"Feature","properties":{"osm_id":"530143444","code":7229,"fclass":"farmland","name":"paddy"},"geometry":{"type":"MultiPolygon","coordinates":[[[[79.8772,7.1583],[79.8779,7.1573],[79.8772,7.1583]]]]}},{"type":"Feature","properties":{"osm_id":"530144719","code":7229,"fclass":"farmland","name":"paddy"},"geometry":{"type":"MultiPolygon","coordinates":[[[[79.8824,7.1401],[79.8833,7.1404],[79.8841,7.1394],[79.8839,7.1389],[79.8827,7.1393],[79.8824,7.1401]]]]}},{"type":"Feature","properties":{"osm_id":"530465814","code":7229,"fclass":"farmland","name":null},"geometry":{"type":"MultiPolygon","coordinates":[[[[79.9662,6.5984],[79.9671,6.6],[79.9667,6.5979],[79.9662,6.5984]]]]}},{"type":"Feature","properties":{"osm_id":"531291216","code":7229,"fclass":"farmland","name":null},"geometry":{"type":"MultiPolygon","coordinates":[[[[79.9892,7.2258],[79.9911,7.2258],[79.9922,7.225],[79.9941,7.2247],[79.9992,7.227],[80.0001,7.2267],[80.0009,7.2274],[80.0008,7.2286],[80.0028,7.2296],[80.0028,7.2303],[80.0039,7.2304],[80.0055,7.2346],[80.0062,7.2348],[80.0066,7.234],[80.0098,7.2356],[80.0105,7.2381],[80.0132,7.2379],[80.013,7.2353],[80.0094,7.235],[80.0063,7.2335],[80.0051,7.2323],[80.0052,7.23],[80.0015,7.2277],[80.0012,7.2268],[79.996,7.2247],[79.9959,7.2239],[79.9914,7.2233],[79.9906,7.2242],[79.9901,7.224],[79.9892,7.2258]]]]}},{"type":"Feature","properties":{"osm_id":"531788287","code":7229,"fclass":"farmland","name":"Green Park"},"geometry":{"type":"MultiPolygon","coordinates":[[[[80.0817,7.1397],[80.0823,7.14],[80.0832,7.1393],[80.0827,7.1371],[80.0819,7.1381],[80.0817,7.1397]]]]}},{"type":"Feature","properties":{"osm_id":"531941162","code":7229,"fclass":"farmland","name":null},"geometry":{"type":"MultiPolygon","coordinates":[[[[79.9875,6.8429],[79.9876,6.8441],[79.9887,6.8435],[79.9901,6.8449],[79.9894,6.8427],[79.9875,6.8429]]]]}},{"type":"Feature","properties":{"osm_id":"531941165","code":7229,"fclass":"farmland","name":null},"geometry":{"type":"MultiPolygon","coordinates":[[[[79.9865,6.8447],[79.9872,6.8448],[79.9872,6.8439],[79.9866,6.8438],[79.9865,6.8447]]]]}},{"type":"Feature","properties":{"osm_id":"532140905","code":7229,"fclass":"farmland","name":null},"geometry":{"type":"MultiPolygon","coordinates":[[[[79.9494,6.9071],[79.9498,6.9074],[79.9494,6.9071]]]]}},{"type":"Feature","properties":{"osm_id":"532140909","code":7229,"fclass":"farmland","name":null},"geometry":{"type":"MultiPolygon","coordinates":[[[[79.9352,6.7428],[79.9353,6.7437],[79.9359,6.7435],[79.9352,6.7428]]]]}},{"type":"Feature","properties":{"osm_id":"532533655","code":7229,"fclass":"farmland","name":null},"geometry":{"type":"MultiPolygon","coordinates":[[[[79.9635,6.8496],[79.966,6.8507],[79.9671,6.8499],[79.9651,6.8498],[79.9638,6.8491],[79.9635,6.8496]]]]}},{"type":"Feature","properties":{"osm_id":"533124280","code":7229,"fclass":"farmland","name":null},"geometry":{"type":"MultiPolygon","coordinates":[[[[79.9501,6.8488],[79.9507,6.8511],[79.9515,6.8511],[79.951,6.8489],[79.9501,6.8488]]]]}},{"type":"Feature","properties":{"osm_id":"533126133","code":7229,"fclass":"farmland","name":null},"geometry":{"type":"MultiPolygon","coordinates":[[[[79.9495,6.8567],[79.9506,6.858],[79.9531,6.8592],[79.9535,6.8601],[79.954,6.8598],[79.9535,6.8582],[79.9549,6.8578],[79.9545,6.856],[79.9532,6.8563],[79.9529,6.8531],[79.9511,6.8517],[79.9519,6.8559],[79.9515,6.8566],[79.9498,6.8562],[79.9495,6.8567]]]]}},{"type":"Feature","properties":{"osm_id":"533127490","code":7229,"fclass":"farmland","name":null},"geometry":{"type":"MultiPolygon","coordinates":[[[[79.9472,6.8557],[79.9495,6.8563],[79.9485,6.8556],[79.9481,6.8532],[79.9472,6.8557]]]]}},{"type":"Feature","properties":{"osm_id":"533133407","code":7229,"fclass":"farmland","name":null},"geometry":{"type":"MultiPolygon","coordinates":[[[[79.9546,6.8562],[79.9551,6.8579],[79.9579,6.8608],[79.9583,6.8604],[79.9575,6.8588],[79.9584,6.8577],[79.9567,6.8579],[79.956,6.857],[79.9578,6.8531],[79.9568,6.8525],[79.9571,6.853],[79.9562,6.8548],[79.9546,6.8562]]]]}},{"type":"Feature","properties":{"osm_id":"533979561","code":7229,"fclass":"farmland","name":null},"geometry":{"type":"MultiPolygon","coordinates":[[[[80.0273,6.5522],[80.0286,6.5526],[80.0315,6.5521],[80.0328,6.5536],[80.034,6.5538],[80.034,6.5549],[80.0335,6.5551],[80.0341,6.5564],[80.0341,6.5581],[80.032,6.5585],[80.0304,6.5579],[80.0301,6.5586],[80.036,6.5614],[80.0379,6.5588],[80.0362,6.5555],[80.0368,6.5534],[80.0374,6.5532],[80.0364,6.5525],[80.0385,6.5513],[80.0393,6.5515],[80.0402,6.5527],[80.0405,6.5519],[80.0388,6.5504],[80.0388,6.5498],[80.0405,6.5498],[80.0418,6.5483],[80.0404,6.549],[80.0401,6.5481],[80.0396,6.5487],[80.0392,6.5481],[80.0392,6.5488],[80.0387,6.5478],[80.0359,6.5511],[80.0344,6.5518],[80.0334,6.5504],[80.034,6.5489],[80.033,6.5493],[80.0324,6.5483],[80.0323,6.5474],[80.033,6.5468],[80.0307,6.5472],[80.0315,6.5466],[80.0309,6.545],[80.0316,6.5437],[80.0309,6.5437],[80.03,6.5447],[80.031,6.5466],[80.0288,6.5471],[80.0305,6.5476],[80.0318,6.5512],[80.0273,6.5522]]]]}},{"type":"Feature","properties":{"osm_id":"534843994","code":7229,"fclass":"farmland","name":null},"geometry":{"type":"MultiPolygon","coordinates":[[[[79.9847,6.8302],[79.9859,6.8305],[79.9868,6.8287],[79.9889,6.8297],[79.9869,6.8276],[79.9875,6.8275],[79.987,6.8256],[79.9876,6.8257],[79.9874,6.8234],[79.9865,6.8233],[79.9858,6.8283],[79.9847,6.8302]]]]}},{"type":"Feature","properties":{"osm_id":"534843998","code":7229,"fclass":"farmland","name":null},"geometry":{"type":"MultiPolygon","coordinates":[[[[79.9857,6.8128],[79.9869,6.8173],[79.9866,6.8222],[79.9885,6.8229],[79.99,6.827],[79.9915,6.8288],[79.9912,6.8292],[79.9924,6.8298],[79.9926,6.8312],[79.992,6.8324],[79.9936,6.8319],[79.9941,6.8324],[79.9973,6.8373],[79.9972,6.8386],[80.0001,6.8376],[79.999,6.8373],[79.9978,6.8337],[79.9969,6.8339],[79.9944,6.831],[79.9941,6.8297],[79.9948,6.828],[79.9932,6.828],[79.9918,6.8262],[79.9918,6.8245],[79.9897,6.8214],[79.9911,6.8192],[79.9923,6.8184],[79.9934,6.8184],[79.9946,6.8152],[79.993,6.8154],[79.9929,6.8165],[79.9905,6.8191],[79.9884,6.8202],[79.9879,6.8167],[79.9892,6.816],[79.9874,6.8153],[79.9879,6.8144],[79.9872,6.8144],[79.9891,6.814],[79.9893,6.8134],[79.9874,6.813],[79.9878,6.8111],[79.9863,6.8104],[79.9857,6.8128]]]]}},{"type":"Feature","properties":{"osm_id":"535074173","code":7229,"fclass":"farmland","name":null},"geometry":{"type":"MultiPolygon","coordinates":[[[[80.0063,6.7213],[80.0074,6.723],[80.0066,6.724],[80.0079,6.7248],[80.0091,6.7239],[80.0107,6.7247],[80.0091,6.7231],[80.0126,6.7222],[80.0091,6.7226],[80.0088,6.7205],[80.0076,6.7194],[80.0083,6.7186],[80.0068,6.7186],[80.0071,6.7195],[80.0063,6.7213]]]]}},{"type":"Feature","properties":{"osm_id":"535074174","code":7229,"fclass":"farmland","name":null},"geometry":{"type":"MultiPolygon","coordinates":[[[[80.006,6.7168],[80.007,6.7169],[80.0066,6.7184],[80.0082,6.7184],[80.0085,6.7179],[80.0089,6.7182],[80.0099,6.7154],[80.0116,6.716],[80.0097,6.7135],[80.0083,6.7135],[80.0075,6.7153],[80.0078,6.7161],[80.0069,6.7158],[80.006,6.7168]]]]}},{"type":"Feature","properties":{"osm_id":"535074175","code":7229,"fclass":"farmland","name":null},"geometry":{"type":"MultiPolygon","coordinates":[[[[79.9976,6.7048],[79.9983,6.7052],[79.9983,6.7041],[79.9976,6.7048]]]]}},{"type":"Feature","properties":{"osm_id":"535074176","code":7229,"fclass":"farmland","name":null},"geometry":{"type":"MultiPolygon","coordinates":[[[[79.9977,6.7054],[79.999,6.7082],[80.0001,6.7091],[79.9997,6.7101],[80.0004,6.7102],[80.0005,6.7086],[79.9983,6.7053],[79.9977,6.7054]]]]}},{"type":"Feature","properties":{"osm_id":"535074177","code":7229,"fclass":"farmland","name":null},"geometry":{"type":"MultiPolygon","coordinates":[[[[80.0023,6.7139],[80.0029,6.7172],[80.0038,6.7179],[80.003,6.7156],[80.0034,6.7133],[80.0027,6.7129],[80.0023,6.7139]]]]}},{"type":"Feature","properties":{"osm_id":"535074178","code":7229,"fclass":"farmland","name":null},"geometry":{"type":"MultiPolygon","coordinates":[[[[80.0016,6.713],[80.0021,6.7134],[80.0024,6.7128],[80.0016,6.713]]]]}},{"type":"Feature","properties":{"osm_id":"535074179","code":7229,"fclass":"farmland","name":null},"geometry":{"type":"MultiPolygon","coordinates":[[[[80.0008,6.7126],[80.0017,6.7141],[80.0019,6.7126],[80.0008,6.7126]]]]}},{"type":"Feature","properties":{"osm_id":"535074180","code":7229,"fclass":"farmland","name":null},"geometry":{"type":"MultiPolygon","coordinates":[[[[80.0009,6.711],[80.0009,6.7123],[80.0034,6.7131],[80.0034,6.7123],[80.0049,6.7111],[80.0024,6.709],[80.0021,6.7096],[80.0011,6.7091],[80.0009,6.711]]]]}},{"type":"Feature","properties":{"osm_id":"535402372","code":7229,"fclass":"farmland","name":null},"geometry":{"type":"MultiPolygon","coordinates":[[[[80.0331,6.5085],[80.0341,6.5087],[80.0346,6.5068],[80.0363,6.5061],[80.0354,6.506],[80.0349,6.5052],[80.036,6.5038],[80.0359,6.5033],[80.0351,6.5041],[80.0334,6.503],[80.0345,6.5055],[80.0334,6.5063],[80.0331,6.5085]]]]}},{"type":"Feature","properties":{"osm_id":"535402373","code":7229,"fclass":"farmland","name":null},"geometry":{"type":"MultiPolygon","coordinates":[[[[80.0308,6.51],[80.0312,6.5109],[80.0319,6.511],[80.0334,6.51],[80.0329,6.5104],[80.0339,6.5116],[80.0338,6.5097],[80.0353,6.5096],[80.0366,6.5102],[80.0357,6.5087],[80.0327,6.509],[80.0323,6.5099],[80.0308,6.51]]]]}},{"type":"Feature","properties":{"osm_id":"535402374","code":7229,"fclass":"farmland","name":null},"geometry":{"type":"MultiPolygon","coordinates":[[[[80.0441,6.5106],[80.0449,6.5132],[80.0448,6.5108],[80.0479,6.5108],[80.0441,6.5106]]]]}},{"type":"Feature","properties":{"osm_id":"535402375","code":7229,"fclass":"farmland","name":null},"geometry":{"type":"MultiPolygon","coordinates":[[[[80.042,6.5096],[80.0434,6.5103],[80.0449,6.5085],[80.0435,6.5089],[80.0428,6.5077],[80.0429,6.5092],[80.042,6.5096]]]]}},{"type":"Feature","properties":{"osm_id":"535402376","code":7229,"fclass":"farmland","name":null},"geometry":{"type":"MultiPolygon","coordinates":[[[[80.0363,6.5089],[80.0366,6.5096],[80.038,6.5097],[80.0385,6.5105],[80.0401,6.511],[80.0411,6.5137],[80.0416,6.5137],[80.0405,6.5106],[80.042,6.5098],[80.0404,6.5101],[80.0403,6.5092],[80.0378,6.5091],[80.039,6.5083],[80.0388,6.508],[80.0384,6.5086],[80.0363,6.5089]]]]}},{"type":"Feature","properties":{"osm_id":"535517050","code":7229,"fclass":"farmland","name":"Paddy land"},"geometry":{"type":"MultiPolygon","coordinates":[[[[80.2639,6.4162],[80.2644,6.4167],[80.2647,6.4158],[80.2639,6.4162]]]]}},{"type":"Feature","properties":{"osm_id":"535523698","code":7229,"fclass":"farmland","name":null},"geometry":{"type":"MultiPolygon","coordinates":[[[[80.0836,6.4619],[80.0852,6.4631],[80.0875,6.4613],[80.0871,6.4608],[80.0881,6.4606],[80.0886,6.4591],[80.0878,6.4571],[80.0865,6.4571],[80.086,6.4599],[80.0841,6.461],[80.0836,6.4619]]]]}},{"type":"Feature","properties":{"osm_id":"536022626","code":7229,"fclass":"farmland","name":null},"geometry":{"type":"MultiPolygon","coordinates":[[[[79.9782,6.5681],[79.9792,6.5689],[79.9793,6.5699],[79.9817,6.5669],[79.9811,6.5664],[79.9799,6.568],[79.9782,6.5681]]]]}},{"type":"Feature","properties":{"osm_id":"536022627","code":7229,"fclass":"farmland","name":null},"geometry":{"type":"MultiPolygon","coordinates":[[[[79.9928,6.5321],[79.9935,6.5333],[79.9955,6.5342],[79.996,6.5332],[79.9971,6.5327],[79.9966,6.5307],[79.9983,6.53],[79.997,6.5298],[79.9975,6.5282],[79.9988,6.5275],[80.0002,6.5279],[80.0002,6.5273],[79.9984,6.5267],[79.9988,6.5256],[79.9979,6.5249],[79.9969,6.5258],[79.9967,6.5252],[79.9957,6.5254],[79.9941,6.5245],[79.9936,6.5252],[79.994,6.5257],[79.996,6.5263],[79.9965,6.5271],[79.996,6.5278],[79.9939,6.5275],[79.9955,6.5289],[79.9952,6.5303],[79.9958,6.5315],[79.9948,6.5328],[79.9938,6.5319],[79.9928,6.5321]]]]}},{"type":"Feature","properties":{"osm_id":"536684196","code":7229,"fclass":"farmland","name":null},"geometry":{"type":"MultiPolygon","coordinates":[[[[80.0002,6.8451],[80.0009,6.846],[80.0019,6.8458],[80.0006,6.844],[80.0002,6.8451]]]]}},{"type":"Feature","properties":{"osm_id":"536684200","code":7229,"fclass":"farmland","name":null},"geometry":{"type":"MultiPolygon","coordinates":[[[[79.9998,6.8483],[80.0011,6.851],[80.0012,6.85],[80.0008,6.85],[80.0003,6.848],[79.9998,6.8483]]]]}},{"type":"Feature","properties":{"osm_id":"536776718","code":7229,"fclass":"farmland","name":null},"geometry":{"type":"MultiPolygon","coordinates":[[[[80.006,6.8405],[80.0067,6.8409],[80.008,6.8405],[80.008,6.8391],[80.006,6.8405]]]]}},{"type":"Feature","properties":{"osm_id":"536915872","code":7229,"fclass":"farmland","name":null},"geometry":{"type":"MultiPolygon","coordinates":[[[[79.931,6.8466],[79.9338,6.8467],[79.9338,6.8462],[79.931,6.846],[79.931,6.8466]]]]}},{"type":"Feature","properties":{"osm_id":"536925594","code":7229,"fclass":"farmland","name":null},"geometry":{"type":"MultiPolygon","coordinates":[[[[79.962,6.8474],[79.9628,6.8472],[79.9634,6.8451],[79.962,6.8474]]]]}},{"type":"Feature","properties":{"osm_id":"536996139","code":7229,"fclass":"farmland","name":null},"geometry":{"type":"MultiPolygon","coordinates":[[[[79.942,6.8486],[79.9434,6.8487],[79.9426,6.8482],[79.942,6.8486]]]]}},{"type":"Feature","properties":{"osm_id":"537286346","code":7229,"fclass":"farmland","name":null},"geometry":{"type":"MultiPolygon","coordinates":[[[[79.9695,6.8396],[79.9695,6.8416],[79.9707,6.8424],[79.97,6.8411],[79.9702,6.8397],[79.9695,6.8396]]]]}},{"type":"Feature","properties":{"osm_id":"537815105","code":7229,"fclass":"farmland","name":null},"geometry":{"type":"MultiPolygon","coordinates":[[[[80.0062,6.8491],[80.0063,6.85],[80.0071,6.8491],[80.009,6.8494],[80.0072,6.8488],[80.0062,6.8491]]]]}},{"type":"Feature","properties":{"osm_id":"537815106","code":7229,"fclass":"farmland","name":null},"geometry":{"type":"MultiPolygon","coordinates":[[[[80.0043,6.8486],[80.0062,6.8515],[80.0066,6.8503],[80.0062,6.8506],[80.0048,6.8485],[80.0043,6.8486]]]]}},{"type":"Feature","properties":{"osm_id":"537815107","code":7229,"fclass":"farmland","name":null},"geometry":{"type":"MultiPolygon","coordinates":[[[[80.0052,6.8448],[80.0069,6.8459],[80.0084,6.8456],[80.0066,6.8451],[80.0059,6.8433],[80.0052,6.8448]]]]}},{"type":"Feature","properties":{"osm_id":"537821725","code":7229,"fclass":"farmland","name":null},"geometry":{"type":"MultiPolygon","coordinates":[[[[79.9944,6.8486],[79.9953,6.8472],[79.9949,6.8468],[79.9944,6.8486]]]]}},{"type":"Feature","properties":{"osm_id":"537831985","code":7229,"fclass":"farmland","name":null},"geometry":{"type":"MultiPolygon","coordinates":[[[[79.994,6.8448],[79.9947,6.8456],[79.9954,6.8448],[79.9951,6.8464],[79.9955,6.8459],[79.9969,6.8466],[79.9955,6.8441],[79.9968,6.8408],[79.9953,6.8408],[79.9952,6.8445],[79.9941,6.8443],[79.994,6.8448]]]]}},{"type":"Feature","properties":{"osm_id":"537840764","code":7229,"fclass":"farmland","name":null},"geometry":{"type":"MultiPolygon","coordinates":[[[[79.9619,6.8402],[79.9619,6.8402]]]]}},{"type":"Feature","properties":{"osm_id":"537840765","code":7229,"fclass":"farmland","name":null},"geometry":{"type":"MultiPolygon","coordinates":[[[[79.9618,6.8402],[79.9618,6.8402]]]]}},{"type":"Feature","properties":{"osm_id":"537840766","code":7229,"fclass":"farmland","name":null},"geometry":{"type":"MultiPolygon","coordinates":[[[[79.9617,6.8403],[79.9617,6.8403]]]]}},{"type":"Feature","properties":{"osm_id":"537840767","code":7229,"fclass":"farmland","name":null},"geometry":{"type":"MultiPolygon","coordinates":[[[[79.9616,6.8403],[79.9616,6.8403]]]]}},{"type":"Feature","properties":{"osm_id":"537840768","code":7229,"fclass":"farmland","name":null},"geometry":{"type":"MultiPolygon","coordinates":[[[[79.9615,6.8404],[79.9615,6.8404]]]]}},{"type":"Feature","properties":{"osm_id":"537840769","code":7229,"fclass":"farmland","name":null},"geometry":{"type":"MultiPolygon","coordinates":[[[[79.962,6.8399],[79.9625,6.8398],[79.962,6.8399]]]]}},{"type":"Feature","properties":{"osm_id":"537840770","code":7229,"fclass":"farmland","name":null},"geometry":{"type":"MultiPolygon","coordinates":[[[[79.9619,6.8401],[79.9619,6.8401]]]]}},{"type":"Feature","properties":{"osm_id":"537842410","code":7229,"fclass":"farmland","name":null},"geometry":{"type":"MultiPolygon","coordinates":[[[[79.9621,6.8402],[79.9621,6.8402]]]]}},{"type":"Feature","properties":{"osm_id":"537842411","code":7229,"fclass":"farmland","name":null},"geometry":{"type":"MultiPolygon","coordinates":[[[[79.962,6.8402],[79.962,6.8402]]]]}},{"type":"Feature","properties":{"osm_id":"537842412","code":7229,"fclass":"farmland","name":null},"geometry":{"type":"MultiPolygon","coordinates":[[[[79.9619,6.8403],[79.9619,6.8403]]]]}},{"type":"Feature","properties":{"osm_id":"537842413","code":7229,"fclass":"farmland","name":null},"geometry":{"type":"MultiPolygon","coordinates":[[[[79.9618,6.8403],[79.9618,6.8403]]]]}},{"type":"Feature","properties":{"osm_id":"537842414","code":7229,"fclass":"farmland","name":null},"geometry":{"type":"MultiPolygon","coordinates":[[[[79.9617,6.8404],[79.9617,6.8404]]]]}},{"type":"Feature","properties":{"osm_id":"537842415","code":7229,"fclass":"farmland","name":null},"geometry":{"type":"MultiPolygon","coordinates":[[[[79.9616,6.8404],[79.9616,6.8404]]]]}},{"type":"Feature","properties":{"osm_id":"537842416","code":7229,"fclass":"farmland","name":null},"geometry":{"type":"MultiPolygon","coordinates":[[[[79.9615,6.8405],[79.9615,6.8405]]]]}},{"type":"Feature","properties":{"osm_id":"537842417","code":7229,"fclass":"farmland","name":null},"geometry":{"type":"MultiPolygon","coordinates":[[[[79.9614,6.8405],[79.9614,6.8405]]]]}},{"type":"Feature","properties":{"osm_id":"537842418","code":7229,"fclass":"farmland","name":null},"geometry":{"type":"MultiPolygon","coordinates":[[[[79.9613,6.8406],[79.9613,6.8406]]]]}},{"type":"Feature","properties":{"osm_id":"537842419","code":7229,"fclass":"farmland","name":null},"geometry":{"type":"MultiPolygon","coordinates":[[[[79.9612,6.8405],[79.9612,6.8405]]]]}},{"type":"Feature","properties":{"osm_id":"537842424","code":7229,"fclass":"farmland","name":null},"geometry":{"type":"MultiPolygon","coordinates":[[[[79.9614,6.8406],[79.9614,6.8406]]]]}},{"type":"Feature","properties":{"osm_id":"537842425","code":7229,"fclass":"farmland","name":null},"geometry":{"type":"MultiPolygon","coordinates":[[[[79.9617,6.8407],[79.9617,6.8407]]]]}},{"type":"Feature","properties":{"osm_id":"537842426","code":7229,"fclass":"farmland","name":null},"geometry":{"type":"MultiPolygon","coordinates":[[[[79.9618,6.8408],[79.9618,6.8408]]]]}},{"type":"Feature","properties":{"osm_id":"537910098","code":7229,"fclass":"farmland","name":null},"geometry":{"type":"MultiPolygon","coordinates":[[[[79.9158,6.8627],[79.9165,6.8635],[79.9174,6.8627],[79.9197,6.8624],[79.9196,6.8618],[79.9178,6.8614],[79.9158,6.8627]]]]}},{"type":"Feature","properties":{"osm_id":"537972014","code":7229,"fclass":"farmland","name":null},"geometry":{"type":"MultiPolygon","coordinates":[[[[79.9622,6.8402],[79.963,6.8403],[79.9622,6.8402]]]]}},{"type":"Feature","properties":{"osm_id":"537972017","code":7229,"fclass":"farmland","name":null},"geometry":{"type":"MultiPolygon","coordinates":[[[[79.9593,6.8419],[79.9616,6.8408],[79.9598,6.8404],[79.9593,6.8419]]]]}},{"type":"Feature","properties":{"osm_id":"538569862","code":7229,"fclass":"farmland","name":null},"geometry":{"type":"MultiPolygon","coordinates":[[[[79.9635,6.8451],[79.9657,6.845],[79.9636,6.8446],[79.9635,6.8451]]]]}},{"type":"Feature","properties":{"osm_id":"538597647","code":7229,"fclass":"farmland","name":null},"geometry":{"type":"MultiPolygon","coordinates":[[[[79.9803,6.8438],[79.9807,6.845],[79.9809,6.8438],[79.9803,6.8438]]]]}},{"type":"Feature","properties":{"osm_id":"538597648","code":7229,"fclass":"farmland","name":null},"geometry":{"type":"MultiPolygon","coordinates":[[[[79.9803,6.8433],[79.9812,6.8434],[79.9812,6.8417],[79.9803,6.8433]]]]}},{"type":"Feature","properties":{"osm_id":"538686631","code":7229,"fclass":"farmland","name":null},"geometry":{"type":"MultiPolygon","coordinates":[[[[79.8914,6.9445],[79.8918,6.9471],[79.8931,6.9466],[79.8949,6.947],[79.8946,6.9444],[79.8914,6.9445]]]]}},{"type":"Feature","properties":{"osm_id":"539164314","code":7229,"fclass":"farmland","name":null},"geometry":{"type":"MultiPolygon","coordinates":[[[[79.964,7.1461],[79.9641,7.1467],[79.9653,7.1464],[79.9703,7.1426],[79.9737,7.1408],[79.9743,7.1389],[79.9722,7.1414],[79.9678,7.1433],[79.9662,7.1453],[79.9668,7.1439],[79.9659,7.1418],[79.9662,7.1434],[79.9656,7.1454],[79.964,7.1461]]]]}},{"type":"Feature","properties":{"osm_id":"539168523","code":7229,"fclass":"farmland","name":null},"geometry":{"type":"MultiPolygon","coordinates":[[[[79.9356,6.8732],[79.9361,6.8739],[79.9376,6.8733],[79.9371,6.873],[79.9378,6.872],[79.937,6.8716],[79.9356,6.8732]]]]}},{"type":"Feature","properties":{"osm_id":"539456518","code":7229,"fclass":"farmland","name":null},"geometry":{"type":"MultiPolygon","coordinates":[[[[79.9212,6.8548],[79.9225,6.8557],[79.9229,6.8553],[79.9212,6.8548]]]]}},{"type":"Feature","properties":{"osm_id":"544182298","code":7229,"fclass":"farmland","name":"Dorakada Paddy Fields"},"geometry":{"type":"MultiPolygon","coordinates":[[[[80.0784,7.2015],[80.0787,7.2021],[80.0811,7.2012],[80.0835,7.1992],[80.0832,7.1989],[80.0784,7.2015]]]]}},{"type":"Feature","properties":{"osm_id":"544509482","code":7229,"fclass":"farmland","name":null},"geometry":{"type":"MultiPolygon","coordinates":[[[[80.0776,7.2021],[80.0786,7.2021],[80.0783,7.2016],[80.0776,7.2021]]]]}},{"type":"Feature","properties":{"osm_id":"544557818","code":7229,"fclass":"farmland","name":null},"geometry":{"type":"MultiPolygon","coordinates":[[[[80.0684,7.2063],[80.0689,7.2064],[80.07,7.2033],[80.0712,7.2029],[80.0721,7.2042],[80.0722,7.2076],[80.0731,7.2085],[80.0727,7.2093],[80.0733,7.2096],[80.0742,7.2088],[80.0728,7.2044],[80.073,7.2027],[80.0716,7.2016],[80.0712,7.2004],[80.0701,7.2005],[80.0703,7.2018],[80.0685,7.2043],[80.0684,7.2063]]]]}},{"type":"Feature","properties":{"osm_id":"547012173","code":7229,"fclass":"farmland","name":null},"geometry":{"type":"MultiPolygon","coordinates":[[[[79.8962,6.8431],[79.8969,6.8443],[79.8981,6.8438],[79.8981,6.8446],[79.8998,6.8446],[79.9003,6.8426],[79.8983,6.8414],[79.8962,6.8431]]]]}},{"type":"Feature","properties":{"osm_id":"7859064","code":7229,"fclass":"farmland","name":null},"geometry":{"type":"MultiPolygon","coordinates":[[[[80.0251,7.015],[80.0261,7.0157],[80.0265,7.0171],[80.0261,7.0194],[80.0277,7.0178],[80.0287,7.0177],[80.0297,7.0217],[80.0325,7.0228],[80.0333,7.0245],[80.0336,7.0226],[80.0354,7.0212],[80.0326,7.0221],[80.0304,7.0213],[80.0307,7.0205],[80.03,7.0194],[80.0305,7.0194],[80.0296,7.0167],[80.0299,7.0153],[80.0283,7.0153],[80.0277,7.0137],[80.0259,7.0137],[80.0259,7.0146],[80.0251,7.015]],[[80.0295,7.02],[80.0297,7.0196],[80.03,7.0202],[80.0295,7.02]]]]}},{"type":"Feature","properties":{"osm_id":"554057723","code":7229,"fclass":"farmland","name":null},"geometry":{"type":"MultiPolygon","coordinates":[[[[80.0421,6.9621],[80.0439,6.9652],[80.0447,6.9609],[80.0457,6.9611],[80.0464,6.9621],[80.0469,6.9613],[80.0485,6.9618],[80.0495,6.9613],[80.0453,6.9606],[80.0448,6.9592],[80.0466,6.9575],[80.044,6.958],[80.0436,6.9571],[80.0421,6.9621]]]]}},{"type":"Feature","properties":{"osm_id":"554057736","code":7229,"fclass":"farmland","name":null},"geometry":{"type":"MultiPolygon","coordinates":[[[[80.0437,6.967],[80.0474,6.9686],[80.0472,6.968],[80.0477,6.9682],[80.0469,6.9673],[80.0442,6.9664],[80.0437,6.967]]]]}},{"type":"Feature","properties":{"osm_id":"554057743","code":7229,"fclass":"farmland","name":null},"geometry":{"type":"MultiPolygon","coordinates":[[[[80.0365,6.9659],[80.0373,6.9659],[80.0378,6.9648],[80.0365,6.9659]]]]}},{"type":"Feature","properties":{"osm_id":"554057746","code":7229,"fclass":"farmland","name":null},"geometry":{"type":"MultiPolygon","coordinates":[[[[80.032,6.9681],[80.0335,6.9677],[80.0337,6.9689],[80.0345,6.9669],[80.0358,6.9659],[80.032,6.9681]]]]}},{"type":"Feature","properties":{"osm_id":"554057769","code":7229,"fclass":"farmland","name":null},"geometry":{"type":"MultiPolygon","coordinates":[[[[80.0378,6.9616],[80.0413,6.9637],[80.0411,6.9646],[80.0385,6.9645],[80.0385,6.965],[80.0399,6.9654],[80.0428,6.9644],[80.042,6.9622],[80.0404,6.9628],[80.0378,6.9616]]]]}},{"type":"Feature","properties":{"osm_id":"7913624","code":7229,"fclass":"farmland","name":null},"geometry":{"type":"MultiPolygon","coordinates":[[[[80.0414,6.9683],[80.0424,6.969],[80.043,6.9683],[80.0438,6.9699],[80.0444,6.9697],[80.0437,6.9683],[80.0438,6.9655],[80.0428,6.9645],[80.0414,6.9683]],[[80.0431,6.9652],[80.0434,6.9656],[80.0431,6.9652]]]]}},{"type":"Feature","properties":{"osm_id":"554057780","code":7229,"fclass":"farmland","name":null},"geometry":{"type":"MultiPolygon","coordinates":[[[[80.0385,6.9703],[80.0392,6.9718],[80.0413,6.9684],[80.0392,6.9704],[80.0385,6.9703]]]]}},{"type":"Feature","properties":{"osm_id":"554256271","code":7229,"fclass":"farmland","name":null},"geometry":{"type":"MultiPolygon","coordinates":[[[[80.0585,7.083],[80.0592,7.0835],[80.0592,7.0831],[80.062,7.0833],[80.0628,7.0825],[80.0624,7.082],[80.0606,7.082],[80.0594,7.0822],[80.0585,7.083]]]]}},{"type":"Feature","properties":{"osm_id":"554256272","code":7229,"fclass":"farmland","name":null},"geometry":{"type":"MultiPolygon","coordinates":[[[[80.0546,7.0794],[80.0559,7.0805],[80.0555,7.0788],[80.0546,7.0794]]]]}},{"type":"Feature","properties":{"osm_id":"554297677","code":7229,"fclass":"farmland","name":null},"geometry":{"type":"MultiPolygon","coordinates":[[[[80.0682,7.1117],[80.07,7.112],[80.0707,7.1127],[80.0689,7.1106],[80.0682,7.1117]]]]}},{"type":"Feature","properties":{"osm_id":"554297699","code":7229,"fclass":"farmland","name":null},"geometry":{"type":"MultiPolygon","coordinates":[[[[80.0659,7.1126],[80.0676,7.1149],[80.0667,7.1122],[80.0659,7.1126]]]]}},{"type":"Feature","properties":{"osm_id":"554297720","code":7229,"fclass":"farmland","name":null},"geometry":{"type":"MultiPolygon","coordinates":[[[[80.0662,7.1177],[80.0678,7.118],[80.0695,7.12],[80.0681,7.1178],[80.0662,7.1177]]]]}},{"type":"Feature","properties":{"osm_id":"554297731","code":7229,"fclass":"farmland","name":null},"geometry":{"type":"MultiPolygon","coordinates":[[[[80.0608,7.1189],[80.0619,7.1196],[80.0626,7.1178],[80.0641,7.1175],[80.065,7.1188],[80.0649,7.1198],[80.0654,7.1186],[80.0664,7.119],[80.0661,7.1221],[80.0668,7.1215],[80.0676,7.1221],[80.0662,7.1179],[80.0645,7.1169],[80.0642,7.1133],[80.0637,7.1135],[80.0633,7.1169],[80.0608,7.1189]]]]}},{"type":"Feature","properties":{"osm_id":"554718882","code":7229,"fclass":"farmland","name":null},"geometry":{"type":"MultiPolygon","coordinates":[[[[80.0331,7.0012],[80.0338,7.0022],[80.0342,7.0021],[80.0336,7.0009],[80.0331,7.0012]]]]}},{"type":"Feature","properties":{"osm_id":"554718884","code":7229,"fclass":"farmland","name":null},"geometry":{"type":"MultiPolygon","coordinates":[[[[80.0396,6.9977],[80.0415,6.9982],[80.0425,7.0005],[80.0421,7.0012],[80.0438,7.0006],[80.0423,6.9998],[80.0418,6.9981],[80.04,6.9973],[80.0396,6.9977]]]]}},{"type":"Feature","properties":{"osm_id":"554718890","code":7229,"fclass":"farmland","name":null},"geometry":{"type":"MultiPolygon","coordinates":[[[[80.0393,6.9958],[80.04,6.9972],[80.0401,6.9967],[80.0454,6.9951],[80.0393,6.9958]]]]}},{"type":"Feature","properties":{"osm_id":"554718894","code":7229,"fclass":"farmland","name":null},"geometry":{"type":"MultiPolygon","coordinates":[[[[80.0358,6.9982],[80.0363,6.9992],[80.0379,6.9966],[80.0388,6.9963],[80.0384,6.9949],[80.0393,6.9931],[80.0358,6.9982]]]]}},{"type":"Feature","properties":{"osm_id":"554718896","code":7229,"fclass":"farmland","name":null},"geometry":{"type":"MultiPolygon","coordinates":[[[[80.0298,6.9951],[80.03,6.9968],[80.031,6.9977],[80.0316,6.9975],[80.034,6.9953],[80.0348,6.9923],[80.0376,6.9913],[80.0356,6.9914],[80.0356,6.9889],[80.0337,6.9926],[80.0329,6.9923],[80.033,6.994],[80.0318,6.9964],[80.0298,6.9951]]]]}},{"type":"Feature","properties":{"osm_id":"554718897","code":7229,"fclass":"farmland","name":null},"geometry":{"type":"MultiPolygon","coordinates":[[[[80.0274,7.0097],[80.0287,7.01],[80.0297,7.0081],[80.0324,7.0095],[80.034,7.0095],[80.036,7.0128],[80.0353,7.0109],[80.0357,7.0101],[80.0387,7.0108],[80.0433,7.0097],[80.0425,7.0088],[80.0392,7.0088],[80.0388,7.0076],[80.0394,7.0061],[80.0381,7.0073],[80.0368,7.0069],[80.0367,7.0061],[80.0365,7.0064],[80.0382,7.0076],[80.0385,7.0091],[80.0335,7.0087],[80.0305,7.0066],[80.0295,7.0035],[80.0285,7.0031],[80.0274,7.0097]]]]}},{"type":"Feature","properties":{"osm_id":"554718903","code":7229,"fclass":"farmland","name":null},"geometry":{"type":"MultiPolygon","coordinates":[[[[80.0285,7.0026],[80.0297,7.0034],[80.0321,7.0013],[80.0362,6.9993],[80.0357,6.9984],[80.0346,6.9992],[80.0329,6.9992],[80.0299,6.9971],[80.0308,7.0001],[80.0285,7.0026]]]]}},{"type":"Feature","properties":{"osm_id":"7922643","code":7229,"fclass":"farmland","name":null},"geometry":{"type":"MultiPolygon","coordinates":[[[[80.0484,7.0085],[80.0529,7.0075],[80.0549,7.006],[80.057,7.006],[80.0564,7.0049],[80.0527,7.0069],[80.051,7.0065],[80.0507,7.0058],[80.0504,7.0075],[80.0484,7.0085]],[[80.056,7.0058],[80.0565,7.0057],[80.056,7.0058]]]]}},{"type":"Feature","properties":{"osm_id":"554722792","code":7229,"fclass":"farmland","name":null},"geometry":{"type":"MultiPolygon","coordinates":[[[[80.0434,7.0092],[80.046,7.0096],[80.0459,7.0106],[80.0464,7.0095],[80.048,7.0084],[80.0434,7.0092]]]]}},{"type":"Feature","properties":{"osm_id":"560379979","code":7229,"fclass":"farmland","name":null},"geometry":{"type":"MultiPolygon","coordinates":[[[[80.0714,7.218],[80.0741,7.2173],[80.073,7.2116],[80.0724,7.2119],[80.0727,7.2165],[80.0714,7.218]]]]}},{"type":"Feature","properties":{"osm_id":"560379991","code":7229,"fclass":"farmland","name":null},"geometry":{"type":"MultiPolygon","coordinates":[[[[80.0664,7.212],[80.0678,7.2135],[80.067,7.2147],[80.0676,7.2149],[80.0715,7.2113],[80.0723,7.2119],[80.073,7.2115],[80.0733,7.2097],[80.0713,7.2097],[80.0702,7.2117],[80.0686,7.2127],[80.0664,7.212]]]]}},{"type":"Feature","properties":{"osm_id":"560392079","code":7229,"fclass":"farmland","name":null},"geometry":{"type":"MultiPolygon","coordinates":[[[[80.0792,7.2107],[80.0799,7.2108],[80.0816,7.209],[80.0816,7.2077],[80.0828,7.2063],[80.0822,7.2058],[80.0792,7.2107]]]]}},{"type":"Feature","properties":{"osm_id":"560392080","code":7229,"fclass":"farmland","name":null},"geometry":{"type":"MultiPolygon","coordinates":[[[[80.0749,7.2124],[80.0768,7.2169],[80.0769,7.2157],[80.0755,7.2127],[80.076,7.2117],[80.078,7.2113],[80.0792,7.2133],[80.0799,7.2134],[80.0789,7.2122],[80.0791,7.2108],[80.0754,7.2109],[80.0749,7.2124]]]]}},{"type":"Feature","properties":{"osm_id":"576844382","code":7229,"fclass":"farmland","name":null},"geometry":{"type":"MultiPolygon","coordinates":[[[[79.9172,6.8149],[79.9172,6.8155],[79.9186,6.8152],[79.9172,6.8149]]]]}},{"type":"Feature","properties":{"osm_id":"576844384","code":7229,"fclass":"farmland","name":null},"geometry":{"type":"MultiPolygon","coordinates":[[[[79.919,6.8149],[79.9199,6.8152],[79.919,6.8149]]]]}},{"type":"Feature","properties":{"osm_id":"576844386","code":7229,"fclass":"farmland","name":null},"geometry":{"type":"MultiPolygon","coordinates":[[[[79.9199,6.815],[79.9209,6.8149],[79.9199,6.815]]]]}},{"type":"Feature","properties":{"osm_id":"577307408","code":7229,"fclass":"farmland","name":null},"geometry":{"type":"MultiPolygon","coordinates":[[[[79.9589,6.8605],[79.9589,6.8605]]]]}},{"type":"Feature","properties":{"osm_id":"577309491","code":7229,"fclass":"farmland","name":null},"geometry":{"type":"MultiPolygon","coordinates":[[[[79.9583,6.8608],[79.9588,6.8606],[79.9583,6.8608]]]]}},{"type":"Feature","properties":{"osm_id":"577309636","code":7229,"fclass":"farmland","name":null},"geometry":{"type":"MultiPolygon","coordinates":[[[[79.9591,6.8606],[79.9591,6.8606]]]]}},{"type":"Feature","properties":{"osm_id":"577309758","code":7229,"fclass":"farmland","name":null},"geometry":{"type":"MultiPolygon","coordinates":[[[[79.9584,6.8609],[79.9588,6.8609],[79.9584,6.8609]]]]}},{"type":"Feature","properties":{"osm_id":"577339614","code":7229,"fclass":"farmland","name":null},"geometry":{"type":"MultiPolygon","coordinates":[[[[79.9584,6.8618],[79.9589,6.8628],[79.9595,6.8621],[79.9584,6.8618]]]]}},{"type":"Feature","properties":{"osm_id":"577719712","code":7229,"fclass":"farmland","name":null},"geometry":{"type":"MultiPolygon","coordinates":[[[[79.9195,6.8079],[79.9202,6.8081],[79.9195,6.8079]]]]}},{"type":"Feature","properties":{"osm_id":"577719713","code":7229,"fclass":"farmland","name":null},"geometry":{"type":"MultiPolygon","coordinates":[[[[79.9194,6.8083],[79.9201,6.8088],[79.9203,6.8084],[79.9194,6.8083]]]]}},{"type":"Feature","properties":{"osm_id":"577719714","code":7229,"fclass":"farmland","name":null},"geometry":{"type":"MultiPolygon","coordinates":[[[[79.9191,6.809],[79.92,6.8093],[79.9191,6.809]]]]}},{"type":"Feature","properties":{"osm_id":"577857822","code":7229,"fclass":"farmland","name":null},"geometry":{"type":"MultiPolygon","coordinates":[[[[79.9553,6.8633],[79.956,6.8632],[79.9553,6.8633]]]]}},{"type":"Feature","properties":{"osm_id":"577857823","code":7229,"fclass":"farmland","name":null},"geometry":{"type":"MultiPolygon","coordinates":[[[[79.956,6.8638],[79.9566,6.8646],[79.9565,6.8637],[79.956,6.8638]]]]}},{"type":"Feature","properties":{"osm_id":"577859958","code":7229,"fclass":"farmland","name":null},"geometry":{"type":"MultiPolygon","coordinates":[[[[79.9537,6.8651],[79.9545,6.8644],[79.9539,6.8641],[79.9537,6.8651]]]]}},{"type":"Feature","properties":{"osm_id":"577859959","code":7229,"fclass":"farmland","name":null},"geometry":{"type":"MultiPolygon","coordinates":[[[[79.954,6.8639],[79.9545,6.864],[79.954,6.8639]]]]}},{"type":"Feature","properties":{"osm_id":"577859960","code":7229,"fclass":"farmland","name":null},"geometry":{"type":"MultiPolygon","coordinates":[[[[79.9543,6.8635],[79.9551,6.8624],[79.9543,6.8635]]]]}},{"type":"Feature","properties":{"osm_id":"577859961","code":7229,"fclass":"farmland","name":null},"geometry":{"type":"MultiPolygon","coordinates":[[[[79.9539,6.8613],[79.9542,6.8621],[79.9547,6.8619],[79.9539,6.8613]]]]}},{"type":"Feature","properties":{"osm_id":"577859962","code":7229,"fclass":"farmland","name":null},"geometry":{"type":"MultiPolygon","coordinates":[[[[79.9542,6.8605],[79.9544,6.8611],[79.9542,6.8605]]]]}},{"type":"Feature","properties":{"osm_id":"577877452","code":7229,"fclass":"farmland","name":null},"geometry":{"type":"MultiPolygon","coordinates":[[[[79.9353,6.8643],[79.9355,6.8658],[79.9382,6.8652],[79.9375,6.8641],[79.9353,6.8643]]]]}},{"type":"Feature","properties":{"osm_id":"577890678","code":7229,"fclass":"farmland","name":null},"geometry":{"type":"MultiPolygon","coordinates":[[[[79.9242,6.8563],[79.9248,6.8564],[79.9244,6.8559],[79.9242,6.8563]]]]}},{"type":"Feature","properties":{"osm_id":"577890684","code":7229,"fclass":"farmland","name":null},"geometry":{"type":"MultiPolygon","coordinates":[[[[79.9179,6.861],[79.919,6.861],[79.9189,6.8605],[79.9179,6.861]]]]}},{"type":"Feature","properties":{"osm_id":"578262619","code":7229,"fclass":"farmland","name":null},"geometry":{"type":"MultiPolygon","coordinates":[[[[79.9312,6.822],[79.9316,6.8231],[79.9329,6.8225],[79.9316,6.8201],[79.9321,6.8185],[79.9314,6.8197],[79.9312,6.822]]]]}},{"type":"Feature","properties":{"osm_id":"578834784","code":7229,"fclass":"farmland","name":null},"geometry":{"type":"MultiPolygon","coordinates":[[[[79.904,6.8785],[79.9048,6.8776],[79.904,6.8785]]]]}},{"type":"Feature","properties":{"osm_id":"579506955","code":7229,"fclass":"farmland","name":null},"geometry":{"type":"MultiPolygon","coordinates":[[[[80.0103,6.9128],[80.0107,6.9128],[80.0103,6.9128]]]]}},{"type":"Feature","properties":{"osm_id":"580282163","code":7229,"fclass":"farmland","name":null},"geometry":{"type":"MultiPolygon","coordinates":[[[[79.9135,6.8698],[79.914,6.8716],[79.9152,6.8718],[79.9135,6.8698]]]]}},{"type":"Feature","properties":{"osm_id":"580604941","code":7229,"fclass":"farmland","name":null},"geometry":{"type":"MultiPolygon","coordinates":[[[[79.9263,6.8399],[79.9268,6.84],[79.9263,6.8399]]]]}},{"type":"Feature","properties":{"osm_id":"580622730","code":7229,"fclass":"farmland","name":null},"geometry":{"type":"MultiPolygon","coordinates":[[[[79.9327,6.8214],[79.9329,6.8225],[79.9359,6.8204],[79.9327,6.8214]]]]}},{"type":"Feature","properties":{"osm_id":"580622731","code":7229,"fclass":"farmland","name":null},"geometry":{"type":"MultiPolygon","coordinates":[[[[79.924,6.8221],[79.9249,6.8222],[79.9249,6.823],[79.9277,6.8227],[79.9289,6.8239],[79.9306,6.8235],[79.9305,6.8229],[79.9291,6.8232],[79.9278,6.8218],[79.9249,6.8214],[79.9259,6.8191],[79.928,6.8168],[79.925,6.8188],[79.9245,6.8203],[79.9241,6.8202],[79.924,6.8221]]]]}},{"type":"Feature","properties":{"osm_id":"581464305","code":7229,"fclass":"farmland","name":null},"geometry":{"type":"MultiPolygon","coordinates":[[[[79.9556,6.8679],[79.9568,6.8676],[79.9571,6.8652],[79.9556,6.8679]]]]}},{"type":"Feature","properties":{"osm_id":"581782049","code":7229,"fclass":"farmland","name":null},"geometry":{"type":"MultiPolygon","coordinates":[[[[79.9364,6.7772],[79.9382,6.7783],[79.939,6.7773],[79.9371,6.7768],[79.9373,6.7777],[79.9364,6.7772]]]]}},{"type":"Feature","properties":{"osm_id":"581782218","code":7229,"fclass":"farmland","name":null},"geometry":{"type":"MultiPolygon","coordinates":[[[[79.9212,6.8092],[79.9222,6.8084],[79.9212,6.8092]]]]}},{"type":"Feature","properties":{"osm_id":"582748500","code":7229,"fclass":"farmland","name":null},"geometry":{"type":"MultiPolygon","coordinates":[[[[79.9462,6.8422],[79.9481,6.8425],[79.9499,6.8436],[79.9501,6.8433],[79.9465,6.8419],[79.9464,6.8414],[79.9462,6.8422]]]]}},{"type":"Feature","properties":{"osm_id":"582950964","code":7229,"fclass":"farmland","name":null},"geometry":{"type":"MultiPolygon","coordinates":[[[[79.9096,6.8319],[79.9102,6.833],[79.9103,6.8319],[79.9096,6.8319]]]]}},{"type":"Feature","properties":{"osm_id":"582950966","code":7229,"fclass":"farmland","name":null},"geometry":{"type":"MultiPolygon","coordinates":[[[[79.9103,6.8326],[79.9111,6.8324],[79.9109,6.8315],[79.9103,6.8326]]]]}},{"type":"Feature","properties":{"osm_id":"582950968","code":7229,"fclass":"farmland","name":null},"geometry":{"type":"MultiPolygon","coordinates":[[[[79.911,6.8321],[79.9115,6.8318],[79.911,6.8321]]]]}},{"type":"Feature","properties":{"osm_id":"583237721","code":7229,"fclass":"farmland","name":null},"geometry":{"type":"MultiPolygon","coordinates":[[[[79.9219,6.8153],[79.9236,6.8142],[79.9219,6.8153]]]]}},{"type":"Feature","properties":{"osm_id":"583287863","code":7229,"fclass":"farmland","name":null},"geometry":{"type":"MultiPolygon","coordinates":[[[[79.9637,6.7516],[79.9649,6.7525],[79.9651,6.7534],[79.9647,6.7537],[79.9652,6.7558],[79.9647,6.7564],[79.968,6.7567],[79.9694,6.7546],[79.9669,6.7555],[79.9655,6.7525],[79.9662,6.7505],[79.9642,6.7507],[79.9637,6.7516]]]]}},{"type":"Feature","properties":{"osm_id":"583452450","code":7229,"fclass":"farmland","name":null},"geometry":{"type":"MultiPolygon","coordinates":[[[[79.9462,6.8327],[79.9474,6.8327],[79.9475,6.8334],[79.9487,6.8331],[79.9528,6.8352],[79.953,6.8374],[79.954,6.8382],[79.9535,6.8391],[79.9541,6.8391],[79.954,6.8358],[79.9541,6.8364],[79.9549,6.8357],[79.9564,6.8366],[79.9566,6.8353],[79.9559,6.8345],[79.9567,6.834],[79.9562,6.8337],[79.9568,6.8323],[79.9547,6.8343],[79.9533,6.8334],[79.9544,6.8294],[79.9539,6.8292],[79.9534,6.8316],[79.9515,6.8327],[79.9486,6.832],[79.9462,6.8327]]]]}},{"type":"Feature","properties":{"osm_id":"583476527","code":7229,"fclass":"farmland","name":null},"geometry":{"type":"MultiPolygon","coordinates":[[[[79.9338,6.9993],[79.9359,6.9987],[79.9368,6.9974],[79.9364,6.9971],[79.9358,6.9978],[79.9339,6.9981],[79.9338,6.9993]]]]}},{"type":"Feature","properties":{"osm_id":"8246011","code":7229,"fclass":"farmland","name":null},"geometry":{"type":"MultiPolygon","coordinates":[[[[79.932,6.9986],[79.9337,6.999],[79.9322,6.9982],[79.932,6.9986]]]]}},{"type":"Feature","properties":{"osm_id":"583497540","code":7229,"fclass":"farmland","name":null},"geometry":{"type":"MultiPolygon","coordinates":[[[[79.9053,6.8092],[79.9053,6.8092]]]]}},{"type":"Feature","properties":{"osm_id":"583525712","code":7229,"fclass":"farmland","name":null},"geometry":{"type":"MultiPolygon","coordinates":[[[[79.9097,6.8339],[79.911,6.834],[79.91,6.8332],[79.9097,6.8339]]]]}},{"type":"Feature","properties":{"osm_id":"583733860","code":7229,"fclass":"farmland","name":null},"geometry":{"type":"MultiPolygon","coordinates":[[[[79.9208,6.8152],[79.9208,6.8152]]]]}},{"type":"Feature","properties":{"osm_id":"583735233","code":7229,"fclass":"farmland","name":null},"geometry":{"type":"MultiPolygon","coordinates":[[[[79.9241,6.8074],[79.928,6.8101],[79.9298,6.8122],[79.9308,6.8109],[79.929,6.8104],[79.9252,6.807],[79.9241,6.8074]]]]}},{"type":"Feature","properties":{"osm_id":"583764047","code":7229,"fclass":"farmland","name":null},"geometry":{"type":"MultiPolygon","coordinates":[[[[79.9981,6.7965],[80.0022,6.7983],[80.0035,6.7966],[80.003,6.7959],[80.0022,6.7968],[80.0009,6.7965],[80.002,6.7949],[80.001,6.7939],[80.002,6.7914],[79.9995,6.7895],[79.9989,6.7901],[79.9997,6.7953],[79.9981,6.7965]]]]}},{"type":"Feature","properties":{"osm_id":"583769224","code":7229,"fclass":"farmland","name":null},"geometry":{"type":"MultiPolygon","coordinates":[[[[80.0108,6.5993],[80.014,6.6004],[80.0141,6.5998],[80.0119,6.5986],[80.011,6.5984],[80.0108,6.5993]]]]}},{"type":"Feature","properties":{"osm_id":"587518753","code":7229,"fclass":"farmland","name":null},"geometry":{"type":"MultiPolygon","coordinates":[[[[79.9148,6.8232],[79.9163,6.825],[79.915,6.8276],[79.9164,6.8274],[79.9164,6.825],[79.9182,6.8265],[79.9181,6.825],[79.9188,6.8252],[79.9186,6.8264],[79.9201,6.8259],[79.9184,6.8239],[79.9178,6.8249],[79.9154,6.8237],[79.9151,6.8228],[79.9148,6.8232]]]]}},{"type":"Feature","properties":{"osm_id":"588966648","code":7229,"fclass":"farmland","name":null},"geometry":{"type":"MultiPolygon","coordinates":[[[[79.9372,6.845],[79.9372,6.845]]]]}},{"type":"Feature","properties":{"osm_id":"589688529","code":7229,"fclass":"farmland","name":null},"geometry":{"type":"MultiPolygon","coordinates":[[[[80.1235,7.1244],[80.1259,7.1252],[80.1269,7.1239],[80.1272,7.1244],[80.1287,7.1242],[80.1301,7.123],[80.1302,7.1248],[80.1294,7.1266],[80.1305,7.124],[80.1313,7.1234],[80.1329,7.1254],[80.1316,7.1273],[80.1316,7.1293],[80.1327,7.1295],[80.1328,7.1277],[80.1338,7.1266],[80.138,7.1284],[80.1366,7.1261],[80.1355,7.1265],[80.1339,7.1259],[80.1337,7.1227],[80.1351,7.1228],[80.1325,7.1218],[80.1307,7.1199],[80.1304,7.118],[80.1313,7.1177],[80.1348,7.1209],[80.1315,7.1174],[80.1335,7.1178],[80.1335,7.1167],[80.1321,7.117],[80.1304,7.1162],[80.129,7.1168],[80.1284,7.1183],[80.1252,7.118],[80.1272,7.1188],[80.1255,7.1196],[80.129,7.119],[80.1288,7.1199],[80.1299,7.121],[80.1298,7.1219],[80.1284,7.1235],[80.1243,7.1229],[80.1263,7.1239],[80.1255,7.1245],[80.1235,7.1244]]]]}},{"type":"Feature","properties":{"osm_id":"589690058","code":7229,"fclass":"farmland","name":null},"geometry":{"type":"MultiPolygon","coordinates":[[[[80.1237,7.1147],[80.125,7.1152],[80.1247,7.1161],[80.1258,7.1148],[80.1279,7.1142],[80.1287,7.1148],[80.129,7.1165],[80.1304,7.116],[80.1291,7.1124],[80.1294,7.1091],[80.1278,7.1071],[80.1259,7.1059],[80.1247,7.1066],[80.1265,7.1084],[80.1253,7.11],[80.1269,7.1093],[80.128,7.1133],[80.1237,7.1147]]]]}},{"type":"Feature","properties":{"osm_id":"598342532","code":7229,"fclass":"farmland","name":null},"geometry":{"type":"MultiPolygon","coordinates":[[[[79.9539,7.2896],[79.9558,7.2895],[79.9559,7.2886],[79.954,7.2882],[79.9539,7.2896]]]]}},{"type":"Feature","properties":{"osm_id":"598342533","code":7229,"fclass":"farmland","name":null},"geometry":{"type":"MultiPolygon","coordinates":[[[[79.956,7.2889],[79.9571,7.2895],[79.9572,7.2887],[79.956,7.2889]]]]}},{"type":"Feature","properties":{"osm_id":"598342534","code":7229,"fclass":"farmland","name":null},"geometry":{"type":"MultiPolygon","coordinates":[[[[79.957,7.2899],[79.9574,7.2908],[79.9581,7.2909],[79.9583,7.2898],[79.957,7.2899]]]]}},{"type":"Feature","properties":{"osm_id":"598342535","code":7229,"fclass":"farmland","name":null},"geometry":{"type":"MultiPolygon","coordinates":[[[[79.9544,7.2878],[79.9551,7.2882],[79.955,7.2863],[79.9545,7.2862],[79.9544,7.2878]]]]}},{"type":"Feature","properties":{"osm_id":"598729375","code":7229,"fclass":"farmland","name":null},"geometry":{"type":"MultiPolygon","coordinates":[[[[79.9338,6.8471],[79.9338,6.8471]]]]}},{"type":"Feature","properties":{"osm_id":"599158285","code":7229,"fclass":"farmland","name":null},"geometry":{"type":"MultiPolygon","coordinates":[[[[79.8975,6.8457],[79.8995,6.8457],[79.8998,6.8447],[79.8977,6.8446],[79.8975,6.8457]]]]}},{"type":"Feature","properties":{"osm_id":"599648385","code":7229,"fclass":"farmland","name":"Land Use Restroration Demontration, Mahara Prison Complex"},"geometry":{"type":"MultiPolygon","coordinates":[[[[79.9411,7.0281],[79.9418,7.029],[79.9424,7.0284],[79.9417,7.0277],[79.9411,7.0281]]]]}},{"type":"Feature","properties":{"osm_id":"606856954","code":7229,"fclass":"farmland","name":null},"geometry":{"type":"MultiPolygon","coordinates":[[[[79.9498,6.8205],[79.9509,6.822],[79.9526,6.8206],[79.9538,6.8207],[79.9542,6.823],[79.9549,6.8223],[79.9548,6.8211],[79.9559,6.821],[79.9571,6.8226],[79.957,6.8202],[79.9505,6.8196],[79.9498,6.8205]]]]}},{"type":"Feature","properties":{"osm_id":"613203328","code":7229,"fclass":"farmland","name":null},"geometry":{"type":"MultiPolygon","coordinates":[[[[80.0218,6.8475],[80.0222,6.8481],[80.024,6.8475],[80.0245,6.848],[80.0261,6.8467],[80.0218,6.8475]]]]}},{"type":"Feature","properties":{"osm_id":"613203333","code":7229,"fclass":"farmland","name":null},"geometry":{"type":"MultiPolygon","coordinates":[[[[80.0193,6.8469],[80.0197,6.8477],[80.0214,6.8475],[80.0193,6.8469]]]]}},{"type":"Feature","properties":{"osm_id":"613352919","code":7229,"fclass":"farmland","name":null},"geometry":{"type":"MultiPolygon","coordinates":[[[[80.0302,6.4381],[80.0306,6.44],[80.0317,6.4384],[80.0302,6.4381]]]]}},{"type":"Feature","properties":{"osm_id":"613353425","code":7229,"fclass":"farmland","name":null},"geometry":{"type":"MultiPolygon","coordinates":[[[[80.0323,6.4386],[80.0329,6.4398],[80.033,6.4385],[80.0323,6.4386]]]]}},{"type":"Feature","properties":{"osm_id":"616323880","code":7229,"fclass":"farmland","name":null},"geometry":{"type":"MultiPolygon","coordinates":[[[[80.0411,6.4412],[80.0421,6.4397],[80.0411,6.4412]]]]}},{"type":"Feature","properties":{"osm_id":"616323882","code":7229,"fclass":"farmland","name":null},"geometry":{"type":"MultiPolygon","coordinates":[[[[80.0407,6.4407],[80.0409,6.4411],[80.0407,6.4407]]]]}},{"type":"Feature","properties":{"osm_id":"616323895","code":7229,"fclass":"farmland","name":null},"geometry":{"type":"MultiPolygon","coordinates":[[[[80.0441,6.4407],[80.0441,6.4407]]]]}},{"type":"Feature","properties":{"osm_id":"616323897","code":7229,"fclass":"farmland","name":null},"geometry":{"type":"MultiPolygon","coordinates":[[[[80.0443,6.4405],[80.0443,6.4405]]]]}},{"type":"Feature","properties":{"osm_id":"622692824","code":7229,"fclass":"farmland","name":null},"geometry":{"type":"MultiPolygon","coordinates":[[[[80.0822,7.2215],[80.083,7.2223],[80.0844,7.221],[80.0848,7.2185],[80.0876,7.2133],[80.0888,7.2147],[80.0883,7.2179],[80.0889,7.2204],[80.087,7.224],[80.0887,7.2211],[80.0905,7.2201],[80.0899,7.2198],[80.0891,7.2169],[80.0897,7.2161],[80.0894,7.2138],[80.088,7.2121],[80.0898,7.208],[80.0898,7.2064],[80.0881,7.2027],[80.0888,7.2021],[80.0906,7.2022],[80.0902,7.2035],[80.0911,7.2037],[80.0917,7.206],[80.0948,7.2048],[80.0894,7.1985],[80.0869,7.1971],[80.0873,7.1956],[80.0859,7.195],[80.0848,7.1974],[80.0851,7.1987],[80.087,7.1992],[80.087,7.2008],[80.086,7.2033],[80.0837,7.2043],[80.083,7.204],[80.0823,7.2058],[80.0829,7.2063],[80.0871,7.2039],[80.0879,7.2043],[80.0884,7.2066],[80.088,7.209],[80.0872,7.2103],[80.0857,7.2103],[80.0871,7.2108],[80.0861,7.2145],[80.0841,7.2181],[80.0833,7.221],[80.0822,7.2215]]]]}},{"type":"Feature","properties":{"osm_id":"627072590","code":7229,"fclass":"farmland","name":"Keppetiwalana Paddy Field"},"geometry":{"type":"MultiPolygon","coordinates":[[[[80.0404,7.2164],[80.042,7.2201],[80.0434,7.2209],[80.0443,7.2224],[80.0435,7.2225],[80.0436,7.2234],[80.0446,7.2229],[80.0462,7.2235],[80.0459,7.2262],[80.048,7.2261],[80.0486,7.2246],[80.0498,7.2243],[80.0491,7.2236],[80.0504,7.2223],[80.0575,7.2256],[80.0578,7.2267],[80.0598,7.2266],[80.0605,7.2275],[80.0622,7.228],[80.0644,7.2271],[80.0674,7.2225],[80.0668,7.2221],[80.0646,7.2254],[80.0631,7.2262],[80.0611,7.2263],[80.061,7.2249],[80.0624,7.2236],[80.0622,7.2212],[80.0619,7.2235],[80.0592,7.2255],[80.058,7.2253],[80.0541,7.2221],[80.0515,7.2216],[80.0552,7.2185],[80.0541,7.2181],[80.054,7.2192],[80.052,7.2208],[80.0513,7.2202],[80.0519,7.2186],[80.0543,7.2171],[80.0554,7.2183],[80.056,7.2174],[80.0558,7.2154],[80.0578,7.2142],[80.0588,7.2126],[80.0574,7.2117],[80.0561,7.2126],[80.0557,7.2144],[80.0534,7.2155],[80.0523,7.2176],[80.0513,7.2177],[80.0518,7.2181],[80.0508,7.2192],[80.0504,7.2152],[80.0526,7.2102],[80.051,7.2094],[80.0506,7.2074],[80.0496,7.2078],[80.0495,7.2085],[80.0505,7.208],[80.0517,7.2112],[80.0499,7.2144],[80.0489,7.215],[80.0477,7.2147],[80.0473,7.211],[80.0465,7.2117],[80.0463,7.2106],[80.0469,7.2101],[80.0461,7.2071],[80.046,7.212],[80.0431,7.2112],[80.0468,7.213],[80.0465,7.2148],[80.0494,7.2172],[80.0489,7.2191],[80.0492,7.2212],[80.0497,7.2212],[80.0473,7.2234],[80.0465,7.2222],[80.045,7.2219],[80.0428,7.2199],[80.0404,7.2164]]]]}},{"type":"Feature","properties":{"osm_id":"627072876","code":7229,"fclass":"farmland","name":null},"geometry":{"type":"MultiPolygon","coordinates":[[[[80.1532,6.8664],[80.1543,6.867],[80.155,6.8665],[80.1545,6.8658],[80.1532,6.8664]]]]}},{"type":"Feature","properties":{"osm_id":"8791798","code":7229,"fclass":"farmland","name":null},"geometry":{"type":"MultiPolygon","coordinates":[[[[80.331,6.4118],[80.3332,6.4127],[80.3326,6.4117],[80.333,6.4107],[80.331,6.4118]]]]}},{"type":"Feature","properties":{"osm_id":"632112049","code":7229,"fclass":"farmland","name":null},"geometry":{"type":"MultiPolygon","coordinates":[[[[80.3346,6.4324],[80.335,6.432],[80.3346,6.4324]]]]}},{"type":"Feature","properties":{"osm_id":"632112050","code":7229,"fclass":"farmland","name":null},"geometry":{"type":"MultiPolygon","coordinates":[[[[80.3336,6.4308],[80.3344,6.4307],[80.3336,6.4308]]]]}},{"type":"Feature","properties":{"osm_id":"632112051","code":7229,"fclass":"farmland","name":null},"geometry":{"type":"MultiPolygon","coordinates":[[[[80.3385,6.4274],[80.3394,6.427],[80.3385,6.4274]]]]}},{"type":"Feature","properties":{"osm_id":"632117106","code":7229,"fclass":"farmland","name":null},"geometry":{"type":"MultiPolygon","coordinates":[[[[80.2756,6.3821],[80.2762,6.3823],[80.2756,6.3821]]]]}},{"type":"Feature","properties":{"osm_id":"632117109","code":7229,"fclass":"farmland","name":null},"geometry":{"type":"MultiPolygon","coordinates":[[[[80.2812,6.3792],[80.2817,6.3794],[80.2822,6.3787],[80.2812,6.3792]]]]}},{"type":"Feature","properties":{"osm_id":"632117142","code":7229,"fclass":"farmland","name":null},"geometry":{"type":"MultiPolygon","coordinates":[[[[80.3371,6.4167],[80.3383,6.4167],[80.3389,6.4154],[80.3376,6.4151],[80.3379,6.416],[80.3371,6.4167]]]]}},{"type":"Feature","properties":{"osm_id":"632117145","code":7229,"fclass":"farmland","name":null},"geometry":{"type":"MultiPolygon","coordinates":[[[[80.3374,6.4184],[80.339,6.4181],[80.3391,6.4186],[80.3386,6.4186],[80.3391,6.419],[80.34,6.4179],[80.3393,6.4172],[80.3389,6.4179],[80.3383,6.4176],[80.3374,6.4184]]]]}},{"type":"Feature","properties":{"osm_id":"632117151","code":7229,"fclass":"farmland","name":null},"geometry":{"type":"MultiPolygon","coordinates":[[[[80.3362,6.4194],[80.3368,6.4199],[80.337,6.4189],[80.3362,6.4194]]]]}},{"type":"Feature","properties":{"osm_id":"632729612","code":7229,"fclass":"farmland","name":"paddy"},"geometry":{"type":"MultiPolygon","coordinates":[[[[80.2652,6.4168],[80.2665,6.4167],[80.2676,6.4147],[80.267,6.4161],[80.2652,6.4168]]]]}},{"type":"Feature","properties":{"osm_id":"632729617","code":7229,"fclass":"farmland","name":null},"geometry":{"type":"MultiPolygon","coordinates":[[[[80.2443,6.4084],[80.245,6.4085],[80.2448,6.4077],[80.2443,6.4084]]]]}},{"type":"Feature","properties":{"osm_id":"632729624","code":7229,"fclass":"farmland","name":null},"geometry":{"type":"MultiPolygon","coordinates":[[[[80.2452,6.4114],[80.2464,6.4114],[80.2464,6.4096],[80.2452,6.4114]]]]}},{"type":"Feature","properties":{"osm_id":"632730729","code":7229,"fclass":"farmland","name":null},"geometry":{"type":"MultiPolygon","coordinates":[[[[80.2963,6.4267],[80.2969,6.4268],[80.2963,6.4267]]]]}},{"type":"Feature","properties":{"osm_id":"632730730","code":7229,"fclass":"farmland","name":null},"geometry":{"type":"MultiPolygon","coordinates":[[[[80.2963,6.4266],[80.2964,6.4261],[80.2963,6.4266]]]]}},{"type":"Feature","properties":{"osm_id":"632730731","code":7229,"fclass":"farmland","name":null},"geometry":{"type":"MultiPolygon","coordinates":[[[[80.2995,6.4259],[80.3,6.4265],[80.3007,6.4259],[80.3001,6.4255],[80.2995,6.4259]]]]}},{"type":"Feature","properties":{"osm_id":"632730732","code":7229,"fclass":"farmland","name":null},"geometry":{"type":"MultiPolygon","coordinates":[[[[80.2976,6.4255],[80.2981,6.4255],[80.2976,6.4255]]]]}},{"type":"Feature","properties":{"osm_id":"633224347","code":7229,"fclass":"farmland","name":null},"geometry":{"type":"MultiPolygon","coordinates":[[[[80.0889,6.4565],[80.089,6.4575],[80.0901,6.4576],[80.0901,6.4593],[80.0907,6.4593],[80.0908,6.4583],[80.0917,6.4574],[80.0933,6.4571],[80.0919,6.4564],[80.0912,6.4569],[80.0902,6.4566],[80.0898,6.4552],[80.0889,6.4565]]]]}},{"type":"Feature","properties":{"osm_id":"633227090","code":7229,"fclass":"farmland","name":null},"geometry":{"type":"MultiPolygon","coordinates":[[[[80.09,6.4552],[80.0905,6.4556],[80.0913,6.4549],[80.0905,6.4544],[80.09,6.4552]]]]}},{"type":"Feature","properties":{"osm_id":"633227561","code":7229,"fclass":"farmland","name":null},"geometry":{"type":"MultiPolygon","coordinates":[[[[80.0913,6.4542],[80.092,6.4542],[80.0913,6.4542]]]]}},{"type":"Feature","properties":{"osm_id":"633231169","code":7229,"fclass":"farmland","name":null},"geometry":{"type":"MultiPolygon","coordinates":[[[[80.0863,6.452],[80.087,6.4524],[80.0873,6.4516],[80.0865,6.4514],[80.0863,6.452]]]]}},{"type":"Feature","properties":{"osm_id":"633231171","code":7229,"fclass":"farmland","name":null},"geometry":{"type":"MultiPolygon","coordinates":[[[[80.0855,6.4518],[80.0859,6.452],[80.0859,6.4512],[80.0855,6.4518]]]]}},{"type":"Feature","properties":{"osm_id":"633231173","code":7229,"fclass":"farmland","name":null},"geometry":{"type":"MultiPolygon","coordinates":[[[[80.0937,6.451],[80.0942,6.4513],[80.0941,6.4503],[80.0937,6.451]]]]}},{"type":"Feature","properties":{"osm_id":"633409256","code":7229,"fclass":"farmland","name":null},"geometry":{"type":"MultiPolygon","coordinates":[[[[79.9692,6.7542],[79.9697,6.7545],[79.9707,6.7538],[79.9709,6.7519],[79.9702,6.7517],[79.9702,6.7532],[79.9692,6.7542]]]]}},{"type":"Feature","properties":{"osm_id":"634064865","code":7229,"fclass":"farmland","name":null},"geometry":{"type":"MultiPolygon","coordinates":[[[[80.037,6.432],[80.0417,6.431],[80.0401,6.4293],[80.037,6.432]]]]}},{"type":"Feature","properties":{"osm_id":"634091982","code":7229,"fclass":"farmland","name":null},"geometry":{"type":"MultiPolygon","coordinates":[[[[80.028,6.4384],[80.0289,6.4384],[80.0288,6.4378],[80.028,6.4384]]]]}},{"type":"Feature","properties":{"osm_id":"634091983","code":7229,"fclass":"farmland","name":null},"geometry":{"type":"MultiPolygon","coordinates":[[[[80.0276,6.4386],[80.0282,6.4379],[80.0276,6.4386]]]]}},{"type":"Feature","properties":{"osm_id":"634147886","code":7229,"fclass":"farmland","name":null},"geometry":{"type":"MultiPolygon","coordinates":[[[[80.0299,6.4361],[80.0302,6.4381],[80.0323,6.4383],[80.0325,6.4372],[80.0311,6.4357],[80.0299,6.4361]]]]}},{"type":"Feature","properties":{"osm_id":"637060400","code":7229,"fclass":"farmland","name":null},"geometry":{"type":"MultiPolygon","coordinates":[[[[80.0323,6.4383],[80.0356,6.4374],[80.0357,6.4366],[80.0334,6.4371],[80.0329,6.4356],[80.0323,6.4383]]]]}},{"type":"Feature","properties":{"osm_id":"637108744","code":7229,"fclass":"farmland","name":null},"geometry":{"type":"MultiPolygon","coordinates":[[[[80.0278,6.4378],[80.0288,6.4378],[80.0289,6.4359],[80.028,6.436],[80.0278,6.4378]]]]}},{"type":"Feature","properties":{"osm_id":"637916451","code":7229,"fclass":"farmland","name":"rice"},"geometry":{"type":"MultiPolygon","coordinates":[[[[79.9391,6.7201],[79.9403,6.7205],[79.9409,6.7185],[79.9416,6.7179],[79.9432,6.7182],[79.9437,6.7167],[79.9415,6.7164],[79.9404,6.7169],[79.9391,6.7201]]]]}},{"type":"Feature","properties":{"osm_id":"637918484","code":7229,"fclass":"farmland","name":"rice"},"geometry":{"type":"MultiPolygon","coordinates":[[[[79.9374,6.7246],[79.9383,6.7246],[79.9388,6.7224],[79.9405,6.7207],[79.939,6.7202],[79.9385,6.7208],[79.9374,6.7246]]]]}},{"type":"Feature","properties":{"osm_id":"637922810","code":7229,"fclass":"farmland","name":"rice"},"geometry":{"type":"MultiPolygon","coordinates":[[[[80.0009,6.7322],[80.0015,6.7326],[80.0009,6.7322]]]]}},{"type":"Feature","properties":{"osm_id":"637922812","code":7229,"fclass":"farmland","name":null},"geometry":{"type":"MultiPolygon","coordinates":[[[[79.9988,6.7367],[80.0008,6.7374],[80.0022,6.7338],[80.0015,6.7327],[80.0004,6.7351],[79.9989,6.7351],[79.9993,6.7358],[79.9988,6.7367]]]]}},{"type":"Feature","properties":{"osm_id":"637922813","code":7229,"fclass":"farmland","name":null},"geometry":{"type":"MultiPolygon","coordinates":[[[[80.096,6.7566],[80.0971,6.758],[80.0984,6.7572],[80.1003,6.7597],[80.1012,6.7594],[80.1014,6.7573],[80.1001,6.7573],[80.0998,6.7548],[80.1027,6.7499],[80.1034,6.7497],[80.1039,6.7507],[80.1027,6.7468],[80.102,6.7486],[80.1011,6.7482],[80.1002,6.7508],[80.0963,6.7529],[80.0972,6.755],[80.096,6.7566]]]]}},{"type":"Feature","properties":{"osm_id":"637922814","code":7229,"fclass":"farmland","name":null},"geometry":{"type":"MultiPolygon","coordinates":[[[[80.1,6.7601],[80.1007,6.7611],[80.1008,6.7631],[80.1015,6.7628],[80.1015,6.7636],[80.1008,6.7634],[80.1018,6.7658],[80.1028,6.7658],[80.1021,6.7602],[80.1013,6.7595],[80.1,6.7601]]]]}},{"type":"Feature","properties":{"osm_id":"637926448","code":7229,"fclass":"farmland","name":null},"geometry":{"type":"MultiPolygon","coordinates":[[[[80.1735,6.7382],[80.1741,6.7383],[80.1746,6.7402],[80.1754,6.7399],[80.1766,6.7412],[80.1773,6.7412],[80.1756,6.7389],[80.1773,6.7378],[80.175,6.737],[80.1741,6.7351],[80.1737,6.7368],[80.1745,6.7373],[80.1735,6.7382]]]]}},{"type":"Feature","properties":{"osm_id":"638115233","code":7229,"fclass":"farmland","name":"rice"},"geometry":{"type":"MultiPolygon","coordinates":[[[[79.9327,6.7252],[79.9361,6.7275],[79.9359,6.7292],[79.9373,6.73],[79.9377,6.7302],[79.9382,6.7284],[79.9396,6.7277],[79.938,6.7271],[79.938,6.7248],[79.9373,6.7254],[79.9374,6.7263],[79.9363,6.7265],[79.9339,6.7257],[79.9331,6.7247],[79.9327,6.7252]]]]}},{"type":"Feature","properties":{"osm_id":"638116438","code":7229,"fclass":"farmland","name":"Rice"},"geometry":{"type":"MultiPolygon","coordinates":[[[[79.9395,6.7273],[79.9397,6.7276],[79.941,6.727],[79.9409,6.7265],[79.9395,6.7273]]]]}},{"type":"Feature","properties":{"osm_id":"638127556","code":7229,"fclass":"farmland","name":"Rice"},"geometry":{"type":"MultiPolygon","coordinates":[[[[79.9523,6.7354],[79.9528,6.7366],[79.9565,6.7345],[79.9541,6.7343],[79.9538,6.7317],[79.9544,6.7299],[79.9553,6.729],[79.9567,6.7295],[79.9551,6.7282],[79.9542,6.7282],[79.9537,6.7295],[79.9533,6.7337],[79.9523,6.7354]]]]}},{"type":"Feature","properties":{"osm_id":"638128284","code":7229,"fclass":"farmland","name":null},"geometry":{"type":"MultiPolygon","coordinates":[[[[80.0775,6.835],[80.0793,6.8346],[80.0837,6.8382],[80.086,6.838],[80.0852,6.8374],[80.0861,6.8364],[80.0862,6.8347],[80.0855,6.8343],[80.0873,6.8307],[80.0883,6.8307],[80.0877,6.8293],[80.0894,6.827],[80.0889,6.8263],[80.0878,6.8275],[80.0887,6.8259],[80.0876,6.8265],[80.0862,6.8289],[80.0837,6.8297],[80.0845,6.8311],[80.0842,6.8319],[80.0829,6.831],[80.082,6.8318],[80.0834,6.8327],[80.0828,6.8344],[80.0822,6.8338],[80.0812,6.8344],[80.0786,6.8328],[80.0775,6.835]]]]}},{"type":"Feature","properties":{"osm_id":"638322129","code":7229,"fclass":"farmland","name":null},"geometry":{"type":"MultiPolygon","coordinates":[[[[80.1058,6.8622],[80.1084,6.8629],[80.1096,6.8618],[80.1076,6.8626],[80.1058,6.8622]]]]}},{"type":"Feature","properties":{"osm_id":"638385544","code":7229,"fclass":"farmland","name":null},"geometry":{"type":"MultiPolygon","coordinates":[[[[80.1014,6.8444],[80.1029,6.8462],[80.1026,6.8472],[80.1033,6.8464],[80.1039,6.8468],[80.1036,6.849],[80.1047,6.8491],[80.1053,6.8504],[80.1062,6.8503],[80.106,6.8477],[80.104,6.8447],[80.1043,6.8431],[80.1026,6.8444],[80.1014,6.8444]]]]}},{"type":"Feature","properties":{"osm_id":"638423335","code":7229,"fclass":"farmland","name":null},"geometry":{"type":"MultiPolygon","coordinates":[[[[80.1454,6.8863],[80.1467,6.8884],[80.1464,6.8899],[80.1492,6.8891],[80.1481,6.8882],[80.1469,6.8892],[80.1467,6.8861],[80.1458,6.8858],[80.1454,6.8863]]]]}},{"type":"Feature","properties":{"osm_id":"638423336","code":7229,"fclass":"farmland","name":null},"geometry":{"type":"MultiPolygon","coordinates":[[[[80.1482,6.8882],[80.149,6.8881],[80.1495,6.8849],[80.1487,6.8851],[80.1482,6.8882]]]]}},{"type":"Feature","properties":{"osm_id":"638426518","code":7229,"fclass":"farmland","name":"Rice"},"geometry":{"type":"MultiPolygon","coordinates":[[[[80.1321,7.0007],[80.1351,7.0021],[80.1332,7.0033],[80.1334,7.004],[80.1322,7.0056],[80.1335,7.0057],[80.1344,7.0072],[80.1327,7.007],[80.1332,7.0079],[80.1348,7.0085],[80.1357,7.0081],[80.137,7.0085],[80.1372,7.0093],[80.1368,7.0096],[80.1366,7.0087],[80.1364,7.0094],[80.1368,7.0102],[80.1377,7.0095],[80.1379,7.0069],[80.1387,7.0064],[80.1372,7.0068],[80.1364,7.005],[80.1358,7.0056],[80.1353,7.005],[80.1375,7.0023],[80.1368,7.0013],[80.1374,6.9972],[80.1403,6.9962],[80.1402,6.9956],[80.1381,6.9959],[80.1367,6.9933],[80.1344,6.9944],[80.1338,6.9955],[80.1356,6.9954],[80.1327,6.998],[80.1341,6.9984],[80.1342,6.9995],[80.1335,7.0004],[80.1321,7.0007]]]]}},{"type":"Feature","properties":{"osm_id":"639324990","code":7229,"fclass":"farmland","name":"Rice"},"geometry":{"type":"MultiPolygon","coordinates":[[[[80.0574,7.1737],[80.0574,7.1745],[80.0582,7.174],[80.059,7.1727],[80.0581,7.1722],[80.0574,7.1737]]]]}},{"type":"Feature","properties":{"osm_id":"639329478","code":7229,"fclass":"farmland","name":"Rice"},"geometry":{"type":"MultiPolygon","coordinates":[[[[80.0999,7.1746],[80.1018,7.1761],[80.1023,7.178],[80.1017,7.1791],[80.1029,7.1794],[80.1023,7.1763],[80.1038,7.1773],[80.1041,7.1786],[80.1063,7.1805],[80.1076,7.1826],[80.1102,7.1839],[80.1103,7.1833],[80.1073,7.1817],[80.1084,7.182],[80.1104,7.1806],[80.1083,7.1808],[80.107,7.1801],[80.107,7.1795],[80.1061,7.1798],[80.102,7.1746],[80.1008,7.1738],[80.0999,7.1746]]]]}},{"type":"Feature","properties":{"osm_id":"639331866","code":7229,"fclass":"farmland","name":"Rice"},"geometry":{"type":"MultiPolygon","coordinates":[[[[80.0957,7.1766],[80.0968,7.1749],[80.0978,7.1748],[80.0984,7.176],[80.0981,7.1778],[80.0987,7.1774],[80.0987,7.1746],[80.1008,7.1738],[80.1001,7.1723],[80.1008,7.1717],[80.1007,7.1706],[80.0999,7.1701],[80.1003,7.1693],[80.0992,7.1693],[80.0975,7.1724],[80.0965,7.1729],[80.0959,7.1745],[80.0964,7.175],[80.0957,7.1766]]]]}},{"type":"Feature","properties":{"osm_id":"639331868","code":7229,"fclass":"farmland","name":"Rice"},"geometry":{"type":"MultiPolygon","coordinates":[[[[80.1438,7.1698],[80.1446,7.1702],[80.1449,7.1686],[80.1443,7.1684],[80.1438,7.1698]]]]}},{"type":"Feature","properties":{"osm_id":"8899786","code":7229,"fclass":"farmland","name":null},"geometry":{"type":"MultiPolygon","coordinates":[[[[80.0907,7.0316],[80.0922,7.0328],[80.0929,7.0319],[80.0947,7.0314],[80.0958,7.0321],[80.0965,7.0311],[80.0962,7.0303],[80.0949,7.0306],[80.0941,7.0301],[80.0928,7.0281],[80.0908,7.028],[80.091,7.0286],[80.0925,7.0286],[80.0937,7.0302],[80.0921,7.0312],[80.0908,7.0308],[80.0907,7.0316]]]]}},{"type":"Feature","properties":{"osm_id":"652085136","code":7229,"fclass":"farmland","name":null},"geometry":{"type":"MultiPolygon","coordinates":[[[[80.0605,6.4244],[80.0609,6.4247],[80.0605,6.4244]]]]}},{"type":"Feature","properties":{"osm_id":"652087648","code":7229,"fclass":"farmland","name":null},"geometry":{"type":"MultiPolygon","coordinates":[[[[80.0533,6.4287],[80.0539,6.4293],[80.0539,6.4287],[80.0533,6.4287]]]]}},{"type":"Feature","properties":{"osm_id":"652087652","code":7229,"fclass":"farmland","name":null},"geometry":{"type":"MultiPolygon","coordinates":[[[[80.0496,6.4292],[80.05,6.4302],[80.0511,6.4288],[80.0506,6.4284],[80.0496,6.4292]]]]}},{"type":"Feature","properties":{"osm_id":"652087653","code":7229,"fclass":"farmland","name":null},"geometry":{"type":"MultiPolygon","coordinates":[[[[80.0495,6.4286],[80.0495,6.4286]]]]}},{"type":"Feature","properties":{"osm_id":"652090305","code":7229,"fclass":"farmland","name":null},"geometry":{"type":"MultiPolygon","coordinates":[[[[80.0364,6.4223],[80.0364,6.4233],[80.0369,6.4232],[80.0364,6.4223]]]]}},{"type":"Feature","properties":{"osm_id":"652090310","code":7229,"fclass":"farmland","name":null},"geometry":{"type":"MultiPolygon","coordinates":[[[[80.0381,6.4242],[80.0388,6.4246],[80.0381,6.4242]]]]}},{"type":"Feature","properties":{"osm_id":"652090311","code":7229,"fclass":"farmland","name":null},"geometry":{"type":"MultiPolygon","coordinates":[[[[80.0393,6.4229],[80.0394,6.4233],[80.0403,6.4229],[80.0401,6.4224],[80.0393,6.4229]]]]}},{"type":"Feature","properties":{"osm_id":"652090313","code":7229,"fclass":"farmland","name":null},"geometry":{"type":"MultiPolygon","coordinates":[[[[80.0387,6.4225],[80.0388,6.4232],[80.0394,6.4231],[80.0387,6.4225]]]]}},{"type":"Feature","properties":{"osm_id":"652090318","code":7229,"fclass":"farmland","name":null},"geometry":{"type":"MultiPolygon","coordinates":[[[[80.042,6.4237],[80.0422,6.4242],[80.0435,6.4241],[80.0435,6.4234],[80.042,6.4237]]]]}},{"type":"Feature","properties":{"osm_id":"652090324","code":7229,"fclass":"farmland","name":null},"geometry":{"type":"MultiPolygon","coordinates":[[[[80.0447,6.4275],[80.0457,6.428],[80.0457,6.4268],[80.0447,6.4275]]]]}},{"type":"Feature","properties":{"osm_id":"652090326","code":7229,"fclass":"farmland","name":null},"geometry":{"type":"MultiPolygon","coordinates":[[[[80.0426,6.4272],[80.0443,6.4269],[80.0426,6.4272]]]]}},{"type":"Feature","properties":{"osm_id":"652093659","code":7229,"fclass":"farmland","name":null},"geometry":{"type":"MultiPolygon","coordinates":[[[[80.0357,6.4251],[80.0358,6.426],[80.0367,6.426],[80.0367,6.4253],[80.0357,6.4251]]]]}},{"type":"Feature","properties":{"osm_id":"652093668","code":7229,"fclass":"farmland","name":null},"geometry":{"type":"MultiPolygon","coordinates":[[[[80.0376,6.4253],[80.0378,6.426],[80.0401,6.4259],[80.0376,6.4253]]]]}},{"type":"Feature","properties":{"osm_id":"652093678","code":7229,"fclass":"farmland","name":null},"geometry":{"type":"MultiPolygon","coordinates":[[[[80.0432,6.4227],[80.045,6.4231],[80.0453,6.4221],[80.0432,6.4219],[80.0432,6.4227]]]]}},{"type":"Feature","properties":{"osm_id":"652106055","code":7229,"fclass":"farmland","name":null},"geometry":{"type":"MultiPolygon","coordinates":[[[[80.031,6.4256],[80.0323,6.426],[80.0322,6.4254],[80.031,6.4256]]]]}},{"type":"Feature","properties":{"osm_id":"652106057","code":7229,"fclass":"farmland","name":null},"geometry":{"type":"MultiPolygon","coordinates":[[[[80.0298,6.4234],[80.031,6.4256],[80.0329,6.4251],[80.0312,6.4235],[80.0302,6.423],[80.0298,6.4234]]]]}},{"type":"Feature","properties":{"osm_id":"652106059","code":7229,"fclass":"farmland","name":null},"geometry":{"type":"MultiPolygon","coordinates":[[[[80.0299,6.425],[80.0303,6.4241],[80.0299,6.425]]]]}},{"type":"Feature","properties":{"osm_id":"652106061","code":7229,"fclass":"farmland","name":null},"geometry":{"type":"MultiPolygon","coordinates":[[[[80.0285,6.4238],[80.0296,6.4249],[80.0292,6.4237],[80.0285,6.4238]]]]}},{"type":"Feature","properties":{"osm_id":"9075367","code":7229,"fclass":"farmland","name":null},"geometry":{"type":"MultiPolygon","coordinates":[[[[80.0277,6.4334],[80.0299,6.4361],[80.0311,6.4357],[80.0325,6.4372],[80.0337,6.4316],[80.035,6.4289],[80.034,6.429],[80.0334,6.4302],[80.0327,6.4299],[80.0326,6.4286],[80.0282,6.4289],[80.0279,6.4301],[80.0292,6.43],[80.0295,6.4314],[80.0288,6.4323],[80.0291,6.4336],[80.0277,6.4334]]]]}},{"type":"Feature","properties":{"osm_id":"652120125","code":7229,"fclass":"farmland","name":null},"geometry":{"type":"MultiPolygon","coordinates":[[[[80.0264,6.4286],[80.0272,6.4289],[80.0273,6.4284],[80.0264,6.4286]]]]}},{"type":"Feature","properties":{"osm_id":"652120151","code":7229,"fclass":"farmland","name":null},"geometry":{"type":"MultiPolygon","coordinates":[[[[80.0393,6.4278],[80.0401,6.4293],[80.0411,6.4293],[80.0393,6.4278]]]]}},{"type":"Feature","properties":{"osm_id":"652120160","code":7229,"fclass":"farmland","name":null},"geometry":{"type":"MultiPolygon","coordinates":[[[[80.0423,6.4275],[80.0433,6.428],[80.0435,6.4273],[80.0423,6.4275]]]]}},{"type":"Feature","properties":{"osm_id":"652120172","code":7229,"fclass":"farmland","name":null},"geometry":{"type":"MultiPolygon","coordinates":[[[[80.0447,6.4295],[80.0454,6.4299],[80.0452,6.4291],[80.0447,6.4295]]]]}},{"type":"Feature","properties":{"osm_id":"668810528","code":7229,"fclass":"farmland","name":null},"geometry":{"type":"MultiPolygon","coordinates":[[[[80.1294,7.158],[80.1304,7.1585],[80.1307,7.1573],[80.1313,7.1576],[80.1323,7.1538],[80.1336,7.1556],[80.1342,7.1555],[80.133,7.1531],[80.1333,7.1526],[80.1341,7.153],[80.1342,7.1522],[80.1351,7.1525],[80.135,7.1489],[80.1326,7.1497],[80.1333,7.1502],[80.1332,7.1509],[80.1318,7.1526],[80.1313,7.1551],[80.1294,7.158]]]]}},{"type":"Feature","properties":{"osm_id":"670721143","code":7229,"fclass":"farmland","name":null},"geometry":{"type":"MultiPolygon","coordinates":[[[[80.063,6.7646],[80.0635,6.7649],[80.0664,6.763],[80.0668,6.7606],[80.0663,6.7601],[80.0673,6.7589],[80.0663,6.759],[80.0655,6.762],[80.0634,6.7635],[80.063,6.7646]]]]}},{"type":"Feature","properties":{"osm_id":"670721144","code":7229,"fclass":"farmland","name":null},"geometry":{"type":"MultiPolygon","coordinates":[[[[80.0562,6.7682],[80.0587,6.77],[80.059,6.7713],[80.0597,6.7714],[80.0611,6.7709],[80.06,6.7693],[80.0619,6.7688],[80.0624,6.7665],[80.0643,6.7662],[80.0638,6.7656],[80.0633,6.7659],[80.0635,6.765],[80.063,6.7649],[80.0596,6.7681],[80.0583,6.7681],[80.0576,6.7669],[80.0572,6.7683],[80.0569,6.7672],[80.0562,6.7682]]]]}},{"type":"Feature","properties":{"osm_id":"670721149","code":7229,"fclass":"farmland","name":null},"geometry":{"type":"MultiPolygon","coordinates":[[[[80.0643,6.766],[80.0643,6.7666],[80.0674,6.7683],[80.0711,6.7685],[80.0727,6.7669],[80.073,6.765],[80.0725,6.7666],[80.0709,6.7678],[80.0699,6.7674],[80.0701,6.7658],[80.0683,6.767],[80.0643,6.766]]]]}},{"type":"Feature","properties":{"osm_id":"685043383","code":7229,"fclass":"farmland","name":null},"geometry":{"type":"MultiPolygon","coordinates":[[[[80.0573,7.0808],[80.0578,7.0808],[80.058,7.0792],[80.0575,7.0792],[80.0573,7.0808]]]]}},{"type":"Feature","properties":{"osm_id":"685044229","code":7229,"fclass":"farmland","name":null},"geometry":{"type":"MultiPolygon","coordinates":[[[[80.1005,7.0833],[80.1008,7.0845],[80.1014,7.0837],[80.1029,7.0835],[80.1051,7.0811],[80.1056,7.0785],[80.1072,7.0766],[80.1051,7.0779],[80.1049,7.08],[80.1035,7.0812],[80.1026,7.0811],[80.1048,7.0785],[80.1038,7.0784],[80.104,7.079],[80.102,7.0812],[80.1024,7.0825],[80.1005,7.0833]]]]}},{"type":"Feature","properties":{"osm_id":"685044230","code":7229,"fclass":"farmland","name":null},"geometry":{"type":"MultiPolygon","coordinates":[[[[80.098,7.0821],[80.0996,7.0829],[80.0996,7.08],[80.0988,7.082],[80.098,7.0821]]]]}},{"type":"Feature","properties":{"osm_id":"685044231","code":7229,"fclass":"farmland","name":null},"geometry":{"type":"MultiPolygon","coordinates":[[[[80.0852,7.0562],[80.0858,7.0593],[80.0852,7.0608],[80.0859,7.0632],[80.0869,7.064],[80.0865,7.0616],[80.0891,7.0616],[80.0906,7.0629],[80.089,7.0659],[80.0907,7.0634],[80.091,7.065],[80.0917,7.066],[80.0923,7.066],[80.0919,7.0649],[80.0923,7.0639],[80.0916,7.0636],[80.0909,7.0614],[80.0894,7.0605],[80.0886,7.0608],[80.0871,7.0596],[80.0852,7.0562]]]]}},{"type":"Feature","properties":{"osm_id":"685044232","code":7229,"fclass":"farmland","name":null},"geometry":{"type":"MultiPolygon","coordinates":[[[[80.0695,7.0854],[80.071,7.0854],[80.0714,7.0845],[80.0746,7.0834],[80.0759,7.0842],[80.0769,7.0829],[80.0792,7.0819],[80.0784,7.0812],[80.0764,7.0811],[80.077,7.0801],[80.0788,7.0797],[80.0784,7.0786],[80.0788,7.0777],[80.0774,7.0789],[80.0768,7.0787],[80.0786,7.0771],[80.0788,7.0758],[80.0801,7.0753],[80.0809,7.0742],[80.0838,7.0741],[80.0863,7.0773],[80.0879,7.0765],[80.0886,7.0753],[80.0867,7.0763],[80.0847,7.0745],[80.0849,7.0738],[80.0814,7.0728],[80.0789,7.0741],[80.0761,7.0781],[80.0743,7.0795],[80.0738,7.0793],[80.0736,7.0778],[80.0742,7.0771],[80.0724,7.0767],[80.0719,7.079],[80.0732,7.0811],[80.0731,7.0826],[80.071,7.0834],[80.0695,7.0854]]]]}},{"type":"Feature","properties":{"osm_id":"685044233","code":7229,"fclass":"farmland","name":null},"geometry":{"type":"MultiPolygon","coordinates":[[[[80.0692,7.0925],[80.0692,7.0939],[80.0704,7.0943],[80.0702,7.0961],[80.0709,7.0961],[80.072,7.0944],[80.0756,7.095],[80.0757,7.0944],[80.0728,7.0928],[80.0743,7.0919],[80.074,7.0914],[80.0748,7.0904],[80.0763,7.0902],[80.0777,7.0912],[80.0772,7.0905],[80.0775,7.0884],[80.0779,7.0881],[80.0788,7.089],[80.0791,7.0884],[80.078,7.0874],[80.0791,7.0879],[80.0792,7.0868],[80.0774,7.0863],[80.0736,7.0896],[80.0727,7.0914],[80.0703,7.0923],[80.0693,7.0919],[80.0692,7.0925]]]]}},{"type":"Feature","properties":{"osm_id":"688484318","code":7229,"fclass":"farmland","name":null},"geometry":{"type":"MultiPolygon","coordinates":[[[[79.9757,6.566],[79.9784,6.5654],[79.9784,6.5647],[79.9776,6.5642],[79.9757,6.566]]]]}},{"type":"Feature","properties":{"osm_id":"5623260","code":7229,"fclass":"farmland","name":null},"geometry":{"type":"MultiPolygon","coordinates":[[[[80.0131,7.0668],[80.0144,7.0697],[80.0154,7.0699],[80.0162,7.0691],[80.0174,7.0693],[80.0173,7.07],[80.0193,7.0699],[80.02,7.0686],[80.0184,7.0678],[80.0191,7.0667],[80.017,7.0662],[80.0183,7.0649],[80.019,7.0652],[80.0191,7.0666],[80.0197,7.0662],[80.0199,7.0651],[80.0182,7.0636],[80.0197,7.062],[80.0167,7.0642],[80.0159,7.0633],[80.0163,7.0613],[80.0158,7.0612],[80.0152,7.0636],[80.0162,7.0657],[80.0131,7.0668]]],[[[80.0143,7.0698],[80.0146,7.0705],[80.0194,7.0706],[80.02,7.0719],[80.0216,7.0711],[80.0225,7.072],[80.0242,7.0685],[80.0265,7.0688],[80.0273,7.068],[80.0268,7.0674],[80.0244,7.068],[80.0238,7.0675],[80.023,7.0687],[80.0201,7.0687],[80.0191,7.07],[80.0172,7.0701],[80.0174,7.0694],[80.0163,7.0691],[80.0154,7.07],[80.0143,7.0698]]],[[[80.0207,7.0682],[80.023,7.0685],[80.0239,7.0674],[80.0243,7.0679],[80.0267,7.0674],[80.0266,7.0666],[80.0291,7.0625],[80.0268,7.067],[80.0299,7.0661],[80.0315,7.0672],[80.031,7.0653],[80.0337,7.0647],[80.0336,7.0641],[80.0315,7.0638],[80.0318,7.0626],[80.0299,7.0624],[80.0299,7.0614],[80.0288,7.0611],[80.0289,7.0566],[80.0267,7.0535],[80.0269,7.0548],[80.0282,7.0558],[80.0285,7.0571],[80.0275,7.0586],[80.0253,7.0581],[80.0278,7.0594],[80.0274,7.0613],[80.0268,7.061],[80.0263,7.062],[80.0255,7.0619],[80.027,7.0629],[80.0272,7.0639],[80.025,7.0655],[80.0233,7.0647],[80.0226,7.0668],[80.0207,7.0682]],[[80.0281,7.0624],[80.0287,7.062],[80.0285,7.063],[80.0281,7.0624]]]]}},{"type":"Feature","properties":{"osm_id":"7255352","code":7229,"fclass":"farmland","name":null},"geometry":{"type":"MultiPolygon","coordinates":[[[[79.9869,7.083],[79.9895,7.0863],[79.9893,7.0847],[79.991,7.0845],[79.9911,7.085],[79.992,7.0851],[79.9927,7.0868],[79.9922,7.0851],[79.9928,7.0845],[79.9935,7.0847],[79.9932,7.0836],[79.9942,7.0823],[79.9972,7.0828],[79.9973,7.0858],[79.9988,7.0822],[80.0014,7.0823],[80.0037,7.0812],[80.0042,7.0823],[80.0031,7.0834],[80.006,7.0834],[80.0065,7.0866],[80.007,7.086],[80.0069,7.0824],[80.0101,7.083],[80.0109,7.0823],[80.007,7.0813],[80.006,7.0816],[80.0056,7.081],[80.0061,7.0798],[80.0073,7.0787],[80.0083,7.0789],[80.0081,7.078],[80.0089,7.0771],[80.011,7.079],[80.0115,7.0779],[80.013,7.078],[80.0139,7.0763],[80.0124,7.0767],[80.0114,7.0758],[80.0104,7.0766],[80.0093,7.0754],[80.0075,7.0753],[80.0078,7.0743],[80.0066,7.0749],[80.0065,7.0757],[80.0058,7.0756],[80.0052,7.0781],[80.0039,7.0781],[80.0006,7.081],[80.0024,7.0809],[79.9999,7.081],[79.9983,7.0819],[79.9978,7.0797],[79.995,7.0807],[79.9927,7.0802],[79.9928,7.0811],[79.9896,7.083],[79.9869,7.083]]],[[[79.987,7.0827],[79.9895,7.0829],[79.9928,7.081],[79.9927,7.08],[79.995,7.0806],[79.9978,7.0796],[79.9982,7.0817],[80.0006,7.0808],[80.0038,7.078],[80.0051,7.0779],[80.0063,7.0739],[80.005,7.0738],[80.0039,7.0761],[80.0017,7.0766],[80.0014,7.0756],[80.0021,7.0734],[80.0011,7.0729],[80.0001,7.0755],[80.0006,7.076],[80.0003,7.0768],[79.9976,7.0785],[79.9957,7.0782],[79.9947,7.0767],[79.9933,7.0765],[79.9942,7.0793],[79.9926,7.0796],[79.9922,7.0809],[79.9908,7.0816],[79.9882,7.0808],[79.987,7.0827]]]]}},{"type":"Feature","properties":{"osm_id":"5359589","code":7229,"fclass":"farmland","name":null},"geometry":{"type":"MultiPolygon","coordinates":[[[[79.9201,7.1035],[79.9209,7.1047],[79.925,7.1048],[79.9251,7.1041],[79.9264,7.1033],[79.9265,7.1022],[79.9293,7.102],[79.9293,7.101],[79.9283,7.0997],[79.9243,7.0989],[79.9228,7.1],[79.9231,7.1011],[79.9224,7.1019],[79.9206,7.1024],[79.9201,7.1035]]]]}},{"type":"Feature","properties":{"osm_id":"771182288","code":7229,"fclass":"farmland","name":null},"geometry":{"type":"MultiPolygon","coordinates":[[[[79.9963,6.9193],[79.9968,6.919],[79.9963,6.9193]]]]}},{"type":"Feature","properties":{"osm_id":"771182324","code":7229,"fclass":"farmland","name":null},"geometry":{"type":"MultiPolygon","coordinates":[[[[79.9915,6.9235],[79.9927,6.9236],[79.9926,6.9229],[79.9916,6.9227],[79.9915,6.9235]]]]}},{"type":"Feature","properties":{"osm_id":"771182325","code":7229,"fclass":"farmland","name":null},"geometry":{"type":"MultiPolygon","coordinates":[[[[79.993,6.9233],[79.9934,6.9237],[79.993,6.9233]]]]}},{"type":"Feature","properties":{"osm_id":"771182326","code":7229,"fclass":"farmland","name":null},"geometry":{"type":"MultiPolygon","coordinates":[[[[79.9932,6.9232],[79.9932,6.9232]]]]}},{"type":"Feature","properties":{"osm_id":"771182327","code":7229,"fclass":"farmland","name":null},"geometry":{"type":"MultiPolygon","coordinates":[[[[79.9973,6.9181],[79.9982,6.9181],[79.9977,6.9175],[79.9973,6.9181]]]]}},{"type":"Feature","properties":{"osm_id":"771182333","code":7229,"fclass":"farmland","name":null},"geometry":{"type":"MultiPolygon","coordinates":[[[[79.9991,6.918],[79.9991,6.918]]]]}},{"type":"Feature","properties":{"osm_id":"771182334","code":7229,"fclass":"farmland","name":null},"geometry":{"type":"MultiPolygon","coordinates":[[[[79.9989,6.9179],[79.9993,6.9184],[79.9989,6.9179]]]]}},{"type":"Feature","properties":{"osm_id":"771182343","code":7229,"fclass":"farmland","name":null},"geometry":{"type":"MultiPolygon","coordinates":[[[[79.9975,6.9237],[79.9993,6.9236],[79.9975,6.9233],[79.9975,6.9237]]]]}},{"type":"Feature","properties":{"osm_id":"771182344","code":7229,"fclass":"farmland","name":null},"geometry":{"type":"MultiPolygon","coordinates":[[[[79.9972,6.9241],[79.9991,6.924],[79.9972,6.9241]]]]}},{"type":"Feature","properties":{"osm_id":"771182345","code":7229,"fclass":"farmland","name":null},"geometry":{"type":"MultiPolygon","coordinates":[[[[79.9999,6.9243],[80.001,6.9245],[80.0009,6.9237],[80.0001,6.9234],[79.9999,6.9243]]]]}},{"type":"Feature","properties":{"osm_id":"771182346","code":7229,"fclass":"farmland","name":null},"geometry":{"type":"MultiPolygon","coordinates":[[[[79.9995,6.9253],[80.0003,6.9254],[79.9998,6.9244],[79.9995,6.9253]]]]}},{"type":"Feature","properties":{"osm_id":"771182347","code":7229,"fclass":"farmland","name":null},"geometry":{"type":"MultiPolygon","coordinates":[[[[80.0004,6.9264],[80.0015,6.9264],[80.0005,6.9257],[80.0004,6.9264]]]]}},{"type":"Feature","properties":{"osm_id":"771182348","code":7229,"fclass":"farmland","name":null},"geometry":{"type":"MultiPolygon","coordinates":[[[[79.9968,6.926],[79.9979,6.9264],[79.9968,6.926]]]]}},{"type":"Feature","properties":{"osm_id":"771182350","code":7229,"fclass":"farmland","name":null},"geometry":{"type":"MultiPolygon","coordinates":[[[[79.9931,6.9254],[79.9931,6.926],[79.9931,6.9254]]]]}},{"type":"Feature","properties":{"osm_id":"771182351","code":7229,"fclass":"farmland","name":null},"geometry":{"type":"MultiPolygon","coordinates":[[[[79.9929,6.9249],[79.9932,6.9254],[79.9929,6.9249]]]]}},{"type":"Feature","properties":{"osm_id":"771182352","code":7229,"fclass":"farmland","name":null},"geometry":{"type":"MultiPolygon","coordinates":[[[[79.9915,6.9241],[79.9919,6.9244],[79.9921,6.9236],[79.9915,6.9235],[79.9915,6.9241]]]]}},{"type":"Feature","properties":{"osm_id":"771182353","code":7229,"fclass":"farmland","name":null},"geometry":{"type":"MultiPolygon","coordinates":[[[[79.9935,6.9237],[79.9939,6.9241],[79.9941,6.9233],[79.9935,6.9237]]]]}},{"type":"Feature","properties":{"osm_id":"773617219","code":7229,"fclass":"farmland","name":null},"geometry":{"type":"MultiPolygon","coordinates":[[[[79.9866,6.4974],[79.9873,6.4976],[79.9883,6.4957],[79.9895,6.4953],[79.9882,6.4955],[79.9866,6.4974]]]]}},{"type":"Feature","properties":{"osm_id":"788733153","code":7229,"fclass":"farmland","name":null},"geometry":{"type":"MultiPolygon","coordinates":[[[[80.1227,6.582],[80.1246,6.5831],[80.125,6.5827],[80.1243,6.5818],[80.1227,6.582]]]]}},{"type":"Feature","properties":{"osm_id":"788733154","code":7229,"fclass":"farmland","name":null},"geometry":{"type":"MultiPolygon","coordinates":[[[[80.1217,6.583],[80.1219,6.5836],[80.1227,6.5833],[80.1261,6.5852],[80.1272,6.5852],[80.124,6.5825],[80.1227,6.582],[80.1217,6.583]]]]}},{"type":"Feature","properties":{"osm_id":"788733155","code":7229,"fclass":"farmland","name":null},"geometry":{"type":"MultiPolygon","coordinates":[[[[80.1207,6.582],[80.1214,6.5827],[80.1221,6.5822],[80.1215,6.5814],[80.1207,6.582]]]]}},{"type":"Feature","properties":{"osm_id":"788737992","code":7229,"fclass":"farmland","name":null},"geometry":{"type":"MultiPolygon","coordinates":[[[[80.1358,6.5905],[80.1375,6.5912],[80.1374,6.5904],[80.1361,6.5899],[80.1358,6.5905]]]]}},{"type":"Feature","properties":{"osm_id":"788737993","code":7229,"fclass":"farmland","name":null},"geometry":{"type":"MultiPolygon","coordinates":[[[[80.135,6.5898],[80.1357,6.5905],[80.1361,6.5899],[80.1355,6.5895],[80.135,6.5898]]]]}},{"type":"Feature","properties":{"osm_id":"788737994","code":7229,"fclass":"farmland","name":null},"geometry":{"type":"MultiPolygon","coordinates":[[[[80.1352,6.5918],[80.1382,6.5949],[80.1373,6.5936],[80.1371,6.5914],[80.1364,6.5909],[80.1352,6.5918]]]]}},{"type":"Feature","properties":{"osm_id":"788737995","code":7229,"fclass":"farmland","name":null},"geometry":{"type":"MultiPolygon","coordinates":[[[[80.1313,6.5926],[80.1321,6.5935],[80.133,6.5923],[80.1315,6.592],[80.1313,6.5926]]]]}},{"type":"Feature","properties":{"osm_id":"788737996","code":7229,"fclass":"farmland","name":null},"geometry":{"type":"MultiPolygon","coordinates":[[[[80.1308,6.59],[80.1311,6.591],[80.132,6.5912],[80.1319,6.592],[80.1331,6.5923],[80.1336,6.5914],[80.1352,6.5918],[80.1351,6.5907],[80.1357,6.5905],[80.1324,6.5894],[80.1311,6.5883],[80.1308,6.59]]]]}},{"type":"Feature","properties":{"osm_id":"788737997","code":7229,"fclass":"farmland","name":null},"geometry":{"type":"MultiPolygon","coordinates":[[[[80.1302,6.5876],[80.1324,6.5894],[80.1347,6.5899],[80.1333,6.5873],[80.1302,6.5876]]]]}},{"type":"Feature","properties":{"osm_id":"788738026","code":7229,"fclass":"farmland","name":null},"geometry":{"type":"MultiPolygon","coordinates":[[[[80.1246,6.5831],[80.1275,6.5854],[80.1306,6.5867],[80.1302,6.5876],[80.1316,6.5872],[80.1295,6.5849],[80.1286,6.5852],[80.1261,6.5832],[80.1246,6.5831]]]]}},{"type":"Feature","properties":{"osm_id":"788738027","code":7229,"fclass":"farmland","name":null},"geometry":{"type":"MultiPolygon","coordinates":[[[[80.1271,6.5859],[80.1292,6.5875],[80.1302,6.5876],[80.1307,6.587],[80.1284,6.5855],[80.1271,6.5859]]]]}},{"type":"Feature","properties":{"osm_id":"788747840","code":7229,"fclass":"farmland","name":null},"geometry":{"type":"MultiPolygon","coordinates":[[[[80.1429,6.5998],[80.1429,6.6004],[80.1448,6.6008],[80.1436,6.5984],[80.1429,6.5998]]]]}},{"type":"Feature","properties":{"osm_id":"788757258","code":7229,"fclass":"farmland","name":null},"geometry":{"type":"MultiPolygon","coordinates":[[[[80.1184,6.6079],[80.1187,6.6086],[80.119,6.6077],[80.1184,6.6079]]]]}},{"type":"Feature","properties":{"osm_id":"788757259","code":7229,"fclass":"farmland","name":null},"geometry":{"type":"MultiPolygon","coordinates":[[[[80.1149,6.6083],[80.117,6.6097],[80.1182,6.609],[80.1153,6.6079],[80.1149,6.6083]]]]}},{"type":"Feature","properties":{"osm_id":"788757260","code":7229,"fclass":"farmland","name":null},"geometry":{"type":"MultiPolygon","coordinates":[[[[80.1135,6.6065],[80.1143,6.607],[80.1144,6.6082],[80.1153,6.6079],[80.1143,6.6063],[80.1135,6.6065]]]]}},{"type":"Feature","properties":{"osm_id":"789361355","code":7229,"fclass":"farmland","name":null},"geometry":{"type":"MultiPolygon","coordinates":[[[[80.1389,6.592],[80.1401,6.5923],[80.1406,6.5917],[80.1389,6.592]]]]}},{"type":"Feature","properties":{"osm_id":"789361356","code":7229,"fclass":"farmland","name":null},"geometry":{"type":"MultiPolygon","coordinates":[[[[80.1374,6.5904],[80.1375,6.5912],[80.1384,6.5914],[80.1399,6.5906],[80.1383,6.5897],[80.1374,6.5904]]]]}},{"type":"Feature","properties":{"osm_id":"789993721","code":7229,"fclass":"farmland","name":null},"geometry":{"type":"MultiPolygon","coordinates":[[[[80.122,6.6184],[80.1229,6.6193],[80.1229,6.6178],[80.122,6.6184]]]]}},{"type":"Feature","properties":{"osm_id":"789997438","code":7229,"fclass":"farmland","name":null},"geometry":{"type":"MultiPolygon","coordinates":[[[[80.1157,6.6134],[80.1164,6.6136],[80.116,6.6148],[80.1179,6.6153],[80.1195,6.6172],[80.1199,6.6157],[80.1208,6.6163],[80.1211,6.6151],[80.1157,6.6134]]]]}},{"type":"Feature","properties":{"osm_id":"789997439","code":7229,"fclass":"farmland","name":null},"geometry":{"type":"MultiPolygon","coordinates":[[[[80.1186,6.6145],[80.1208,6.6151],[80.1214,6.6119],[80.12,6.6139],[80.1186,6.6145]]]]}},{"type":"Feature","properties":{"osm_id":"789997440","code":7229,"fclass":"farmland","name":null},"geometry":{"type":"MultiPolygon","coordinates":[[[[80.1208,6.6174],[80.122,6.6184],[80.1229,6.6178],[80.1231,6.6161],[80.122,6.6175],[80.1208,6.6174]]]]}},{"type":"Feature","properties":{"osm_id":"790322001","code":7229,"fclass":"farmland","name":null},"geometry":{"type":"MultiPolygon","coordinates":[[[[80.1239,6.6176],[80.1246,6.6177],[80.1251,6.6168],[80.1246,6.6166],[80.1239,6.6176]]]]}},{"type":"Feature","properties":{"osm_id":"790634555","code":7229,"fclass":"farmland","name":null},"geometry":{"type":"MultiPolygon","coordinates":[[[[80.1279,6.6115],[80.1284,6.6125],[80.1289,6.6101],[80.1281,6.6101],[80.1279,6.6115]]]]}},{"type":"Feature","properties":{"osm_id":"790634585","code":7229,"fclass":"farmland","name":null},"geometry":{"type":"MultiPolygon","coordinates":[[[[80.1284,6.6164],[80.1291,6.6168],[80.1284,6.6164]]]]}},{"type":"Feature","properties":{"osm_id":"790634586","code":7229,"fclass":"farmland","name":null},"geometry":{"type":"MultiPolygon","coordinates":[[[[80.1275,6.6164],[80.1286,6.6162],[80.1293,6.615],[80.1288,6.6144],[80.128,6.6144],[80.1282,6.6154],[80.1275,6.6164]]]]}},{"type":"Feature","properties":{"osm_id":"790634587","code":7229,"fclass":"farmland","name":null},"geometry":{"type":"MultiPolygon","coordinates":[[[[80.1247,6.6165],[80.1263,6.616],[80.1262,6.6154],[80.1269,6.6152],[80.1265,6.6145],[80.1277,6.6142],[80.127,6.6132],[80.1257,6.614],[80.1247,6.6165]]]]}},{"type":"Feature","properties":{"osm_id":"790662259","code":7229,"fclass":"farmland","name":null},"geometry":{"type":"MultiPolygon","coordinates":[[[[80.1161,6.6304],[80.117,6.6309],[80.1189,6.6292],[80.1174,6.6296],[80.1167,6.6307],[80.1161,6.6304]]]]}},{"type":"Feature","properties":{"osm_id":"791300900","code":7229,"fclass":"farmland","name":null},"geometry":{"type":"MultiPolygon","coordinates":[[[[80.1043,6.6376],[80.1056,6.6396],[80.1053,6.6404],[80.1066,6.6394],[80.1079,6.6397],[80.1072,6.6427],[80.1081,6.6427],[80.109,6.6386],[80.1081,6.6394],[80.1043,6.6376]]]]}},{"type":"Feature","properties":{"osm_id":"791300901","code":7229,"fclass":"farmland","name":null},"geometry":{"type":"MultiPolygon","coordinates":[[[[80.1032,6.6352],[80.1044,6.6373],[80.104,6.6349],[80.1032,6.6347],[80.1032,6.6352]]]]}},{"type":"Feature","properties":{"osm_id":"791664096","code":7229,"fclass":"farmland","name":null},"geometry":{"type":"MultiPolygon","coordinates":[[[[80.1087,6.6281],[80.1123,6.6293],[80.1128,6.6282],[80.1124,6.6273],[80.1119,6.6285],[80.1093,6.6275],[80.1087,6.6281]]]]}},{"type":"Feature","properties":{"osm_id":"791664155","code":7229,"fclass":"farmland","name":null},"geometry":{"type":"MultiPolygon","coordinates":[[[[80.1089,6.627],[80.1101,6.6263],[80.1095,6.6257],[80.1089,6.627]]]]}},{"type":"Feature","properties":{"osm_id":"791664156","code":7229,"fclass":"farmland","name":null},"geometry":{"type":"MultiPolygon","coordinates":[[[[80.11,6.626],[80.1122,6.6239],[80.1146,6.6255],[80.115,6.6251],[80.1132,6.6238],[80.1133,6.6216],[80.11,6.626]]]]}},{"type":"Feature","properties":{"osm_id":"791664157","code":7229,"fclass":"farmland","name":null},"geometry":{"type":"MultiPolygon","coordinates":[[[[80.1095,6.6255],[80.1099,6.6259],[80.1121,6.6235],[80.1129,6.6216],[80.1095,6.6255]]]]}},{"type":"Feature","properties":{"osm_id":"791664158","code":7229,"fclass":"farmland","name":null},"geometry":{"type":"MultiPolygon","coordinates":[[[[80.1126,6.621],[80.1133,6.6215],[80.1142,6.6188],[80.1153,6.6183],[80.1137,6.6178],[80.1126,6.621]]]]}},{"type":"Feature","properties":{"osm_id":"791667354","code":7229,"fclass":"farmland","name":null},"geometry":{"type":"MultiPolygon","coordinates":[[[[80.1051,6.6154],[80.1091,6.6173],[80.1104,6.6169],[80.1051,6.6154]]]]}},{"type":"Feature","properties":{"osm_id":"791667355","code":7229,"fclass":"farmland","name":null},"geometry":{"type":"MultiPolygon","coordinates":[[[[80.1131,6.6101],[80.1138,6.6105],[80.1144,6.6088],[80.1132,6.6088],[80.1137,6.6091],[80.1131,6.6101]]]]}},{"type":"Feature","properties":{"osm_id":"791667356","code":7229,"fclass":"farmland","name":null},"geometry":{"type":"MultiPolygon","coordinates":[[[[80.112,6.6107],[80.1138,6.6116],[80.1138,6.6106],[80.112,6.6107]]]]}},{"type":"Feature","properties":{"osm_id":"791667357","code":7229,"fclass":"farmland","name":null},"geometry":{"type":"MultiPolygon","coordinates":[[[[80.1125,6.6127],[80.1137,6.6142],[80.1138,6.6116],[80.1125,6.6127]]]]}},{"type":"Feature","properties":{"osm_id":"791826401","code":7229,"fclass":"farmland","name":null},"geometry":{"type":"MultiPolygon","coordinates":[[[[80.102,6.6176],[80.1036,6.617],[80.1025,6.6167],[80.102,6.6176]]]]}},{"type":"Feature","properties":{"osm_id":"791826402","code":7229,"fclass":"farmland","name":null},"geometry":{"type":"MultiPolygon","coordinates":[[[[80.103,6.6158],[80.1036,6.617],[80.1046,6.6154],[80.1036,6.6148],[80.103,6.6158]]]]}},{"type":"Feature","properties":{"osm_id":"791826403","code":7229,"fclass":"farmland","name":null},"geometry":{"type":"MultiPolygon","coordinates":[[[[80.1028,6.6176],[80.1056,6.618],[80.1056,6.6175],[80.1036,6.617],[80.1028,6.6176]]]]}},{"type":"Feature","properties":{"osm_id":"791973229","code":7229,"fclass":"farmland","name":null},"geometry":{"type":"MultiPolygon","coordinates":[[[[80.093,6.609],[80.0931,6.6095],[80.0944,6.6091],[80.0954,6.6101],[80.0959,6.6098],[80.0936,6.6076],[80.093,6.609]]]]}},{"type":"Feature","properties":{"osm_id":"791973230","code":7229,"fclass":"farmland","name":null},"geometry":{"type":"MultiPolygon","coordinates":[[[[80.0911,6.6085],[80.0917,6.61],[80.092,6.6084],[80.0911,6.6085]]]]}},{"type":"Feature","properties":{"osm_id":"792109041","code":7229,"fclass":"farmland","name":null},"geometry":{"type":"MultiPolygon","coordinates":[[[[80.0934,6.7075],[80.0955,6.7056],[80.0974,6.7004],[80.0975,6.6981],[80.0989,6.6962],[80.0986,6.6947],[80.0992,6.6946],[80.0988,6.6944],[80.0992,6.6927],[80.0988,6.6912],[80.0952,6.6916],[80.0944,6.6922],[80.0951,6.694],[80.0959,6.6933],[80.0975,6.6936],[80.0976,6.6941],[80.0965,6.6997],[80.0957,6.7009],[80.0944,6.7012],[80.0962,6.7025],[80.0934,6.7075]]]]}},{"type":"Feature","properties":{"osm_id":"792112660","code":7229,"fclass":"farmland","name":null},"geometry":{"type":"MultiPolygon","coordinates":[[[[80.1031,6.692],[80.1053,6.6948],[80.1046,6.6955],[80.1069,6.6966],[80.1085,6.6956],[80.1081,6.6951],[80.1088,6.6934],[80.1085,6.6898],[80.1075,6.6949],[80.1067,6.6959],[80.1063,6.6948],[80.1047,6.6938],[80.105,6.6915],[80.1031,6.692]]]]}},{"type":"Feature","properties":{"osm_id":"792117073","code":7229,"fclass":"farmland","name":null},"geometry":{"type":"MultiPolygon","coordinates":[[[[80.1019,6.6879],[80.1023,6.6896],[80.1028,6.6891],[80.1034,6.6895],[80.1039,6.6856],[80.1035,6.6856],[80.1029,6.6875],[80.1019,6.6879]]]]}},{"type":"Feature","properties":{"osm_id":"792117381","code":7229,"fclass":"farmland","name":null},"geometry":{"type":"MultiPolygon","coordinates":[[[[80.0341,6.9609],[80.0347,6.9597],[80.0341,6.9609]]]]}},{"type":"Feature","properties":{"osm_id":"792117403","code":7229,"fclass":"farmland","name":null},"geometry":{"type":"MultiPolygon","coordinates":[[[[80.0325,6.9613],[80.0337,6.9611],[80.0325,6.9613]]]]}},{"type":"Feature","properties":{"osm_id":"792117404","code":7229,"fclass":"farmland","name":null},"geometry":{"type":"MultiPolygon","coordinates":[[[[80.0315,6.9605],[80.032,6.9612],[80.0321,6.9604],[80.0315,6.9605]]]]}},{"type":"Feature","properties":{"osm_id":"792117411","code":7229,"fclass":"farmland","name":null},"geometry":{"type":"MultiPolygon","coordinates":[[[[80.0321,6.9609],[80.033,6.9607],[80.0321,6.9609]]]]}},{"type":"Feature","properties":{"osm_id":"792175487","code":7229,"fclass":"farmland","name":null},"geometry":{"type":"MultiPolygon","coordinates":[[[[80.0291,6.9592],[80.0298,6.96],[80.0291,6.9592]]]]}},{"type":"Feature","properties":{"osm_id":"792191212","code":7229,"fclass":"farmland","name":null},"geometry":{"type":"MultiPolygon","coordinates":[[[[80.1291,6.7267],[80.1304,6.7286],[80.1321,6.7292],[80.1325,6.7287],[80.1319,6.7267],[80.1329,6.7261],[80.1351,6.7262],[80.135,6.7243],[80.1364,6.7233],[80.1352,6.7208],[80.1304,6.7192],[80.1294,6.7211],[80.1305,6.7199],[80.1325,6.7201],[80.1354,6.723],[80.1344,6.7241],[80.1334,6.7235],[80.1323,6.7252],[80.1291,6.7267]]]]}},{"type":"Feature","properties":{"osm_id":"792191213","code":7229,"fclass":"farmland","name":null},"geometry":{"type":"MultiPolygon","coordinates":[[[[80.1237,6.7194],[80.1248,6.7194],[80.1249,6.72],[80.1239,6.7246],[80.1256,6.7253],[80.1249,6.7243],[80.125,6.7228],[80.1257,6.7215],[80.1265,6.7215],[80.1259,6.7203],[80.1262,6.7163],[80.1256,6.716],[80.1245,6.717],[80.1248,6.7183],[80.1237,6.7194]]]]}},{"type":"Feature","properties":{"osm_id":"792505808","code":7229,"fclass":"farmland","name":null},"geometry":{"type":"MultiPolygon","coordinates":[[[[80.0935,6.6475],[80.0938,6.6491],[80.0945,6.6474],[80.0935,6.6475]]]]}},{"type":"Feature","properties":{"osm_id":"792505809","code":7229,"fclass":"farmland","name":null},"geometry":{"type":"MultiPolygon","coordinates":[[[[80.0958,6.6501],[80.0965,6.6506],[80.0973,6.6492],[80.0958,6.6501]]]]}},{"type":"Feature","properties":{"osm_id":"792505835","code":7229,"fclass":"farmland","name":null},"geometry":{"type":"MultiPolygon","coordinates":[[[[80.0959,6.6475],[80.0969,6.6478],[80.097,6.6468],[80.0975,6.6469],[80.098,6.6458],[80.097,6.6466],[80.096,6.6463],[80.0959,6.6475]]]]}},{"type":"Feature","properties":{"osm_id":"792505836","code":7229,"fclass":"farmland","name":null},"geometry":{"type":"MultiPolygon","coordinates":[[[[80.0976,6.6451],[80.0979,6.6448],[80.0976,6.6451]]]]}},{"type":"Feature","properties":{"osm_id":"792505837","code":7229,"fclass":"farmland","name":null},"geometry":{"type":"MultiPolygon","coordinates":[[[[80.098,6.6448],[80.0987,6.6444],[80.098,6.6448]]]]}},{"type":"Feature","properties":{"osm_id":"792505839","code":7229,"fclass":"farmland","name":null},"geometry":{"type":"MultiPolygon","coordinates":[[[[80.097,6.6472],[80.097,6.6478],[80.0977,6.648],[80.0983,6.6459],[80.097,6.6472]]]]}},{"type":"Feature","properties":{"osm_id":"792505840","code":7229,"fclass":"farmland","name":null},"geometry":{"type":"MultiPolygon","coordinates":[[[[80.0978,6.6481],[80.0985,6.649],[80.0978,6.6481]]]]}},{"type":"Feature","properties":{"osm_id":"792505841","code":7229,"fclass":"farmland","name":null},"geometry":{"type":"MultiPolygon","coordinates":[[[[80.0979,6.648],[80.0992,6.6492],[80.0987,6.6485],[80.0993,6.648],[80.0979,6.648]]]]}},{"type":"Feature","properties":{"osm_id":"792505844","code":7229,"fclass":"farmland","name":null},"geometry":{"type":"MultiPolygon","coordinates":[[[[80.0986,6.6498],[80.0991,6.6495],[80.0986,6.6498]]]]}},{"type":"Feature","properties":{"osm_id":"792505845","code":7229,"fclass":"farmland","name":null},"geometry":{"type":"MultiPolygon","coordinates":[[[[80.0992,6.6498],[80.0997,6.6502],[80.0999,6.6498],[80.0992,6.6498]]]]}},{"type":"Feature","properties":{"osm_id":"792505846","code":7229,"fclass":"farmland","name":null},"geometry":{"type":"MultiPolygon","coordinates":[[[[80.0998,6.6505],[80.1013,6.649],[80.0998,6.6505]]]]}},{"type":"Feature","properties":{"osm_id":"792505847","code":7229,"fclass":"farmland","name":null},"geometry":{"type":"MultiPolygon","coordinates":[[[[80.0994,6.6516],[80.1006,6.6515],[80.0994,6.6516]]]]}},{"type":"Feature","properties":{"osm_id":"792505850","code":7229,"fclass":"farmland","name":null},"geometry":{"type":"MultiPolygon","coordinates":[[[[80.0994,6.6537],[80.1006,6.6532],[80.1002,6.6522],[80.0994,6.6537]]]]}},{"type":"Feature","properties":{"osm_id":"792594747","code":7229,"fclass":"farmland","name":null},"geometry":{"type":"MultiPolygon","coordinates":[[[[80.0899,6.6175],[80.0912,6.6182],[80.0921,6.6179],[80.093,6.6169],[80.0925,6.6157],[80.0931,6.6142],[80.0935,6.614],[80.0944,6.615],[80.0948,6.6129],[80.0961,6.6121],[80.0964,6.6112],[80.0959,6.6108],[80.0934,6.6126],[80.0917,6.6115],[80.0912,6.6118],[80.0904,6.6129],[80.091,6.6156],[80.0899,6.6175]]]]}},{"type":"Feature","properties":{"osm_id":"792835101","code":7229,"fclass":"farmland","name":null},"geometry":{"type":"MultiPolygon","coordinates":[[[[80.0899,6.652],[80.0901,6.6528],[80.0924,6.6528],[80.0924,6.6519],[80.0899,6.652]]]]}},{"type":"Feature","properties":{"osm_id":"792846300","code":7229,"fclass":"farmland","name":null},"geometry":{"type":"MultiPolygon","coordinates":[[[[80.0989,6.6365],[80.1007,6.637],[80.1,6.6364],[80.1008,6.6346],[80.0989,6.6365]]]]}},{"type":"Feature","properties":{"osm_id":"792846339","code":7229,"fclass":"farmland","name":null},"geometry":{"type":"MultiPolygon","coordinates":[[[[80.0947,6.6358],[80.0969,6.641],[80.097,6.6399],[80.0992,6.6373],[80.0969,6.6394],[80.0953,6.6353],[80.0947,6.6358]]]]}},{"type":"Feature","properties":{"osm_id":"792846340","code":7229,"fclass":"farmland","name":null},"geometry":{"type":"MultiPolygon","coordinates":[[[[80.0939,6.6351],[80.0973,6.6357],[80.0978,6.6343],[80.096,6.6338],[80.0957,6.6321],[80.0939,6.6351]]]]}},{"type":"Feature","properties":{"osm_id":"792853898","code":7229,"fclass":"farmland","name":null},"geometry":{"type":"MultiPolygon","coordinates":[[[[80.0839,6.6188],[80.0846,6.62],[80.0841,6.6212],[80.0864,6.6218],[80.086,6.6233],[80.0848,6.6234],[80.0854,6.6244],[80.0849,6.6279],[80.0841,6.628],[80.0848,6.6287],[80.0868,6.6228],[80.0868,6.6214],[80.086,6.6205],[80.0872,6.6196],[80.0891,6.621],[80.0892,6.6234],[80.0887,6.6258],[80.0876,6.626],[80.0872,6.6273],[80.0884,6.627],[80.0901,6.6247],[80.0909,6.6246],[80.0909,6.6277],[80.0925,6.6304],[80.092,6.628],[80.0924,6.6272],[80.0918,6.6271],[80.0916,6.6257],[80.0936,6.6236],[80.0958,6.624],[80.0968,6.6248],[80.0968,6.6263],[80.0954,6.6275],[80.0966,6.6278],[80.0968,6.6286],[80.0977,6.6251],[80.1003,6.6256],[80.1009,6.6269],[80.1007,6.6256],[80.1019,6.6257],[80.1019,6.6249],[80.1007,6.624],[80.1008,6.6221],[80.0973,6.6238],[80.0965,6.6233],[80.0966,6.6215],[80.096,6.621],[80.0955,6.6227],[80.0936,6.6222],[80.0936,6.6209],[80.0945,6.62],[80.0921,6.6195],[80.0926,6.6181],[80.091,6.6183],[80.0903,6.6199],[80.088,6.6195],[80.089,6.6174],[80.0874,6.6166],[80.0865,6.6183],[80.0847,6.618],[80.0839,6.6188]]]]}},{"type":"Feature","properties":{"osm_id":"792855005","code":7229,"fclass":"farmland","name":null},"geometry":{"type":"MultiPolygon","coordinates":[[[[80.0617,6.6255],[80.0628,6.6275],[80.0635,6.6275],[80.0634,6.6267],[80.0641,6.6264],[80.0652,6.6285],[80.0675,6.628],[80.0671,6.6273],[80.0656,6.6275],[80.0652,6.6263],[80.0645,6.626],[80.0658,6.625],[80.0659,6.6231],[80.0654,6.6228],[80.0645,6.6253],[80.0631,6.6256],[80.062,6.6247],[80.0617,6.6255]]]]}},{"type":"Feature","properties":{"osm_id":"792858262","code":7229,"fclass":"farmland","name":null},"geometry":{"type":"MultiPolygon","coordinates":[[[[80.0522,6.6167],[80.0545,6.6182],[80.054,6.6197],[80.0554,6.6209],[80.0553,6.6214],[80.0568,6.6215],[80.0566,6.6224],[80.0551,6.6225],[80.0553,6.6236],[80.0563,6.6238],[80.0578,6.6264],[80.0586,6.6265],[80.0592,6.6251],[80.0581,6.6245],[80.0591,6.6245],[80.0573,6.624],[80.0571,6.623],[80.0583,6.6217],[80.0597,6.6217],[80.0598,6.6227],[80.0585,6.6239],[80.0589,6.6243],[80.0599,6.6235],[80.0603,6.6214],[80.0621,6.621],[80.0589,6.617],[80.0577,6.6177],[80.0563,6.617],[80.0548,6.617],[80.0533,6.6157],[80.0522,6.6167]]]]}},{"type":"Feature","properties":{"osm_id":"792948074","code":7229,"fclass":"farmland","name":null},"geometry":{"type":"MultiPolygon","coordinates":[[[[80.1001,6.6318],[80.1007,6.6298],[80.1005,6.6274],[80.1001,6.6318]]]]}},{"type":"Feature","properties":{"osm_id":"792965154","code":7229,"fclass":"farmland","name":null},"geometry":{"type":"MultiPolygon","coordinates":[[[[80.0922,6.6179],[80.0947,6.6189],[80.0931,6.617],[80.0922,6.6179]]]]}},{"type":"Feature","properties":{"osm_id":"792965155","code":7229,"fclass":"farmland","name":null},"geometry":{"type":"MultiPolygon","coordinates":[[[[80.0943,6.6198],[80.0953,6.6192],[80.0983,6.6143],[80.0957,6.6163],[80.0943,6.6198]]]]}},{"type":"Feature","properties":{"osm_id":"792967607","code":7229,"fclass":"farmland","name":null},"geometry":{"type":"MultiPolygon","coordinates":[[[[80.0999,6.6211],[80.1,6.6219],[80.1008,6.6216],[80.1021,6.6171],[80.1008,6.6178],[80.0999,6.6211]]]]}},{"type":"Feature","properties":{"osm_id":"793182013","code":7229,"fclass":"farmland","name":null},"geometry":{"type":"MultiPolygon","coordinates":[[[[80.0878,6.6398],[80.089,6.6424],[80.0904,6.6428],[80.09,6.6407],[80.0889,6.6406],[80.0889,6.6393],[80.09,6.6382],[80.0894,6.637],[80.0889,6.6368],[80.0878,6.6398]]]]}},{"type":"Feature","properties":{"osm_id":"793182017","code":7229,"fclass":"farmland","name":null},"geometry":{"type":"MultiPolygon","coordinates":[[[[80.0889,6.6368],[80.0894,6.637],[80.0901,6.6355],[80.0899,6.6318],[80.0889,6.6368]]]]}},{"type":"Feature","properties":{"osm_id":"793191081","code":7229,"fclass":"farmland","name":null},"geometry":{"type":"MultiPolygon","coordinates":[[[[80.0758,6.6416],[80.0764,6.6424],[80.0798,6.6409],[80.0791,6.6406],[80.0772,6.6411],[80.0762,6.6402],[80.0758,6.6416]]]]}},{"type":"Feature","properties":{"osm_id":"793198053","code":7229,"fclass":"farmland","name":null},"geometry":{"type":"MultiPolygon","coordinates":[[[[80.0765,6.6386],[80.0772,6.6402],[80.0781,6.6401],[80.0776,6.6383],[80.0765,6.6386]]]]}},{"type":"Feature","properties":{"osm_id":"793198062","code":7229,"fclass":"farmland","name":null},"geometry":{"type":"MultiPolygon","coordinates":[[[[80.072,6.6341],[80.0742,6.6361],[80.0739,6.635],[80.0748,6.6337],[80.072,6.6341]]]]}},{"type":"Feature","properties":{"osm_id":"793204189","code":7229,"fclass":"farmland","name":null},"geometry":{"type":"MultiPolygon","coordinates":[[[[80.0682,6.6259],[80.0687,6.6261],[80.0688,6.6253],[80.0682,6.6259]]]]}},{"type":"Feature","properties":{"osm_id":"793266285","code":7229,"fclass":"farmland","name":null},"geometry":{"type":"MultiPolygon","coordinates":[[[[80.088,6.6525],[80.0886,6.654],[80.0883,6.6526],[80.0898,6.653],[80.0888,6.652],[80.088,6.6525]]]]}},{"type":"Feature","properties":{"osm_id":"793266286","code":7229,"fclass":"farmland","name":null},"geometry":{"type":"MultiPolygon","coordinates":[[[[80.0847,6.654],[80.0859,6.6522],[80.0871,6.6519],[80.088,6.6534],[80.0885,6.6515],[80.0865,6.6512],[80.0861,6.65],[80.085,6.651],[80.0853,6.6522],[80.0847,6.654]]]]}},{"type":"Feature","properties":{"osm_id":"793272604","code":7229,"fclass":"farmland","name":null},"geometry":{"type":"MultiPolygon","coordinates":[[[[80.0777,6.6433],[80.0792,6.644],[80.08,6.6426],[80.0789,6.6425],[80.0777,6.6433]]]]}},{"type":"Feature","properties":{"osm_id":"793272605","code":7229,"fclass":"farmland","name":null},"geometry":{"type":"MultiPolygon","coordinates":[[[[80.0793,6.6439],[80.0805,6.6447],[80.0812,6.6438],[80.0806,6.6428],[80.0793,6.6439]]]]}},{"type":"Feature","properties":{"osm_id":"793272607","code":7229,"fclass":"farmland","name":null},"geometry":{"type":"MultiPolygon","coordinates":[[[[80.0803,6.6514],[80.0813,6.6464],[80.0803,6.6472],[80.0803,6.6514]]]]}},{"type":"Feature","properties":{"osm_id":"793272608","code":7229,"fclass":"farmland","name":null},"geometry":{"type":"MultiPolygon","coordinates":[[[[80.0795,6.6523],[80.0804,6.6527],[80.0812,6.6513],[80.0813,6.6466],[80.0805,6.6513],[80.0795,6.6523]]]]}},{"type":"Feature","properties":{"osm_id":"793272612","code":7229,"fclass":"farmland","name":null},"geometry":{"type":"MultiPolygon","coordinates":[[[[80.0844,6.6472],[80.0855,6.6478],[80.086,6.6469],[80.0855,6.6464],[80.086,6.6462],[80.0855,6.6459],[80.0844,6.6472]]]]}},{"type":"Feature","properties":{"osm_id":"793272613","code":7229,"fclass":"farmland","name":null},"geometry":{"type":"MultiPolygon","coordinates":[[[[80.0867,6.6481],[80.0873,6.6477],[80.0874,6.6484],[80.0877,6.6477],[80.0871,6.6472],[80.0867,6.6481]]]]}},{"type":"Feature","properties":{"osm_id":"793272614","code":7229,"fclass":"farmland","name":null},"geometry":{"type":"MultiPolygon","coordinates":[[[[80.088,6.6508],[80.0881,6.6513],[80.0893,6.6503],[80.088,6.6508]]]]}},{"type":"Feature","properties":{"osm_id":"793272615","code":7229,"fclass":"farmland","name":null},"geometry":{"type":"MultiPolygon","coordinates":[[[[80.0828,6.6479],[80.0838,6.6484],[80.0833,6.6471],[80.0828,6.6479]]]]}},{"type":"Feature","properties":{"osm_id":"793272616","code":7229,"fclass":"farmland","name":null},"geometry":{"type":"MultiPolygon","coordinates":[[[[80.0857,6.6485],[80.0864,6.649],[80.0863,6.6482],[80.0857,6.6485]]]]}},{"type":"Feature","properties":{"osm_id":"793273018","code":7229,"fclass":"farmland","name":null},"geometry":{"type":"MultiPolygon","coordinates":[[[[80.0794,6.6525],[80.0803,6.6554],[80.08,6.6541],[80.0805,6.6528],[80.0794,6.6525]]]]}},{"type":"Feature","properties":{"osm_id":"793370456","code":7229,"fclass":"farmland","name":null},"geometry":{"type":"MultiPolygon","coordinates":[[[[80.0675,6.6493],[80.0684,6.6493],[80.0694,6.6526],[80.0727,6.6539],[80.075,6.6521],[80.0758,6.6495],[80.0741,6.6485],[80.0729,6.6448],[80.0704,6.6459],[80.0701,6.6473],[80.0682,6.648],[80.0675,6.6493]]]]}},{"type":"Feature","properties":{"osm_id":"793370457","code":7229,"fclass":"farmland","name":null},"geometry":{"type":"MultiPolygon","coordinates":[[[[80.0697,6.6435],[80.0703,6.6458],[80.0716,6.6452],[80.0715,6.6442],[80.0733,6.6443],[80.0727,6.6428],[80.071,6.6439],[80.0697,6.6435]]]]}},{"type":"Feature","properties":{"osm_id":"793403278","code":7229,"fclass":"farmland","name":null},"geometry":{"type":"MultiPolygon","coordinates":[[[[80.1305,6.6359],[80.1316,6.6371],[80.132,6.6343],[80.1306,6.6342],[80.1305,6.6359]]]]}},{"type":"Feature","properties":{"osm_id":"793497280","code":7229,"fclass":"farmland","name":null},"geometry":{"type":"MultiPolygon","coordinates":[[[[80.1164,6.6511],[80.1169,6.6518],[80.1168,6.6536],[80.1197,6.6549],[80.1203,6.6541],[80.1178,6.653],[80.1173,6.6507],[80.1164,6.6511]]]]}},{"type":"Feature","properties":{"osm_id":"793497281","code":7229,"fclass":"farmland","name":null},"geometry":{"type":"MultiPolygon","coordinates":[[[[80.119,6.6495],[80.1201,6.6491],[80.1215,6.6513],[80.122,6.6512],[80.1218,6.6497],[80.1229,6.6494],[80.1239,6.647],[80.122,6.6489],[80.1215,6.6477],[80.1203,6.6478],[80.119,6.6495]]]]}},{"type":"Feature","properties":{"osm_id":"793499333","code":7229,"fclass":"farmland","name":null},"geometry":{"type":"MultiPolygon","coordinates":[[[[80.1233,6.6625],[80.1244,6.6634],[80.125,6.6631],[80.1246,6.6624],[80.1253,6.6609],[80.1258,6.6607],[80.1265,6.6618],[80.1268,6.6605],[80.1274,6.6606],[80.1271,6.6626],[80.1282,6.661],[80.1287,6.662],[80.1294,6.6619],[80.1303,6.6598],[80.1288,6.6595],[80.1293,6.6577],[80.1278,6.6578],[80.1268,6.6589],[80.1243,6.6584],[80.1246,6.6608],[80.1233,6.6625]]]]}},{"type":"Feature","properties":{"osm_id":"793499334","code":7229,"fclass":"farmland","name":null},"geometry":{"type":"MultiPolygon","coordinates":[[[[80.1197,6.6549],[80.1206,6.6566],[80.1212,6.6565],[80.1212,6.6573],[80.122,6.6576],[80.1218,6.6585],[80.1223,6.6591],[80.123,6.6596],[80.1232,6.659],[80.124,6.6592],[80.123,6.6547],[80.122,6.6558],[80.1213,6.6554],[80.1221,6.6517],[80.1197,6.6549]]]]}},{"type":"Feature","properties":{"osm_id":"793507948","code":7229,"fclass":"farmland","name":null},"geometry":{"type":"MultiPolygon","coordinates":[[[[80.1088,6.6609],[80.11,6.6616],[80.1099,6.6629],[80.1105,6.6634],[80.1127,6.6639],[80.1135,6.6661],[80.1134,6.6643],[80.1115,6.662],[80.1126,6.6606],[80.1141,6.6604],[80.1141,6.6597],[80.1125,6.6592],[80.1121,6.6576],[80.1104,6.6601],[80.1088,6.6609]]]]}},{"type":"Feature","properties":{"osm_id":"793922314","code":7229,"fclass":"farmland","name":null},"geometry":{"type":"MultiPolygon","coordinates":[[[[80.0831,6.6615],[80.0853,6.6623],[80.0843,6.6647],[80.086,6.6629],[80.0892,6.6629],[80.089,6.6622],[80.0854,6.6617],[80.0836,6.6605],[80.0831,6.6615]]]]}},{"type":"Feature","properties":{"osm_id":"793922315","code":7229,"fclass":"farmland","name":null},"geometry":{"type":"MultiPolygon","coordinates":[[[[80.0818,6.6595],[80.0826,6.66],[80.084,6.6567],[80.0818,6.6595]]]]}},{"type":"Feature","properties":{"osm_id":"793933557","code":7229,"fclass":"farmland","name":null},"geometry":{"type":"MultiPolygon","coordinates":[[[[80.0659,6.6578],[80.0664,6.6589],[80.0682,6.6573],[80.0702,6.6575],[80.0696,6.6563],[80.0716,6.6547],[80.0709,6.6542],[80.0699,6.6551],[80.0702,6.6532],[80.0686,6.6526],[80.0674,6.6536],[80.0681,6.6538],[80.0682,6.6562],[80.0668,6.6564],[80.0668,6.6571],[80.0659,6.6578]]]]}},{"type":"Feature","properties":{"osm_id":"793933558","code":7229,"fclass":"farmland","name":null},"geometry":{"type":"MultiPolygon","coordinates":[[[[80.0786,6.6663],[80.0797,6.6678],[80.0794,6.6688],[80.0816,6.6698],[80.0822,6.6692],[80.0827,6.6695],[80.083,6.6682],[80.0816,6.6684],[80.0806,6.667],[80.0805,6.6661],[80.0815,6.665],[80.0805,6.6653],[80.0809,6.6641],[80.0802,6.6634],[80.083,6.6611],[80.082,6.6597],[80.0811,6.6596],[80.0812,6.6605],[80.0804,6.6616],[80.0803,6.6607],[80.0799,6.6607],[80.0786,6.6663]]]]}},{"type":"Feature","properties":{"osm_id":"794444844","code":7229,"fclass":"farmland","name":null},"geometry":{"type":"MultiPolygon","coordinates":[[[[80.0923,6.6697],[80.0945,6.6721],[80.0954,6.6721],[80.0956,6.6711],[80.0944,6.6704],[80.0947,6.67],[80.0968,6.672],[80.0971,6.6709],[80.0982,6.6713],[80.0983,6.6725],[80.0994,6.673],[80.1005,6.6719],[80.1009,6.6704],[80.1018,6.6708],[80.1022,6.6685],[80.1019,6.6677],[80.0999,6.6681],[80.0989,6.6664],[80.0976,6.6659],[80.0959,6.6684],[80.0945,6.6665],[80.0948,6.6687],[80.0923,6.6697]]]]}},{"type":"Feature","properties":{"osm_id":"11021369","code":7229,"fclass":"farmland","name":null},"geometry":{"type":"MultiPolygon","coordinates":[[[[80.0962,6.6629],[80.0965,6.6635],[80.0978,6.6636],[80.0977,6.6659],[80.0993,6.6666],[80.1006,6.6648],[80.102,6.6654],[80.1034,6.6649],[80.104,6.6625],[80.1034,6.661],[80.1026,6.6638],[80.1016,6.6644],[80.0983,6.6629],[80.0962,6.6629]],[[80.0982,6.6646],[80.0993,6.6638],[80.1,6.6649],[80.0995,6.6654],[80.099,6.6647],[80.0993,6.6653],[80.0986,6.6657],[80.0982,6.6646]]]]}},{"type":"Feature","properties":{"osm_id":"794450353","code":7229,"fclass":"farmland","name":null},"geometry":{"type":"MultiPolygon","coordinates":[[[[80.0843,6.6749],[80.0847,6.6757],[80.0863,6.6749],[80.0858,6.673],[80.0843,6.6749]]]]}},{"type":"Feature","properties":{"osm_id":"794871166","code":7229,"fclass":"farmland","name":null},"geometry":{"type":"MultiPolygon","coordinates":[[[[80.0994,6.7147],[80.1,6.7153],[80.0994,6.7147]]]]}},{"type":"Feature","properties":{"osm_id":"11057924","code":7229,"fclass":"farmland","name":null},"geometry":{"type":"MultiPolygon","coordinates":[[[[80.1004,6.7232],[80.1017,6.7236],[80.1022,6.7228],[80.1031,6.7227],[80.1045,6.7239],[80.1028,6.7245],[80.1033,6.7263],[80.101,6.7302],[80.1015,6.7306],[80.1033,6.7274],[80.105,6.7264],[80.1052,6.7242],[80.1063,6.7242],[80.1063,6.7254],[80.1081,6.7241],[80.1055,6.7216],[80.1049,6.7175],[80.1045,6.722],[80.1027,6.7223],[80.1024,6.7215],[80.1013,6.7214],[80.1012,6.719],[80.1008,6.719],[80.1005,6.7211],[80.1012,6.7226],[80.1004,6.7232]]]]}},{"type":"Feature","properties":{"osm_id":"795316850","code":7229,"fclass":"farmland","name":null},"geometry":{"type":"MultiPolygon","coordinates":[[[[80.097,6.7079],[80.0991,6.7075],[80.0981,6.7066],[80.097,6.7079]]]]}},{"type":"Feature","properties":{"osm_id":"795472676","code":7229,"fclass":"farmland","name":null},"geometry":{"type":"MultiPolygon","coordinates":[[[[80.0456,6.6743],[80.0465,6.6744],[80.0472,6.6734],[80.0489,6.6739],[80.0474,6.6724],[80.0484,6.6716],[80.0482,6.6725],[80.0493,6.6727],[80.0496,6.6737],[80.0494,6.672],[80.0499,6.6716],[80.0524,6.673],[80.0517,6.6713],[80.0524,6.671],[80.0513,6.6702],[80.0505,6.6674],[80.0487,6.6685],[80.0488,6.6693],[80.048,6.6695],[80.0465,6.6718],[80.0467,6.6724],[80.0456,6.6732],[80.0461,6.6738],[80.0456,6.6743]]]]}},{"type":"Feature","properties":{"osm_id":"795472677","code":7229,"fclass":"farmland","name":null},"geometry":{"type":"MultiPolygon","coordinates":[[[[80.0383,6.6567],[80.041,6.6563],[80.0404,6.6582],[80.0421,6.6582],[80.0422,6.6608],[80.0431,6.6626],[80.0439,6.6623],[80.0438,6.6612],[80.0444,6.6613],[80.0446,6.6634],[80.0419,6.6641],[80.0424,6.6661],[80.0445,6.6668],[80.0446,6.6677],[80.0468,6.6686],[80.0477,6.6679],[80.0477,6.6666],[80.0489,6.667],[80.0485,6.6684],[80.0507,6.6672],[80.0503,6.6669],[80.0508,6.6659],[80.0499,6.6644],[80.0508,6.664],[80.0511,6.6617],[80.049,6.6631],[80.046,6.658],[80.0427,6.6564],[80.0424,6.6552],[80.0418,6.6554],[80.0416,6.6548],[80.0403,6.6545],[80.04,6.656],[80.0386,6.656],[80.0383,6.6567]]]]}},{"type":"Feature","properties":{"osm_id":"795555111","code":7229,"fclass":"farmland","name":null},"geometry":{"type":"MultiPolygon","coordinates":[[[[80.076,6.6919],[80.077,6.6924],[80.0764,6.6928],[80.0767,6.6931],[80.0785,6.6936],[80.0782,6.6922],[80.0771,6.6922],[80.0768,6.6914],[80.076,6.6919]]]]}},{"type":"Feature","properties":{"osm_id":"795555112","code":7229,"fclass":"farmland","name":null},"geometry":{"type":"MultiPolygon","coordinates":[[[[80.0785,6.6912],[80.0789,6.6907],[80.0785,6.6912]]]]}},{"type":"Feature","properties":{"osm_id":"795555113","code":7229,"fclass":"farmland","name":null},"geometry":{"type":"MultiPolygon","coordinates":[[[[80.0646,6.6924],[80.0647,6.6934],[80.0671,6.6938],[80.071,6.6932],[80.0757,6.6936],[80.0758,6.6928],[80.0749,6.6925],[80.0741,6.6908],[80.0739,6.6916],[80.07,6.6927],[80.0646,6.6924]]]]}},{"type":"Feature","properties":{"osm_id":"795559642","code":7229,"fclass":"farmland","name":null},"geometry":{"type":"MultiPolygon","coordinates":[[[[80.0616,6.6933],[80.0622,6.6942],[80.0635,6.6932],[80.063,6.6947],[80.062,6.695],[80.0621,6.6959],[80.0633,6.6941],[80.0646,6.6935],[80.0642,6.692],[80.0637,6.6919],[80.0623,6.6921],[80.0621,6.6928],[80.0627,6.693],[80.0616,6.6933]]]]}},{"type":"Feature","properties":{"osm_id":"796246845","code":7229,"fclass":"farmland","name":null},"geometry":{"type":"MultiPolygon","coordinates":[[[[80.0767,6.6581],[80.0771,6.6587],[80.0783,6.658],[80.08,6.6586],[80.0794,6.6568],[80.0773,6.6569],[80.0767,6.6581]]]]}},{"type":"Feature","properties":{"osm_id":"796246861","code":7229,"fclass":"farmland","name":null},"geometry":{"type":"MultiPolygon","coordinates":[[[[80.0705,6.6564],[80.0713,6.6576],[80.0721,6.6576],[80.0728,6.6568],[80.0726,6.6553],[80.0719,6.6566],[80.0713,6.6559],[80.0705,6.6564]]]]}},{"type":"Feature","properties":{"osm_id":"796246862","code":7229,"fclass":"farmland","name":null},"geometry":{"type":"MultiPolygon","coordinates":[[[[80.0739,6.6564],[80.074,6.657],[80.0761,6.6574],[80.0766,6.658],[80.0766,6.6569],[80.0755,6.6558],[80.0742,6.6554],[80.0739,6.6564]]]]}},{"type":"Feature","properties":{"osm_id":"796246895","code":7229,"fclass":"farmland","name":null},"geometry":{"type":"MultiPolygon","coordinates":[[[[80.0722,6.6603],[80.0722,6.6609],[80.073,6.6609],[80.0732,6.6596],[80.0724,6.6595],[80.0722,6.6603]]]]}},{"type":"Feature","properties":{"osm_id":"796246896","code":7229,"fclass":"farmland","name":null},"geometry":{"type":"MultiPolygon","coordinates":[[[[80.0736,6.6589],[80.0744,6.6599],[80.0754,6.6591],[80.0736,6.6589]]]]}},{"type":"Feature","properties":{"osm_id":"796352549","code":7229,"fclass":"farmland","name":null},"geometry":{"type":"MultiPolygon","coordinates":[[[[80.083,6.6815],[80.086,6.6825],[80.0858,6.6835],[80.0842,6.6838],[80.0863,6.6843],[80.0858,6.6855],[80.0843,6.685],[80.0851,6.6863],[80.0872,6.6862],[80.0868,6.684],[80.0881,6.6824],[80.085,6.6813],[80.083,6.6815]]]]}},{"type":"Feature","properties":{"osm_id":"796352569","code":7229,"fclass":"farmland","name":null},"geometry":{"type":"MultiPolygon","coordinates":[[[[80.0847,6.679],[80.0875,6.6794],[80.0879,6.6777],[80.0875,6.6774],[80.0863,6.6787],[80.0847,6.679]]]]}},{"type":"Feature","properties":{"osm_id":"796352570","code":7229,"fclass":"farmland","name":null},"geometry":{"type":"MultiPolygon","coordinates":[[[[80.0843,6.6771],[80.0852,6.6778],[80.0861,6.6773],[80.0861,6.6755],[80.0848,6.6757],[80.0849,6.6768],[80.0843,6.6771]]]]}},{"type":"Feature","properties":{"osm_id":"796426218","code":7229,"fclass":"farmland","name":null},"geometry":{"type":"MultiPolygon","coordinates":[[[[80.0846,6.6889],[80.0857,6.6891],[80.0867,6.687],[80.0846,6.6889]]]]}},{"type":"Feature","properties":{"osm_id":"796426219","code":7229,"fclass":"farmland","name":null},"geometry":{"type":"MultiPolygon","coordinates":[[[[80.0758,6.6855],[80.0762,6.6867],[80.0763,6.6856],[80.0776,6.6841],[80.0782,6.6843],[80.0784,6.6854],[80.0803,6.6847],[80.0812,6.6818],[80.0799,6.6815],[80.0797,6.6822],[80.0769,6.6834],[80.0758,6.6855]]]]}},{"type":"Feature","properties":{"osm_id":"796426220","code":7229,"fclass":"farmland","name":null},"geometry":{"type":"MultiPolygon","coordinates":[[[[80.0791,6.6772],[80.0798,6.6809],[80.081,6.6817],[80.081,6.6772],[80.0791,6.6772]]]]}},{"type":"Feature","properties":{"osm_id":"796436307","code":7229,"fclass":"farmland","name":null},"geometry":{"type":"MultiPolygon","coordinates":[[[[80.0762,6.6661],[80.0769,6.6666],[80.0782,6.6656],[80.0763,6.6653],[80.0762,6.6661]]]]}},{"type":"Feature","properties":{"osm_id":"796436308","code":7229,"fclass":"farmland","name":null},"geometry":{"type":"MultiPolygon","coordinates":[[[[80.0745,6.6646],[80.0768,6.6653],[80.0787,6.6644],[80.0766,6.6644],[80.0763,6.6638],[80.0745,6.6646]]]]}},{"type":"Feature","properties":{"osm_id":"796436309","code":7229,"fclass":"farmland","name":null},"geometry":{"type":"MultiPolygon","coordinates":[[[[80.0722,6.6636],[80.0743,6.6648],[80.0734,6.664],[80.0736,6.6628],[80.0722,6.6636]]]]}},{"type":"Feature","properties":{"osm_id":"796436310","code":7229,"fclass":"farmland","name":null},"geometry":{"type":"MultiPolygon","coordinates":[[[[80.0651,6.665],[80.0652,6.6655],[80.066,6.6651],[80.0668,6.6638],[80.0663,6.6634],[80.0651,6.665]]]]}},{"type":"Feature","properties":{"osm_id":"796436312","code":7229,"fclass":"farmland","name":null},"geometry":{"type":"MultiPolygon","coordinates":[[[[80.0663,6.6634],[80.0669,6.6638],[80.0688,6.6635],[80.0692,6.6625],[80.0685,6.6618],[80.0671,6.6627],[80.0672,6.662],[80.0666,6.6619],[80.0663,6.6634]]]]}},{"type":"Feature","properties":{"osm_id":"796436315","code":7229,"fclass":"farmland","name":null},"geometry":{"type":"MultiPolygon","coordinates":[[[[80.0672,6.6605],[80.0687,6.6611],[80.0696,6.6627],[80.0718,6.6627],[80.0715,6.6611],[80.0721,6.661],[80.0721,6.6601],[80.0713,6.66],[80.0717,6.6589],[80.0703,6.6573],[80.0705,6.6584],[80.0696,6.6577],[80.0693,6.6587],[80.0687,6.6586],[80.0672,6.6605]]]]}},{"type":"Feature","properties":{"osm_id":"796487502","code":7229,"fclass":"farmland","name":null},"geometry":{"type":"MultiPolygon","coordinates":[[[[80.0591,6.6516],[80.0606,6.6517],[80.0613,6.6498],[80.0627,6.6499],[80.0634,6.649],[80.0654,6.6491],[80.0673,6.6474],[80.0663,6.6451],[80.0655,6.645],[80.0659,6.646],[80.0651,6.6473],[80.0638,6.648],[80.0633,6.6474],[80.0623,6.6477],[80.0612,6.6488],[80.0595,6.6491],[80.0597,6.6507],[80.0591,6.6516]]]]}},{"type":"Feature","properties":{"osm_id":"796487503","code":7229,"fclass":"farmland","name":null},"geometry":{"type":"MultiPolygon","coordinates":[[[[80.0545,6.6496],[80.056,6.6523],[80.0573,6.6521],[80.0582,6.6532],[80.061,6.6544],[80.0614,6.6555],[80.0623,6.6544],[80.0623,6.6536],[80.0618,6.6537],[80.0605,6.6518],[80.0571,6.6509],[80.0564,6.6492],[80.0552,6.6487],[80.0545,6.6496]]]]}},{"type":"Feature","properties":{"osm_id":"796500150","code":7229,"fclass":"farmland","name":null},"geometry":{"type":"MultiPolygon","coordinates":[[[[80.0583,6.6367],[80.0597,6.6371],[80.06,6.636],[80.0607,6.6361],[80.0608,6.6373],[80.0601,6.6378],[80.0612,6.638],[80.0613,6.6387],[80.0604,6.6386],[80.0617,6.6393],[80.0616,6.6364],[80.062,6.636],[80.0615,6.6346],[80.0589,6.635],[80.0583,6.6367]]]]}},{"type":"Feature","properties":{"osm_id":"796700833","code":7229,"fclass":"farmland","name":null},"geometry":{"type":"MultiPolygon","coordinates":[[[[80.0585,6.6436],[80.0601,6.6447],[80.0619,6.645],[80.061,6.6426],[80.0629,6.6417],[80.0607,6.6406],[80.0609,6.6397],[80.0594,6.6395],[80.0588,6.6402],[80.0607,6.6416],[80.0597,6.6424],[80.0596,6.6437],[80.0585,6.6436]]]]}},{"type":"Feature","properties":{"osm_id":"796702957","code":7229,"fclass":"farmland","name":null},"geometry":{"type":"MultiPolygon","coordinates":[[[[80.0551,6.6451],[80.0559,6.6461],[80.0564,6.6456],[80.0563,6.6445],[80.0574,6.6449],[80.0577,6.6442],[80.0559,6.6441],[80.0551,6.6451]]]]}},{"type":"Feature","properties":{"osm_id":"796702958","code":7229,"fclass":"farmland","name":null},"geometry":{"type":"MultiPolygon","coordinates":[[[[80.0578,6.6442],[80.0602,6.6465],[80.0619,6.645],[80.0578,6.6442]]]]}},{"type":"Feature","properties":{"osm_id":"796703166","code":7229,"fclass":"farmland","name":null},"geometry":{"type":"MultiPolygon","coordinates":[[[[80.0501,6.6466],[80.053,6.6481],[80.0528,6.6471],[80.0512,6.6469],[80.0515,6.6443],[80.0501,6.6466]]]]}},{"type":"Feature","properties":{"osm_id":"796704269","code":7229,"fclass":"farmland","name":null},"geometry":{"type":"MultiPolygon","coordinates":[[[[80.0515,6.6558],[80.0525,6.6565],[80.0536,6.6546],[80.0533,6.6534],[80.0524,6.6545],[80.0517,6.6545],[80.0515,6.6558]]]]}},{"type":"Feature","properties":{"osm_id":"797549090","code":7229,"fclass":"farmland","name":null},"geometry":{"type":"MultiPolygon","coordinates":[[[[80.0566,6.6614],[80.0591,6.6619],[80.0571,6.6605],[80.0566,6.6614]]]]}},{"type":"Feature","properties":{"osm_id":"797549091","code":7229,"fclass":"farmland","name":null},"geometry":{"type":"MultiPolygon","coordinates":[[[[80.0557,6.6613],[80.0564,6.6613],[80.0565,6.6596],[80.0557,6.6613]]]]}},{"type":"Feature","properties":{"osm_id":"797549092","code":7229,"fclass":"farmland","name":null},"geometry":{"type":"MultiPolygon","coordinates":[[[[80.0506,6.6607],[80.051,6.6609],[80.0518,6.6598],[80.0536,6.6604],[80.0536,6.6574],[80.0519,6.6574],[80.0515,6.6567],[80.0511,6.658],[80.0517,6.659],[80.0506,6.6607]]]]}},{"type":"Feature","properties":{"osm_id":"797549093","code":7229,"fclass":"farmland","name":null},"geometry":{"type":"MultiPolygon","coordinates":[[[[80.0534,6.6534],[80.0548,6.6561],[80.0564,6.6569],[80.056,6.6577],[80.0541,6.6567],[80.0537,6.6574],[80.054,6.6607],[80.0548,6.6596],[80.0558,6.6597],[80.0589,6.6579],[80.0549,6.6509],[80.0534,6.6534]]]]}},{"type":"Feature","properties":{"osm_id":"797576346","code":7229,"fclass":"farmland","name":null},"geometry":{"type":"MultiPolygon","coordinates":[[[[80.0588,6.6585],[80.0641,6.6602],[80.0666,6.6602],[80.0658,6.6579],[80.0652,6.6587],[80.0644,6.6587],[80.0636,6.6577],[80.0643,6.6568],[80.0627,6.6562],[80.062,6.6579],[80.06,6.6574],[80.0588,6.6585]]]]}},{"type":"Feature","properties":{"osm_id":"798083265","code":7229,"fclass":"farmland","name":null},"geometry":{"type":"MultiPolygon","coordinates":[[[[80.0651,6.6825],[80.0663,6.6849],[80.0668,6.6839],[80.0697,6.6835],[80.0677,6.6834],[80.0675,6.6812],[80.0703,6.6718],[80.0695,6.6716],[80.0684,6.6745],[80.069,6.6752],[80.0683,6.6754],[80.067,6.6776],[80.0651,6.6825]]]]}},{"type":"Feature","properties":{"osm_id":"798083266","code":7229,"fclass":"farmland","name":null},"geometry":{"type":"MultiPolygon","coordinates":[[[[80.0589,6.684],[80.0592,6.6848],[80.0602,6.6844],[80.0607,6.6833],[80.0597,6.683],[80.0589,6.684]]]]}},{"type":"Feature","properties":{"osm_id":"798083267","code":7229,"fclass":"farmland","name":null},"geometry":{"type":"MultiPolygon","coordinates":[[[[80.057,6.6852],[80.0582,6.6864],[80.0591,6.685],[80.0588,6.684],[80.057,6.6852]]]]}},{"type":"Feature","properties":{"osm_id":"798437755","code":7229,"fclass":"farmland","name":null},"geometry":{"type":"MultiPolygon","coordinates":[[[[80.0855,6.6928],[80.0862,6.693],[80.0884,6.69],[80.0901,6.6901],[80.0908,6.6893],[80.0906,6.6877],[80.0883,6.6877],[80.088,6.689],[80.0863,6.6897],[80.0866,6.6909],[80.0857,6.6911],[80.0855,6.6928]]]]}},{"type":"Feature","properties":{"osm_id":"798438124","code":7229,"fclass":"farmland","name":null},"geometry":{"type":"MultiPolygon","coordinates":[[[[80.0876,6.6925],[80.0876,6.6932],[80.0898,6.6941],[80.0909,6.6939],[80.0919,6.6954],[80.0914,6.6984],[80.0924,6.6974],[80.093,6.6988],[80.0916,6.6931],[80.0883,6.6921],[80.0876,6.6925]]]]}},{"type":"Feature","properties":{"osm_id":"798471733","code":7229,"fclass":"farmland","name":null},"geometry":{"type":"MultiPolygon","coordinates":[[[[80.0486,6.6754],[80.0493,6.6755],[80.0491,6.674],[80.0486,6.6754]]]]}},{"type":"Feature","properties":{"osm_id":"798633836","code":7229,"fclass":"farmland","name":null},"geometry":{"type":"MultiPolygon","coordinates":[[[[80.0601,6.6948],[80.0609,6.695],[80.0607,6.6944],[80.0601,6.6948]]]]}},{"type":"Feature","properties":{"osm_id":"798633838","code":7229,"fclass":"farmland","name":null},"geometry":{"type":"MultiPolygon","coordinates":[[[[80.0596,6.6959],[80.0601,6.6962],[80.0607,6.6955],[80.0615,6.6961],[80.061,6.6986],[80.0621,6.696],[80.0604,6.6951],[80.0596,6.6959]]]]}},{"type":"Feature","properties":{"osm_id":"798633861","code":7229,"fclass":"farmland","name":null},"geometry":{"type":"MultiPolygon","coordinates":[[[[80.0601,6.6929],[80.0618,6.6928],[80.0623,6.6921],[80.0607,6.6918],[80.061,6.6922],[80.0601,6.6929]]]]}},{"type":"Feature","properties":{"osm_id":"798637237","code":7229,"fclass":"farmland","name":null},"geometry":{"type":"MultiPolygon","coordinates":[[[[80.0556,6.6912],[80.0558,6.6916],[80.0572,6.6908],[80.0556,6.6912]]]]}},{"type":"Feature","properties":{"osm_id":"798637238","code":7229,"fclass":"farmland","name":null},"geometry":{"type":"MultiPolygon","coordinates":[[[[80.0555,6.6898],[80.0576,6.6907],[80.0576,6.6899],[80.0555,6.6898]]]]}},{"type":"Feature","properties":{"osm_id":"798637239","code":7229,"fclass":"farmland","name":null},"geometry":{"type":"MultiPolygon","coordinates":[[[[80.0576,6.6907],[80.0588,6.6911],[80.0589,6.6907],[80.0578,6.6901],[80.0576,6.6907]]]]}},{"type":"Feature","properties":{"osm_id":"798637240","code":7229,"fclass":"farmland","name":null},"geometry":{"type":"MultiPolygon","coordinates":[[[[80.0588,6.6912],[80.061,6.6916],[80.059,6.6907],[80.0588,6.6912]]]]}},{"type":"Feature","properties":{"osm_id":"798859367","code":7229,"fclass":"farmland","name":null},"geometry":{"type":"MultiPolygon","coordinates":[[[[80.0968,6.7268],[80.0975,6.7278],[80.0984,6.7267],[80.0984,6.7251],[80.1,6.7245],[80.1001,6.7239],[80.098,6.724],[80.0968,6.7268]]]]}},{"type":"Feature","properties":{"osm_id":"798859368","code":7229,"fclass":"farmland","name":null},"geometry":{"type":"MultiPolygon","coordinates":[[[[80.0918,6.7212],[80.0937,6.7218],[80.0931,6.7229],[80.0947,6.7226],[80.0978,6.7248],[80.0989,6.7224],[80.0985,6.7199],[80.0981,6.7225],[80.0974,6.7231],[80.0964,6.7229],[80.0944,6.7207],[80.0918,6.7212]]]]}},{"type":"Feature","properties":{"osm_id":"798863712","code":7229,"fclass":"farmland","name":null},"geometry":{"type":"MultiPolygon","coordinates":[[[[80.1126,6.725],[80.1146,6.7269],[80.1146,6.7277],[80.1155,6.7277],[80.1165,6.7243],[80.1154,6.7253],[80.1142,6.7252],[80.1148,6.7223],[80.1143,6.721],[80.114,6.7229],[80.1126,6.725]]]]}},{"type":"Feature","properties":{"osm_id":"798864267","code":7229,"fclass":"farmland","name":null},"geometry":{"type":"MultiPolygon","coordinates":[[[[80.105,6.7262],[80.1069,6.7255],[80.105,6.7262]]]]}},{"type":"Feature","properties":{"osm_id":"799308601","code":7229,"fclass":"farmland","name":null},"geometry":{"type":"MultiPolygon","coordinates":[[[[80.1433,6.6357],[80.1457,6.6347],[80.1443,6.6347],[80.1433,6.6357]]]]}},{"type":"Feature","properties":{"osm_id":"799321248","code":7229,"fclass":"farmland","name":null},"geometry":{"type":"MultiPolygon","coordinates":[[[[80.156,6.6101],[80.1564,6.6111],[80.1576,6.6106],[80.1587,6.6113],[80.1579,6.6141],[80.1566,6.6135],[80.1564,6.6157],[80.1573,6.6167],[80.159,6.6168],[80.1596,6.6154],[80.1587,6.6151],[80.161,6.6125],[80.1604,6.6116],[80.1611,6.6098],[80.1595,6.6084],[80.1594,6.6064],[80.1584,6.607],[80.1581,6.6058],[80.1573,6.6061],[80.1576,6.607],[80.1569,6.6077],[80.1583,6.6086],[80.1585,6.6095],[80.156,6.6101]]]]}},{"type":"Feature","properties":{"osm_id":"799321249","code":7229,"fclass":"farmland","name":null},"geometry":{"type":"MultiPolygon","coordinates":[[[[80.1511,6.6242],[80.1525,6.6237],[80.1535,6.6242],[80.1518,6.6269],[80.153,6.6278],[80.1527,6.6264],[80.1532,6.6255],[80.1548,6.6259],[80.1551,6.6269],[80.1537,6.6292],[80.156,6.627],[80.1593,6.6259],[80.1594,6.6201],[80.1585,6.6182],[80.159,6.6169],[80.1573,6.6168],[80.1561,6.6175],[80.1576,6.625],[80.1571,6.6243],[80.1554,6.6244],[80.1531,6.6234],[80.1536,6.6184],[80.1529,6.6225],[80.1514,6.6221],[80.1519,6.6228],[80.1511,6.6242]]]]}},{"type":"Feature","properties":{"osm_id":"799321250","code":7229,"fclass":"farmland","name":null},"geometry":{"type":"MultiPolygon","coordinates":[[[[80.1466,6.6341],[80.1475,6.6342],[80.1474,6.6333],[80.1466,6.6341]]]]}},{"type":"Feature","properties":{"osm_id":"799321251","code":7229,"fclass":"farmland","name":null},"geometry":{"type":"MultiPolygon","coordinates":[[[[80.1453,6.6318],[80.1476,6.6329],[80.1493,6.6306],[80.1514,6.6314],[80.1496,6.6302],[80.1486,6.6308],[80.1487,6.6299],[80.1464,6.6286],[80.1467,6.6301],[80.1453,6.6318]]]]}},{"type":"Feature","properties":{"osm_id":"799321253","code":7229,"fclass":"farmland","name":null},"geometry":{"type":"MultiPolygon","coordinates":[[[[80.1456,6.6199],[80.1456,6.6208],[80.1466,6.6197],[80.1469,6.6201],[80.1464,6.6227],[80.147,6.6244],[80.1458,6.6278],[80.1486,6.6296],[80.15,6.6281],[80.1481,6.6286],[80.1488,6.6268],[80.1483,6.6264],[80.1488,6.6235],[80.1484,6.6222],[80.1497,6.6206],[80.1483,6.6208],[80.1483,6.6167],[80.1469,6.6165],[80.1456,6.6199]]]]}},{"type":"Feature","properties":{"osm_id":"799321254","code":7229,"fclass":"farmland","name":null},"geometry":{"type":"MultiPolygon","coordinates":[[[[80.1465,6.6161],[80.1483,6.6166],[80.1487,6.6161],[80.1483,6.615],[80.1507,6.6139],[80.1483,6.6143],[80.1499,6.6126],[80.1482,6.6126],[80.149,6.6087],[80.1484,6.6073],[80.1473,6.6072],[80.1475,6.612],[80.1465,6.6161]]]]}},{"type":"Feature","properties":{"osm_id":"799321256","code":7229,"fclass":"farmland","name":null},"geometry":{"type":"MultiPolygon","coordinates":[[[[80.1467,6.6056],[80.1473,6.6072],[80.1484,6.6072],[80.1485,6.6054],[80.1467,6.6056]]]]}},{"type":"Feature","properties":{"osm_id":"799321595","code":7229,"fclass":"farmland","name":null},"geometry":{"type":"MultiPolygon","coordinates":[[[[80.142,6.6267],[80.1423,6.627],[80.1431,6.626],[80.1444,6.6263],[80.1458,6.6278],[80.1462,6.6271],[80.1447,6.6257],[80.1446,6.6239],[80.1434,6.6253],[80.1423,6.6255],[80.142,6.6267]]]]}},{"type":"Feature","properties":{"osm_id":"807842061","code":7229,"fclass":"farmland","name":null},"geometry":{"type":"MultiPolygon","coordinates":[[[[80.2809,6.3786],[80.2818,6.3786],[80.2815,6.3767],[80.2816,6.3782],[80.2809,6.3786]]]]}},{"type":"Feature","properties":{"osm_id":"807842062","code":7229,"fclass":"farmland","name":null},"geometry":{"type":"MultiPolygon","coordinates":[[[[80.2777,6.3793],[80.2787,6.3792],[80.2777,6.3793]]]]}},{"type":"Feature","properties":{"osm_id":"807842063","code":7229,"fclass":"farmland","name":null},"geometry":{"type":"MultiPolygon","coordinates":[[[[80.268,6.3767],[80.2681,6.3781],[80.2687,6.378],[80.2685,6.3771],[80.2691,6.3764],[80.268,6.3767]]]]}},{"type":"Feature","properties":{"osm_id":"807842064","code":7229,"fclass":"farmland","name":null},"geometry":{"type":"MultiPolygon","coordinates":[[[[80.2704,6.3709],[80.2718,6.3696],[80.2713,6.3693],[80.2704,6.3709]]]]}},{"type":"Feature","properties":{"osm_id":"816802350","code":7229,"fclass":"farmland","name":null},"geometry":{"type":"MultiPolygon","coordinates":[[[[80.0787,6.6927],[80.0789,6.6936],[80.0802,6.6936],[80.0791,6.6914],[80.0787,6.6927]]]]}},{"type":"Feature","properties":{"osm_id":"816917281","code":7229,"fclass":"farmland","name":null},"geometry":{"type":"MultiPolygon","coordinates":[[[[80.1113,6.6771],[80.1122,6.6778],[80.1123,6.6788],[80.1123,6.6762],[80.1113,6.6771]]]]}},{"type":"Feature","properties":{"osm_id":"816917282","code":7229,"fclass":"farmland","name":null},"geometry":{"type":"MultiPolygon","coordinates":[[[[80.1014,6.6789],[80.1021,6.6797],[80.1035,6.679],[80.1048,6.6793],[80.1045,6.6816],[80.1057,6.6805],[80.1061,6.6818],[80.1065,6.6799],[80.1084,6.6781],[80.1092,6.678],[80.1102,6.6765],[80.1133,6.6754],[80.1119,6.6717],[80.1118,6.669],[80.1114,6.6689],[80.1111,6.6719],[80.1116,6.675],[80.1099,6.6762],[80.1092,6.6758],[80.108,6.677],[80.1072,6.6755],[80.1039,6.6755],[80.1014,6.6789]]]]}},{"type":"Feature","properties":{"osm_id":"816941712","code":7229,"fclass":"farmland","name":null},"geometry":{"type":"MultiPolygon","coordinates":[[[[80.0799,6.6588],[80.0809,6.6598],[80.0799,6.6588]]]]}},{"type":"Feature","properties":{"osm_id":"817251220","code":7229,"fclass":"farmland","name":null},"geometry":{"type":"MultiPolygon","coordinates":[[[[80.0683,6.6325],[80.0689,6.633],[80.0684,6.6332],[80.0683,6.6349],[80.0717,6.6356],[80.0718,6.6339],[80.0711,6.6336],[80.0709,6.6323],[80.0702,6.6334],[80.0709,6.6342],[80.0706,6.6349],[80.0692,6.6341],[80.0685,6.6319],[80.0683,6.6325]]]]}},{"type":"Feature","properties":{"osm_id":"817415670","code":7229,"fclass":"farmland","name":null},"geometry":{"type":"MultiPolygon","coordinates":[[[[80.0753,6.6769],[80.0755,6.6788],[80.0766,6.6787],[80.0771,6.6772],[80.0753,6.6769]]]]}},{"type":"Feature","properties":{"osm_id":"817415671","code":7229,"fclass":"farmland","name":null},"geometry":{"type":"MultiPolygon","coordinates":[[[[80.0754,6.6809],[80.0762,6.68],[80.0755,6.68],[80.0754,6.6809]]]]}},{"type":"Feature","properties":{"osm_id":"817415672","code":7229,"fclass":"farmland","name":null},"geometry":{"type":"MultiPolygon","coordinates":[[[[80.0755,6.6795],[80.0762,6.6799],[80.076,6.679],[80.0755,6.6795]]]]}},{"type":"Feature","properties":{"osm_id":"817464627","code":7229,"fclass":"farmland","name":null},"geometry":{"type":"MultiPolygon","coordinates":[[[[80.1143,6.6092],[80.115,6.6091],[80.1147,6.6084],[80.1143,6.6092]]]]}},{"type":"Feature","properties":{"osm_id":"817479544","code":7229,"fclass":"farmland","name":null},"geometry":{"type":"MultiPolygon","coordinates":[[[[80.1114,6.6182],[80.1132,6.6192],[80.1136,6.618],[80.1116,6.6173],[80.1114,6.6182]]]]}},{"type":"Feature","properties":{"osm_id":"817479545","code":7229,"fclass":"farmland","name":null},"geometry":{"type":"MultiPolygon","coordinates":[[[[80.1098,6.618],[80.1114,6.6182],[80.1116,6.6173],[80.1107,6.6171],[80.1098,6.618]]]]}},{"type":"Feature","properties":{"osm_id":"817639281","code":7229,"fclass":"farmland","name":null},"geometry":{"type":"MultiPolygon","coordinates":[[[[80.0626,6.6894],[80.0637,6.6887],[80.0636,6.6878],[80.0626,6.6894]]]]}},{"type":"Feature","properties":{"osm_id":"817644728","code":7229,"fclass":"farmland","name":null},"geometry":{"type":"MultiPolygon","coordinates":[[[[80.0566,6.6716],[80.0594,6.6715],[80.0566,6.6716]]]]}},{"type":"Feature","properties":{"osm_id":"817787307","code":7229,"fclass":"farmland","name":null},"geometry":{"type":"MultiPolygon","coordinates":[[[[80.1045,6.7094],[80.1049,6.7087],[80.1045,6.7094]]]]}},{"type":"Feature","properties":{"osm_id":"817872360","code":7229,"fclass":"farmland","name":null},"geometry":{"type":"MultiPolygon","coordinates":[[[[80.0746,6.663],[80.0754,6.6636],[80.0762,6.6624],[80.0755,6.6621],[80.0746,6.663]]]]}},{"type":"Feature","properties":{"osm_id":"820379505","code":7229,"fclass":"farmland","name":null},"geometry":{"type":"MultiPolygon","coordinates":[[[[80.2045,6.7026],[80.2055,6.7038],[80.2067,6.7031],[80.208,6.7036],[80.2094,6.7022],[80.2083,6.7016],[80.2059,6.7018],[80.205,6.7011],[80.2045,6.7026]]]]}},{"type":"Feature","properties":{"osm_id":"827072374","code":7229,"fclass":"farmland","name":"paddy"},"geometry":{"type":"MultiPolygon","coordinates":[[[[80.2926,6.3995],[80.293,6.399],[80.2926,6.3995]]]]}},{"type":"Feature","properties":{"osm_id":"827084083","code":7229,"fclass":"farmland","name":null},"geometry":{"type":"MultiPolygon","coordinates":[[[[80.2947,6.3961],[80.2949,6.3958],[80.2947,6.3961]]]]}},{"type":"Feature","properties":{"osm_id":"827344523","code":7229,"fclass":"farmland","name":"paddy"},"geometry":{"type":"MultiPolygon","coordinates":[[[[80.2264,6.381],[80.2266,6.3801],[80.2264,6.381]]]]}},{"type":"Feature","properties":{"osm_id":"827344524","code":7229,"fclass":"farmland","name":"paddy"},"geometry":{"type":"MultiPolygon","coordinates":[[[[80.2237,6.3792],[80.2227,6.3794],[80.2226,6.3803],[80.2216,6.381],[80.2211,6.381],[80.2211,6.3802],[80.2202,6.382],[80.2196,6.3806],[80.2189,6.3805],[80.2203,6.3824],[80.2203,6.3835],[80.221,6.3816],[80.224,6.3798],[80.2237,6.3792]]]]}},{"type":"Feature","properties":{"osm_id":"835028075","code":7229,"fclass":"farmland","name":"paddy"},"geometry":{"type":"MultiPolygon","coordinates":[[[[80.2495,6.6585],[80.2495,6.6585]]]]}},{"type":"Feature","properties":{"osm_id":"835173305","code":7229,"fclass":"farmland","name":null},"geometry":{"type":"MultiPolygon","coordinates":[[[[80.2055,6.6864],[80.2063,6.6874],[80.2081,6.6873],[80.2073,6.6868],[80.2065,6.6872],[80.2064,6.6865],[80.2055,6.6864]]]]}},{"type":"Feature","properties":{"osm_id":"835179204","code":7229,"fclass":"farmland","name":null},"geometry":{"type":"MultiPolygon","coordinates":[[[[80.2794,6.6139],[80.2811,6.6153],[80.2811,6.6142],[80.2834,6.6125],[80.2806,6.614],[80.2794,6.6139]]]]}},{"type":"Feature","properties":{"osm_id":"835996721","code":7229,"fclass":"farmland","name":null},"geometry":{"type":"MultiPolygon","coordinates":[[[[80.0964,6.9333],[80.0978,6.9358],[80.0981,6.9348],[80.0974,6.9331],[80.0968,6.9321],[80.0964,6.9333]]]]}},{"type":"Feature","properties":{"osm_id":"836293197","code":7229,"fclass":"farmland","name":null},"geometry":{"type":"MultiPolygon","coordinates":[[[[80.0755,6.8224],[80.0755,6.8229],[80.0762,6.8229],[80.0761,6.822],[80.0755,6.8224]]]]}},{"type":"Feature","properties":{"osm_id":"836293207","code":7229,"fclass":"farmland","name":null},"geometry":{"type":"MultiPolygon","coordinates":[[[[80.0735,6.8169],[80.0745,6.8159],[80.0759,6.8159],[80.0789,6.8175],[80.079,6.818],[80.0761,6.8173],[80.075,6.8176],[80.0735,6.8196],[80.0758,6.8215],[80.0752,6.8193],[80.0757,6.8181],[80.078,6.8191],[80.077,6.8212],[80.0777,6.8227],[80.0779,6.8266],[80.0781,6.8206],[80.0808,6.8219],[80.0828,6.8216],[80.0827,6.8206],[80.0813,6.8191],[80.0819,6.8176],[80.0816,6.815],[80.0824,6.8142],[80.0812,6.8141],[80.0813,6.813],[80.0796,6.8122],[80.0779,6.813],[80.0772,6.8141],[80.0745,6.8129],[80.0741,6.8137],[80.0747,6.8149],[80.0735,6.8158],[80.0735,6.8169]]]]}},{"type":"Feature","properties":{"osm_id":"836293217","code":7229,"fclass":"farmland","name":null},"geometry":{"type":"MultiPolygon","coordinates":[[[[80.0613,6.8307],[80.063,6.831],[80.0631,6.8324],[80.0637,6.832],[80.0657,6.8281],[80.0667,6.8274],[80.0676,6.8235],[80.0689,6.8224],[80.069,6.8215],[80.0675,6.8224],[80.0639,6.8305],[80.0616,6.8301],[80.0613,6.8307]]]]}},{"type":"Feature","properties":{"osm_id":"836293218","code":7229,"fclass":"farmland","name":null},"geometry":{"type":"MultiPolygon","coordinates":[[[[80.0612,6.8233],[80.0632,6.8227],[80.0635,6.8232],[80.0655,6.822],[80.0675,6.8224],[80.068,6.8218],[80.0657,6.8213],[80.0642,6.8198],[80.0652,6.8214],[80.0615,6.8227],[80.0612,6.8233]]]]}},{"type":"Feature","properties":{"osm_id":"836293219","code":7229,"fclass":"farmland","name":null},"geometry":{"type":"MultiPolygon","coordinates":[[[[80.069,6.824],[80.0698,6.8254],[80.0696,6.8327],[80.0708,6.8374],[80.0702,6.8328],[80.0705,6.8298],[80.0699,6.8282],[80.0703,6.8234],[80.069,6.824]]]]}},{"type":"Feature","properties":{"osm_id":"836293222","code":7229,"fclass":"farmland","name":null},"geometry":{"type":"MultiPolygon","coordinates":[[[[80.0688,6.8174],[80.0692,6.8182],[80.069,6.824],[80.0703,6.8234],[80.0699,6.8201],[80.0708,6.816],[80.0725,6.8135],[80.0741,6.8137],[80.0744,6.8125],[80.0726,6.8115],[80.0715,6.8123],[80.0688,6.8174]]]]}},{"type":"Feature","properties":{"osm_id":"836477271","code":7229,"fclass":"farmland","name":null},"geometry":{"type":"MultiPolygon","coordinates":[[[[80.097,6.9295],[80.0992,6.9311],[80.0997,6.9298],[80.1019,6.9307],[80.1002,6.9295],[80.0993,6.9297],[80.0997,6.9293],[80.0989,6.929],[80.097,6.9295]]]]}},{"type":"Feature","properties":{"osm_id":"836480591","code":7229,"fclass":"farmland","name":null},"geometry":{"type":"MultiPolygon","coordinates":[[[[80.0974,6.9229],[80.0982,6.9255],[80.0982,6.9224],[80.1004,6.9236],[80.1015,6.9228],[80.1011,6.9224],[80.1008,6.9233],[80.0999,6.9228],[80.0992,6.9222],[80.0994,6.9215],[80.0975,6.9221],[80.0974,6.9229]]]]}},{"type":"Feature","properties":{"osm_id":"836670866","code":7229,"fclass":"farmland","name":null},"geometry":{"type":"MultiPolygon","coordinates":[[[[80.0383,6.8316],[80.0418,6.8325],[80.0398,6.8304],[80.0407,6.8293],[80.0405,6.828],[80.0416,6.827],[80.0424,6.8274],[80.0475,6.8259],[80.0488,6.821],[80.0483,6.8211],[80.0471,6.8249],[80.0455,6.8261],[80.0412,6.8261],[80.0401,6.8271],[80.0383,6.8316]]]]}},{"type":"Feature","properties":{"osm_id":"836677939","code":7229,"fclass":"farmland","name":null},"geometry":{"type":"MultiPolygon","coordinates":[[[[80.0348,6.8214],[80.0367,6.8216],[80.0373,6.8244],[80.0372,6.8222],[80.0388,6.822],[80.037,6.821],[80.0348,6.8214]]]]}},{"type":"Feature","properties":{"osm_id":"836677941","code":7229,"fclass":"farmland","name":null},"geometry":{"type":"MultiPolygon","coordinates":[[[[80.033,6.817],[80.0335,6.8178],[80.0339,6.8174],[80.033,6.817]]]]}},{"type":"Feature","properties":{"osm_id":"836678806","code":7229,"fclass":"farmland","name":null},"geometry":{"type":"MultiPolygon","coordinates":[[[[80.036,6.8207],[80.037,6.8201],[80.0383,6.8204],[80.0403,6.8183],[80.0419,6.815],[80.0453,6.8158],[80.0425,6.8139],[80.0444,6.8118],[80.0464,6.8119],[80.0451,6.8106],[80.0465,6.8082],[80.0461,6.8079],[80.0454,6.8076],[80.0449,6.8095],[80.0432,6.8111],[80.0435,6.8115],[80.0379,6.8201],[80.0372,6.8198],[80.036,6.8207]]]]}},{"type":"Feature","properties":{"osm_id":"837205127","code":7229,"fclass":"farmland","name":null},"geometry":{"type":"MultiPolygon","coordinates":[[[[80.0834,6.9039],[80.0845,6.9045],[80.0837,6.9035],[80.0834,6.9039]]]]}},{"type":"Feature","properties":{"osm_id":"837498533","code":7229,"fclass":"farmland","name":null},"geometry":{"type":"MultiPolygon","coordinates":[[[[80.1085,6.9323],[80.1095,6.9319],[80.1085,6.9323]]]]}},{"type":"Feature","properties":{"osm_id":"837565368","code":7229,"fclass":"farmland","name":null},"geometry":{"type":"MultiPolygon","coordinates":[[[[80.0906,6.9239],[80.0919,6.9228],[80.0919,6.9216],[80.0906,6.9239]]]]}},{"type":"Feature","properties":{"osm_id":"837810837","code":7229,"fclass":"farmland","name":null},"geometry":{"type":"MultiPolygon","coordinates":[[[[80.2968,6.6003],[80.2972,6.6003],[80.2968,6.6003]]]]}},{"type":"Feature","properties":{"osm_id":"837810839","code":7229,"fclass":"farmland","name":null},"geometry":{"type":"MultiPolygon","coordinates":[[[[80.2902,6.6049],[80.2908,6.6046],[80.2902,6.6049]]]]}},{"type":"Feature","properties":{"osm_id":"838011951","code":7229,"fclass":"farmland","name":null},"geometry":{"type":"MultiPolygon","coordinates":[[[[80.2622,6.621],[80.2634,6.6209],[80.2631,6.6205],[80.2622,6.621]]]]}},{"type":"Feature","properties":{"osm_id":"838056569","code":7229,"fclass":"farmland","name":null},"geometry":{"type":"MultiPolygon","coordinates":[[[[80.2251,6.6744],[80.2263,6.6744],[80.2269,6.6734],[80.2251,6.6744]]]]}},{"type":"Feature","properties":{"osm_id":"838104695","code":7229,"fclass":"farmland","name":null},"geometry":{"type":"MultiPolygon","coordinates":[[[[80.1997,6.722],[80.2018,6.7208],[80.1997,6.722]]]]}},{"type":"Feature","properties":{"osm_id":"849865004","code":7229,"fclass":"farmland","name":null},"geometry":{"type":"MultiPolygon","coordinates":[[[[80.0171,6.6539],[80.0178,6.6551],[80.0202,6.6545],[80.0242,6.6517],[80.0247,6.6538],[80.0262,6.6536],[80.0257,6.6515],[80.0243,6.6507],[80.0228,6.651],[80.0194,6.6533],[80.0187,6.6522],[80.0202,6.6517],[80.0195,6.6507],[80.0173,6.6524],[80.0177,6.6535],[80.0171,6.6539]]]]}},{"type":"Feature","properties":{"osm_id":"849865080","code":7229,"fclass":"farmland","name":null},"geometry":{"type":"MultiPolygon","coordinates":[[[[80.0215,6.7049],[80.0234,6.7054],[80.0234,6.7068],[80.0244,6.7068],[80.0236,6.7073],[80.0235,6.708],[80.0248,6.7085],[80.0235,6.7094],[80.0241,6.7101],[80.026,6.7082],[80.0253,6.7081],[80.025,6.7066],[80.0242,6.7061],[80.0237,6.7041],[80.0222,6.7041],[80.0215,6.7049]]]]}},{"type":"Feature","properties":{"osm_id":"849986007","code":7229,"fclass":"farmland","name":null},"geometry":{"type":"MultiPolygon","coordinates":[[[[80.018,6.6623],[80.0208,6.6622],[80.0217,6.6629],[80.0213,6.6619],[80.0196,6.662],[80.0181,6.6608],[80.0187,6.6618],[80.018,6.6623]]]]}},{"type":"Feature","properties":{"osm_id":"852530061","code":7229,"fclass":"farmland","name":null},"geometry":{"type":"MultiPolygon","coordinates":[[[[80.025,6.8685],[80.0254,6.8694],[80.0267,6.8696],[80.0272,6.872],[80.0285,6.8723],[80.0288,6.8719],[80.0273,6.8703],[80.0276,6.8691],[80.0288,6.8683],[80.0323,6.8692],[80.0333,6.8683],[80.0327,6.8678],[80.0317,6.8683],[80.0298,6.8681],[80.0292,6.8671],[80.0312,6.862],[80.0326,6.8618],[80.0352,6.8647],[80.0334,6.8615],[80.0349,6.8604],[80.0339,6.8607],[80.033,6.8597],[80.0345,6.8577],[80.037,6.858],[80.0359,6.8574],[80.0369,6.8551],[80.0353,6.8554],[80.0359,6.8547],[80.0352,6.8542],[80.0351,6.8524],[80.034,6.8521],[80.0337,6.8529],[80.0335,6.8522],[80.0328,6.8522],[80.0332,6.8549],[80.0316,6.8559],[80.0333,6.8558],[80.0338,6.8567],[80.033,6.858],[80.0309,6.8592],[80.0313,6.8596],[80.0302,6.8603],[80.0307,6.8613],[80.0297,6.8617],[80.0302,6.8622],[80.0293,6.8629],[80.029,6.8656],[80.0281,6.8673],[80.025,6.8685]]]]}},{"type":"Feature","properties":{"osm_id":"857013183","code":7229,"fclass":"farmland","name":null},"geometry":{"type":"MultiPolygon","coordinates":[[[[80.1169,7.1122],[80.1169,7.1126],[80.1178,7.1118],[80.1169,7.1122]]]]}},{"type":"Feature","properties":{"osm_id":"857013184","code":7229,"fclass":"farmland","name":null},"geometry":{"type":"MultiPolygon","coordinates":[[[[80.1123,7.1181],[80.1137,7.116],[80.1135,7.1136],[80.1125,7.1134],[80.1133,7.1154],[80.1123,7.1181]]]]}},{"type":"Feature","properties":{"osm_id":"857013185","code":7229,"fclass":"farmland","name":null},"geometry":{"type":"MultiPolygon","coordinates":[[[[80.1123,7.1194],[80.1138,7.1193],[80.1156,7.121],[80.1161,7.1207],[80.1155,7.1199],[80.1123,7.1185],[80.1123,7.1194]]]]}},{"type":"Feature","properties":{"osm_id":"857013186","code":7229,"fclass":"farmland","name":null},"geometry":{"type":"MultiPolygon","coordinates":[[[[80.1125,7.1186],[80.1147,7.1195],[80.114,7.1186],[80.1125,7.1186]]]]}},{"type":"Feature","properties":{"osm_id":"857013187","code":7229,"fclass":"farmland","name":null},"geometry":{"type":"MultiPolygon","coordinates":[[[[80.116,7.1211],[80.1183,7.1216],[80.1197,7.1227],[80.1184,7.1215],[80.119,7.1213],[80.1163,7.1206],[80.116,7.1211]]]]}},{"type":"Feature","properties":{"osm_id":"857013188","code":7229,"fclass":"farmland","name":null},"geometry":{"type":"MultiPolygon","coordinates":[[[[80.1165,7.1213],[80.117,7.1226],[80.118,7.122],[80.1197,7.1227],[80.1183,7.1216],[80.1165,7.1213]]]]}},{"type":"Feature","properties":{"osm_id":"857013189","code":7229,"fclass":"farmland","name":null},"geometry":{"type":"MultiPolygon","coordinates":[[[[80.1197,7.1227],[80.1213,7.1219],[80.1201,7.1218],[80.1197,7.1227]]]]}},{"type":"Feature","properties":{"osm_id":"857013190","code":7229,"fclass":"farmland","name":null},"geometry":{"type":"MultiPolygon","coordinates":[[[[80.1192,7.122],[80.1197,7.1227],[80.1201,7.1218],[80.1192,7.122]]]]}},{"type":"Feature","properties":{"osm_id":"857013191","code":7229,"fclass":"farmland","name":null},"geometry":{"type":"MultiPolygon","coordinates":[[[[80.1191,7.1135],[80.1203,7.1144],[80.1202,7.1151],[80.1204,7.1136],[80.1191,7.1135]]]]}},{"type":"Feature","properties":{"osm_id":"857013192","code":7229,"fclass":"farmland","name":null},"geometry":{"type":"MultiPolygon","coordinates":[[[[80.1191,7.1135],[80.1204,7.1136],[80.1208,7.1127],[80.1191,7.1135]]]]}},{"type":"Feature","properties":{"osm_id":"857013193","code":7229,"fclass":"farmland","name":null},"geometry":{"type":"MultiPolygon","coordinates":[[[[80.12,7.1118],[80.1202,7.1127],[80.1209,7.1121],[80.12,7.1118]]]]}},{"type":"Feature","properties":{"osm_id":"857013194","code":7229,"fclass":"farmland","name":null},"geometry":{"type":"MultiPolygon","coordinates":[[[[80.1202,7.1127],[80.1211,7.1125],[80.1209,7.1121],[80.1202,7.1127]]]]}},{"type":"Feature","properties":{"osm_id":"868075926","code":7229,"fclass":"farmland","name":null},"geometry":{"type":"MultiPolygon","coordinates":[[[[79.9874,6.7831],[79.9887,6.7834],[79.9886,6.7817],[79.9874,6.7831]]]]}},{"type":"Feature","properties":{"osm_id":"868537251","code":7229,"fclass":"farmland","name":null},"geometry":{"type":"MultiPolygon","coordinates":[[[[79.9841,6.7842],[79.985,6.7857],[79.9872,6.785],[79.9896,6.7859],[79.9896,6.7852],[79.9911,6.7854],[79.9928,6.7844],[79.9975,6.7864],[79.9979,6.7857],[79.9964,6.7836],[79.9973,6.7826],[80.0002,6.7819],[79.9992,6.7816],[80.0003,6.7806],[79.9995,6.7799],[79.9991,6.7801],[79.996,6.7833],[79.996,6.7844],[79.9956,6.7838],[79.9947,6.7842],[79.9936,6.7831],[79.9922,6.7834],[79.9912,6.7846],[79.9883,6.785],[79.9883,6.7838],[79.9876,6.7833],[79.9855,6.7835],[79.9848,6.7847],[79.9841,6.7842]]]]}},{"type":"Feature","properties":{"osm_id":"11905982","code":7229,"fclass":"farmland","name":null},"geometry":{"type":"MultiPolygon","coordinates":[[[[80.0692,6.6707],[80.0704,6.6717],[80.0711,6.6698],[80.0717,6.6699],[80.0718,6.6711],[80.0734,6.6716],[80.0731,6.6734],[80.0753,6.6746],[80.0762,6.674],[80.0763,6.6749],[80.0754,6.6754],[80.0754,6.6769],[80.0768,6.677],[80.0771,6.6748],[80.0788,6.6739],[80.0794,6.6741],[80.0792,6.6771],[80.081,6.6772],[80.0827,6.6761],[80.0809,6.6764],[80.0804,6.6725],[80.081,6.6715],[80.0802,6.6719],[80.08,6.6706],[80.0788,6.6695],[80.0769,6.672],[80.0747,6.6714],[80.0744,6.6683],[80.0751,6.6674],[80.0725,6.664],[80.0712,6.6647],[80.0711,6.6676],[80.0692,6.6707]],[[80.0751,6.6727],[80.0764,6.6726],[80.0758,6.6731],[80.0751,6.6727]],[[80.0776,6.6727],[80.0781,6.6718],[80.0788,6.672],[80.0788,6.6728],[80.0776,6.6727]]]]}},{"type":"Feature","properties":{"osm_id":"875403997","code":7229,"fclass":"farmland","name":null},"geometry":{"type":"MultiPolygon","coordinates":[[[[80.1383,6.8638],[80.1393,6.8642],[80.14,6.8639],[80.139,6.8627],[80.1383,6.8638]]]]}},{"type":"Feature","properties":{"osm_id":"875403998","code":7229,"fclass":"farmland","name":null},"geometry":{"type":"MultiPolygon","coordinates":[[[[80.1344,6.8638],[80.1368,6.8643],[80.136,6.8652],[80.1364,6.8655],[80.1381,6.8642],[80.1375,6.8634],[80.137,6.8641],[80.1363,6.8632],[80.1344,6.8638]]]]}},{"type":"Feature","properties":{"osm_id":"875546504","code":7229,"fclass":"farmland","name":null},"geometry":{"type":"MultiPolygon","coordinates":[[[[80.1391,6.9028],[80.1426,6.9029],[80.1446,6.9049],[80.1438,6.9032],[80.1425,6.9024],[80.1391,6.9028]]]]}},{"type":"Feature","properties":{"osm_id":"875567049","code":7229,"fclass":"farmland","name":null},"geometry":{"type":"MultiPolygon","coordinates":[[[[80.1038,6.8415],[80.1083,6.8402],[80.1084,6.8393],[80.1038,6.8415]]]]}},{"type":"Feature","properties":{"osm_id":"875567061","code":7229,"fclass":"farmland","name":null},"geometry":{"type":"MultiPolygon","coordinates":[[[[80.1139,6.8397],[80.1156,6.8403],[80.1161,6.8432],[80.1178,6.8467],[80.1165,6.8393],[80.1139,6.8397]]]]}},{"type":"Feature","properties":{"osm_id":"875567070","code":7229,"fclass":"farmland","name":null},"geometry":{"type":"MultiPolygon","coordinates":[[[[80.1295,6.9005],[80.1306,6.9022],[80.1313,6.9024],[80.1304,6.9033],[80.1306,6.9048],[80.1319,6.905],[80.1319,6.9015],[80.1307,6.9003],[80.1307,6.8993],[80.1295,6.9005]]]]}},{"type":"Feature","properties":{"osm_id":"875567072","code":7229,"fclass":"farmland","name":null},"geometry":{"type":"MultiPolygon","coordinates":[[[[80.1298,6.8986],[80.13,6.8992],[80.1307,6.8991],[80.1298,6.8986]]]]}},{"type":"Feature","properties":{"osm_id":"875567085","code":7229,"fclass":"farmland","name":null},"geometry":{"type":"MultiPolygon","coordinates":[[[[80.1354,6.8723],[80.1414,6.8699],[80.1407,6.8696],[80.1354,6.8723]]]]}},{"type":"Feature","properties":{"osm_id":"875567086","code":7229,"fclass":"farmland","name":null},"geometry":{"type":"MultiPolygon","coordinates":[[[[80.1423,6.8691],[80.1451,6.8687],[80.1452,6.8682],[80.144,6.868],[80.1423,6.8691]]]]}},{"type":"Feature","properties":{"osm_id":"875567088","code":7229,"fclass":"farmland","name":null},"geometry":{"type":"MultiPolygon","coordinates":[[[[80.1413,6.8747],[80.1416,6.8768],[80.1417,6.8748],[80.1426,6.8749],[80.1424,6.8741],[80.1413,6.8747]]]]}},{"type":"Feature","properties":{"osm_id":"875726981","code":7229,"fclass":"farmland","name":null},"geometry":{"type":"MultiPolygon","coordinates":[[[[80.0371,6.9546],[80.0373,6.9556],[80.0385,6.9558],[80.0379,6.9543],[80.0371,6.9546]]]]}},{"type":"Feature","properties":{"osm_id":"892164963","code":7229,"fclass":"farmland","name":"Siyanee Rice Fields - Traditional Rice"},"geometry":{"type":"MultiPolygon","coordinates":[[[[80.0953,7.0791],[80.0977,7.0782],[80.0992,7.0786],[80.0988,7.0798],[80.0996,7.0795],[80.1006,7.0741],[80.1,7.0721],[80.0999,7.0749],[80.0992,7.0755],[80.0988,7.0751],[80.0994,7.0771],[80.0961,7.0778],[80.0953,7.0791]]]]}},{"type":"Feature","properties":{"osm_id":"892537769","code":7229,"fclass":"farmland","name":null},"geometry":{"type":"MultiPolygon","coordinates":[[[[79.9584,6.9131],[79.9593,6.9145],[79.9595,6.9118],[79.9587,6.9116],[79.9584,6.9131]]]]}},{"type":"Feature","properties":{"osm_id":"892537771","code":7229,"fclass":"farmland","name":null},"geometry":{"type":"MultiPolygon","coordinates":[[[[79.9595,6.91],[79.96,6.9104],[79.9629,6.9057],[79.9622,6.9055],[79.9616,6.9075],[79.9595,6.91]]]]}},{"type":"Feature","properties":{"osm_id":"892537773","code":7229,"fclass":"farmland","name":null},"geometry":{"type":"MultiPolygon","coordinates":[[[[79.9508,6.9078],[79.9521,6.9092],[79.9521,6.9102],[79.9542,6.9093],[79.9564,6.9101],[79.9566,6.9091],[79.955,6.908],[79.9547,6.9052],[79.9542,6.9072],[79.9528,6.9064],[79.9531,6.9083],[79.9508,6.9078]]]]}},{"type":"Feature","properties":{"osm_id":"895775241","code":7229,"fclass":"farmland","name":"Paddy Land"},"geometry":{"type":"MultiPolygon","coordinates":[[[[79.9573,6.8301],[79.9582,6.8303],[79.9597,6.8296],[79.9599,6.8286],[79.9592,6.8284],[79.9573,6.8301]]]]}},{"type":"Feature","properties":{"osm_id":"895776619","code":7229,"fclass":"farmland","name":null},"geometry":{"type":"MultiPolygon","coordinates":[[[[80.2183,6.6122],[80.2196,6.6125],[80.2192,6.612],[80.2183,6.6122]]]]}},{"type":"Feature","properties":{"osm_id":"895776623","code":7229,"fclass":"farmland","name":null},"geometry":{"type":"MultiPolygon","coordinates":[[[[80.2207,6.6129],[80.2229,6.6129],[80.2216,6.6122],[80.2207,6.6129]]]]}},{"type":"Feature","properties":{"osm_id":"920001179","code":7229,"fclass":"farmland","name":null},"geometry":{"type":"MultiPolygon","coordinates":[[[[79.9389,6.8882],[79.9396,6.8885],[79.9389,6.8882]]]]}},{"type":"Feature","properties":{"osm_id":"923221378","code":7229,"fclass":"farmland","name":null},"geometry":{"type":"MultiPolygon","coordinates":[[[[80.1094,7.0735],[80.1103,7.0735],[80.1101,7.073],[80.1094,7.0735]]]]}},{"type":"Feature","properties":{"osm_id":"923221379","code":7229,"fclass":"farmland","name":null},"geometry":{"type":"MultiPolygon","coordinates":[[[[80.111,7.071],[80.1123,7.0716],[80.1123,7.0682],[80.1112,7.0684],[80.112,7.069],[80.1113,7.0697],[80.112,7.0704],[80.111,7.071]]]]}},{"type":"Feature","properties":{"osm_id":"923221380","code":7229,"fclass":"farmland","name":null},"geometry":{"type":"MultiPolygon","coordinates":[[[[80.1057,7.0695],[80.1074,7.0704],[80.1079,7.0732],[80.1094,7.0731],[80.1112,7.0714],[80.1057,7.0695]]]]}},{"type":"Feature","properties":{"osm_id":"930361413","code":7229,"fclass":"farmland","name":null},"geometry":{"type":"MultiPolygon","coordinates":[[[[80.1278,6.8618],[80.1283,6.8622],[80.1278,6.8618]]]]}},{"type":"Feature","properties":{"osm_id":"930361414","code":7229,"fclass":"farmland","name":null},"geometry":{"type":"MultiPolygon","coordinates":[[[[80.1266,6.8637],[80.128,6.8639],[80.1289,6.8632],[80.128,6.8626],[80.1266,6.8637]]]]}},{"type":"Feature","properties":{"osm_id":"930361416","code":7229,"fclass":"farmland","name":null},"geometry":{"type":"MultiPolygon","coordinates":[[[[80.1243,6.8633],[80.1263,6.8636],[80.1266,6.862],[80.1245,6.8624],[80.1243,6.8633]]]]}},{"type":"Feature","properties":{"osm_id":"930361417","code":7229,"fclass":"farmland","name":null},"geometry":{"type":"MultiPolygon","coordinates":[[[[80.1281,6.8669],[80.1285,6.8671],[80.1303,6.8646],[80.1298,6.8638],[80.1281,6.8669]]]]}},{"type":"Feature","properties":{"osm_id":"930364719","code":7229,"fclass":"farmland","name":null},"geometry":{"type":"MultiPolygon","coordinates":[[[[80.093,6.8426],[80.0941,6.8418],[80.0958,6.8364],[80.0941,6.8384],[80.0943,6.8399],[80.093,6.8426]]]]}},{"type":"Feature","properties":{"osm_id":"933255256","code":7229,"fclass":"farmland","name":"rubber"},"geometry":{"type":"MultiPolygon","coordinates":[[[[80.1973,6.6281],[80.1983,6.6298],[80.1991,6.6295],[80.1986,6.6315],[80.2013,6.6297],[80.2015,6.6287],[80.2005,6.6275],[80.198,6.6273],[80.1973,6.6281]]]]}},{"type":"Feature","properties":{"osm_id":"933255257","code":7229,"fclass":"farmland","name":"paddy"},"geometry":{"type":"MultiPolygon","coordinates":[[[[80.1944,6.6267],[80.1968,6.6262],[80.1969,6.6249],[80.1952,6.6248],[80.1944,6.6267]]]]}},{"type":"Feature","properties":{"osm_id":"933280134","code":7229,"fclass":"farmland","name":null},"geometry":{"type":"MultiPolygon","coordinates":[[[[80.1561,6.6029],[80.1571,6.6056],[80.1582,6.6057],[80.1578,6.6039],[80.1592,6.6012],[80.158,6.6025],[80.1574,6.6047],[80.1566,6.6041],[80.1565,6.6026],[80.1561,6.6029]]]]}},{"type":"Feature","properties":{"osm_id":"933282879","code":7229,"fclass":"farmland","name":null},"geometry":{"type":"MultiPolygon","coordinates":[[[[80.169,6.722],[80.1702,6.7227],[80.1709,6.7219],[80.169,6.722]]]]}},{"type":"Feature","properties":{"osm_id":"933282880","code":7229,"fclass":"farmland","name":null},"geometry":{"type":"MultiPolygon","coordinates":[[[[80.1733,6.7209],[80.1743,6.7195],[80.1733,6.7209]]]]}},{"type":"Feature","properties":{"osm_id":"933282881","code":7229,"fclass":"farmland","name":null},"geometry":{"type":"MultiPolygon","coordinates":[[[[80.1675,6.7195],[80.1682,6.7207],[80.1689,6.7196],[80.1687,6.719],[80.1675,6.7195]]]]}},{"type":"Feature","properties":{"osm_id":"933282887","code":7229,"fclass":"farmland","name":"paddy"},"geometry":{"type":"MultiPolygon","coordinates":[[[[80.167,6.6492],[80.1675,6.6502],[80.168,6.6499],[80.1681,6.6507],[80.1694,6.6505],[80.1685,6.6499],[80.1692,6.6495],[80.1678,6.6491],[80.1676,6.6481],[80.1685,6.6465],[80.1675,6.6462],[80.168,6.6457],[80.1673,6.6454],[80.167,6.6492]]]]}},{"type":"Feature","properties":{"osm_id":"933285046","code":7229,"fclass":"farmland","name":null},"geometry":{"type":"MultiPolygon","coordinates":[[[[80.1479,6.6967],[80.1491,6.6973],[80.1499,6.6958],[80.1509,6.6965],[80.1511,6.6954],[80.15,6.6955],[80.1505,6.6942],[80.1479,6.6967]]]]}},{"type":"Feature","properties":{"osm_id":"933285047","code":7229,"fclass":"farmland","name":null},"geometry":{"type":"MultiPolygon","coordinates":[[[[80.148,6.6954],[80.1483,6.6961],[80.1494,6.6952],[80.1491,6.6944],[80.1487,6.6943],[80.148,6.6954]]]]}},{"type":"Feature","properties":{"osm_id":"933285049","code":7229,"fclass":"farmland","name":null},"geometry":{"type":"MultiPolygon","coordinates":[[[[80.1477,6.6973],[80.1489,6.6973],[80.1478,6.6968],[80.1477,6.6973]]]]}},{"type":"Feature","properties":{"osm_id":"933289825","code":7229,"fclass":"farmland","name":null},"geometry":{"type":"MultiPolygon","coordinates":[[[[80.1696,6.6537],[80.1705,6.6562],[80.1715,6.6542],[80.1696,6.6537]]]]}},{"type":"Feature","properties":{"osm_id":"933291954","code":7229,"fclass":"farmland","name":"paddy"},"geometry":{"type":"MultiPolygon","coordinates":[[[[80.1682,6.6795],[80.1701,6.6793],[80.1706,6.6786],[80.1717,6.6788],[80.1707,6.678],[80.1706,6.6751],[80.1691,6.675],[80.169,6.6774],[80.1682,6.6795]]]]}},{"type":"Feature","properties":{"osm_id":"933296531","code":7229,"fclass":"farmland","name":null},"geometry":{"type":"MultiPolygon","coordinates":[[[[80.1832,6.6531],[80.1841,6.6533],[80.185,6.6526],[80.1842,6.652],[80.1832,6.6531]]]]}},{"type":"Feature","properties":{"osm_id":"933296802","code":7229,"fclass":"farmland","name":null},"geometry":{"type":"MultiPolygon","coordinates":[[[[80.1527,6.6876],[80.1533,6.6882],[80.1542,6.6859],[80.1555,6.6853],[80.1537,6.6844],[80.1536,6.6868],[80.1527,6.6876]]]]}},{"type":"Feature","properties":{"osm_id":"933790878","code":7229,"fclass":"farmland","name":null},"geometry":{"type":"MultiPolygon","coordinates":[[[[80.1992,6.6982],[80.1995,6.6994],[80.2002,6.6998],[80.2003,6.699],[80.1997,6.6992],[80.1992,6.6982]]]]}},{"type":"Feature","properties":{"osm_id":"933790879","code":7229,"fclass":"farmland","name":null},"geometry":{"type":"MultiPolygon","coordinates":[[[[80.1998,6.6986],[80.2003,6.6989],[80.2003,6.6981],[80.1998,6.6986]]]]}},{"type":"Feature","properties":{"osm_id":"933790880","code":7229,"fclass":"farmland","name":null},"geometry":{"type":"MultiPolygon","coordinates":[[[[80.1946,6.6975],[80.1967,6.6996],[80.1952,6.701],[80.1967,6.7008],[80.1984,6.6987],[80.1992,6.7011],[80.1999,6.7006],[80.1998,6.7015],[80.2004,6.7017],[80.2003,6.7],[80.1994,6.6994],[80.1985,6.6972],[80.1946,6.6971],[80.1946,6.6975]]]]}},{"type":"Feature","properties":{"osm_id":"933790881","code":7229,"fclass":"farmland","name":null},"geometry":{"type":"MultiPolygon","coordinates":[[[[80.1963,6.7083],[80.2001,6.7086],[80.2006,6.7072],[80.1976,6.7056],[80.1964,6.7071],[80.1963,6.7083]]]]}},{"type":"Feature","properties":{"osm_id":"933791721","code":7229,"fclass":"farmland","name":null},"geometry":{"type":"MultiPolygon","coordinates":[[[[80.1593,6.7106],[80.1595,6.7116],[80.1599,6.7115],[80.1601,6.7092],[80.1593,6.7106]]]]}},{"type":"Feature","properties":{"osm_id":"933791722","code":7229,"fclass":"farmland","name":null},"geometry":{"type":"MultiPolygon","coordinates":[[[[80.1585,6.7178],[80.1592,6.7172],[80.1587,6.7171],[80.1585,6.7178]]]]}},{"type":"Feature","properties":{"osm_id":"933791723","code":7229,"fclass":"farmland","name":null},"geometry":{"type":"MultiPolygon","coordinates":[[[[80.1549,6.7209],[80.1562,6.7211],[80.1566,6.7185],[80.1581,6.7166],[80.1587,6.7141],[80.157,6.716],[80.1549,6.7209]]]]}},{"type":"Feature","properties":{"osm_id":"933795630","code":7229,"fclass":"farmland","name":null},"geometry":{"type":"MultiPolygon","coordinates":[[[[80.1934,6.692],[80.194,6.6923],[80.1945,6.6917],[80.1939,6.6912],[80.1934,6.692]]]]}},{"type":"Feature","properties":{"osm_id":"933796272","code":7229,"fclass":"farmland","name":null},"geometry":{"type":"MultiPolygon","coordinates":[[[[80.1372,6.6748],[80.1381,6.6748],[80.1381,6.6722],[80.1372,6.6748]]]]}},{"type":"Feature","properties":{"osm_id":"933796274","code":7229,"fclass":"farmland","name":null},"geometry":{"type":"MultiPolygon","coordinates":[[[[80.1414,6.6664],[80.1422,6.6666],[80.1414,6.6664]]]]}},{"type":"Feature","properties":{"osm_id":"933796275","code":7229,"fclass":"farmland","name":null},"geometry":{"type":"MultiPolygon","coordinates":[[[[80.1405,6.6691],[80.1413,6.6701],[80.1418,6.6695],[80.1405,6.6691]]]]}},{"type":"Feature","properties":{"osm_id":"16057437","code":7229,"fclass":"farmland","name":null},"geometry":{"type":"MultiPolygon","coordinates":[[[[80.1391,6.6664],[80.1394,6.6669],[80.1406,6.6658],[80.14,6.6653],[80.1391,6.6664]]]]}},{"type":"Feature","properties":{"osm_id":"933796278","code":7229,"fclass":"farmland","name":null},"geometry":{"type":"MultiPolygon","coordinates":[[[[80.1424,6.6649],[80.1433,6.6665],[80.1433,6.665],[80.1424,6.6649]]]]}},{"type":"Feature","properties":{"osm_id":"933796280","code":7229,"fclass":"farmland","name":null},"geometry":{"type":"MultiPolygon","coordinates":[[[[80.1395,6.668],[80.1403,6.6691],[80.1404,6.668],[80.1426,6.6645],[80.1417,6.6639],[80.1395,6.668]]]]}},{"type":"Feature","properties":{"osm_id":"933797014","code":7229,"fclass":"farmland","name":null},"geometry":{"type":"MultiPolygon","coordinates":[[[[80.174,6.7167],[80.1746,6.7188],[80.1741,6.7194],[80.1746,6.7189],[80.1746,6.7194],[80.1765,6.7158],[80.1753,6.7158],[80.1753,6.7167],[80.174,6.7167]]]]}},{"type":"Feature","properties":{"osm_id":"933797234","code":7229,"fclass":"farmland","name":null},"geometry":{"type":"MultiPolygon","coordinates":[[[[80.1389,6.6389],[80.1424,6.6407],[80.1446,6.6432],[80.146,6.6427],[80.1447,6.6409],[80.1434,6.6413],[80.1423,6.6393],[80.1411,6.6388],[80.1389,6.6389]]]]}},{"type":"Feature","properties":{"osm_id":"933797235","code":7229,"fclass":"farmland","name":null},"geometry":{"type":"MultiPolygon","coordinates":[[[[80.1403,6.6421],[80.1406,6.6426],[80.1418,6.6421],[80.1426,6.6436],[80.1436,6.6433],[80.143,6.6422],[80.1413,6.6412],[80.1403,6.6421]]]]}},{"type":"Feature","properties":{"osm_id":"933797237","code":7229,"fclass":"farmland","name":null},"geometry":{"type":"MultiPolygon","coordinates":[[[[80.1403,6.6367],[80.1403,6.6367]]]]}},{"type":"Feature","properties":{"osm_id":"13659433","code":7229,"fclass":"farmland","name":null},"geometry":{"type":"MultiPolygon","coordinates":[[[[80.17,6.7039],[80.1709,6.7043],[80.1701,6.7067],[80.1719,6.7055],[80.1719,6.7047],[80.1753,6.7061],[80.172,6.7034],[80.17,6.7039]]]]}},{"type":"Feature","properties":{"osm_id":"933800586","code":7229,"fclass":"farmland","name":null},"geometry":{"type":"MultiPolygon","coordinates":[[[[80.1683,6.7048],[80.1691,6.7056],[80.1689,6.7046],[80.1683,6.7048]]]]}},{"type":"Feature","properties":{"osm_id":"933800589","code":7229,"fclass":"farmland","name":null},"geometry":{"type":"MultiPolygon","coordinates":[[[[80.1659,6.7041],[80.1663,6.705],[80.1678,6.7043],[80.1659,6.7041]]]]}},{"type":"Feature","properties":{"osm_id":"933800590","code":7229,"fclass":"farmland","name":null},"geometry":{"type":"MultiPolygon","coordinates":[[[[80.164,6.7037],[80.1659,6.705],[80.1658,6.7039],[80.1647,6.7034],[80.164,6.7037]]]]}},{"type":"Feature","properties":{"osm_id":"933800591","code":7229,"fclass":"farmland","name":null},"geometry":{"type":"MultiPolygon","coordinates":[[[[80.1611,6.7068],[80.162,6.7058],[80.1617,6.705],[80.1611,6.7068]]]]}},{"type":"Feature","properties":{"osm_id":"933800594","code":7229,"fclass":"farmland","name":null},"geometry":{"type":"MultiPolygon","coordinates":[[[[80.1626,6.7075],[80.1628,6.7084],[80.1635,6.7079],[80.1636,6.7061],[80.1626,6.7075]]]]}},{"type":"Feature","properties":{"osm_id":"933802454","code":7229,"fclass":"farmland","name":null},"geometry":{"type":"MultiPolygon","coordinates":[[[[80.1766,6.6485],[80.1771,6.6486],[80.1771,6.6477],[80.1766,6.6485]]]]}},{"type":"Feature","properties":{"osm_id":"933802455","code":7229,"fclass":"farmland","name":null},"geometry":{"type":"MultiPolygon","coordinates":[[[[80.1752,6.6441],[80.1774,6.6428],[80.178,6.6415],[80.1768,6.6424],[80.1756,6.6424],[80.1752,6.6441]]]]}},{"type":"Feature","properties":{"osm_id":"933802456","code":7229,"fclass":"farmland","name":null},"geometry":{"type":"MultiPolygon","coordinates":[[[[80.1767,6.6472],[80.1772,6.6476],[80.1772,6.6464],[80.1767,6.6472]]]]}},{"type":"Feature","properties":{"osm_id":"933802457","code":7229,"fclass":"farmland","name":null},"geometry":{"type":"MultiPolygon","coordinates":[[[[80.1672,6.6503],[80.1675,6.6537],[80.1682,6.6536],[80.1683,6.6523],[80.1695,6.6537],[80.1706,6.6537],[80.1672,6.6503]]]]}},{"type":"Feature","properties":{"osm_id":"933802458","code":7229,"fclass":"farmland","name":null},"geometry":{"type":"MultiPolygon","coordinates":[[[[80.1701,6.6493],[80.1718,6.65],[80.1722,6.6491],[80.1731,6.6495],[80.173,6.6477],[80.1726,6.6474],[80.1719,6.6488],[80.1701,6.6493]]]]}},{"type":"Feature","properties":{"osm_id":"933802459","code":7229,"fclass":"farmland","name":null},"geometry":{"type":"MultiPolygon","coordinates":[[[[80.173,6.6467],[80.173,6.6475],[80.1737,6.6475],[80.1737,6.6465],[80.173,6.6467]]]]}},{"type":"Feature","properties":{"osm_id":"933805744","code":7229,"fclass":"farmland","name":null},"geometry":{"type":"MultiPolygon","coordinates":[[[[80.1687,6.6576],[80.1707,6.6599],[80.1704,6.6575],[80.169,6.6571],[80.1687,6.6576]]]]}},{"type":"Feature","properties":{"osm_id":"933807359","code":7229,"fclass":"farmland","name":null},"geometry":{"type":"MultiPolygon","coordinates":[[[[80.1428,6.7082],[80.1444,6.7083],[80.1453,6.7056],[80.1444,6.7066],[80.1437,6.7056],[80.1428,6.7082]]]]}},{"type":"Feature","properties":{"osm_id":"933807373","code":7229,"fclass":"farmland","name":null},"geometry":{"type":"MultiPolygon","coordinates":[[[[80.1442,6.7055],[80.1452,6.7046],[80.1452,6.7034],[80.1442,6.7055]]]]}},{"type":"Feature","properties":{"osm_id":"933807374","code":7229,"fclass":"farmland","name":null},"geometry":{"type":"MultiPolygon","coordinates":[[[[80.1444,6.6985],[80.1451,6.6997],[80.1452,6.6991],[80.1444,6.6985]]]]}},{"type":"Feature","properties":{"osm_id":"937671509","code":7229,"fclass":"farmland","name":null},"geometry":{"type":"MultiPolygon","coordinates":[[[[80.0959,7.0624],[80.0963,7.0632],[80.0966,7.0624],[80.0959,7.0624]]]]}},{"type":"Feature","properties":{"osm_id":"941241735","code":7229,"fclass":"farmland","name":null},"geometry":{"type":"MultiPolygon","coordinates":[[[[79.8733,7.052],[79.8749,7.052],[79.8738,7.054],[79.8758,7.0573],[79.8757,7.0586],[79.8786,7.0587],[79.8796,7.0526],[79.8787,7.0524],[79.879,7.0507],[79.8772,7.0505],[79.8764,7.0517],[79.876,7.0494],[79.8759,7.0504],[79.8735,7.0503],[79.8733,7.052]]]]}},{"type":"Feature","properties":{"osm_id":"945236097","code":7229,"fclass":"farmland","name":null},"geometry":{"type":"MultiPolygon","coordinates":[[[[80.1471,7.1386],[80.1477,7.1387],[80.1478,7.138],[80.1471,7.1386]]]]}},{"type":"Feature","properties":{"osm_id":"947000883","code":7229,"fclass":"farmland","name":null},"geometry":{"type":"MultiPolygon","coordinates":[[[[79.9714,7.23],[79.9727,7.2302],[79.9757,7.2292],[79.9777,7.2292],[79.9784,7.2298],[79.9787,7.2314],[79.9769,7.2353],[79.9784,7.2341],[79.9802,7.2389],[79.9808,7.2388],[79.9808,7.238],[79.979,7.2328],[79.98,7.2298],[79.9813,7.23],[79.9843,7.2331],[79.9867,7.2335],[79.9883,7.2361],[79.9924,7.2391],[79.9929,7.239],[79.9883,7.2346],[79.9876,7.2327],[79.9905,7.2324],[79.9929,7.233],[79.9948,7.2323],[79.994,7.2315],[79.9922,7.2323],[79.9909,7.2316],[79.986,7.2321],[79.9828,7.2305],[79.9817,7.2289],[79.9868,7.2253],[79.9865,7.2241],[79.9852,7.2242],[79.9829,7.2261],[79.9809,7.2269],[79.9785,7.2276],[79.9779,7.2272],[79.9785,7.2236],[79.9814,7.2221],[79.9803,7.2209],[79.9813,7.2196],[79.9807,7.2192],[79.9765,7.2269],[79.9737,7.2284],[79.9715,7.2286],[79.9714,7.23]]]]}},{"type":"Feature","properties":{"osm_id":"947000897","code":7229,"fclass":"farmland","name":null},"geometry":{"type":"MultiPolygon","coordinates":[[[[79.9865,7.225],[79.9871,7.2255],[79.9886,7.225],[79.9892,7.2258],[79.9906,7.223],[79.9944,7.2203],[79.9932,7.2186],[79.9891,7.2219],[79.9881,7.2212],[79.9865,7.225]]]]}},{"type":"Feature","properties":{"osm_id":"947624480","code":7229,"fclass":"farmland","name":null},"geometry":{"type":"MultiPolygon","coordinates":[[[[79.9726,7.1341],[79.9749,7.1375],[79.975,7.1365],[79.974,7.1354],[79.9735,7.1336],[79.9727,7.1333],[79.9726,7.1341]]]]}},{"type":"Feature","properties":{"osm_id":"947731908","code":7229,"fclass":"farmland","name":null},"geometry":{"type":"MultiPolygon","coordinates":[[[[79.9802,7.1236],[79.9809,7.1237],[79.9808,7.1248],[79.9818,7.1232],[79.9802,7.1236]]]]}},{"type":"Feature","properties":{"osm_id":"950067516","code":7229,"fclass":"farmland","name":null},"geometry":{"type":"MultiPolygon","coordinates":[[[[79.9627,6.7808],[79.9648,6.7836],[79.9646,6.7842],[79.9659,6.7846],[79.9657,6.7856],[79.9665,6.7856],[79.9682,6.7834],[79.9705,6.7834],[79.9697,6.7824],[79.9685,6.7828],[79.967,6.7823],[79.9648,6.783],[79.9638,6.7815],[79.9639,6.7805],[79.9627,6.7808]]]]}},{"type":"Feature","properties":{"osm_id":"950067517","code":7229,"fclass":"farmland","name":null},"geometry":{"type":"MultiPolygon","coordinates":[[[[79.9608,6.7864],[79.9629,6.7865],[79.9628,6.7853],[79.9636,6.7844],[79.9614,6.7847],[79.9608,6.7864]]]]}},{"type":"Feature","properties":{"osm_id":"950067518","code":7229,"fclass":"farmland","name":null},"geometry":{"type":"MultiPolygon","coordinates":[[[[79.9554,6.7766],[79.9569,6.778],[79.9568,6.7799],[79.958,6.7803],[79.9586,6.7796],[79.9596,6.7801],[79.9597,6.7797],[79.9603,6.7808],[79.961,6.7808],[79.9613,6.7843],[79.9624,6.7842],[79.9622,6.7822],[79.9618,6.7824],[79.9604,6.7791],[79.961,6.7787],[79.9608,6.778],[79.9587,6.7794],[79.9594,6.7775],[79.9577,6.7787],[79.9574,6.7768],[79.9569,6.777],[79.9559,6.7759],[79.9554,6.7766]]]]}},{"type":"Feature","properties":{"osm_id":"951258464","code":7229,"fclass":"farmland","name":null},"geometry":{"type":"MultiPolygon","coordinates":[[[[79.9629,6.7677],[79.9642,6.7673],[79.964,6.7661],[79.9632,6.7662],[79.9629,6.7677]]]]}},{"type":"Feature","properties":{"osm_id":"951258490","code":7229,"fclass":"farmland","name":null},"geometry":{"type":"MultiPolygon","coordinates":[[[[79.9753,6.7583],[79.9763,6.7592],[79.9759,6.7608],[79.9768,6.7596],[79.9778,6.7598],[79.9824,6.763],[79.9823,6.7619],[79.9788,6.7592],[79.9773,6.7593],[79.9769,6.7585],[79.9753,6.7583]]]]}},{"type":"Feature","properties":{"osm_id":"951258530","code":7229,"fclass":"farmland","name":"rice"},"geometry":{"type":"MultiPolygon","coordinates":[[[[79.9666,6.7939],[79.9687,6.8],[79.9683,6.7972],[79.9689,6.7968],[79.968,6.7946],[79.9666,6.7939]]]]}},{"type":"Feature","properties":{"osm_id":"962536425","code":7229,"fclass":"farmland","name":null},"geometry":{"type":"MultiPolygon","coordinates":[[[[80.0283,6.9436],[80.0289,6.9441],[80.0286,6.945],[80.0299,6.9449],[80.0302,6.9428],[80.0285,6.9426],[80.0283,6.9436]]]]}},{"type":"Feature","properties":{"osm_id":"970398084","code":7229,"fclass":"farmland","name":null},"geometry":{"type":"MultiPolygon","coordinates":[[[[80.0739,7.1608],[80.0749,7.1621],[80.0755,7.1618],[80.0755,7.1605],[80.0746,7.1604],[80.0745,7.1587],[80.0739,7.1608]]]]}},{"type":"Feature","properties":{"osm_id":"970593974","code":7229,"fclass":"farmland","name":null},"geometry":{"type":"MultiPolygon","coordinates":[[[[80.0771,7.1638],[80.0776,7.1648],[80.0777,7.1636],[80.0771,7.1638]]]]}},{"type":"Feature","properties":{"osm_id":"970593975","code":7229,"fclass":"farmland","name":null},"geometry":{"type":"MultiPolygon","coordinates":[[[[80.0776,7.1648],[80.078,7.164],[80.0776,7.1648]]]]}},{"type":"Feature","properties":{"osm_id":"970593980","code":7229,"fclass":"farmland","name":null},"geometry":{"type":"MultiPolygon","coordinates":[[[[80.0774,7.1654],[80.0776,7.1662],[80.0788,7.1663],[80.0784,7.1653],[80.0781,7.1658],[80.0774,7.1654]]]]}},{"type":"Feature","properties":{"osm_id":"970593981","code":7229,"fclass":"farmland","name":null},"geometry":{"type":"MultiPolygon","coordinates":[[[[80.0784,7.1651],[80.0791,7.1662],[80.079,7.1647],[80.0784,7.1651]]]]}},{"type":"Feature","properties":{"osm_id":"970593982","code":7229,"fclass":"farmland","name":null},"geometry":{"type":"MultiPolygon","coordinates":[[[[80.0758,7.1656],[80.076,7.1663],[80.0775,7.1663],[80.0771,7.1639],[80.0763,7.164],[80.0758,7.1656]]]]}},{"type":"Feature","properties":{"osm_id":"970593983","code":7229,"fclass":"farmland","name":null},"geometry":{"type":"MultiPolygon","coordinates":[[[[80.0723,7.1653],[80.0739,7.1663],[80.0759,7.1663],[80.0755,7.1647],[80.076,7.1638],[80.0753,7.164],[80.0741,7.1631],[80.0739,7.1644],[80.0723,7.1653]]]]}},{"type":"Feature","properties":{"osm_id":"970593991","code":7229,"fclass":"farmland","name":null},"geometry":{"type":"MultiPolygon","coordinates":[[[[80.0753,7.161],[80.0756,7.1613],[80.0753,7.161]]]]}},{"type":"Feature","properties":{"osm_id":"970593992","code":7229,"fclass":"farmland","name":null},"geometry":{"type":"MultiPolygon","coordinates":[[[[80.0739,7.1624],[80.0747,7.162],[80.0739,7.161],[80.0739,7.1624]]]]}},{"type":"Feature","properties":{"osm_id":"970593994","code":7229,"fclass":"farmland","name":null},"geometry":{"type":"MultiPolygon","coordinates":[[[[80.0779,7.1641],[80.0782,7.1651],[80.0779,7.1641]]]]}},{"type":"Feature","properties":{"osm_id":"970601260","code":7229,"fclass":"farmland","name":null},"geometry":{"type":"MultiPolygon","coordinates":[[[[80.0683,7.1563],[80.0705,7.1562],[80.0707,7.1554],[80.0685,7.1554],[80.0683,7.1563]]]]}},{"type":"Feature","properties":{"osm_id":"970601261","code":7229,"fclass":"farmland","name":null},"geometry":{"type":"MultiPolygon","coordinates":[[[[80.0697,7.1567],[80.0706,7.1575],[80.0721,7.1575],[80.0708,7.1563],[80.0697,7.1567]]]]}},{"type":"Feature","properties":{"osm_id":"970601262","code":7229,"fclass":"farmland","name":null},"geometry":{"type":"MultiPolygon","coordinates":[[[[80.0701,7.1581],[80.071,7.1588],[80.0713,7.1577],[80.0701,7.1581]]]]}},{"type":"Feature","properties":{"osm_id":"970601263","code":7229,"fclass":"farmland","name":null},"geometry":{"type":"MultiPolygon","coordinates":[[[[80.0727,7.1602],[80.0729,7.1617],[80.0736,7.1619],[80.0739,7.1586],[80.0727,7.1602]]]]}},{"type":"Feature","properties":{"osm_id":"970601265","code":7229,"fclass":"farmland","name":null},"geometry":{"type":"MultiPolygon","coordinates":[[[[80.0721,7.157],[80.0724,7.1578],[80.074,7.1577],[80.0721,7.157]]]]}},{"type":"Feature","properties":{"osm_id":"970601266","code":7229,"fclass":"farmland","name":null},"geometry":{"type":"MultiPolygon","coordinates":[[[[80.0733,7.1559],[80.0738,7.1567],[80.0733,7.1559]]]]}},{"type":"Feature","properties":{"osm_id":"970602065","code":7229,"fclass":"farmland","name":null},"geometry":{"type":"MultiPolygon","coordinates":[[[[80.0683,7.1588],[80.0691,7.1577],[80.0688,7.1574],[80.0683,7.1588]]]]}},{"type":"Feature","properties":{"osm_id":"970615687","code":7229,"fclass":"farmland","name":null},"geometry":{"type":"MultiPolygon","coordinates":[[[[80.1473,7.143],[80.1486,7.1427],[80.1504,7.1438],[80.1507,7.1398],[80.1473,7.143]]]]}},{"type":"Feature","properties":{"osm_id":"970615709","code":7229,"fclass":"farmland","name":null},"geometry":{"type":"MultiPolygon","coordinates":[[[[80.1454,7.1419],[80.1462,7.1426],[80.1475,7.1426],[80.1461,7.1412],[80.1454,7.1419]]]]}},{"type":"Feature","properties":{"osm_id":"970620283","code":7229,"fclass":"farmland","name":null},"geometry":{"type":"MultiPolygon","coordinates":[[[[80.128,7.149],[80.1286,7.1491],[80.1288,7.1483],[80.1282,7.1481],[80.128,7.149]]]]}},{"type":"Feature","properties":{"osm_id":"970620710","code":7229,"fclass":"farmland","name":null},"geometry":{"type":"MultiPolygon","coordinates":[[[[80.1233,7.1445],[80.126,7.1456],[80.126,7.1445],[80.1233,7.1445]]]]}},{"type":"Feature","properties":{"osm_id":"970776540","code":7229,"fclass":"farmland","name":null},"geometry":{"type":"MultiPolygon","coordinates":[[[[80.1195,7.0631],[80.1201,7.0631],[80.1202,7.0623],[80.1195,7.0623],[80.1195,7.0631]]]]}},{"type":"Feature","properties":{"osm_id":"970776541","code":7229,"fclass":"farmland","name":null},"geometry":{"type":"MultiPolygon","coordinates":[[[[80.1194,7.064],[80.1199,7.0643],[80.1201,7.0635],[80.1194,7.0635],[80.1194,7.064]]]]}},{"type":"Feature","properties":{"osm_id":"971976043","code":7229,"fclass":"farmland","name":null},"geometry":{"type":"MultiPolygon","coordinates":[[[[80.0681,7.154],[80.0685,7.1554],[80.0713,7.1555],[80.0729,7.1547],[80.0736,7.1557],[80.0739,7.1535],[80.073,7.1541],[80.0716,7.1527],[80.0712,7.1536],[80.0681,7.154]]]]}},{"type":"Feature","properties":{"osm_id":"971978041","code":7229,"fclass":"farmland","name":null},"geometry":{"type":"MultiPolygon","coordinates":[[[[80.0935,7.0679],[80.0935,7.0679]]]]}},{"type":"Feature","properties":{"osm_id":"971978042","code":7229,"fclass":"farmland","name":null},"geometry":{"type":"MultiPolygon","coordinates":[[[[80.0936,7.0678],[80.0936,7.0678]]]]}},{"type":"Feature","properties":{"osm_id":"971978043","code":7229,"fclass":"farmland","name":null},"geometry":{"type":"MultiPolygon","coordinates":[[[[80.0938,7.0677],[80.0938,7.0677]]]]}},{"type":"Feature","properties":{"osm_id":"971978044","code":7229,"fclass":"farmland","name":null},"geometry":{"type":"MultiPolygon","coordinates":[[[[80.0939,7.0676],[80.0939,7.0676]]]]}},{"type":"Feature","properties":{"osm_id":"971978045","code":7229,"fclass":"farmland","name":null},"geometry":{"type":"MultiPolygon","coordinates":[[[[80.0941,7.0675],[80.0945,7.0676],[80.0941,7.0675]]]]}},{"type":"Feature","properties":{"osm_id":"971978046","code":7229,"fclass":"farmland","name":null},"geometry":{"type":"MultiPolygon","coordinates":[[[[80.0944,7.0674],[80.0948,7.0674],[80.0944,7.0674]]]]}},{"type":"Feature","properties":{"osm_id":"971978049","code":7229,"fclass":"farmland","name":null},"geometry":{"type":"MultiPolygon","coordinates":[[[[80.0931,7.068],[80.0936,7.0681],[80.0931,7.068]]]]}},{"type":"Feature","properties":{"osm_id":"971980210","code":7229,"fclass":"farmland","name":null},"geometry":{"type":"MultiPolygon","coordinates":[[[[80.0777,7.0896],[80.0777,7.0896]]]]}},{"type":"Feature","properties":{"osm_id":"971980211","code":7229,"fclass":"farmland","name":null},"geometry":{"type":"MultiPolygon","coordinates":[[[[80.0775,7.0896],[80.0775,7.0896]]]]}},{"type":"Feature","properties":{"osm_id":"971980212","code":7229,"fclass":"farmland","name":null},"geometry":{"type":"MultiPolygon","coordinates":[[[[80.0779,7.0896],[80.0779,7.0896]]]]}},{"type":"Feature","properties":{"osm_id":"971984246","code":7229,"fclass":"farmland","name":null},"geometry":{"type":"MultiPolygon","coordinates":[[[[80.1235,7.1525],[80.1248,7.155],[80.1239,7.1527],[80.1244,7.1524],[80.1238,7.1517],[80.1235,7.1525]]]]}},{"type":"Feature","properties":{"osm_id":"971984247","code":7229,"fclass":"farmland","name":null},"geometry":{"type":"MultiPolygon","coordinates":[[[[80.1247,7.1548],[80.1252,7.1548],[80.1247,7.1548]]]]}},{"type":"Feature","properties":{"osm_id":"971984250","code":7229,"fclass":"farmland","name":null},"geometry":{"type":"MultiPolygon","coordinates":[[[[80.1244,7.1512],[80.1244,7.1512]]]]}},{"type":"Feature","properties":{"osm_id":"971984253","code":7229,"fclass":"farmland","name":null},"geometry":{"type":"MultiPolygon","coordinates":[[[[80.1234,7.1516],[80.1238,7.1514],[80.1234,7.1516]]]]}},{"type":"Feature","properties":{"osm_id":"971984257","code":7229,"fclass":"farmland","name":null},"geometry":{"type":"MultiPolygon","coordinates":[[[[80.1198,7.1568],[80.1218,7.158],[80.1257,7.1564],[80.1248,7.1562],[80.1248,7.1551],[80.1242,7.157],[80.1225,7.1577],[80.1207,7.1565],[80.1225,7.1562],[80.1216,7.1557],[80.12,7.1561],[80.1198,7.1568]]]]}},{"type":"Feature","properties":{"osm_id":"971988843","code":7229,"fclass":"farmland","name":null},"geometry":{"type":"MultiPolygon","coordinates":[[[[80.1049,7.1222],[80.1055,7.1226],[80.1049,7.1222]]]]}},{"type":"Feature","properties":{"osm_id":"998704690","code":7229,"fclass":"farmland","name":null},"geometry":{"type":"MultiPolygon","coordinates":[[[[80.1458,6.8072],[80.1466,6.8074],[80.1468,6.8089],[80.148,6.8088],[80.1477,6.8102],[80.1487,6.8098],[80.1496,6.8108],[80.1487,6.8082],[80.147,6.8063],[80.1466,6.8061],[80.1458,6.8072]]]]}},{"type":"Feature","properties":{"osm_id":"998704691","code":7229,"fclass":"farmland","name":null},"geometry":{"type":"MultiPolygon","coordinates":[[[[80.1469,6.805],[80.1476,6.8062],[80.1488,6.8065],[80.1492,6.8055],[80.1509,6.805],[80.1498,6.8043],[80.1469,6.805]]]]}},{"type":"Feature","properties":{"osm_id":"1005359681","code":7229,"fclass":"farmland","name":"Paddy"},"geometry":{"type":"MultiPolygon","coordinates":[[[[79.9888,7.0269],[79.9896,7.0295],[79.9903,7.0298],[79.9899,7.028],[79.9888,7.0269]]]]}},{"type":"Feature","properties":{"osm_id":"1005363434","code":7229,"fclass":"farmland","name":null},"geometry":{"type":"MultiPolygon","coordinates":[[[[79.9991,7.0199],[80.0004,7.0228],[80.0009,7.0226],[79.9999,7.0196],[79.9991,7.0199]]]]}},{"type":"Feature","properties":{"osm_id":"1005364395","code":7229,"fclass":"farmland","name":null},"geometry":{"type":"MultiPolygon","coordinates":[[[[79.9978,7.017],[79.9987,7.0195],[79.9998,7.0195],[79.999,7.0179],[79.9997,7.0177],[79.9997,7.0168],[79.9985,7.0156],[79.9978,7.017]]]]}},{"type":"Feature","properties":{"osm_id":"1005371091","code":7229,"fclass":"farmland","name":null},"geometry":{"type":"MultiPolygon","coordinates":[[[[79.9985,7.0156],[79.9998,7.017],[80.0013,7.0167],[80.0013,7.0159],[80.0002,7.016],[79.9992,7.0152],[79.9985,7.0156]]]]}},{"type":"Feature","properties":{"osm_id":"1005740334","code":7229,"fclass":"farmland","name":null},"geometry":{"type":"MultiPolygon","coordinates":[[[[79.9309,6.8783],[79.9309,6.8783]]]]}},{"type":"Feature","properties":{"osm_id":"5703405","code":7229,"fclass":"farmland","name":null},"geometry":{"type":"MultiPolygon","coordinates":[[[[79.9276,6.8753],[79.9288,6.876],[79.9306,6.8757],[79.9307,6.8744],[79.9319,6.8732],[79.9314,6.8728],[79.932,6.8694],[79.9331,6.8679],[79.9339,6.8679],[79.9338,6.8672],[79.9314,6.8669],[79.9276,6.8753]],[[79.9288,6.8734],[79.9298,6.8723],[79.9293,6.8736],[79.9288,6.8734]]]]}},{"type":"Feature","properties":{"osm_id":"11490536","code":7229,"fclass":"farmland","name":null},"geometry":{"type":"MultiPolygon","coordinates":[[[[80.235,6.3772],[80.234,6.3771],[80.2345,6.3793],[80.234,6.3809],[80.2348,6.3812],[80.2358,6.3838],[80.2365,6.3837],[80.2366,6.3842],[80.2354,6.3847],[80.2364,6.3863],[80.2381,6.3869],[80.2378,6.3841],[80.2362,6.3824],[80.2367,6.3815],[80.2359,6.3809],[80.235,6.3772]]],[[[80.2322,6.377],[80.2313,6.377],[80.2304,6.3788],[80.2291,6.3786],[80.2289,6.3777],[80.228,6.3782],[80.2299,6.3798],[80.2291,6.3802],[80.2296,6.3806],[80.2291,6.3804],[80.2289,6.3821],[80.2278,6.3823],[80.2289,6.3833],[80.2303,6.3825],[80.2297,6.3824],[80.2298,6.3816],[80.2289,6.3828],[80.2302,6.3806],[80.2315,6.3809],[80.2309,6.3829],[80.2319,6.3825],[80.2339,6.3832],[80.2341,6.3818],[80.2331,6.3831],[80.2322,6.3824],[80.2326,6.3819],[80.2318,6.3817],[80.2316,6.3808],[80.2306,6.3804],[80.2315,6.3784],[80.231,6.378],[80.2322,6.377]]]]}},{"type":"Feature","properties":{"osm_id":"1031121857","code":7229,"fclass":"farmland","name":null},"geometry":{"type":"MultiPolygon","coordinates":[[[[79.9731,6.9113],[79.9735,6.9115],[79.9739,6.9098],[79.9765,6.9094],[79.9778,6.91],[79.9776,6.9118],[79.979,6.9099],[79.976,6.9087],[79.9741,6.9095],[79.9733,6.9089],[79.9731,6.9113]]]]}},{"type":"Feature","properties":{"osm_id":"1031952029","code":7229,"fclass":"farmland","name":null},"geometry":{"type":"MultiPolygon","coordinates":[[[[80.1238,6.8705],[80.125,6.8734],[80.1256,6.8726],[80.1242,6.8702],[80.1251,6.8683],[80.1238,6.8705]]]]}},{"type":"Feature","properties":{"osm_id":"1031952030","code":7229,"fclass":"farmland","name":null},"geometry":{"type":"MultiPolygon","coordinates":[[[[80.1183,6.8737],[80.1196,6.8745],[80.122,6.8737],[80.1245,6.8744],[80.1216,6.8723],[80.1217,6.8703],[80.1206,6.8709],[80.1211,6.8726],[80.1193,6.8741],[80.1183,6.8737]]]]}},{"type":"Feature","properties":{"osm_id":"1053019869","code":7229,"fclass":"farmland","name":null},"geometry":{"type":"MultiPolygon","coordinates":[[[[80.2856,6.6058],[80.287,6.6058],[80.2879,6.6044],[80.2856,6.6058]]]]}},{"type":"Feature","properties":{"osm_id":"1053019870","code":7229,"fclass":"farmland","name":null},"geometry":{"type":"MultiPolygon","coordinates":[[[[80.2859,6.6042],[80.2867,6.6038],[80.2864,6.6033],[80.2859,6.6042]]]]}},{"type":"Feature","properties":{"osm_id":"1053019873","code":7229,"fclass":"farmland","name":null},"geometry":{"type":"MultiPolygon","coordinates":[[[[80.278,6.5999],[80.2802,6.6004],[80.2795,6.5996],[80.2788,6.5999],[80.2787,6.5992],[80.278,6.5999]]]]}},{"type":"Feature","properties":{"osm_id":"1053019874","code":7229,"fclass":"farmland","name":null},"geometry":{"type":"MultiPolygon","coordinates":[[[[80.2807,6.6046],[80.2813,6.6046],[80.2807,6.6046]]]]}},{"type":"Feature","properties":{"osm_id":"1053019875","code":7229,"fclass":"farmland","name":null},"geometry":{"type":"MultiPolygon","coordinates":[[[[80.2841,6.6062],[80.2868,6.6062],[80.2852,6.6057],[80.2841,6.6062]]]]}},{"type":"Feature","properties":{"osm_id":"1053019876","code":7229,"fclass":"farmland","name":null},"geometry":{"type":"MultiPolygon","coordinates":[[[[80.2873,6.6006],[80.2883,6.6007],[80.2892,6.5985],[80.2873,6.6006]]]]}},{"type":"Feature","properties":{"osm_id":"1053019877","code":7229,"fclass":"farmland","name":null},"geometry":{"type":"MultiPolygon","coordinates":[[[[80.2799,6.6008],[80.2803,6.6012],[80.2805,6.6007],[80.2799,6.6008]]]]}},{"type":"Feature","properties":{"osm_id":"1053019878","code":7229,"fclass":"farmland","name":null},"geometry":{"type":"MultiPolygon","coordinates":[[[[80.2863,6.6017],[80.2873,6.6019],[80.2891,6.6008],[80.2863,6.6017]]]]}},{"type":"Feature","properties":{"osm_id":"1053019957","code":7229,"fclass":"farmland","name":null},"geometry":{"type":"MultiPolygon","coordinates":[[[[80.2837,6.6058],[80.284,6.6062],[80.2846,6.6057],[80.284,6.6053],[80.2837,6.6058]]]]}},{"type":"Feature","properties":{"osm_id":"1054821002","code":7229,"fclass":"farmland","name":null},"geometry":{"type":"MultiPolygon","coordinates":[[[[80.292,6.5542],[80.2926,6.5546],[80.293,6.554],[80.2924,6.5537],[80.292,6.5542]]]]}},{"type":"Feature","properties":{"osm_id":"1056569596","code":7229,"fclass":"farmland","name":null},"geometry":{"type":"MultiPolygon","coordinates":[[[[80.1089,6.7841],[80.1111,6.7794],[80.1089,6.7841]]]]}},{"type":"Feature","properties":{"osm_id":"1056569597","code":7229,"fclass":"farmland","name":null},"geometry":{"type":"MultiPolygon","coordinates":[[[[80.1086,6.7851],[80.1091,6.7843],[80.1086,6.7851]]]]}},{"type":"Feature","properties":{"osm_id":"14097745","code":7229,"fclass":"farmland","name":null},"geometry":{"type":"MultiPolygon","coordinates":[[[[80.11,6.7662],[80.1127,6.7672],[80.113,6.7661],[80.1135,6.7671],[80.1146,6.7668],[80.1158,6.7677],[80.1161,6.767],[80.1141,6.7657],[80.1141,6.7644],[80.1156,6.7643],[80.1146,6.7639],[80.1144,6.763],[80.1135,6.7631],[80.1144,6.7625],[80.114,6.7608],[80.1164,6.7609],[80.114,6.7598],[80.114,6.7577],[80.1135,6.7574],[80.1137,6.7607],[80.1134,6.7622],[80.1128,6.7622],[80.1133,6.7596],[80.1129,6.7596],[80.1125,6.7571],[80.1116,6.7563],[80.1103,6.757],[80.1115,6.7583],[80.1111,6.7606],[80.1118,6.7613],[80.1111,6.7633],[80.1101,6.7641],[80.11,6.7662]],[[80.1126,6.7635],[80.1132,6.7626],[80.1126,6.7635]]]]}},{"type":"Feature","properties":{"osm_id":"1065914598","code":7229,"fclass":"farmland","name":null},"geometry":{"type":"MultiPolygon","coordinates":[[[[80.011,6.7064],[80.0115,6.7092],[80.0133,6.7124],[80.0128,6.7105],[80.0137,6.7109],[80.0145,6.7098],[80.0138,6.7102],[80.0126,6.7084],[80.0128,6.7079],[80.012,6.7078],[80.0118,6.7064],[80.011,6.7064]]]]}},{"type":"Feature","properties":{"osm_id":"1065914599","code":7229,"fclass":"farmland","name":null},"geometry":{"type":"MultiPolygon","coordinates":[[[[80.0075,6.7121],[80.0082,6.7134],[80.0096,6.7134],[80.0112,6.7089],[80.0104,6.7078],[80.0089,6.708],[80.0075,6.7121]]]]}},{"type":"Feature","properties":{"osm_id":"1065914600","code":7229,"fclass":"farmland","name":null},"geometry":{"type":"MultiPolygon","coordinates":[[[[80.0028,6.7091],[80.0049,6.7108],[80.0057,6.7104],[80.005,6.7092],[80.0056,6.7077],[80.0048,6.7074],[80.0053,6.7061],[80.0047,6.7059],[80.0028,6.7091]]]]}},{"type":"Feature","properties":{"osm_id":"1077690669","code":7229,"fclass":"farmland","name":null},"geometry":{"type":"MultiPolygon","coordinates":[[[[80.1229,6.6493],[80.1239,6.6492],[80.1262,6.6459],[80.1251,6.6464],[80.1229,6.6493]]]]}},{"type":"Feature","properties":{"osm_id":"1079855151","code":7229,"fclass":"farmland","name":null},"geometry":{"type":"MultiPolygon","coordinates":[[[[80.0562,6.6404],[80.0574,6.6406],[80.0571,6.64],[80.0562,6.6404]]]]}},{"type":"Feature","properties":{"osm_id":"1092015500","code":7229,"fclass":"farmland","name":null},"geometry":{"type":"MultiPolygon","coordinates":[[[[79.9484,6.884],[79.9488,6.8843],[79.9504,6.8828],[79.95,6.8825],[79.9484,6.884]]]]}},{"type":"Feature","properties":{"osm_id":"1092015709","code":7229,"fclass":"farmland","name":null},"geometry":{"type":"MultiPolygon","coordinates":[[[[79.9502,6.8824],[79.9515,6.882],[79.9502,6.8824]]]]}},{"type":"Feature","properties":{"osm_id":"1095285412","code":7229,"fclass":"farmland","name":null},"geometry":{"type":"MultiPolygon","coordinates":[[[[80.0635,6.6228],[80.0639,6.6231],[80.0635,6.6228]]]]}},{"type":"Feature","properties":{"osm_id":"1095285425","code":7229,"fclass":"farmland","name":null},"geometry":{"type":"MultiPolygon","coordinates":[[[[80.0677,6.6262],[80.0681,6.6253],[80.0677,6.6262]]]]}},{"type":"Feature","properties":{"osm_id":"1095287734","code":7229,"fclass":"farmland","name":null},"geometry":{"type":"MultiPolygon","coordinates":[[[[80.0895,6.6166],[80.0899,6.6166],[80.0895,6.6166]]]]}},{"type":"Feature","properties":{"osm_id":"1097541827","code":7229,"fclass":"farmland","name":null},"geometry":{"type":"MultiPolygon","coordinates":[[[[80.1521,6.8372],[80.1531,6.8381],[80.1542,6.8351],[80.1533,6.8347],[80.1533,6.8341],[80.1521,6.8372]]]]}},{"type":"Feature","properties":{"osm_id":"1097675184","code":7229,"fclass":"farmland","name":null},"geometry":{"type":"MultiPolygon","coordinates":[[[[80.0472,6.8433],[80.0484,6.8437],[80.0505,6.8431],[80.0509,6.841],[80.0482,6.8414],[80.0472,6.8433]]]]}},{"type":"Feature","properties":{"osm_id":"1097675185","code":7229,"fclass":"farmland","name":null},"geometry":{"type":"MultiPolygon","coordinates":[[[[80.0383,6.8422],[80.0396,6.8398],[80.0404,6.8397],[80.0432,6.8408],[80.0436,6.8415],[80.0426,6.8426],[80.043,6.8428],[80.0443,6.842],[80.047,6.8433],[80.0482,6.8414],[80.0461,6.8405],[80.0465,6.839],[80.0453,6.8387],[80.0439,6.8401],[80.0406,6.8385],[80.0402,6.8376],[80.0395,6.8381],[80.0402,6.8389],[80.0383,6.8422]]]]}},{"type":"Feature","properties":{"osm_id":"1097675186","code":7229,"fclass":"farmland","name":null},"geometry":{"type":"MultiPolygon","coordinates":[[[[80.0446,6.8351],[80.0457,6.8366],[80.0453,6.8386],[80.0466,6.839],[80.047,6.8379],[80.048,6.8383],[80.0482,6.8354],[80.0504,6.8325],[80.0504,6.8315],[80.0486,6.8318],[80.0491,6.8324],[80.0468,6.8356],[80.045,6.8348],[80.0446,6.8351]]]]}},{"type":"Feature","properties":{"osm_id":"1097675187","code":7229,"fclass":"farmland","name":null},"geometry":{"type":"MultiPolygon","coordinates":[[[[80.048,6.8378],[80.0481,6.8383],[80.0504,6.8381],[80.0549,6.8309],[80.0565,6.8304],[80.0557,6.8299],[80.0568,6.8294],[80.0569,6.8277],[80.0554,6.8292],[80.0547,6.8289],[80.0539,6.8317],[80.0504,6.8373],[80.048,6.8378]]]]}},{"type":"Feature","properties":{"osm_id":"1098157059","code":7229,"fclass":"farmland","name":null},"geometry":{"type":"MultiPolygon","coordinates":[[[[80.1191,6.7046],[80.1192,6.7053],[80.1206,6.7049],[80.1203,6.7041],[80.1191,6.7046]]]]}},{"type":"Feature","properties":{"osm_id":"1098157086","code":7229,"fclass":"farmland","name":null},"geometry":{"type":"MultiPolygon","coordinates":[[[[80.1337,6.9944],[80.1337,6.9944]]]]}},{"type":"Feature","properties":{"osm_id":"1101319280","code":7229,"fclass":"farmland","name":null},"geometry":{"type":"MultiPolygon","coordinates":[[[[80.1353,6.5866],[80.136,6.5866],[80.1353,6.5866]]]]}},{"type":"Feature","properties":{"osm_id":"1101319284","code":7229,"fclass":"farmland","name":null},"geometry":{"type":"MultiPolygon","coordinates":[[[[80.1359,6.5855],[80.1363,6.5862],[80.1364,6.5853],[80.1359,6.5855]]]]}},{"type":"Feature","properties":{"osm_id":"1101804952","code":7229,"fclass":"farmland","name":null},"geometry":{"type":"MultiPolygon","coordinates":[[[[80.1441,6.5854],[80.1453,6.586],[80.1453,6.5843],[80.1441,6.5854]]]]}},{"type":"Feature","properties":{"osm_id":"1101804953","code":7229,"fclass":"farmland","name":null},"geometry":{"type":"MultiPolygon","coordinates":[[[[80.1439,6.5847],[80.1441,6.5852],[80.1445,6.5846],[80.1439,6.5842],[80.1439,6.5847]]]]}},{"type":"Feature","properties":{"osm_id":"1101804954","code":7229,"fclass":"farmland","name":"open sand field"},"geometry":{"type":"MultiPolygon","coordinates":[[[[80.1418,6.5821],[80.1425,6.5821],[80.1418,6.5821]]]]}},{"type":"Feature","properties":{"osm_id":"1101804963","code":7229,"fclass":"farmland","name":null},"geometry":{"type":"MultiPolygon","coordinates":[[[[80.1442,6.5834],[80.1451,6.5828],[80.1446,6.5826],[80.1442,6.5834]]]]}},{"type":"Feature","properties":{"osm_id":"1101804966","code":7229,"fclass":"farmland","name":null},"geometry":{"type":"MultiPolygon","coordinates":[[[[80.1395,6.5834],[80.14,6.5831],[80.1395,6.5834]]]]}},{"type":"Feature","properties":{"osm_id":"1101804967","code":7229,"fclass":"farmland","name":null},"geometry":{"type":"MultiPolygon","coordinates":[[[[80.137,6.5829],[80.1378,6.5823],[80.1373,6.5821],[80.137,6.5829]]]]}},{"type":"Feature","properties":{"osm_id":"1102437094","code":7229,"fclass":"farmland","name":null},"geometry":{"type":"MultiPolygon","coordinates":[[[[80.138,6.5809],[80.1384,6.5806],[80.138,6.5809]]]]}},{"type":"Feature","properties":{"osm_id":"1102437095","code":7229,"fclass":"farmland","name":null},"geometry":{"type":"MultiPolygon","coordinates":[[[[80.1377,6.5813],[80.1378,6.5808],[80.1377,6.5813]]]]}},{"type":"Feature","properties":{"osm_id":"1105933709","code":7229,"fclass":"farmland","name":null},"geometry":{"type":"MultiPolygon","coordinates":[[[[80.1376,6.6516],[80.1389,6.6513],[80.1399,6.6495],[80.1412,6.6499],[80.1412,6.649],[80.1399,6.648],[80.1389,6.6484],[80.1386,6.648],[80.1386,6.6499],[80.1376,6.6516]]]]}},{"type":"Feature","properties":{"osm_id":"1105933710","code":7229,"fclass":"farmland","name":null},"geometry":{"type":"MultiPolygon","coordinates":[[[[80.1372,6.652],[80.1374,6.6531],[80.1381,6.6518],[80.1372,6.652]]]]}},{"type":"Feature","properties":{"osm_id":"1105933712","code":7229,"fclass":"farmland","name":null},"geometry":{"type":"MultiPolygon","coordinates":[[[[80.1391,6.6473],[80.1391,6.648],[80.1398,6.648],[80.1402,6.6468],[80.1392,6.6467],[80.1391,6.6473]]]]}},{"type":"Feature","properties":{"osm_id":"1105933713","code":7229,"fclass":"farmland","name":null},"geometry":{"type":"MultiPolygon","coordinates":[[[[80.1384,6.6464],[80.1391,6.648],[80.1393,6.6464],[80.1384,6.6464]]]]}},{"type":"Feature","properties":{"osm_id":"1105933714","code":7229,"fclass":"farmland","name":null},"geometry":{"type":"MultiPolygon","coordinates":[[[[80.1326,6.6512],[80.1338,6.6506],[80.1366,6.6467],[80.1358,6.6467],[80.1351,6.6474],[80.1326,6.6512]]]]}},{"type":"Feature","properties":{"osm_id":"1105933722","code":7229,"fclass":"farmland","name":null},"geometry":{"type":"MultiPolygon","coordinates":[[[[80.1376,6.6467],[80.1384,6.6473],[80.138,6.646],[80.1376,6.6467]]]]}},{"type":"Feature","properties":{"osm_id":"1105933723","code":7229,"fclass":"farmland","name":null},"geometry":{"type":"MultiPolygon","coordinates":[[[[80.1364,6.6464],[80.1367,6.6467],[80.1368,6.6461],[80.1364,6.6464]]]]}},{"type":"Feature","properties":{"osm_id":"1105933724","code":7229,"fclass":"farmland","name":null},"geometry":{"type":"MultiPolygon","coordinates":[[[[80.1369,6.6446],[80.1373,6.6445],[80.1369,6.6446]]]]}},{"type":"Feature","properties":{"osm_id":"1105933725","code":7229,"fclass":"farmland","name":null},"geometry":{"type":"MultiPolygon","coordinates":[[[[80.141,6.6478],[80.1417,6.6482],[80.1423,6.647],[80.141,6.6478]]]]}},{"type":"Feature","properties":{"osm_id":"1105933728","code":7229,"fclass":"farmland","name":null},"geometry":{"type":"MultiPolygon","coordinates":[[[[80.1435,6.6508],[80.1452,6.6526],[80.1453,6.6489],[80.1448,6.6504],[80.1435,6.6508]]]]}},{"type":"Feature","properties":{"osm_id":"1106098792","code":7229,"fclass":"farmland","name":"paddy area in mirigama"},"geometry":{"type":"MultiPolygon","coordinates":[[[[80.1289,7.2311],[80.1313,7.2319],[80.1315,7.233],[80.1312,7.2369],[80.1301,7.2381],[80.1305,7.2387],[80.1299,7.2407],[80.1307,7.2428],[80.1303,7.2432],[80.1307,7.2471],[80.1311,7.2472],[80.1331,7.2459],[80.1319,7.2435],[80.1321,7.2416],[80.1328,7.241],[80.1325,7.24],[80.1332,7.2367],[80.1326,7.236],[80.1336,7.2343],[80.133,7.2341],[80.1327,7.2324],[80.1338,7.2307],[80.1333,7.2296],[80.1341,7.2279],[80.133,7.2278],[80.1327,7.2252],[80.1341,7.2212],[80.1329,7.2209],[80.1312,7.2257],[80.132,7.2268],[80.1318,7.2301],[80.1293,7.23],[80.1289,7.2311]]]]}},{"type":"Feature","properties":{"osm_id":"1106104069","code":7229,"fclass":"farmland","name":"napewatta paddy field"},"geometry":{"type":"MultiPolygon","coordinates":[[[[80.1167,7.2245],[80.1172,7.2251],[80.1213,7.2223],[80.1214,7.2215],[80.12,7.2198],[80.1191,7.2233],[80.1184,7.2231],[80.1167,7.2245]]]]}},{"type":"Feature","properties":{"osm_id":"1106106920","code":7229,"fclass":"farmland","name":"palmada paddy field"},"geometry":{"type":"MultiPolygon","coordinates":[[[[80.1199,7.2189],[80.1213,7.2184],[80.1223,7.2155],[80.1231,7.2152],[80.1227,7.2147],[80.1199,7.2189]]]]}},{"type":"Feature","properties":{"osm_id":"1106130414","code":7229,"fclass":"farmland","name":null},"geometry":{"type":"MultiPolygon","coordinates":[[[[80.1418,6.647],[80.1428,6.6466],[80.1423,6.6457],[80.1418,6.647]]]]}},{"type":"Feature","properties":{"osm_id":"1106177833","code":7229,"fclass":"farmland","name":"paddy lands"},"geometry":{"type":"MultiPolygon","coordinates":[[[[80.1173,7.2355],[80.1177,7.2358],[80.1193,7.2327],[80.1173,7.2355]]]]}},{"type":"Feature","properties":{"osm_id":"1106460042","code":7229,"fclass":"farmland","name":null},"geometry":{"type":"MultiPolygon","coordinates":[[[[80.1423,6.6472],[80.1428,6.6476],[80.1425,6.6484],[80.1436,6.6478],[80.1448,6.6503],[80.1453,6.6485],[80.1437,6.6471],[80.1423,6.6472]]]]}},{"type":"Feature","properties":{"osm_id":"1106460043","code":7229,"fclass":"farmland","name":null},"geometry":{"type":"MultiPolygon","coordinates":[[[[80.142,6.6481],[80.1427,6.6474],[80.1423,6.6472],[80.142,6.6481]]]]}},{"type":"Feature","properties":{"osm_id":"1106460044","code":7229,"fclass":"farmland","name":null},"geometry":{"type":"MultiPolygon","coordinates":[[[[80.1414,6.6491],[80.142,6.6487],[80.1419,6.6481],[80.1414,6.6491]]]]}},{"type":"Feature","properties":{"osm_id":"1106485056","code":7229,"fclass":"farmland","name":null},"geometry":{"type":"MultiPolygon","coordinates":[[[[80.0612,6.5672],[80.0622,6.5691],[80.0637,6.5687],[80.0616,6.5666],[80.0612,6.5672]]]]}},{"type":"Feature","properties":{"osm_id":"1106485057","code":7229,"fclass":"farmland","name":null},"geometry":{"type":"MultiPolygon","coordinates":[[[[80.063,6.5678],[80.0641,6.5692],[80.0647,6.5686],[80.0647,6.567],[80.063,6.5678]]]]}},{"type":"Feature","properties":{"osm_id":"1106486344","code":7229,"fclass":"farmland","name":null},"geometry":{"type":"MultiPolygon","coordinates":[[[[80.0465,6.584],[80.0482,6.5841],[80.0513,6.5773],[80.0465,6.5774],[80.0465,6.584]]]]}},{"type":"Feature","properties":{"osm_id":"1106486345","code":7229,"fclass":"farmland","name":null},"geometry":{"type":"MultiPolygon","coordinates":[[[[80.0497,6.5814],[80.051,6.5831],[80.0517,6.5825],[80.0504,6.5805],[80.0497,6.5814]]]]}},{"type":"Feature","properties":{"osm_id":"1106486346","code":7229,"fclass":"farmland","name":null},"geometry":{"type":"MultiPolygon","coordinates":[[[[80.0493,6.5845],[80.0521,6.5857],[80.0525,6.5841],[80.0496,6.583],[80.0493,6.5845]]]]}},{"type":"Feature","properties":{"osm_id":"1106486347","code":7229,"fclass":"farmland","name":null},"geometry":{"type":"MultiPolygon","coordinates":[[[[80.0487,6.5867],[80.0499,6.587],[80.0501,6.5866],[80.0488,6.5863],[80.0487,6.5867]]]]}},{"type":"Feature","properties":{"osm_id":"1106487191","code":7229,"fclass":"farmland","name":null},"geometry":{"type":"MultiPolygon","coordinates":[[[[80.0493,6.5931],[80.0495,6.5925],[80.0493,6.5931]]]]}},{"type":"Feature","properties":{"osm_id":"1106487204","code":7229,"fclass":"farmland","name":null},"geometry":{"type":"MultiPolygon","coordinates":[[[[80.0531,6.5894],[80.0539,6.5893],[80.0531,6.5894]]]]}},{"type":"Feature","properties":{"osm_id":"1106489114","code":7229,"fclass":"farmland","name":null},"geometry":{"type":"MultiPolygon","coordinates":[[[[80.0464,6.7003],[80.047,6.7022],[80.0494,6.7032],[80.05,6.7018],[80.0468,6.7009],[80.0481,6.6992],[80.0486,6.6974],[80.0481,6.6973],[80.0478,6.6988],[80.0464,6.7003]]]]}},{"type":"Feature","properties":{"osm_id":"1106489136","code":7229,"fclass":"farmland","name":null},"geometry":{"type":"MultiPolygon","coordinates":[[[[80.0496,6.7009],[80.0503,6.7008],[80.0496,6.7009]]]]}},{"type":"Feature","properties":{"osm_id":"1106491102","code":7229,"fclass":"farmland","name":null},"geometry":{"type":"MultiPolygon","coordinates":[[[[80.0545,6.7148],[80.0552,6.7148],[80.0568,6.7113],[80.0563,6.7112],[80.0545,6.7148]]]]}},{"type":"Feature","properties":{"osm_id":"1106491111","code":7229,"fclass":"farmland","name":null},"geometry":{"type":"MultiPolygon","coordinates":[[[[80.0464,6.7101],[80.0465,6.7116],[80.0481,6.7117],[80.0482,6.7112],[80.0464,6.7101]]]]}},{"type":"Feature","properties":{"osm_id":"1106491117","code":7229,"fclass":"farmland","name":null},"geometry":{"type":"MultiPolygon","coordinates":[[[[80.0524,6.714],[80.0533,6.7142],[80.0543,6.7123],[80.0534,6.7119],[80.0524,6.714]]]]}},{"type":"Feature","properties":{"osm_id":"1106491119","code":7229,"fclass":"farmland","name":null},"geometry":{"type":"MultiPolygon","coordinates":[[[[80.0507,6.7097],[80.0522,6.7107],[80.0528,6.7092],[80.0511,6.7088],[80.0507,6.7097]]]]}},{"type":"Feature","properties":{"osm_id":"1106494830","code":7229,"fclass":"farmland","name":null},"geometry":{"type":"MultiPolygon","coordinates":[[[[80.1288,6.6545],[80.1294,6.6537],[80.1288,6.6537],[80.1288,6.6545]]]]}},{"type":"Feature","properties":{"osm_id":"1106494832","code":7229,"fclass":"farmland","name":null},"geometry":{"type":"MultiPolygon","coordinates":[[[[80.1299,6.6579],[80.1304,6.6587],[80.1343,6.6548],[80.1322,6.6541],[80.1299,6.6579]]]]}},{"type":"Feature","properties":{"osm_id":"1106494833","code":7229,"fclass":"farmland","name":null},"geometry":{"type":"MultiPolygon","coordinates":[[[[80.1309,6.6591],[80.1341,6.6583],[80.134,6.6552],[80.1309,6.6591]]]]}},{"type":"Feature","properties":{"osm_id":"1106496360","code":7229,"fclass":"farmland","name":null},"geometry":{"type":"MultiPolygon","coordinates":[[[[80.1133,6.6748],[80.1135,6.6754],[80.1163,6.6751],[80.1165,6.6741],[80.1171,6.6751],[80.118,6.6748],[80.1178,6.6733],[80.1163,6.6734],[80.1176,6.6722],[80.117,6.6718],[80.1171,6.6688],[80.1133,6.6748]]]]}},{"type":"Feature","properties":{"osm_id":"1106498724","code":7229,"fclass":"farmland","name":null},"geometry":{"type":"MultiPolygon","coordinates":[[[[80.1233,6.6428],[80.1233,6.6468],[80.124,6.6463],[80.1244,6.6428],[80.1233,6.6428]]]]}},{"type":"Feature","properties":{"osm_id":"1106498726","code":7229,"fclass":"farmland","name":null},"geometry":{"type":"MultiPolygon","coordinates":[[[[80.1288,6.6484],[80.1304,6.649],[80.1314,6.6476],[80.1295,6.6468],[80.1288,6.6484]]]]}},{"type":"Feature","properties":{"osm_id":"1106498727","code":7229,"fclass":"farmland","name":null},"geometry":{"type":"MultiPolygon","coordinates":[[[[80.1252,6.6534],[80.1304,6.6534],[80.131,6.6489],[80.1254,6.6493],[80.1252,6.6534]]]]}},{"type":"Feature","properties":{"osm_id":"1106499363","code":7229,"fclass":"farmland","name":null},"geometry":{"type":"MultiPolygon","coordinates":[[[[80.1198,6.6687],[80.1202,6.67],[80.1201,6.6682],[80.1198,6.6687]]]]}},{"type":"Feature","properties":{"osm_id":"1106499926","code":7229,"fclass":"farmland","name":null},"geometry":{"type":"MultiPolygon","coordinates":[[[[80.0602,6.6242],[80.0613,6.6251],[80.0614,6.6239],[80.0625,6.6242],[80.0628,6.6238],[80.0621,6.6231],[80.0609,6.6233],[80.0602,6.6242]]]]}},{"type":"Feature","properties":{"osm_id":"1106501018","code":7229,"fclass":"farmland","name":null},"geometry":{"type":"MultiPolygon","coordinates":[[[[80.0489,6.611],[80.0517,6.6109],[80.0526,6.6096],[80.054,6.6096],[80.0541,6.609],[80.0531,6.6082],[80.051,6.6091],[80.0503,6.6083],[80.0495,6.6083],[80.0498,6.6097],[80.0489,6.611]]]]}},{"type":"Feature","properties":{"osm_id":"1106503029","code":7229,"fclass":"farmland","name":null},"geometry":{"type":"MultiPolygon","coordinates":[[[[80.1253,6.697],[80.1269,6.6989],[80.1271,6.6981],[80.1279,6.6987],[80.1313,6.696],[80.1339,6.6865],[80.1327,6.6865],[80.1308,6.6896],[80.1311,6.6933],[80.1306,6.6949],[80.1294,6.6952],[80.1285,6.6966],[80.1262,6.6953],[80.1254,6.6957],[80.1259,6.6967],[80.1253,6.697]]]]}},{"type":"Feature","properties":{"osm_id":"1106503030","code":7229,"fclass":"farmland","name":null},"geometry":{"type":"MultiPolygon","coordinates":[[[[80.1324,6.6933],[80.1326,6.6939],[80.134,6.6939],[80.1333,6.6933],[80.1337,6.6922],[80.1324,6.6933]]]]}},{"type":"Feature","properties":{"osm_id":"1106503036","code":7229,"fclass":"farmland","name":null},"geometry":{"type":"MultiPolygon","coordinates":[[[[80.1327,6.6953],[80.1333,6.6947],[80.1327,6.6953]]]]}},{"type":"Feature","properties":{"osm_id":"1106503041","code":7229,"fclass":"farmland","name":null},"geometry":{"type":"MultiPolygon","coordinates":[[[[80.1289,6.6881],[80.1289,6.6888],[80.1304,6.6888],[80.1305,6.6883],[80.1289,6.6881]]]]}},{"type":"Feature","properties":{"osm_id":"1106503042","code":7229,"fclass":"farmland","name":null},"geometry":{"type":"MultiPolygon","coordinates":[[[[80.1299,6.6879],[80.1306,6.6876],[80.1299,6.6879]]]]}},{"type":"Feature","properties":{"osm_id":"1106503395","code":7229,"fclass":"farmland","name":null},"geometry":{"type":"MultiPolygon","coordinates":[[[[80.0823,6.7108],[80.0828,6.7121],[80.0823,6.7108]]]]}},{"type":"Feature","properties":{"osm_id":"1106505744","code":7229,"fclass":"farmland","name":null},"geometry":{"type":"MultiPolygon","coordinates":[[[[80.1435,6.5676],[80.1447,6.5685],[80.1452,6.5676],[80.1441,6.5667],[80.1435,6.5676]]]]}},{"type":"Feature","properties":{"osm_id":"1106505745","code":7229,"fclass":"farmland","name":null},"geometry":{"type":"MultiPolygon","coordinates":[[[[80.1441,6.5664],[80.1448,6.5672],[80.1449,6.5664],[80.1441,6.5664]]]]}},{"type":"Feature","properties":{"osm_id":"1106505758","code":7229,"fclass":"farmland","name":null},"geometry":{"type":"MultiPolygon","coordinates":[[[[80.1415,6.5695],[80.143,6.5727],[80.1437,6.5723],[80.1426,6.5691],[80.1415,6.5695]]]]}},{"type":"Feature","properties":{"osm_id":"1106505777","code":7229,"fclass":"farmland","name":null},"geometry":{"type":"MultiPolygon","coordinates":[[[[80.1374,6.5765],[80.138,6.5765],[80.1374,6.576],[80.1374,6.5765]]]]}},{"type":"Feature","properties":{"osm_id":"1106507779","code":7229,"fclass":"farmland","name":null},"geometry":{"type":"MultiPolygon","coordinates":[[[[80.1229,6.6703],[80.1236,6.6711],[80.1238,6.6685],[80.1229,6.6703]]]]}},{"type":"Feature","properties":{"osm_id":"1106507780","code":7229,"fclass":"farmland","name":null},"geometry":{"type":"MultiPolygon","coordinates":[[[[80.124,6.6684],[80.127,6.6683],[80.1266,6.6653],[80.1258,6.6654],[80.125,6.6632],[80.1244,6.6636],[80.1247,6.6658],[80.124,6.6684]]]]}},{"type":"Feature","properties":{"osm_id":"1106507783","code":7229,"fclass":"farmland","name":null},"geometry":{"type":"MultiPolygon","coordinates":[[[[80.1268,6.6646],[80.127,6.6651],[80.1279,6.665],[80.1268,6.6646]]]]}},{"type":"Feature","properties":{"osm_id":"1106510102","code":7229,"fclass":"farmland","name":null},"geometry":{"type":"MultiPolygon","coordinates":[[[[80.0951,6.5758],[80.0963,6.5763],[80.0979,6.5726],[80.0969,6.572],[80.0951,6.5758]]]]}},{"type":"Feature","properties":{"osm_id":"1106510965","code":7229,"fclass":"farmland","name":null},"geometry":{"type":"MultiPolygon","coordinates":[[[[80.0692,6.5977],[80.0728,6.5991],[80.0735,6.5976],[80.0696,6.5963],[80.0692,6.5977]]]]}},{"type":"Feature","properties":{"osm_id":"1106515659","code":7229,"fclass":"farmland","name":null},"geometry":{"type":"MultiPolygon","coordinates":[[[[80.1024,6.6671],[80.1033,6.6671],[80.1032,6.668],[80.1067,6.6684],[80.1066,6.6648],[80.1037,6.665],[80.1034,6.6662],[80.1024,6.6671]]]]}},{"type":"Feature","properties":{"osm_id":"1106515662","code":7229,"fclass":"farmland","name":null},"geometry":{"type":"MultiPolygon","coordinates":[[[[80.1045,6.6682],[80.1048,6.6698],[80.1066,6.6698],[80.1066,6.6684],[80.1045,6.6682]]]]}},{"type":"Feature","properties":{"osm_id":"1106515947","code":7229,"fclass":"farmland","name":null},"geometry":{"type":"MultiPolygon","coordinates":[[[[80.1124,6.6975],[80.1126,6.7015],[80.116,6.6995],[80.1156,6.6978],[80.1124,6.6975]]]]}},{"type":"Feature","properties":{"osm_id":"1106518617","code":7229,"fclass":"farmland","name":null},"geometry":{"type":"MultiPolygon","coordinates":[[[[80.1324,6.6619],[80.133,6.6612],[80.1324,6.6619]]]]}},{"type":"Feature","properties":{"osm_id":"1106587818","code":7229,"fclass":"farmland","name":"paddy land areas"},"geometry":{"type":"MultiPolygon","coordinates":[[[[80.0625,7.2837],[80.0646,7.2824],[80.0631,7.2823],[80.0625,7.2837]]]]}},{"type":"Feature","properties":{"osm_id":"1106588602","code":7229,"fclass":"farmland","name":"paddy land area"},"geometry":{"type":"MultiPolygon","coordinates":[[[[80.0607,7.2749],[80.0616,7.2769],[80.0608,7.2778],[80.0649,7.28],[80.0664,7.2822],[80.0667,7.2817],[80.066,7.2798],[80.0619,7.2772],[80.0626,7.2758],[80.0649,7.276],[80.0627,7.2749],[80.0607,7.2749]]]]}},{"type":"Feature","properties":{"osm_id":"1106726959","code":7229,"fclass":"farmland","name":null},"geometry":{"type":"MultiPolygon","coordinates":[[[[80.1139,6.6972],[80.115,6.6973],[80.1157,6.6954],[80.1139,6.6972]]]]}},{"type":"Feature","properties":{"osm_id":"1106726960","code":7229,"fclass":"farmland","name":null},"geometry":{"type":"MultiPolygon","coordinates":[[[[80.1154,6.6878],[80.1154,6.6885],[80.1163,6.6886],[80.1167,6.6908],[80.1157,6.6936],[80.1169,6.6935],[80.1163,6.695],[80.1171,6.6969],[80.1192,6.6973],[80.1161,6.6841],[80.1156,6.6846],[80.1159,6.6869],[80.1154,6.6878]]]]}},{"type":"Feature","properties":{"osm_id":"1106726962","code":7229,"fclass":"farmland","name":null},"geometry":{"type":"MultiPolygon","coordinates":[[[[80.1189,6.6956],[80.1192,6.6972],[80.1203,6.6972],[80.12,6.6949],[80.1189,6.6956]]]]}},{"type":"Feature","properties":{"osm_id":"1106743005","code":7229,"fclass":"farmland","name":null},"geometry":{"type":"MultiPolygon","coordinates":[[[[80.0465,6.6294],[80.0475,6.6304],[80.0488,6.63],[80.0466,6.6284],[80.0465,6.6294]]]]}},{"type":"Feature","properties":{"osm_id":"1106743006","code":7229,"fclass":"farmland","name":null},"geometry":{"type":"MultiPolygon","coordinates":[[[[80.0464,6.6276],[80.0473,6.6289],[80.0486,6.6284],[80.0486,6.6271],[80.0464,6.6276]]]]}},{"type":"Feature","properties":{"osm_id":"1106743009","code":7229,"fclass":"farmland","name":null},"geometry":{"type":"MultiPolygon","coordinates":[[[[80.0488,6.6294],[80.0488,6.6294]]]]}},{"type":"Feature","properties":{"osm_id":"1106743011","code":7229,"fclass":"farmland","name":null},"geometry":{"type":"MultiPolygon","coordinates":[[[[80.0464,6.6318],[80.0481,6.6318],[80.0481,6.6305],[80.0465,6.6307],[80.0464,6.6318]]]]}},{"type":"Feature","properties":{"osm_id":"1106743013","code":7229,"fclass":"farmland","name":null},"geometry":{"type":"MultiPolygon","coordinates":[[[[80.0491,6.6294],[80.0496,6.6315],[80.0526,6.6317],[80.0526,6.6298],[80.0491,6.6294]]]]}},{"type":"Feature","properties":{"osm_id":"1106743017","code":7229,"fclass":"farmland","name":null},"geometry":{"type":"MultiPolygon","coordinates":[[[[80.0497,6.629],[80.0509,6.6295],[80.0517,6.6283],[80.05,6.628],[80.0497,6.629]]]]}},{"type":"Feature","properties":{"osm_id":"1106743024","code":7229,"fclass":"farmland","name":null},"geometry":{"type":"MultiPolygon","coordinates":[[[[80.0437,6.6257],[80.0439,6.6264],[80.0452,6.6266],[80.0459,6.6246],[80.0473,6.6241],[80.0475,6.6227],[80.0464,6.6227],[80.0449,6.6249],[80.0437,6.6257]]]]}},{"type":"Feature","properties":{"osm_id":"1106751243","code":7229,"fclass":"farmland","name":null},"geometry":{"type":"MultiPolygon","coordinates":[[[[80.1275,6.5754],[80.1283,6.5756],[80.1289,6.5746],[80.1279,6.5743],[80.1275,6.5754]]]]}},{"type":"Feature","properties":{"osm_id":"1108409638","code":7229,"fclass":"farmland","name":null},"geometry":{"type":"MultiPolygon","coordinates":[[[[80.1015,6.7446],[80.1029,6.7466],[80.104,6.7462],[80.1026,6.7434],[80.1015,6.7446]]]]}},{"type":"Feature","properties":{"osm_id":"1108409639","code":7229,"fclass":"farmland","name":null},"geometry":{"type":"MultiPolygon","coordinates":[[[[80.1029,6.7438],[80.1046,6.7464],[80.1056,6.7446],[80.1052,6.7437],[80.1029,6.7438]]]]}},{"type":"Feature","properties":{"osm_id":"1108409640","code":7229,"fclass":"farmland","name":null},"geometry":{"type":"MultiPolygon","coordinates":[[[[80.0998,6.7429],[80.1002,6.7438],[80.1015,6.7446],[80.1026,6.7434],[80.0998,6.7429]]]]}},{"type":"Feature","properties":{"osm_id":"1108421675","code":7229,"fclass":"farmland","name":null},"geometry":{"type":"MultiPolygon","coordinates":[[[[80.0468,6.6374],[80.0482,6.6387],[80.0489,6.6382],[80.0483,6.6374],[80.0468,6.6374]]]]}},{"type":"Feature","properties":{"osm_id":"1108421686","code":7229,"fclass":"farmland","name":null},"geometry":{"type":"MultiPolygon","coordinates":[[[[80.0475,6.6386],[80.048,6.6386],[80.0475,6.6386]]]]}},{"type":"Feature","properties":{"osm_id":"1108421687","code":7229,"fclass":"farmland","name":null},"geometry":{"type":"MultiPolygon","coordinates":[[[[80.0492,6.6376],[80.0498,6.6376],[80.0492,6.6376]]]]}},{"type":"Feature","properties":{"osm_id":"1108421707","code":7229,"fclass":"farmland","name":null},"geometry":{"type":"MultiPolygon","coordinates":[[[[80.048,6.6427],[80.0492,6.6428],[80.0492,6.6412],[80.048,6.6427]]]]}},{"type":"Feature","properties":{"osm_id":"1108424887","code":7229,"fclass":"farmland","name":null},"geometry":{"type":"MultiPolygon","coordinates":[[[[80.124,6.6864],[80.1248,6.6864],[80.1251,6.6853],[80.1246,6.6851],[80.124,6.6864]]]]}},{"type":"Feature","properties":{"osm_id":"1108424888","code":7229,"fclass":"farmland","name":null},"geometry":{"type":"MultiPolygon","coordinates":[[[[80.1233,6.6864],[80.124,6.6861],[80.1233,6.6864]]]]}},{"type":"Feature","properties":{"osm_id":"1108424917","code":7229,"fclass":"farmland","name":null},"geometry":{"type":"MultiPolygon","coordinates":[[[[80.1298,6.6756],[80.1303,6.6767],[80.1307,6.6763],[80.1304,6.6756],[80.1298,6.6756]]]]}},{"type":"Feature","properties":{"osm_id":"1108424939","code":7229,"fclass":"farmland","name":null},"geometry":{"type":"MultiPolygon","coordinates":[[[[80.1259,6.6824],[80.1266,6.6822],[80.1259,6.6824]]]]}},{"type":"Feature","properties":{"osm_id":"1108424943","code":7229,"fclass":"farmland","name":null},"geometry":{"type":"MultiPolygon","coordinates":[[[[80.1326,6.6864],[80.1339,6.6864],[80.134,6.6834],[80.1327,6.683],[80.1326,6.6864]]]]}},{"type":"Feature","properties":{"osm_id":"1108456343","code":7229,"fclass":"farmland","name":null},"geometry":{"type":"MultiPolygon","coordinates":[[[[80.1189,6.6758],[80.1214,6.6768],[80.1221,6.6764],[80.1239,6.6776],[80.1242,6.6773],[80.1214,6.6742],[80.1208,6.6751],[80.1193,6.6752],[80.1189,6.6758]]]]}},{"type":"Feature","properties":{"osm_id":"1108456345","code":7229,"fclass":"farmland","name":null},"geometry":{"type":"MultiPolygon","coordinates":[[[[80.1203,6.6773],[80.1216,6.6776],[80.1207,6.6769],[80.1203,6.6773]]]]}},{"type":"Feature","properties":{"osm_id":"1109924958","code":7229,"fclass":"farmland","name":null},"geometry":{"type":"MultiPolygon","coordinates":[[[[80.0302,6.8998],[80.0312,6.9027],[80.0305,6.9044],[80.0313,6.9038],[80.032,6.9048],[80.0332,6.9035],[80.0341,6.9048],[80.0348,6.9042],[80.036,6.9044],[80.0358,6.9037],[80.0365,6.9034],[80.0377,6.9035],[80.0377,6.9042],[80.039,6.9037],[80.0399,6.9021],[80.0386,6.9017],[80.0374,6.903],[80.0356,6.9022],[80.0338,6.903],[80.0343,6.8997],[80.0335,6.9001],[80.0318,6.9029],[80.0315,6.9014],[80.0302,6.8998]]]]}},{"type":"Feature","properties":{"osm_id":"1109925110","code":7229,"fclass":"farmland","name":null},"geometry":{"type":"MultiPolygon","coordinates":[[[[80.0302,6.9035],[80.0305,6.9043],[80.031,6.9034],[80.0302,6.9035]]]]}},{"type":"Feature","properties":{"osm_id":"1109930090","code":7229,"fclass":"farmland","name":null},"geometry":{"type":"MultiPolygon","coordinates":[[[[80.1878,7.1235],[80.1889,7.1234],[80.1891,7.1222],[80.1882,7.1217],[80.1878,7.1235]]]]}},{"type":"Feature","properties":{"osm_id":"1110024873","code":7229,"fclass":"farmland","name":"Paddy field"},"geometry":{"type":"MultiPolygon","coordinates":[[[[80.1182,7.1822],[80.1205,7.1839],[80.1232,7.1792],[80.1225,7.1792],[80.1223,7.1805],[80.1208,7.181],[80.1212,7.1813],[80.1208,7.1824],[80.1204,7.1812],[80.1228,7.1783],[80.1208,7.1781],[80.1198,7.1798],[80.1195,7.1776],[80.1191,7.182],[80.1187,7.1823],[80.1187,7.1816],[80.1182,7.1822]]]]}},{"type":"Feature","properties":{"osm_id":"1110025236","code":7229,"fclass":"farmland","name":null},"geometry":{"type":"MultiPolygon","coordinates":[[[[80.1167,7.1849],[80.1176,7.1851],[80.1183,7.1869],[80.1189,7.1869],[80.1195,7.1852],[80.1208,7.1849],[80.1192,7.1832],[80.1189,7.1843],[80.1179,7.1848],[80.1174,7.1839],[80.1189,7.1828],[80.1178,7.1821],[80.1167,7.1849]]]]}},{"type":"Feature","properties":{"osm_id":"1111530066","code":7229,"fclass":"farmland","name":null},"geometry":{"type":"MultiPolygon","coordinates":[[[[79.9505,7.2121],[79.9517,7.2122],[79.9535,7.2104],[79.954,7.207],[79.9565,7.2053],[79.9571,7.2037],[79.9563,7.2031],[79.9542,7.2052],[79.953,7.2051],[79.9531,7.2074],[79.9505,7.2121]]]]}},{"type":"Feature","properties":{"osm_id":"1119836291","code":7229,"fclass":"farmland","name":null},"geometry":{"type":"MultiPolygon","coordinates":[[[[79.9183,6.8741],[79.9197,6.8752],[79.9189,6.8736],[79.9183,6.8741]]]]}},{"type":"Feature","properties":{"osm_id":"1119836292","code":7229,"fclass":"farmland","name":null},"geometry":{"type":"MultiPolygon","coordinates":[[[[79.9168,6.8724],[79.9183,6.874],[79.9189,6.8734],[79.9168,6.8724]]]]}},{"type":"Feature","properties":{"osm_id":"1119836293","code":7229,"fclass":"farmland","name":null},"geometry":{"type":"MultiPolygon","coordinates":[[[[79.9153,6.8718],[79.9169,6.8721],[79.9153,6.8718]]]]}},{"type":"Feature","properties":{"osm_id":"1122544928","code":7229,"fclass":"farmland","name":"Liyadi hatha"},"geometry":{"type":"MultiPolygon","coordinates":[[[[80.14,7.1794],[80.1417,7.1799],[80.1422,7.1791],[80.1418,7.1779],[80.1405,7.1779],[80.14,7.1794]]]]}},{"type":"Feature","properties":{"osm_id":"1138035296","code":7229,"fclass":"farmland","name":null},"geometry":{"type":"MultiPolygon","coordinates":[[[[80.1881,6.6857],[80.1895,6.684],[80.189,6.6836],[80.1896,6.6826],[80.1908,6.6823],[80.19,6.6817],[80.1912,6.6794],[80.1907,6.6791],[80.1886,6.6811],[80.1896,6.6822],[80.1881,6.6857]]]]}},{"type":"Feature","properties":{"osm_id":"1138541019","code":7229,"fclass":"farmland","name":null},"geometry":{"type":"MultiPolygon","coordinates":[[[[80.1718,6.6832],[80.1722,6.6833],[80.1727,6.6821],[80.174,6.6845],[80.177,6.6844],[80.1727,6.6815],[80.1718,6.6832]]]]}},{"type":"Feature","properties":{"osm_id":"1138541020","code":7229,"fclass":"farmland","name":null},"geometry":{"type":"MultiPolygon","coordinates":[[[[80.1769,6.6848],[80.1771,6.6854],[80.1777,6.6851],[80.1769,6.6848]]]]}},{"type":"Feature","properties":{"osm_id":"1144404354","code":7229,"fclass":"farmland","name":null},"geometry":{"type":"MultiPolygon","coordinates":[[[[80.1892,6.954],[80.1893,6.9546],[80.1903,6.9543],[80.1892,6.954]]]]}},{"type":"Feature","properties":{"osm_id":"1144404355","code":7229,"fclass":"farmland","name":null},"geometry":{"type":"MultiPolygon","coordinates":[[[[80.1901,6.9558],[80.1923,6.9579],[80.1927,6.957],[80.1932,6.9573],[80.1938,6.9566],[80.1932,6.9564],[80.1933,6.9557],[80.1929,6.9565],[80.1918,6.9564],[80.1913,6.9551],[80.1901,6.9558]]]]}},{"type":"Feature","properties":{"osm_id":"1148113024","code":7229,"fclass":"farmland","name":null},"geometry":{"type":"MultiPolygon","coordinates":[[[[80.0828,6.4297],[80.0835,6.4311],[80.084,6.4311],[80.0835,6.4297],[80.0828,6.4297]]]]}},{"type":"Feature","properties":{"osm_id":"1148113026","code":7229,"fclass":"farmland","name":null},"geometry":{"type":"MultiPolygon","coordinates":[[[[80.0863,6.4306],[80.0872,6.4306],[80.0869,6.43],[80.0863,6.4306]]]]}},{"type":"Feature","properties":{"osm_id":"1148113027","code":7229,"fclass":"farmland","name":"Rubber"},"geometry":{"type":"MultiPolygon","coordinates":[[[[80.0858,6.4299],[80.0863,6.4306],[80.0868,6.4291],[80.0858,6.4299]]]]}},{"type":"Feature","properties":{"osm_id":"1148374501","code":7229,"fclass":"farmland","name":null},"geometry":{"type":"MultiPolygon","coordinates":[[[[80.0884,6.4186],[80.0886,6.4191],[80.0884,6.4186]]]]}},{"type":"Feature","properties":{"osm_id":"1148385489","code":7229,"fclass":"farmland","name":null},"geometry":{"type":"MultiPolygon","coordinates":[[[[80.0716,6.4036],[80.0726,6.4041],[80.0725,6.4035],[80.0716,6.4036]]]]}},{"type":"Feature","properties":{"osm_id":"1148385490","code":7229,"fclass":"farmland","name":null},"geometry":{"type":"MultiPolygon","coordinates":[[[[80.0717,6.4056],[80.0727,6.4064],[80.0745,6.4061],[80.0733,6.4051],[80.0725,6.4058],[80.0717,6.4056]]]]}},{"type":"Feature","properties":{"osm_id":"1148385491","code":7229,"fclass":"farmland","name":null},"geometry":{"type":"MultiPolygon","coordinates":[[[[80.0743,6.4064],[80.0766,6.4076],[80.0749,6.4069],[80.0761,6.4087],[80.077,6.4086],[80.0765,6.4066],[80.0751,6.4059],[80.0743,6.4064]]]]}},{"type":"Feature","properties":{"osm_id":"1148386049","code":7229,"fclass":"farmland","name":null},"geometry":{"type":"MultiPolygon","coordinates":[[[[80.0768,6.4104],[80.0775,6.4105],[80.0768,6.4104]]]]}},{"type":"Feature","properties":{"osm_id":"1148387580","code":7229,"fclass":"farmland","name":null},"geometry":{"type":"MultiPolygon","coordinates":[[[[80.0721,6.4026],[80.0727,6.4027],[80.0721,6.4026]]]]}},{"type":"Feature","properties":{"osm_id":"1148388904","code":7229,"fclass":"farmland","name":null},"geometry":{"type":"MultiPolygon","coordinates":[[[[80.083,6.4193],[80.0835,6.42],[80.083,6.4193]]]]}},{"type":"Feature","properties":{"osm_id":"1149415856","code":7229,"fclass":"farmland","name":null},"geometry":{"type":"MultiPolygon","coordinates":[[[[80.1047,6.6666],[80.1059,6.6679],[80.1059,6.6658],[80.105,6.6655],[80.1047,6.6666]]]]}},{"type":"Feature","properties":{"osm_id":"1153467833","code":7229,"fclass":"farmland","name":null},"geometry":{"type":"MultiPolygon","coordinates":[[[[80.0452,7.0499],[80.0462,7.0504],[80.0468,7.0498],[80.0481,7.0502],[80.0485,7.0495],[80.0471,7.0487],[80.0452,7.0499]]]]}},{"type":"Feature","properties":{"osm_id":"1153467834","code":7229,"fclass":"farmland","name":null},"geometry":{"type":"MultiPolygon","coordinates":[[[[80.0372,7.0557],[80.0418,7.0557],[80.0454,7.054],[80.0444,7.0533],[80.0452,7.0498],[80.0484,7.0479],[80.0478,7.0476],[80.045,7.0487],[80.0443,7.0464],[80.0447,7.0453],[80.044,7.0456],[80.0453,7.0431],[80.046,7.0436],[80.0484,7.0428],[80.0464,7.0426],[80.0466,7.0406],[80.0479,7.0393],[80.047,7.0395],[80.0467,7.0385],[80.0458,7.0421],[80.0449,7.0428],[80.0444,7.0424],[80.0441,7.0442],[80.0426,7.0445],[80.0409,7.0414],[80.0421,7.0439],[80.042,7.0449],[80.0388,7.0453],[80.0425,7.0462],[80.0437,7.0494],[80.0434,7.0529],[80.0423,7.053],[80.0415,7.0518],[80.0417,7.0534],[80.0394,7.0541],[80.0391,7.0498],[80.039,7.0539],[80.0374,7.0546],[80.0372,7.0557]]]]}},{"type":"Feature","properties":{"osm_id":"1155219135","code":7229,"fclass":"farmland","name":null},"geometry":{"type":"MultiPolygon","coordinates":[[[[80.1614,6.8353],[80.1624,6.8366],[80.1625,6.836],[80.1614,6.8353]]]]}},{"type":"Feature","properties":{"osm_id":"1155219138","code":7229,"fclass":"farmland","name":null},"geometry":{"type":"MultiPolygon","coordinates":[[[[80.1587,6.8293],[80.1593,6.8288],[80.1587,6.8293]]]]}},{"type":"Feature","properties":{"osm_id":"1155219139","code":7229,"fclass":"farmland","name":null},"geometry":{"type":"MultiPolygon","coordinates":[[[[80.1603,6.8285],[80.1609,6.8286],[80.1609,6.8278],[80.1603,6.8285]]]]}},{"type":"Feature","properties":{"osm_id":"1155366180","code":7229,"fclass":"farmland","name":null},"geometry":{"type":"MultiPolygon","coordinates":[[[[80.1242,7.1645],[80.1246,7.1651],[80.1253,7.1632],[80.1252,7.1611],[80.1246,7.1603],[80.1248,7.1634],[80.1242,7.1645]]]]}},{"type":"Feature","properties":{"osm_id":"1155915741","code":7229,"fclass":"farmland","name":null},"geometry":{"type":"MultiPolygon","coordinates":[[[[80.057,6.6989],[80.0587,6.6983],[80.0595,6.6963],[80.057,6.6989]]]]}},{"type":"Feature","properties":{"osm_id":"1158313284","code":7229,"fclass":"farmland","name":null},"geometry":{"type":"MultiPolygon","coordinates":[[[[80.1222,6.5053],[80.1227,6.5052],[80.1222,6.5053]]]]}},{"type":"Feature","properties":{"osm_id":"1160678703","code":7229,"fclass":"farmland","name":null},"geometry":{"type":"MultiPolygon","coordinates":[[[[80.1017,6.4685],[80.1024,6.468],[80.1017,6.4685]]]]}},{"type":"Feature","properties":{"osm_id":"1161676353","code":7229,"fclass":"farmland","name":null},"geometry":{"type":"MultiPolygon","coordinates":[[[[80.107,6.4654],[80.109,6.468],[80.1086,6.4666],[80.107,6.4654]]]]}},{"type":"Feature","properties":{"osm_id":"1161686392","code":7229,"fclass":"farmland","name":null},"geometry":{"type":"MultiPolygon","coordinates":[[[[80.0875,6.4329],[80.0878,6.4332],[80.088,6.4325],[80.0875,6.4329]]]]}},{"type":"Feature","properties":{"osm_id":"1162725382","code":7229,"fclass":"farmland","name":null},"geometry":{"type":"MultiPolygon","coordinates":[[[[80.0872,6.4336],[80.0881,6.4338],[80.0881,6.4333],[80.0872,6.4336]]]]}},{"type":"Feature","properties":{"osm_id":"1164209492","code":7229,"fclass":"farmland","name":null},"geometry":{"type":"MultiPolygon","coordinates":[[[[80.0985,6.4557],[80.0988,6.4562],[80.0992,6.4557],[80.0985,6.4557]]]]}},{"type":"Feature","properties":{"osm_id":"1164209497","code":7229,"fclass":"farmland","name":null},"geometry":{"type":"MultiPolygon","coordinates":[[[[80.0983,6.4554],[80.0987,6.4552],[80.0983,6.4554]]]]}},{"type":"Feature","properties":{"osm_id":"1164769500","code":7229,"fclass":"farmland","name":null},"geometry":{"type":"MultiPolygon","coordinates":[[[[80.0666,6.4468],[80.0668,6.4477],[80.0677,6.4471],[80.0666,6.4468]]]]}},{"type":"Feature","properties":{"osm_id":"1165562392","code":7229,"fclass":"farmland","name":null},"geometry":{"type":"MultiPolygon","coordinates":[[[[79.9571,6.6147],[79.9578,6.6168],[79.958,6.616],[79.9587,6.6157],[79.9589,6.6142],[79.9571,6.6147]]]]}},{"type":"Feature","properties":{"osm_id":"1165642920","code":7229,"fclass":"farmland","name":null},"geometry":{"type":"MultiPolygon","coordinates":[[[[80.3465,6.4686],[80.3476,6.4694],[80.3488,6.4662],[80.348,6.466],[80.3472,6.4684],[80.3465,6.4686]]]]}},{"type":"Feature","properties":{"osm_id":"1165645552","code":7229,"fclass":"farmland","name":null},"geometry":{"type":"MultiPolygon","coordinates":[[[[80.3459,6.4686],[80.3461,6.4693],[80.3464,6.4687],[80.3459,6.4686]]]]}},{"type":"Feature","properties":{"osm_id":"1165645553","code":7229,"fclass":"farmland","name":null},"geometry":{"type":"MultiPolygon","coordinates":[[[[80.3459,6.4708],[80.3468,6.4707],[80.3468,6.4701],[80.3459,6.4708]]]]}},{"type":"Feature","properties":{"osm_id":"1165645554","code":7229,"fclass":"farmland","name":null},"geometry":{"type":"MultiPolygon","coordinates":[[[[80.3448,6.4713],[80.3453,6.472],[80.3455,6.4716],[80.3448,6.4713]]]]}},{"type":"Feature","properties":{"osm_id":"1165645555","code":7229,"fclass":"farmland","name":null},"geometry":{"type":"MultiPolygon","coordinates":[[[[80.3453,6.4707],[80.3458,6.4706],[80.3453,6.4707]]]]}},{"type":"Feature","properties":{"osm_id":"1165705152","code":7229,"fclass":"farmland","name":null},"geometry":{"type":"MultiPolygon","coordinates":[[[[80.3458,6.4662],[80.3465,6.466],[80.3458,6.4662]]]]}},{"type":"Feature","properties":{"osm_id":"1165705154","code":7229,"fclass":"farmland","name":null},"geometry":{"type":"MultiPolygon","coordinates":[[[[80.3455,6.4461],[80.3465,6.4471],[80.346,6.4453],[80.3455,6.4461]]]]}},{"type":"Feature","properties":{"osm_id":"1165705156","code":7229,"fclass":"farmland","name":null},"geometry":{"type":"MultiPolygon","coordinates":[[[[80.3428,6.452],[80.3433,6.4522],[80.3434,6.4513],[80.3428,6.452]]]]}},{"type":"Feature","properties":{"osm_id":"1165705157","code":7229,"fclass":"farmland","name":null},"geometry":{"type":"MultiPolygon","coordinates":[[[[80.3421,6.4515],[80.3425,6.4516],[80.3421,6.4515]]]]}},{"type":"Feature","properties":{"osm_id":"1169799900","code":7229,"fclass":"farmland","name":null},"geometry":{"type":"MultiPolygon","coordinates":[[[[80.0134,6.6044],[80.0146,6.6039],[80.0162,6.6044],[80.0149,6.6031],[80.0139,6.603],[80.0134,6.6044]]]]}},{"type":"Feature","properties":{"osm_id":"1175344356","code":7229,"fclass":"farmland","name":"Pady Field"},"geometry":{"type":"MultiPolygon","coordinates":[[[[80.0843,6.8823],[80.0852,6.8827],[80.0851,6.8792],[80.0843,6.8823]]]]}},{"type":"Feature","properties":{"osm_id":"1177180348","code":7229,"fclass":"farmland","name":"Farmland B"},"geometry":{"type":"MultiPolygon","coordinates":[[[[80.0249,6.8337],[80.0252,6.8343],[80.0263,6.8337],[80.0258,6.833],[80.0249,6.8337]]]]}},{"type":"Feature","properties":{"osm_id":"1177180349","code":7229,"fclass":"farmland","name":"Farmland A"},"geometry":{"type":"MultiPolygon","coordinates":[[[[80.0266,6.8346],[80.0273,6.836],[80.0288,6.8371],[80.0291,6.8364],[80.0282,6.8349],[80.0269,6.8341],[80.0266,6.8346]]]]}},{"type":"Feature","properties":{"osm_id":"1177180351","code":7229,"fclass":"farmland","name":"Farmland C"},"geometry":{"type":"MultiPolygon","coordinates":[[[[80.0259,6.834],[80.0264,6.8345],[80.0269,6.8339],[80.0259,6.834]]]]}},{"type":"Feature","properties":{"osm_id":"1178007193","code":7229,"fclass":"farmland","name":null},"geometry":{"type":"MultiPolygon","coordinates":[[[[80.244,6.5859],[80.2452,6.5853],[80.2447,6.5841],[80.2447,6.5853],[80.244,6.5859]]]]}},{"type":"Feature","properties":{"osm_id":"1180368882","code":7229,"fclass":"farmland","name":null},"geometry":{"type":"MultiPolygon","coordinates":[[[[79.9847,6.9326],[79.9852,6.9323],[79.9847,6.9326]]]]}},{"type":"Feature","properties":{"osm_id":"1180701450","code":7229,"fclass":"farmland","name":null},"geometry":{"type":"MultiPolygon","coordinates":[[[[80.2442,6.5827],[80.2448,6.5837],[80.2454,6.5833],[80.245,6.5826],[80.2442,6.5827]]]]}},{"type":"Feature","properties":{"osm_id":"1180701451","code":7229,"fclass":"farmland","name":null},"geometry":{"type":"MultiPolygon","coordinates":[[[[80.252,6.5882],[80.2535,6.5863],[80.2532,6.586],[80.252,6.5882]]]]}},{"type":"Feature","properties":{"osm_id":"1180708108","code":7229,"fclass":"farmland","name":null},"geometry":{"type":"MultiPolygon","coordinates":[[[[80.189,6.4851],[80.19,6.4851],[80.1896,6.4847],[80.189,6.4851]]]]}},{"type":"Feature","properties":{"osm_id":"1180733623","code":7229,"fclass":"farmland","name":null},"geometry":{"type":"MultiPolygon","coordinates":[[[[80.065,6.7473],[80.065,6.7473]]]]}},{"type":"Feature","properties":{"osm_id":"1180733624","code":7229,"fclass":"farmland","name":null},"geometry":{"type":"MultiPolygon","coordinates":[[[[80.0651,6.7471],[80.0651,6.7471]]]]}},{"type":"Feature","properties":{"osm_id":"1180733625","code":7229,"fclass":"farmland","name":null},"geometry":{"type":"MultiPolygon","coordinates":[[[[80.0652,6.747],[80.0652,6.747]]]]}},{"type":"Feature","properties":{"osm_id":"1180733626","code":7229,"fclass":"farmland","name":null},"geometry":{"type":"MultiPolygon","coordinates":[[[[80.0653,6.7468],[80.0653,6.7468]]]]}},{"type":"Feature","properties":{"osm_id":"1180733627","code":7229,"fclass":"farmland","name":null},"geometry":{"type":"MultiPolygon","coordinates":[[[[80.0648,6.7475],[80.0652,6.7474],[80.0648,6.7475]]]]}},{"type":"Feature","properties":{"osm_id":"1180734443","code":7229,"fclass":"farmland","name":null},"geometry":{"type":"MultiPolygon","coordinates":[[[[80.0639,6.7495],[80.0639,6.7495]]]]}},{"type":"Feature","properties":{"osm_id":"1180734444","code":7229,"fclass":"farmland","name":null},"geometry":{"type":"MultiPolygon","coordinates":[[[[80.064,6.7493],[80.064,6.7493]]]]}},{"type":"Feature","properties":{"osm_id":"1180734445","code":7229,"fclass":"farmland","name":null},"geometry":{"type":"MultiPolygon","coordinates":[[[[80.0641,6.7492],[80.0641,6.7492]]]]}},{"type":"Feature","properties":{"osm_id":"1180734446","code":7229,"fclass":"farmland","name":null},"geometry":{"type":"MultiPolygon","coordinates":[[[[80.0638,6.749],[80.0638,6.749]]]]}},{"type":"Feature","properties":{"osm_id":"1180734447","code":7229,"fclass":"farmland","name":null},"geometry":{"type":"MultiPolygon","coordinates":[[[[80.0638,6.7491],[80.0638,6.7491]]]]}},{"type":"Feature","properties":{"osm_id":"1180734448","code":7229,"fclass":"farmland","name":null},"geometry":{"type":"MultiPolygon","coordinates":[[[[80.0637,6.749],[80.0637,6.749]]]]}},{"type":"Feature","properties":{"osm_id":"1180734449","code":7229,"fclass":"farmland","name":null},"geometry":{"type":"MultiPolygon","coordinates":[[[[80.0638,6.7492],[80.0638,6.7492]]]]}},{"type":"Feature","properties":{"osm_id":"1180734450","code":7229,"fclass":"farmland","name":null},"geometry":{"type":"MultiPolygon","coordinates":[[[[80.0634,6.7491],[80.0638,6.7492],[80.0634,6.7491]]]]}},{"type":"Feature","properties":{"osm_id":"1180734451","code":7229,"fclass":"farmland","name":null},"geometry":{"type":"MultiPolygon","coordinates":[[[[80.0636,6.7493],[80.0636,6.7493]]]]}},{"type":"Feature","properties":{"osm_id":"1180734452","code":7229,"fclass":"farmland","name":null},"geometry":{"type":"MultiPolygon","coordinates":[[[[80.0635,6.7495],[80.0635,6.7495]]]]}},{"type":"Feature","properties":{"osm_id":"1180734453","code":7229,"fclass":"farmland","name":null},"geometry":{"type":"MultiPolygon","coordinates":[[[[80.0638,6.7496],[80.0638,6.7496]]]]}},{"type":"Feature","properties":{"osm_id":"1180734454","code":7229,"fclass":"farmland","name":null},"geometry":{"type":"MultiPolygon","coordinates":[[[[80.0638,6.7497],[80.0638,6.7497]]]]}},{"type":"Feature","properties":{"osm_id":"1180735554","code":7229,"fclass":"farmland","name":null},"geometry":{"type":"MultiPolygon","coordinates":[[[[80.0637,6.7498],[80.0637,6.7498]]]]}},{"type":"Feature","properties":{"osm_id":"1180735555","code":7229,"fclass":"farmland","name":null},"geometry":{"type":"MultiPolygon","coordinates":[[[[80.0639,6.7499],[80.0639,6.7499]]]]}},{"type":"Feature","properties":{"osm_id":"1180735556","code":7229,"fclass":"farmland","name":null},"geometry":{"type":"MultiPolygon","coordinates":[[[[80.064,6.7499],[80.064,6.7499]]]]}},{"type":"Feature","properties":{"osm_id":"1180735557","code":7229,"fclass":"farmland","name":null},"geometry":{"type":"MultiPolygon","coordinates":[[[[80.0633,6.7499],[80.0637,6.7497],[80.0633,6.7499]]]]}},{"type":"Feature","properties":{"osm_id":"1180735558","code":7229,"fclass":"farmland","name":null},"geometry":{"type":"MultiPolygon","coordinates":[[[[80.0633,6.7497],[80.0637,6.7496],[80.0633,6.7497]]]]}},{"type":"Feature","properties":{"osm_id":"1180736355","code":7229,"fclass":"farmland","name":null},"geometry":{"type":"MultiPolygon","coordinates":[[[[80.0633,6.7488],[80.0633,6.7488]]]]}},{"type":"Feature","properties":{"osm_id":"1180736356","code":7229,"fclass":"farmland","name":null},"geometry":{"type":"MultiPolygon","coordinates":[[[[80.0634,6.7486],[80.0634,6.7486]]]]}},{"type":"Feature","properties":{"osm_id":"1180736357","code":7229,"fclass":"farmland","name":null},"geometry":{"type":"MultiPolygon","coordinates":[[[[80.0637,6.7485],[80.0637,6.7485]]]]}},{"type":"Feature","properties":{"osm_id":"1180736358","code":7229,"fclass":"farmland","name":null},"geometry":{"type":"MultiPolygon","coordinates":[[[[80.0635,6.7487],[80.0635,6.7487]]]]}},{"type":"Feature","properties":{"osm_id":"1180736359","code":7229,"fclass":"farmland","name":null},"geometry":{"type":"MultiPolygon","coordinates":[[[[80.0634,6.7484],[80.0634,6.7484]]]]}},{"type":"Feature","properties":{"osm_id":"1180736360","code":7229,"fclass":"farmland","name":null},"geometry":{"type":"MultiPolygon","coordinates":[[[[80.0633,6.7485],[80.0633,6.7485]]]]}},{"type":"Feature","properties":{"osm_id":"1180738545","code":7229,"fclass":"farmland","name":null},"geometry":{"type":"MultiPolygon","coordinates":[[[[80.144,6.5882],[80.1443,6.5886],[80.144,6.5882]]]]}},{"type":"Feature","properties":{"osm_id":"1180738546","code":7229,"fclass":"farmland","name":null},"geometry":{"type":"MultiPolygon","coordinates":[[[[80.144,6.589],[80.1443,6.5887],[80.144,6.589]]]]}},{"type":"Feature","properties":{"osm_id":"1181815566","code":7229,"fclass":"farmland","name":"paddy"},"geometry":{"type":"MultiPolygon","coordinates":[[[[79.9356,7.0093],[79.9359,7.0111],[79.9378,7.0095],[79.9356,7.0093]]]]}},{"type":"Feature","properties":{"osm_id":"1182167988","code":7229,"fclass":"farmland","name":null},"geometry":{"type":"MultiPolygon","coordinates":[[[[80.0205,6.6099],[80.0205,6.6099]]]]}},{"type":"Feature","properties":{"osm_id":"1182167989","code":7229,"fclass":"farmland","name":null},"geometry":{"type":"MultiPolygon","coordinates":[[[[80.0206,6.6097],[80.0206,6.6097]]]]}},{"type":"Feature","properties":{"osm_id":"1182167990","code":7229,"fclass":"farmland","name":null},"geometry":{"type":"MultiPolygon","coordinates":[[[[80.0206,6.6097],[80.0206,6.6097]]]]}},{"type":"Feature","properties":{"osm_id":"1182167991","code":7229,"fclass":"farmland","name":null},"geometry":{"type":"MultiPolygon","coordinates":[[[[80.0206,6.6095],[80.0206,6.6095]]]]}},{"type":"Feature","properties":{"osm_id":"1182167992","code":7229,"fclass":"farmland","name":null},"geometry":{"type":"MultiPolygon","coordinates":[[[[80.0207,6.6095],[80.0207,6.6095]]]]}},{"type":"Feature","properties":{"osm_id":"1182167993","code":7229,"fclass":"farmland","name":null},"geometry":{"type":"MultiPolygon","coordinates":[[[[80.0207,6.6095],[80.0207,6.6095]]]]}},{"type":"Feature","properties":{"osm_id":"1182167994","code":7229,"fclass":"farmland","name":null},"geometry":{"type":"MultiPolygon","coordinates":[[[[80.0208,6.6094],[80.0208,6.6094]]]]}},{"type":"Feature","properties":{"osm_id":"1182167995","code":7229,"fclass":"farmland","name":null},"geometry":{"type":"MultiPolygon","coordinates":[[[[80.0208,6.6093],[80.0208,6.6093]]]]}},{"type":"Feature","properties":{"osm_id":"1182167996","code":7229,"fclass":"farmland","name":null},"geometry":{"type":"MultiPolygon","coordinates":[[[[80.0208,6.6091],[80.0208,6.6091]]]]}},{"type":"Feature","properties":{"osm_id":"1182167997","code":7229,"fclass":"farmland","name":null},"geometry":{"type":"MultiPolygon","coordinates":[[[[80.0209,6.6089],[80.0213,6.609],[80.0209,6.6089]]]]}},{"type":"Feature","properties":{"osm_id":"1182167998","code":7229,"fclass":"farmland","name":null},"geometry":{"type":"MultiPolygon","coordinates":[[[[80.0209,6.6088],[80.0214,6.6089],[80.0209,6.6088]]]]}},{"type":"Feature","properties":{"osm_id":"1182167999","code":7229,"fclass":"farmland","name":null},"geometry":{"type":"MultiPolygon","coordinates":[[[[80.0209,6.6087],[80.0215,6.6087],[80.0209,6.6087]]]]}},{"type":"Feature","properties":{"osm_id":"1182168000","code":7229,"fclass":"farmland","name":null},"geometry":{"type":"MultiPolygon","coordinates":[[[[80.021,6.6085],[80.0217,6.6083],[80.021,6.6085]]]]}},{"type":"Feature","properties":{"osm_id":"1182168001","code":7229,"fclass":"farmland","name":null},"geometry":{"type":"MultiPolygon","coordinates":[[[[80.021,6.6082],[80.021,6.6082]]]]}},{"type":"Feature","properties":{"osm_id":"1182168002","code":7229,"fclass":"farmland","name":null},"geometry":{"type":"MultiPolygon","coordinates":[[[[80.0216,6.6077],[80.0224,6.6069],[80.0216,6.6077]]]]}},{"type":"Feature","properties":{"osm_id":"1182168822","code":7229,"fclass":"farmland","name":null},"geometry":{"type":"MultiPolygon","coordinates":[[[[80.0223,6.6068],[80.0228,6.6065],[80.0223,6.6068]]]]}},{"type":"Feature","properties":{"osm_id":"1182168823","code":7229,"fclass":"farmland","name":null},"geometry":{"type":"MultiPolygon","coordinates":[[[[80.0225,6.6062],[80.0237,6.6044],[80.0225,6.6062]]]]}},{"type":"Feature","properties":{"osm_id":"1182168824","code":7229,"fclass":"farmland","name":null},"geometry":{"type":"MultiPolygon","coordinates":[[[[80.0231,6.604],[80.0236,6.6044],[80.0238,6.6038],[80.0231,6.604]]]]}},{"type":"Feature","properties":{"osm_id":"1182169137","code":7229,"fclass":"farmland","name":null},"geometry":{"type":"MultiPolygon","coordinates":[[[[80.0149,6.6001],[80.0156,6.5997],[80.0149,6.6001]]]]}},{"type":"Feature","properties":{"osm_id":"1182169138","code":7229,"fclass":"farmland","name":null},"geometry":{"type":"MultiPolygon","coordinates":[[[[80.015,6.5997],[80.0165,6.5992],[80.0153,6.5991],[80.015,6.5997]]]]}},{"type":"Feature","properties":{"osm_id":"1182169139","code":7229,"fclass":"farmland","name":null},"geometry":{"type":"MultiPolygon","coordinates":[[[[80.0172,6.5991],[80.0178,6.5993],[80.0172,6.5991]]]]}},{"type":"Feature","properties":{"osm_id":"1182169140","code":7229,"fclass":"farmland","name":null},"geometry":{"type":"MultiPolygon","coordinates":[[[[80.0235,6.6037],[80.0244,6.6024],[80.0235,6.6037]]]]}},{"type":"Feature","properties":{"osm_id":"1182257771","code":7229,"fclass":"farmland","name":null},"geometry":{"type":"MultiPolygon","coordinates":[[[[80.1223,6.5501],[80.1236,6.5503],[80.1238,6.5494],[80.1223,6.5501]]]]}},{"type":"Feature","properties":{"osm_id":"1182257772","code":7229,"fclass":"farmland","name":null},"geometry":{"type":"MultiPolygon","coordinates":[[[[80.1237,6.5501],[80.125,6.5503],[80.1251,6.5498],[80.1242,6.5498],[80.124,6.5492],[80.1237,6.5501]]]]}},{"type":"Feature","properties":{"osm_id":"1182258481","code":7229,"fclass":"farmland","name":null},"geometry":{"type":"MultiPolygon","coordinates":[[[[80.0473,6.6437],[80.0483,6.6444],[80.0488,6.6436],[80.0482,6.6434],[80.0492,6.6428],[80.0481,6.6428],[80.0473,6.6437]]]]}},{"type":"Feature","properties":{"osm_id":"1182258482","code":7229,"fclass":"farmland","name":null},"geometry":{"type":"MultiPolygon","coordinates":[[[[80.0482,6.6453],[80.0497,6.6462],[80.0491,6.6447],[80.0482,6.6453]]]]}},{"type":"Feature","properties":{"osm_id":"1182258483","code":7229,"fclass":"farmland","name":null},"geometry":{"type":"MultiPolygon","coordinates":[[[[80.0464,6.6457],[80.0485,6.6457],[80.0473,6.6454],[80.0467,6.6444],[80.0464,6.6457]]]]}},{"type":"Feature","properties":{"osm_id":"1182258484","code":7229,"fclass":"farmland","name":null},"geometry":{"type":"MultiPolygon","coordinates":[[[[80.0555,6.6466],[80.0558,6.647],[80.0573,6.6461],[80.0563,6.6458],[80.0555,6.6466]]]]}},{"type":"Feature","properties":{"osm_id":"1182258485","code":7229,"fclass":"farmland","name":null},"geometry":{"type":"MultiPolygon","coordinates":[[[[80.056,6.647],[80.0568,6.6475],[80.0572,6.6466],[80.056,6.647]]]]}},{"type":"Feature","properties":{"osm_id":"1182258486","code":7229,"fclass":"farmland","name":null},"geometry":{"type":"MultiPolygon","coordinates":[[[[80.0481,6.6492],[80.0486,6.6501],[80.0493,6.6499],[80.0491,6.6486],[80.0485,6.6485],[80.0481,6.6492]]]]}},{"type":"Feature","properties":{"osm_id":"1182258487","code":7229,"fclass":"farmland","name":null},"geometry":{"type":"MultiPolygon","coordinates":[[[[80.0479,6.6555],[80.0485,6.6556],[80.0488,6.6548],[80.0488,6.6526],[80.0479,6.6555]]]]}},{"type":"Feature","properties":{"osm_id":"1182258488","code":7229,"fclass":"farmland","name":null},"geometry":{"type":"MultiPolygon","coordinates":[[[[80.0475,6.6578],[80.0478,6.6585],[80.0484,6.6581],[80.0479,6.6573],[80.0475,6.6578]]]]}},{"type":"Feature","properties":{"osm_id":"1182258489","code":7229,"fclass":"farmland","name":null},"geometry":{"type":"MultiPolygon","coordinates":[[[[80.0576,6.6639],[80.0578,6.6644],[80.058,6.6635],[80.0576,6.6639]]]]}},{"type":"Feature","properties":{"osm_id":"1182260779","code":7229,"fclass":"farmland","name":null},"geometry":{"type":"MultiPolygon","coordinates":[[[[80.2624,6.6029],[80.2629,6.6034],[80.2632,6.6027],[80.2628,6.6023],[80.2624,6.6029]]]]}},{"type":"Feature","properties":{"osm_id":"1182264395","code":7229,"fclass":"farmland","name":null},"geometry":{"type":"MultiPolygon","coordinates":[[[[80.353,6.4541],[80.3536,6.455],[80.3536,6.4538],[80.353,6.4541]]]]}},{"type":"Feature","properties":{"osm_id":"1182268883","code":7229,"fclass":"farmland","name":null},"geometry":{"type":"MultiPolygon","coordinates":[[[[80.0453,6.6878],[80.0463,6.6911],[80.0459,6.6883],[80.0453,6.6878]]]]}},{"type":"Feature","properties":{"osm_id":"1182268886","code":7229,"fclass":"farmland","name":null},"geometry":{"type":"MultiPolygon","coordinates":[[[[80.0466,6.6917],[80.0473,6.6929],[80.0466,6.6917]]]]}},{"type":"Feature","properties":{"osm_id":"1182268893","code":7229,"fclass":"farmland","name":null},"geometry":{"type":"MultiPolygon","coordinates":[[[[80.0434,6.6986],[80.0449,6.6992],[80.0448,6.7007],[80.0456,6.7021],[80.0438,6.706],[80.044,6.7073],[80.0451,6.7072],[80.0457,6.7071],[80.0451,6.7067],[80.047,6.7022],[80.0464,6.7003],[80.046,6.7005],[80.0456,6.6976],[80.0468,6.6964],[80.0445,6.6974],[80.045,6.6989],[80.0441,6.6979],[80.0434,6.6986]]]]}},{"type":"Feature","properties":{"osm_id":"1182276536","code":7229,"fclass":"farmland","name":null},"geometry":{"type":"MultiPolygon","coordinates":[[[[80.0431,6.6969],[80.0444,6.6973],[80.0452,6.6966],[80.0445,6.6961],[80.0443,6.6969],[80.0438,6.6964],[80.0431,6.6969]]]]}},{"type":"Feature","properties":{"osm_id":"1182276544","code":7229,"fclass":"farmland","name":null},"geometry":{"type":"MultiPolygon","coordinates":[[[[80.0373,6.7029],[80.0378,6.7031],[80.0386,6.7021],[80.0407,6.7019],[80.039,6.7001],[80.0397,6.6998],[80.0394,6.6963],[80.0376,6.6968],[80.0377,6.698],[80.0391,6.698],[80.0373,6.7029]]]]}},{"type":"Feature","properties":{"osm_id":"1182286870","code":7229,"fclass":"farmland","name":null},"geometry":{"type":"MultiPolygon","coordinates":[[[[80.204,6.3662],[80.2055,6.3665],[80.2045,6.3691],[80.2051,6.3699],[80.2075,6.3652],[80.2062,6.3645],[80.2064,6.3638],[80.2046,6.3637],[80.2054,6.3647],[80.204,6.3656],[80.204,6.3662]]]]}},{"type":"Feature","properties":{"osm_id":"1182288718","code":7229,"fclass":"farmland","name":null},"geometry":{"type":"MultiPolygon","coordinates":[[[[80.1371,6.7104],[80.1384,6.7119],[80.1393,6.7114],[80.1381,6.7102],[80.1371,6.7104]]]]}},{"type":"Feature","properties":{"osm_id":"1182288719","code":7229,"fclass":"farmland","name":null},"geometry":{"type":"MultiPolygon","coordinates":[[[[80.1446,6.7115],[80.1455,6.7119],[80.1458,6.7113],[80.1446,6.7115]]]]}},{"type":"Feature","properties":{"osm_id":"1182288720","code":7229,"fclass":"farmland","name":null},"geometry":{"type":"MultiPolygon","coordinates":[[[[80.1478,6.7256],[80.1486,6.7256],[80.1484,6.7247],[80.1478,6.7256]]]]}},{"type":"Feature","properties":{"osm_id":"1182288721","code":7229,"fclass":"farmland","name":null},"geometry":{"type":"MultiPolygon","coordinates":[[[[80.1504,6.7225],[80.1506,6.7233],[80.1512,6.723],[80.1512,6.7224],[80.1504,6.7225]]]]}},{"type":"Feature","properties":{"osm_id":"1182288722","code":7229,"fclass":"farmland","name":null},"geometry":{"type":"MultiPolygon","coordinates":[[[[80.1352,6.71],[80.1358,6.7103],[80.1352,6.71]]]]}},{"type":"Feature","properties":{"osm_id":"1182288723","code":7229,"fclass":"farmland","name":null},"geometry":{"type":"MultiPolygon","coordinates":[[[[80.1539,6.7096],[80.1548,6.7089],[80.1539,6.7096]]]]}},{"type":"Feature","properties":{"osm_id":"1182288733","code":7229,"fclass":"farmland","name":null},"geometry":{"type":"MultiPolygon","coordinates":[[[[80.1478,6.7298],[80.1485,6.7293],[80.1478,6.7298]]]]}},{"type":"Feature","properties":{"osm_id":"1182288734","code":7229,"fclass":"farmland","name":null},"geometry":{"type":"MultiPolygon","coordinates":[[[[80.1392,6.7178],[80.1399,6.7182],[80.1403,6.7168],[80.1396,6.7169],[80.1392,6.7178]]]]}},{"type":"Feature","properties":{"osm_id":"1182288735","code":7229,"fclass":"farmland","name":null},"geometry":{"type":"MultiPolygon","coordinates":[[[[80.1492,6.7217],[80.1497,6.7214],[80.1492,6.7217]]]]}},{"type":"Feature","properties":{"osm_id":"1182471794","code":7229,"fclass":"farmland","name":null},"geometry":{"type":"MultiPolygon","coordinates":[[[[80.0291,6.6129],[80.0321,6.612],[80.0301,6.6119],[80.0291,6.6129]]]]}},{"type":"Feature","properties":{"osm_id":"1182475736","code":7229,"fclass":"farmland","name":null},"geometry":{"type":"MultiPolygon","coordinates":[[[[80.01,6.7459],[80.0105,6.7458],[80.01,6.7459]]]]}},{"type":"Feature","properties":{"osm_id":"1182475737","code":7229,"fclass":"farmland","name":null},"geometry":{"type":"MultiPolygon","coordinates":[[[[80.0094,6.7445],[80.01,6.7455],[80.0102,6.7449],[80.0094,6.7445]]]]}},{"type":"Feature","properties":{"osm_id":"1182475738","code":7229,"fclass":"farmland","name":null},"geometry":{"type":"MultiPolygon","coordinates":[[[[80.0102,6.7456],[80.0108,6.7454],[80.0105,6.745],[80.0102,6.7456]]]]}},{"type":"Feature","properties":{"osm_id":"1182475739","code":7229,"fclass":"farmland","name":null},"geometry":{"type":"MultiPolygon","coordinates":[[[[80.0096,6.7467],[80.0103,6.746],[80.0096,6.7467]]]]}},{"type":"Feature","properties":{"osm_id":"1182475740","code":7229,"fclass":"farmland","name":null},"geometry":{"type":"MultiPolygon","coordinates":[[[[80.0101,6.7463],[80.011,6.746],[80.0107,6.7456],[80.0101,6.7463]]]]}},{"type":"Feature","properties":{"osm_id":"1182479297","code":7229,"fclass":"farmland","name":null},"geometry":{"type":"MultiPolygon","coordinates":[[[[80.082,6.8177],[80.082,6.8177]]]]}},{"type":"Feature","properties":{"osm_id":"1182541969","code":7229,"fclass":"farmland","name":null},"geometry":{"type":"MultiPolygon","coordinates":[[[[80.1896,6.5867],[80.1904,6.5868],[80.1911,6.5851],[80.19,6.585],[80.1896,6.5867]]]]}},{"type":"Feature","properties":{"osm_id":"1182542782","code":7229,"fclass":"farmland","name":null},"geometry":{"type":"MultiPolygon","coordinates":[[[[80.1994,6.5827],[80.2002,6.5828],[80.2002,6.582],[80.1994,6.5827]]]]}},{"type":"Feature","properties":{"osm_id":"1182835739","code":7229,"fclass":"farmland","name":null},"geometry":{"type":"MultiPolygon","coordinates":[[[[80.0244,6.6029],[80.0249,6.6021],[80.0244,6.6029]]]]}},{"type":"Feature","properties":{"osm_id":"1182835745","code":7229,"fclass":"farmland","name":null},"geometry":{"type":"MultiPolygon","coordinates":[[[[80.026,6.6004],[80.0266,6.5999],[80.026,6.6004]]]]}},{"type":"Feature","properties":{"osm_id":"1182835746","code":7229,"fclass":"farmland","name":null},"geometry":{"type":"MultiPolygon","coordinates":[[[[80.0274,6.6017],[80.0282,6.6012],[80.028,6.6004],[80.0274,6.6017]]]]}},{"type":"Feature","properties":{"osm_id":"1182835747","code":7229,"fclass":"farmland","name":null},"geometry":{"type":"MultiPolygon","coordinates":[[[[80.0289,6.5991],[80.029,6.6001],[80.0301,6.5991],[80.0289,6.5991]]]]}},{"type":"Feature","properties":{"osm_id":"1182835752","code":7229,"fclass":"farmland","name":null},"geometry":{"type":"MultiPolygon","coordinates":[[[[80.0245,6.6066],[80.0254,6.6073],[80.0245,6.6066]]]]}},{"type":"Feature","properties":{"osm_id":"1182835758","code":7229,"fclass":"farmland","name":null},"geometry":{"type":"MultiPolygon","coordinates":[[[[80.0273,6.6053],[80.0274,6.6057],[80.0273,6.6053]]]]}},{"type":"Feature","properties":{"osm_id":"1182835759","code":7229,"fclass":"farmland","name":null},"geometry":{"type":"MultiPolygon","coordinates":[[[[80.0271,6.6048],[80.0276,6.6051],[80.0271,6.6048]]]]}},{"type":"Feature","properties":{"osm_id":"1182835767","code":7229,"fclass":"farmland","name":null},"geometry":{"type":"MultiPolygon","coordinates":[[[[80.034,6.6029],[80.0347,6.6045],[80.0354,6.6044],[80.0344,6.6027],[80.034,6.6029]]]]}},{"type":"Feature","properties":{"osm_id":"1182835768","code":7229,"fclass":"farmland","name":null},"geometry":{"type":"MultiPolygon","coordinates":[[[[80.0297,6.6033],[80.0305,6.6034],[80.0313,6.6018],[80.0308,6.6017],[80.0297,6.6033]]]]}},{"type":"Feature","properties":{"osm_id":"1182835771","code":7229,"fclass":"farmland","name":null},"geometry":{"type":"MultiPolygon","coordinates":[[[[80.0308,6.6014],[80.0313,6.6017],[80.0318,6.6009],[80.0308,6.6014]]]]}},{"type":"Feature","properties":{"osm_id":"1182837649","code":7229,"fclass":"farmland","name":null},"geometry":{"type":"MultiPolygon","coordinates":[[[[80.0092,6.6063],[80.0096,6.6065],[80.0104,6.6055],[80.0092,6.6063]]]]}},{"type":"Feature","properties":{"osm_id":"1182848701","code":7229,"fclass":"farmland","name":null},"geometry":{"type":"MultiPolygon","coordinates":[[[[80.0823,6.6892],[80.0829,6.6891],[80.0823,6.6892]]]]}},{"type":"Feature","properties":{"osm_id":"1182849273","code":7229,"fclass":"farmland","name":null},"geometry":{"type":"MultiPolygon","coordinates":[[[[80.0828,6.6895],[80.0836,6.6896],[80.0828,6.6895]]]]}},{"type":"Feature","properties":{"osm_id":"1182849274","code":7229,"fclass":"farmland","name":null},"geometry":{"type":"MultiPolygon","coordinates":[[[[80.0836,6.6898],[80.0844,6.6902],[80.0836,6.6898]]]]}},{"type":"Feature","properties":{"osm_id":"1182849275","code":7229,"fclass":"farmland","name":null},"geometry":{"type":"MultiPolygon","coordinates":[[[[80.082,6.6894],[80.083,6.6897],[80.082,6.6894]]]]}},{"type":"Feature","properties":{"osm_id":"1182849276","code":7229,"fclass":"farmland","name":null},"geometry":{"type":"MultiPolygon","coordinates":[[[[80.0831,6.6898],[80.0844,6.6903],[80.0831,6.6898]]]]}},{"type":"Feature","properties":{"osm_id":"1182849277","code":7229,"fclass":"farmland","name":null},"geometry":{"type":"MultiPolygon","coordinates":[[[[80.0821,6.6892],[80.0825,6.6887],[80.0836,6.6894],[80.0824,6.6884],[80.0821,6.6892]]]]}},{"type":"Feature","properties":{"osm_id":"1182849278","code":7229,"fclass":"farmland","name":null},"geometry":{"type":"MultiPolygon","coordinates":[[[[80.0815,6.691],[80.0816,6.6915],[80.0835,6.691],[80.0815,6.691]]]]}},{"type":"Feature","properties":{"osm_id":"1182849279","code":7229,"fclass":"farmland","name":null},"geometry":{"type":"MultiPolygon","coordinates":[[[[80.0755,6.666],[80.0761,6.666],[80.0762,6.6653],[80.0757,6.6652],[80.0755,6.666]]]]}},{"type":"Feature","properties":{"osm_id":"1182901398","code":7229,"fclass":"farmland","name":null},"geometry":{"type":"MultiPolygon","coordinates":[[[[80.036,6.5034],[80.0362,6.5038],[80.0383,6.5024],[80.036,6.5034]]]]}},{"type":"Feature","properties":{"osm_id":"1182901399","code":7229,"fclass":"farmland","name":null},"geometry":{"type":"MultiPolygon","coordinates":[[[[80.0372,6.5033],[80.0376,6.5037],[80.0372,6.5033]]]]}},{"type":"Feature","properties":{"osm_id":"1182938843","code":7229,"fclass":"farmland","name":null},"geometry":{"type":"MultiPolygon","coordinates":[[[[79.9325,6.7401],[79.933,6.7405],[79.9331,6.7397],[79.9325,6.7401]]]]}},{"type":"Feature","properties":{"osm_id":"1183406653","code":7229,"fclass":"farmland","name":null},"geometry":{"type":"MultiPolygon","coordinates":[[[[80.2936,6.5712],[80.2941,6.5708],[80.2936,6.5712]]]]}},{"type":"Feature","properties":{"osm_id":"1183406654","code":7229,"fclass":"farmland","name":null},"geometry":{"type":"MultiPolygon","coordinates":[[[[80.2924,6.5718],[80.2928,6.5715],[80.2924,6.5718]]]]}},{"type":"Feature","properties":{"osm_id":"1183406655","code":7229,"fclass":"farmland","name":null},"geometry":{"type":"MultiPolygon","coordinates":[[[[80.2908,6.5701],[80.2912,6.5698],[80.2908,6.5701]]]]}},{"type":"Feature","properties":{"osm_id":"1183406656","code":7229,"fclass":"farmland","name":null},"geometry":{"type":"MultiPolygon","coordinates":[[[[80.2922,6.5757],[80.2925,6.5756],[80.2922,6.5757]]]]}},{"type":"Feature","properties":{"osm_id":"1183406657","code":7229,"fclass":"farmland","name":null},"geometry":{"type":"MultiPolygon","coordinates":[[[[80.2911,6.5772],[80.2917,6.5768],[80.2911,6.5772]]]]}},{"type":"Feature","properties":{"osm_id":"1183408330","code":7229,"fclass":"farmland","name":null},"geometry":{"type":"MultiPolygon","coordinates":[[[[80.067,6.7956],[80.0673,6.7967],[80.067,6.7956]]]]}},{"type":"Feature","properties":{"osm_id":"1183408331","code":7229,"fclass":"farmland","name":null},"geometry":{"type":"MultiPolygon","coordinates":[[[[80.0655,6.7962],[80.0655,6.7962]]]]}},{"type":"Feature","properties":{"osm_id":"1183411130","code":7229,"fclass":"farmland","name":null},"geometry":{"type":"MultiPolygon","coordinates":[[[[80.0098,6.4622],[80.0103,6.4634],[80.0109,6.4622],[80.0123,6.4614],[80.0107,6.4613],[80.0098,6.4622]]]]}},{"type":"Feature","properties":{"osm_id":"1183411132","code":7229,"fclass":"farmland","name":null},"geometry":{"type":"MultiPolygon","coordinates":[[[[80.0204,6.4621],[80.0219,6.4617],[80.0219,6.4606],[80.0204,6.4621]]]]}},{"type":"Feature","properties":{"osm_id":"1183411133","code":7229,"fclass":"farmland","name":null},"geometry":{"type":"MultiPolygon","coordinates":[[[[80.0212,6.4547],[80.0217,6.4553],[80.0212,6.4547]]]]}},{"type":"Feature","properties":{"osm_id":"1183426138","code":7229,"fclass":"farmland","name":null},"geometry":{"type":"MultiPolygon","coordinates":[[[[80.0122,6.5895],[80.0134,6.5905],[80.0136,6.5901],[80.0125,6.589],[80.0122,6.5895]]]]}},{"type":"Feature","properties":{"osm_id":"1183468140","code":7229,"fclass":"farmland","name":null},"geometry":{"type":"MultiPolygon","coordinates":[[[[80.157,6.5225],[80.157,6.5225]]]]}},{"type":"Feature","properties":{"osm_id":"1183468141","code":7229,"fclass":"farmland","name":null},"geometry":{"type":"MultiPolygon","coordinates":[[[[80.1565,6.5224],[80.1565,6.5224]]]]}},{"type":"Feature","properties":{"osm_id":"1183468142","code":7229,"fclass":"farmland","name":null},"geometry":{"type":"MultiPolygon","coordinates":[[[[80.1566,6.5223],[80.1566,6.5223]]]]}},{"type":"Feature","properties":{"osm_id":"1183468143","code":7229,"fclass":"farmland","name":null},"geometry":{"type":"MultiPolygon","coordinates":[[[[80.1564,6.5222],[80.1564,6.5222]]]]}},{"type":"Feature","properties":{"osm_id":"1183592413","code":7229,"fclass":"farmland","name":null},"geometry":{"type":"MultiPolygon","coordinates":[[[[80.0309,6.6028],[80.0314,6.6031],[80.032,6.6022],[80.0315,6.6019],[80.0309,6.6028]]]]}},{"type":"Feature","properties":{"osm_id":"1183593051","code":7229,"fclass":"farmland","name":null},"geometry":{"type":"MultiPolygon","coordinates":[[[[80.03,6.6075],[80.0305,6.6077],[80.03,6.6075]]]]}},{"type":"Feature","properties":{"osm_id":"1183593052","code":7229,"fclass":"farmland","name":null},"geometry":{"type":"MultiPolygon","coordinates":[[[[80.0302,6.6074],[80.0309,6.6077],[80.0302,6.6074]]]]}},{"type":"Feature","properties":{"osm_id":"1183593055","code":7229,"fclass":"farmland","name":null},"geometry":{"type":"MultiPolygon","coordinates":[[[[80.0344,6.6016],[80.0346,6.6023],[80.035,6.6019],[80.0354,6.6001],[80.0344,6.6016]]]]}},{"type":"Feature","properties":{"osm_id":"1183593056","code":7229,"fclass":"farmland","name":null},"geometry":{"type":"MultiPolygon","coordinates":[[[[80.0333,6.6027],[80.0345,6.6024],[80.0333,6.6027]]]]}},{"type":"Feature","properties":{"osm_id":"1183593057","code":7229,"fclass":"farmland","name":null},"geometry":{"type":"MultiPolygon","coordinates":[[[[80.0326,6.6036],[80.033,6.6041],[80.0332,6.6036],[80.0326,6.6036]]]]}},{"type":"Feature","properties":{"osm_id":"1183627448","code":7229,"fclass":"farmland","name":null},"geometry":{"type":"MultiPolygon","coordinates":[[[[80.1407,6.447],[80.1411,6.4474],[80.1419,6.4463],[80.1431,6.4465],[80.1424,6.4462],[80.1431,6.4446],[80.1423,6.4461],[80.1407,6.447]]]]}},{"type":"Feature","properties":{"osm_id":"1183643404","code":7229,"fclass":"farmland","name":null},"geometry":{"type":"MultiPolygon","coordinates":[[[[80.0354,6.6006],[80.0358,6.5997],[80.0354,6.6006]]]]}},{"type":"Feature","properties":{"osm_id":"1183643407","code":7229,"fclass":"farmland","name":null},"geometry":{"type":"MultiPolygon","coordinates":[[[[80.0382,6.5995],[80.0388,6.6003],[80.0388,6.5991],[80.0382,6.5995]]]]}},{"type":"Feature","properties":{"osm_id":"1183645783","code":7229,"fclass":"farmland","name":null},"geometry":{"type":"MultiPolygon","coordinates":[[[[80.0413,6.6031],[80.0424,6.6029],[80.042,6.6024],[80.0413,6.6031]]]]}},{"type":"Feature","properties":{"osm_id":"1183645784","code":7229,"fclass":"farmland","name":null},"geometry":{"type":"MultiPolygon","coordinates":[[[[80.0394,6.6014],[80.0402,6.6014],[80.0398,6.6008],[80.0394,6.6014]]]]}},{"type":"Feature","properties":{"osm_id":"1183653258","code":7229,"fclass":"farmland","name":null},"geometry":{"type":"MultiPolygon","coordinates":[[[[79.9261,6.7322],[79.9267,6.7315],[79.9261,6.7322]]]]}},{"type":"Feature","properties":{"osm_id":"1183704280","code":7229,"fclass":"farmland","name":null},"geometry":{"type":"MultiPolygon","coordinates":[[[[79.9262,6.7455],[79.9269,6.7465],[79.9313,6.7467],[79.9318,6.7445],[79.9286,6.7439],[79.928,6.7458],[79.9262,6.7455]]]]}},{"type":"Feature","properties":{"osm_id":"1183718388","code":7229,"fclass":"farmland","name":null},"geometry":{"type":"MultiPolygon","coordinates":[[[[80.1975,6.3596],[80.1979,6.3601],[80.1993,6.3595],[80.2002,6.3619],[80.2012,6.3605],[80.2017,6.361],[80.2024,6.3604],[80.2016,6.3606],[80.2016,6.36],[80.2006,6.3597],[80.2003,6.3592],[80.2011,6.3585],[80.2005,6.3581],[80.1977,6.3585],[80.1975,6.3596]]]]}},{"type":"Feature","properties":{"osm_id":"1183718389","code":7229,"fclass":"farmland","name":null},"geometry":{"type":"MultiPolygon","coordinates":[[[[80.2053,6.3597],[80.206,6.3605],[80.2053,6.3597]]]]}},{"type":"Feature","properties":{"osm_id":"1183718390","code":7229,"fclass":"farmland","name":null},"geometry":{"type":"MultiPolygon","coordinates":[[[[80.206,6.3611],[80.206,6.3611]]]]}},{"type":"Feature","properties":{"osm_id":"1183718391","code":7229,"fclass":"farmland","name":null},"geometry":{"type":"MultiPolygon","coordinates":[[[[80.2058,6.3614],[80.2066,6.3627],[80.2063,6.3614],[80.2058,6.3614]]]]}},{"type":"Feature","properties":{"osm_id":"1183718395","code":7229,"fclass":"farmland","name":null},"geometry":{"type":"MultiPolygon","coordinates":[[[[80.2026,6.3694],[80.2036,6.3699],[80.204,6.3692],[80.2026,6.3694]]]]}},{"type":"Feature","properties":{"osm_id":"1183718397","code":7229,"fclass":"farmland","name":null},"geometry":{"type":"MultiPolygon","coordinates":[[[[80.1997,6.373],[80.2003,6.3732],[80.2009,6.3721],[80.2004,6.3719],[80.1997,6.373]]]]}},{"type":"Feature","properties":{"osm_id":"1183718398","code":7229,"fclass":"farmland","name":null},"geometry":{"type":"MultiPolygon","coordinates":[[[[80.2005,6.3715],[80.2015,6.3709],[80.2009,6.3707],[80.2005,6.3715]]]]}},{"type":"Feature","properties":{"osm_id":"1183718399","code":7229,"fclass":"farmland","name":null},"geometry":{"type":"MultiPolygon","coordinates":[[[[80.2013,6.3722],[80.2018,6.3725],[80.2032,6.3708],[80.2019,6.3707],[80.2025,6.3717],[80.2013,6.3722]]]]}},{"type":"Feature","properties":{"osm_id":"1183718400","code":7229,"fclass":"farmland","name":null},"geometry":{"type":"MultiPolygon","coordinates":[[[[80.2029,6.3718],[80.2036,6.3714],[80.2033,6.3707],[80.2029,6.3718]]]]}},{"type":"Feature","properties":{"osm_id":"1183718401","code":7229,"fclass":"farmland","name":null},"geometry":{"type":"MultiPolygon","coordinates":[[[[80.2006,6.3747],[80.202,6.3755],[80.2022,6.3748],[80.2028,6.3749],[80.2029,6.3737],[80.2015,6.3735],[80.2006,6.3747]]]]}},{"type":"Feature","properties":{"osm_id":"1183726014","code":7229,"fclass":"farmland","name":null},"geometry":{"type":"MultiPolygon","coordinates":[[[[79.9325,6.7409],[79.933,6.7409],[79.9325,6.7409]]]]}},{"type":"Feature","properties":{"osm_id":"1183726015","code":7229,"fclass":"farmland","name":null},"geometry":{"type":"MultiPolygon","coordinates":[[[[79.9327,6.7395],[79.9332,6.7393],[79.9327,6.7395]]]]}},{"type":"Feature","properties":{"osm_id":"1183726021","code":7229,"fclass":"farmland","name":null},"geometry":{"type":"MultiPolygon","coordinates":[[[[79.9354,6.7424],[79.9358,6.7428],[79.9354,6.7424]]]]}},{"type":"Feature","properties":{"osm_id":"1183766995","code":7229,"fclass":"farmland","name":null},"geometry":{"type":"MultiPolygon","coordinates":[[[[80.2336,6.6735],[80.2341,6.6735],[80.2336,6.6735]]]]}},{"type":"Feature","properties":{"osm_id":"1183766996","code":7229,"fclass":"farmland","name":null},"geometry":{"type":"MultiPolygon","coordinates":[[[[80.2328,6.6715],[80.2329,6.6721],[80.2332,6.6715],[80.2328,6.6715]]]]}},{"type":"Feature","properties":{"osm_id":"1183766997","code":7229,"fclass":"farmland","name":null},"geometry":{"type":"MultiPolygon","coordinates":[[[[80.2341,6.6732],[80.2348,6.6731],[80.2341,6.6732]]]]}},{"type":"Feature","properties":{"osm_id":"1183766999","code":7229,"fclass":"farmland","name":null},"geometry":{"type":"MultiPolygon","coordinates":[[[[80.2331,6.672],[80.2338,6.672],[80.2331,6.672]]]]}},{"type":"Feature","properties":{"osm_id":"1184202876","code":7229,"fclass":"farmland","name":null},"geometry":{"type":"MultiPolygon","coordinates":[[[[79.9944,6.6137],[79.9956,6.6148],[79.9981,6.614],[79.9967,6.6126],[79.9966,6.609],[79.9947,6.6108],[79.9957,6.6134],[79.9944,6.6137]]]]}},{"type":"Feature","properties":{"osm_id":"1184222588","code":7229,"fclass":"farmland","name":null},"geometry":{"type":"MultiPolygon","coordinates":[[[[80.027,6.513],[80.027,6.5146],[80.0276,6.5148],[80.0276,6.5141],[80.0287,6.514],[80.0271,6.5125],[80.027,6.513]]]]}},{"type":"Feature","properties":{"osm_id":"1184222589","code":7229,"fclass":"farmland","name":null},"geometry":{"type":"MultiPolygon","coordinates":[[[[80.0295,6.5155],[80.0314,6.5176],[80.0319,6.5166],[80.03,6.5151],[80.0295,6.5155]]]]}},{"type":"Feature","properties":{"osm_id":"1184224063","code":7229,"fclass":"farmland","name":null},"geometry":{"type":"MultiPolygon","coordinates":[[[[80.1401,6.7393],[80.1403,6.7405],[80.1428,6.7402],[80.1424,6.7396],[80.1431,6.7375],[80.1428,6.7365],[80.1416,6.7363],[80.1412,6.7377],[80.1405,6.7375],[80.1412,6.7381],[80.1408,6.7391],[80.1401,6.7393]]]]}},{"type":"Feature","properties":{"osm_id":"1184227154","code":7229,"fclass":"farmland","name":null},"geometry":{"type":"MultiPolygon","coordinates":[[[[80.0947,6.7961],[80.0956,6.7966],[80.097,6.7956],[80.0977,6.7967],[80.098,6.7945],[80.0976,6.7952],[80.0973,6.7945],[80.0985,6.7946],[80.0993,6.7939],[80.0991,6.7935],[80.0999,6.7935],[80.101,6.7909],[80.0998,6.7907],[80.0981,6.7934],[80.0958,6.794],[80.0957,6.7952],[80.0947,6.7961]]]]}},{"type":"Feature","properties":{"osm_id":"1184247468","code":7229,"fclass":"farmland","name":null},"geometry":{"type":"MultiPolygon","coordinates":[[[[80.0161,6.6556],[80.0161,6.6556]]]]}},{"type":"Feature","properties":{"osm_id":"1184247469","code":7229,"fclass":"farmland","name":null},"geometry":{"type":"MultiPolygon","coordinates":[[[[80.0164,6.6556],[80.0164,6.6556]]]]}},{"type":"Feature","properties":{"osm_id":"1184247470","code":7229,"fclass":"farmland","name":null},"geometry":{"type":"MultiPolygon","coordinates":[[[[80.0165,6.6556],[80.0165,6.6556]]]]}},{"type":"Feature","properties":{"osm_id":"1184247471","code":7229,"fclass":"farmland","name":null},"geometry":{"type":"MultiPolygon","coordinates":[[[[80.0161,6.6554],[80.0161,6.6554]]]]}},{"type":"Feature","properties":{"osm_id":"1184247472","code":7229,"fclass":"farmland","name":null},"geometry":{"type":"MultiPolygon","coordinates":[[[[80.0164,6.6555],[80.0164,6.6555]]]]}},{"type":"Feature","properties":{"osm_id":"1184247473","code":7229,"fclass":"farmland","name":null},"geometry":{"type":"MultiPolygon","coordinates":[[[[80.0164,6.6554],[80.0164,6.6554]]]]}},{"type":"Feature","properties":{"osm_id":"1184247474","code":7229,"fclass":"farmland","name":null},"geometry":{"type":"MultiPolygon","coordinates":[[[[80.0161,6.6554],[80.0161,6.6554]]]]}},{"type":"Feature","properties":{"osm_id":"1184247475","code":7229,"fclass":"farmland","name":null},"geometry":{"type":"MultiPolygon","coordinates":[[[[80.0162,6.6553],[80.0162,6.6553]]]]}},{"type":"Feature","properties":{"osm_id":"1184247476","code":7229,"fclass":"farmland","name":null},"geometry":{"type":"MultiPolygon","coordinates":[[[[80.0164,6.6553],[80.0164,6.6553]]]]}},{"type":"Feature","properties":{"osm_id":"1184247477","code":7229,"fclass":"farmland","name":null},"geometry":{"type":"MultiPolygon","coordinates":[[[[80.0165,6.6553],[80.0165,6.6553]]]]}},{"type":"Feature","properties":{"osm_id":"1184247478","code":7229,"fclass":"farmland","name":null},"geometry":{"type":"MultiPolygon","coordinates":[[[[80.0166,6.6554],[80.0166,6.6554]]]]}},{"type":"Feature","properties":{"osm_id":"1184247479","code":7229,"fclass":"farmland","name":null},"geometry":{"type":"MultiPolygon","coordinates":[[[[80.0167,6.6554],[80.0167,6.6554]]]]}},{"type":"Feature","properties":{"osm_id":"1184247480","code":7229,"fclass":"farmland","name":null},"geometry":{"type":"MultiPolygon","coordinates":[[[[80.0168,6.6554],[80.0168,6.6554]]]]}},{"type":"Feature","properties":{"osm_id":"1184247481","code":7229,"fclass":"farmland","name":null},"geometry":{"type":"MultiPolygon","coordinates":[[[[80.017,6.6554],[80.017,6.6554]]]]}},{"type":"Feature","properties":{"osm_id":"1184316409","code":7229,"fclass":"farmland","name":null},"geometry":{"type":"MultiPolygon","coordinates":[[[[79.9843,6.5773],[79.9856,6.5763],[79.9864,6.5744],[79.9875,6.5773],[79.988,6.5772],[79.987,6.573],[79.9862,6.5733],[79.9861,6.574],[79.9854,6.5733],[79.9852,6.5758],[79.9843,6.5773]]]]}},{"type":"Feature","properties":{"osm_id":"1184316413","code":7229,"fclass":"farmland","name":null},"geometry":{"type":"MultiPolygon","coordinates":[[[[79.9895,6.5688],[79.9904,6.5694],[79.9937,6.5677],[79.9942,6.569],[79.9952,6.5695],[79.9941,6.5672],[79.9946,6.5668],[79.996,6.5675],[79.9976,6.5661],[79.9949,6.5657],[79.9934,6.5661],[79.9895,6.5688]]]]}},{"type":"Feature","properties":{"osm_id":"1184316414","code":7229,"fclass":"farmland","name":null},"geometry":{"type":"MultiPolygon","coordinates":[[[[80.0013,6.565],[80.0013,6.5656],[80.0017,6.5654],[80.0023,6.566],[80.0023,6.5648],[80.0013,6.565]]]]}},{"type":"Feature","properties":{"osm_id":"1184316415","code":7229,"fclass":"farmland","name":null},"geometry":{"type":"MultiPolygon","coordinates":[[[[80.0001,6.5662],[80.0012,6.5671],[80.0027,6.5665],[80.0013,6.5658],[80.0001,6.5662]]]]}},{"type":"Feature","properties":{"osm_id":"1184316422","code":7229,"fclass":"farmland","name":null},"geometry":{"type":"MultiPolygon","coordinates":[[[[79.9942,6.5724],[80.0004,6.5738],[80.0004,6.575],[80.001,6.5748],[80.0012,6.5737],[80.0003,6.5735],[80.0005,6.5729],[79.9958,6.5718],[79.9943,6.5717],[79.9942,6.5724]]]]}},{"type":"Feature","properties":{"osm_id":"1184316423","code":7229,"fclass":"farmland","name":null},"geometry":{"type":"MultiPolygon","coordinates":[[[[79.9913,6.5721],[79.993,6.5727],[79.9929,6.5736],[79.9939,6.5729],[79.994,6.5717],[79.9922,6.5714],[79.9924,6.571],[79.9916,6.5708],[79.9913,6.5721]]]]}},{"type":"Feature","properties":{"osm_id":"1184316424","code":7229,"fclass":"farmland","name":null},"geometry":{"type":"MultiPolygon","coordinates":[[[[79.9814,6.5804],[79.9841,6.5786],[79.9845,6.5772],[79.9814,6.5804]]]]}},{"type":"Feature","properties":{"osm_id":"1184316425","code":7229,"fclass":"farmland","name":null},"geometry":{"type":"MultiPolygon","coordinates":[[[[79.9819,6.5781],[79.9832,6.5785],[79.984,6.5779],[79.9851,6.5758],[79.9849,6.5742],[79.9841,6.5744],[79.9829,6.5734],[79.984,6.5752],[79.9819,6.5781]]]]}},{"type":"Feature","properties":{"osm_id":"1184316429","code":7229,"fclass":"farmland","name":null},"geometry":{"type":"MultiPolygon","coordinates":[[[[79.9813,6.5665],[79.9828,6.5672],[79.9842,6.5653],[79.9839,6.5646],[79.9825,6.5645],[79.9828,6.5664],[79.9815,6.566],[79.9813,6.5665]]]]}},{"type":"Feature","properties":{"osm_id":"1184478763","code":7229,"fclass":"farmland","name":null},"geometry":{"type":"MultiPolygon","coordinates":[[[[80.2318,6.5947],[80.2326,6.595],[80.2326,6.5943],[80.2318,6.5947]]]]}},{"type":"Feature","properties":{"osm_id":"1184478766","code":7229,"fclass":"farmland","name":null},"geometry":{"type":"MultiPolygon","coordinates":[[[[80.2364,6.5922],[80.2375,6.5911],[80.2364,6.5922]]]]}},{"type":"Feature","properties":{"osm_id":"1184478768","code":7229,"fclass":"farmland","name":null},"geometry":{"type":"MultiPolygon","coordinates":[[[[80.2311,6.5924],[80.2313,6.5931],[80.233,6.5937],[80.2332,6.5927],[80.2311,6.5924]]]]}},{"type":"Feature","properties":{"osm_id":"1184487369","code":7229,"fclass":"farmland","name":null},"geometry":{"type":"MultiPolygon","coordinates":[[[[80.0414,6.514],[80.0426,6.514],[80.0414,6.514]]]]}},{"type":"Feature","properties":{"osm_id":"1184541454","code":7229,"fclass":"farmland","name":null},"geometry":{"type":"MultiPolygon","coordinates":[[[[79.9361,6.7155],[79.9367,6.7158],[79.9375,6.7148],[79.9361,6.7155]]]]}},{"type":"Feature","properties":{"osm_id":"1184541455","code":7229,"fclass":"farmland","name":null},"geometry":{"type":"MultiPolygon","coordinates":[[[[79.9387,6.7143],[79.9411,6.7143],[79.9407,6.7121],[79.9387,6.7123],[79.9387,6.7143]]]]}},{"type":"Feature","properties":{"osm_id":"1184569535","code":7229,"fclass":"farmland","name":null},"geometry":{"type":"MultiPolygon","coordinates":[[[[80.0785,6.5031],[80.0793,6.5034],[80.0785,6.5031]]]]}},{"type":"Feature","properties":{"osm_id":"1184570129","code":7229,"fclass":"farmland","name":null},"geometry":{"type":"MultiPolygon","coordinates":[[[[80.01,6.5825],[80.0107,6.583],[80.0113,6.5823],[80.0107,6.5817],[80.01,6.5825]]]]}},{"type":"Feature","properties":{"osm_id":"1184570293","code":7229,"fclass":"farmland","name":null},"geometry":{"type":"MultiPolygon","coordinates":[[[[80.0108,6.5817],[80.0112,6.5817],[80.0108,6.5817]]]]}},{"type":"Feature","properties":{"osm_id":"1184570294","code":7229,"fclass":"farmland","name":null},"geometry":{"type":"MultiPolygon","coordinates":[[[[80.0112,6.5816],[80.0121,6.5816],[80.0116,6.5812],[80.0112,6.5816]]]]}},{"type":"Feature","properties":{"osm_id":"1184570295","code":7229,"fclass":"farmland","name":null},"geometry":{"type":"MultiPolygon","coordinates":[[[[80.0117,6.5811],[80.012,6.5815],[80.0117,6.5811]]]]}},{"type":"Feature","properties":{"osm_id":"1184570296","code":7229,"fclass":"farmland","name":null},"geometry":{"type":"MultiPolygon","coordinates":[[[[80.011,6.5853],[80.0119,6.5853],[80.0119,6.5837],[80.011,6.5853]]]]}},{"type":"Feature","properties":{"osm_id":"1184570297","code":7229,"fclass":"farmland","name":null},"geometry":{"type":"MultiPolygon","coordinates":[[[[80.0108,6.5881],[80.0121,6.5894],[80.0125,6.589],[80.0112,6.5878],[80.0108,6.5881]]]]}},{"type":"Feature","properties":{"osm_id":"1184570298","code":7229,"fclass":"farmland","name":null},"geometry":{"type":"MultiPolygon","coordinates":[[[[80.0071,6.5865],[80.0078,6.5865],[80.0076,6.586],[80.0071,6.5865]]]]}},{"type":"Feature","properties":{"osm_id":"1184570299","code":7229,"fclass":"farmland","name":null},"geometry":{"type":"MultiPolygon","coordinates":[[[[80.008,6.5865],[80.0083,6.5859],[80.008,6.5865]]]]}},{"type":"Feature","properties":{"osm_id":"1184570300","code":7229,"fclass":"farmland","name":null},"geometry":{"type":"MultiPolygon","coordinates":[[[[80.0115,6.5854],[80.0119,6.5858],[80.0121,6.5853],[80.0115,6.5854]]]]}},{"type":"Feature","properties":{"osm_id":"1184604474","code":7229,"fclass":"farmland","name":null},"geometry":{"type":"MultiPolygon","coordinates":[[[[80.0855,6.4933],[80.0862,6.4932],[80.0855,6.4933]]]]}},{"type":"Feature","properties":{"osm_id":"1184604482","code":7229,"fclass":"farmland","name":null},"geometry":{"type":"MultiPolygon","coordinates":[[[[80.0898,6.4936],[80.0898,6.4936]]]]}},{"type":"Feature","properties":{"osm_id":"1184604483","code":7229,"fclass":"farmland","name":null},"geometry":{"type":"MultiPolygon","coordinates":[[[[80.0894,6.494],[80.0899,6.494],[80.0894,6.494]]]]}},{"type":"Feature","properties":{"osm_id":"1184604485","code":7229,"fclass":"farmland","name":null},"geometry":{"type":"MultiPolygon","coordinates":[[[[80.089,6.494],[80.0893,6.4943],[80.089,6.494]]]]}},{"type":"Feature","properties":{"osm_id":"1184604487","code":7229,"fclass":"farmland","name":null},"geometry":{"type":"MultiPolygon","coordinates":[[[[80.0885,6.4937],[80.089,6.4935],[80.0885,6.4937]]]]}},{"type":"Feature","properties":{"osm_id":"1184604489","code":7229,"fclass":"farmland","name":null},"geometry":{"type":"MultiPolygon","coordinates":[[[[80.0883,6.4957],[80.0892,6.4954],[80.0888,6.4943],[80.0883,6.4957]]]]}},{"type":"Feature","properties":{"osm_id":"1184604520","code":7229,"fclass":"farmland","name":null},"geometry":{"type":"MultiPolygon","coordinates":[[[[80.0796,6.4963],[80.08,6.4961],[80.0796,6.4963]]]]}},{"type":"Feature","properties":{"osm_id":"1184618097","code":7229,"fclass":"farmland","name":null},"geometry":{"type":"MultiPolygon","coordinates":[[[[80.1374,6.477],[80.1394,6.4778],[80.1396,6.4766],[80.1374,6.477]]]]}},{"type":"Feature","properties":{"osm_id":"1184618099","code":7229,"fclass":"farmland","name":null},"geometry":{"type":"MultiPolygon","coordinates":[[[[80.139,6.4779],[80.1393,6.4782],[80.139,6.4779]]]]}},{"type":"Feature","properties":{"osm_id":"1184618109","code":7229,"fclass":"farmland","name":null},"geometry":{"type":"MultiPolygon","coordinates":[[[[80.1384,6.48],[80.139,6.4794],[80.1384,6.48]]]]}},{"type":"Feature","properties":{"osm_id":"1184618110","code":7229,"fclass":"farmland","name":null},"geometry":{"type":"MultiPolygon","coordinates":[[[[80.1383,6.4804],[80.1387,6.4809],[80.1388,6.4802],[80.1383,6.4804]]]]}},{"type":"Feature","properties":{"osm_id":"1184815236","code":7229,"fclass":"farmland","name":null},"geometry":{"type":"MultiPolygon","coordinates":[[[[80.0054,6.4662],[80.0063,6.4665],[80.0065,6.4679],[80.0077,6.4678],[80.007,6.4667],[80.0054,6.4662]]]]}},{"type":"Feature","properties":{"osm_id":"1184815466","code":7229,"fclass":"farmland","name":null},"geometry":{"type":"MultiPolygon","coordinates":[[[[80.0049,6.4583],[80.005,6.4592],[80.0058,6.4592],[80.0058,6.4582],[80.0049,6.4583]]]]}},{"type":"Feature","properties":{"osm_id":"1184815467","code":7229,"fclass":"farmland","name":null},"geometry":{"type":"MultiPolygon","coordinates":[[[[80.004,6.4582],[80.0047,6.4583],[80.004,6.4582]]]]}},{"type":"Feature","properties":{"osm_id":"1184815468","code":7229,"fclass":"farmland","name":null},"geometry":{"type":"MultiPolygon","coordinates":[[[[80.0033,6.4576],[80.0038,6.4575],[80.0033,6.4576]]]]}},{"type":"Feature","properties":{"osm_id":"1184815469","code":7229,"fclass":"farmland","name":null},"geometry":{"type":"MultiPolygon","coordinates":[[[[80.0036,6.459],[80.0039,6.4585],[80.0036,6.459]]]]}},{"type":"Feature","properties":{"osm_id":"1184815470","code":7229,"fclass":"farmland","name":null},"geometry":{"type":"MultiPolygon","coordinates":[[[[80.0052,6.4602],[80.0056,6.4598],[80.0052,6.4602]]]]}},{"type":"Feature","properties":{"osm_id":"16019434","code":7229,"fclass":"farmland","name":"Paddy Field"},"geometry":{"type":"MultiPolygon","coordinates":[[[[80.1568,6.5913],[80.1574,6.5917],[80.1592,6.5911],[80.1601,6.5895],[80.1622,6.589],[80.1595,6.589],[80.1587,6.5901],[80.1578,6.59],[80.1581,6.5909],[80.157,6.5902],[80.1568,6.5913]]]]}},{"type":"Feature","properties":{"osm_id":"1184982952","code":7229,"fclass":"farmland","name":null},"geometry":{"type":"MultiPolygon","coordinates":[[[[80.0981,6.5092],[80.0983,6.5099],[80.099,6.5088],[80.0982,6.5086],[80.0981,6.5092]]]]}},{"type":"Feature","properties":{"osm_id":"1185052105","code":7229,"fclass":"farmland","name":null},"geometry":{"type":"MultiPolygon","coordinates":[[[[80.1256,6.8099],[80.1271,6.8085],[80.126,6.8087],[80.1256,6.8099]]]]}},{"type":"Feature","properties":{"osm_id":"1185052107","code":7229,"fclass":"farmland","name":null},"geometry":{"type":"MultiPolygon","coordinates":[[[[80.1265,6.8082],[80.1279,6.8076],[80.1265,6.8082]]]]}},{"type":"Feature","properties":{"osm_id":"1185052109","code":7229,"fclass":"farmland","name":null},"geometry":{"type":"MultiPolygon","coordinates":[[[[80.117,6.8064],[80.1225,6.8078],[80.1256,6.8076],[80.1256,6.8069],[80.121,6.806],[80.117,6.8064]]]]}},{"type":"Feature","properties":{"osm_id":"1185171502","code":7229,"fclass":"farmland","name":null},"geometry":{"type":"MultiPolygon","coordinates":[[[[80.2002,6.4214],[80.2008,6.4211],[80.2002,6.4214]]]]}},{"type":"Feature","properties":{"osm_id":"1185171503","code":7229,"fclass":"farmland","name":null},"geometry":{"type":"MultiPolygon","coordinates":[[[[80.2013,6.421],[80.2022,6.4211],[80.2022,6.4207],[80.2013,6.421]]]]}},{"type":"Feature","properties":{"osm_id":"1185171504","code":7229,"fclass":"farmland","name":null},"geometry":{"type":"MultiPolygon","coordinates":[[[[80.2008,6.4215],[80.2015,6.4214],[80.2008,6.4215]]]]}},{"type":"Feature","properties":{"osm_id":"1185171505","code":7229,"fclass":"farmland","name":null},"geometry":{"type":"MultiPolygon","coordinates":[[[[80.2023,6.4211],[80.203,6.4217],[80.2039,6.4207],[80.2023,6.4206],[80.2023,6.4211]]]]}},{"type":"Feature","properties":{"osm_id":"1185171506","code":7229,"fclass":"farmland","name":null},"geometry":{"type":"MultiPolygon","coordinates":[[[[80.2037,6.4203],[80.2043,6.4198],[80.2039,6.4194],[80.2037,6.4203]]]]}},{"type":"Feature","properties":{"osm_id":"1185171507","code":7229,"fclass":"farmland","name":null},"geometry":{"type":"MultiPolygon","coordinates":[[[[80.2014,6.4187],[80.2023,6.4186],[80.2014,6.4187]]]]}},{"type":"Feature","properties":{"osm_id":"1185171508","code":7229,"fclass":"farmland","name":null},"geometry":{"type":"MultiPolygon","coordinates":[[[[80.2023,6.4184],[80.2028,6.4188],[80.2023,6.4184]]]]}},{"type":"Feature","properties":{"osm_id":"1185171509","code":7229,"fclass":"farmland","name":null},"geometry":{"type":"MultiPolygon","coordinates":[[[[80.2026,6.4183],[80.2034,6.4185],[80.2026,6.4183]]]]}},{"type":"Feature","properties":{"osm_id":"1185191754","code":7229,"fclass":"farmland","name":null},"geometry":{"type":"MultiPolygon","coordinates":[[[[80.2032,6.4228],[80.2039,6.4221],[80.2032,6.4228]]]]}},{"type":"Feature","properties":{"osm_id":"1185191755","code":7229,"fclass":"farmland","name":null},"geometry":{"type":"MultiPolygon","coordinates":[[[[80.2034,6.4214],[80.2043,6.4221],[80.2038,6.4209],[80.2034,6.4214]]]]}},{"type":"Feature","properties":{"osm_id":"1185191756","code":7229,"fclass":"farmland","name":null},"geometry":{"type":"MultiPolygon","coordinates":[[[[80.2029,6.4187],[80.2034,6.4191],[80.2034,6.4185],[80.2029,6.4187]]]]}},{"type":"Feature","properties":{"osm_id":"1185191757","code":7229,"fclass":"farmland","name":null},"geometry":{"type":"MultiPolygon","coordinates":[[[[80.2034,6.4191],[80.2045,6.4193],[80.2034,6.4191]]]]}},{"type":"Feature","properties":{"osm_id":"1185191758","code":7229,"fclass":"farmland","name":null},"geometry":{"type":"MultiPolygon","coordinates":[[[[80.2039,6.4189],[80.2044,6.4193],[80.2048,6.4187],[80.2039,6.4189]]]]}},{"type":"Feature","properties":{"osm_id":"1185191759","code":7229,"fclass":"farmland","name":null},"geometry":{"type":"MultiPolygon","coordinates":[[[[80.2044,6.4185],[80.2049,6.4187],[80.2055,6.4165],[80.2044,6.4185]]]]}},{"type":"Feature","properties":{"osm_id":"1185191760","code":7229,"fclass":"farmland","name":null},"geometry":{"type":"MultiPolygon","coordinates":[[[[80.2048,6.4153],[80.2055,6.4165],[80.2054,6.4151],[80.2048,6.4153]]]]}},{"type":"Feature","properties":{"osm_id":"1185191761","code":7229,"fclass":"farmland","name":null},"geometry":{"type":"MultiPolygon","coordinates":[[[[80.202,6.4161],[80.2039,6.4157],[80.2042,6.415],[80.2027,6.4148],[80.202,6.4161]]]]}},{"type":"Feature","properties":{"osm_id":"1185191762","code":7229,"fclass":"farmland","name":null},"geometry":{"type":"MultiPolygon","coordinates":[[[[80.2055,6.4134],[80.2055,6.4141],[80.2064,6.414],[80.2062,6.412],[80.2055,6.4134]]]]}},{"type":"Feature","properties":{"osm_id":"1185191763","code":7229,"fclass":"farmland","name":null},"geometry":{"type":"MultiPolygon","coordinates":[[[[80.2058,6.4113],[80.2062,6.4116],[80.2069,6.4106],[80.2061,6.4106],[80.2058,6.4113]]]]}},{"type":"Feature","properties":{"osm_id":"1185191764","code":7229,"fclass":"farmland","name":null},"geometry":{"type":"MultiPolygon","coordinates":[[[[80.2011,6.41],[80.2028,6.4099],[80.2011,6.41]]]]}},{"type":"Feature","properties":{"osm_id":"1185191765","code":7229,"fclass":"farmland","name":null},"geometry":{"type":"MultiPolygon","coordinates":[[[[80.2002,6.4104],[80.2011,6.4102],[80.2005,6.4097],[80.2009,6.4084],[80.2002,6.4104]]]]}},{"type":"Feature","properties":{"osm_id":"1185191766","code":7229,"fclass":"farmland","name":null},"geometry":{"type":"MultiPolygon","coordinates":[[[[80.2022,6.4069],[80.2033,6.4052],[80.2023,6.4051],[80.2022,6.4069]]]]}},{"type":"Feature","properties":{"osm_id":"1185191767","code":7229,"fclass":"farmland","name":null},"geometry":{"type":"MultiPolygon","coordinates":[[[[80.2002,6.4038],[80.2003,6.405],[80.2012,6.4049],[80.2016,6.4041],[80.2002,6.4038]]]]}},{"type":"Feature","properties":{"osm_id":"1185191768","code":7229,"fclass":"farmland","name":null},"geometry":{"type":"MultiPolygon","coordinates":[[[[80.2029,6.4025],[80.2032,6.4032],[80.2029,6.4025]]]]}},{"type":"Feature","properties":{"osm_id":"1185191769","code":7229,"fclass":"farmland","name":null},"geometry":{"type":"MultiPolygon","coordinates":[[[[80.2036,6.4036],[80.2041,6.4034],[80.2036,6.4036]]]]}},{"type":"Feature","properties":{"osm_id":"1185191770","code":7229,"fclass":"farmland","name":null},"geometry":{"type":"MultiPolygon","coordinates":[[[[80.2074,6.403],[80.2082,6.4048],[80.2089,6.4042],[80.2089,6.4029],[80.2074,6.403]]]]}},{"type":"Feature","properties":{"osm_id":"1185191771","code":7229,"fclass":"farmland","name":null},"geometry":{"type":"MultiPolygon","coordinates":[[[[80.208,6.412],[80.2086,6.4125],[80.2085,6.4113],[80.2096,6.4089],[80.208,6.412]]]]}},{"type":"Feature","properties":{"osm_id":"1185191772","code":7229,"fclass":"farmland","name":null},"geometry":{"type":"MultiPolygon","coordinates":[[[[80.2097,6.4087],[80.2121,6.4079],[80.2122,6.407],[80.2108,6.4071],[80.2097,6.4087]]]]}},{"type":"Feature","properties":{"osm_id":"1185191773","code":7229,"fclass":"farmland","name":null},"geometry":{"type":"MultiPolygon","coordinates":[[[[80.2122,6.4079],[80.2125,6.4094],[80.2141,6.4095],[80.2142,6.408],[80.2123,6.407],[80.2122,6.4079]]]]}},{"type":"Feature","properties":{"osm_id":"1185191774","code":7229,"fclass":"farmland","name":null},"geometry":{"type":"MultiPolygon","coordinates":[[[[80.2127,6.4109],[80.2138,6.4121],[80.2137,6.411],[80.2127,6.4109]]]]}},{"type":"Feature","properties":{"osm_id":"1185191775","code":7229,"fclass":"farmland","name":null},"geometry":{"type":"MultiPolygon","coordinates":[[[[80.211,6.4042],[80.2123,6.4055],[80.212,6.4065],[80.2143,6.4077],[80.2151,6.4066],[80.2146,6.404],[80.2154,6.4038],[80.2156,6.4043],[80.2158,6.4035],[80.2154,6.4028],[80.2138,6.4027],[80.2129,6.4038],[80.211,6.4042]]]]}},{"type":"Feature","properties":{"osm_id":"1185191776","code":7229,"fclass":"farmland","name":null},"geometry":{"type":"MultiPolygon","coordinates":[[[[80.2198,6.4138],[80.2206,6.4137],[80.2208,6.4126],[80.2202,6.4125],[80.2198,6.4138]]]]}},{"type":"Feature","properties":{"osm_id":"1185191777","code":7229,"fclass":"farmland","name":null},"geometry":{"type":"MultiPolygon","coordinates":[[[[80.2193,6.4134],[80.2198,6.4138],[80.2193,6.4134]]]]}},{"type":"Feature","properties":{"osm_id":"1185191778","code":7229,"fclass":"farmland","name":null},"geometry":{"type":"MultiPolygon","coordinates":[[[[80.2198,6.4139],[80.2205,6.4142],[80.2198,6.4139]]]]}},{"type":"Feature","properties":{"osm_id":"1185191779","code":7229,"fclass":"farmland","name":null},"geometry":{"type":"MultiPolygon","coordinates":[[[[80.2186,6.4179],[80.2205,6.4143],[80.22,6.4142],[80.2186,6.4179]]]]}},{"type":"Feature","properties":{"osm_id":"1185191782","code":7229,"fclass":"farmland","name":null},"geometry":{"type":"MultiPolygon","coordinates":[[[[80.2198,6.4233],[80.2203,6.4237],[80.221,6.4231],[80.2198,6.4233]]]]}},{"type":"Feature","properties":{"osm_id":"1185191783","code":7229,"fclass":"farmland","name":null},"geometry":{"type":"MultiPolygon","coordinates":[[[[80.2163,6.4244],[80.218,6.4244],[80.2168,6.4225],[80.2163,6.4244]]]]}},{"type":"Feature","properties":{"osm_id":"1185191784","code":7229,"fclass":"farmland","name":null},"geometry":{"type":"MultiPolygon","coordinates":[[[[80.2169,6.4224],[80.2177,6.4233],[80.2177,6.4225],[80.2169,6.4224]]]]}},{"type":"Feature","properties":{"osm_id":"1185191785","code":7229,"fclass":"farmland","name":null},"geometry":{"type":"MultiPolygon","coordinates":[[[[80.2105,6.4192],[80.2112,6.4202],[80.212,6.42],[80.2128,6.4186],[80.2114,6.4178],[80.2105,6.4192]]]]}},{"type":"Feature","properties":{"osm_id":"1185191786","code":7229,"fclass":"farmland","name":null},"geometry":{"type":"MultiPolygon","coordinates":[[[[80.2117,6.4176],[80.2135,6.4168],[80.2135,6.4163],[80.2123,6.4161],[80.2117,6.4176]]]]}},{"type":"Feature","properties":{"osm_id":"1185191787","code":7229,"fclass":"farmland","name":null},"geometry":{"type":"MultiPolygon","coordinates":[[[[80.2107,6.416],[80.2121,6.4155],[80.2126,6.414],[80.2137,6.4139],[80.2133,6.4129],[80.2121,6.413],[80.2116,6.4154],[80.2107,6.416]]]]}},{"type":"Feature","properties":{"osm_id":"1185191788","code":7229,"fclass":"farmland","name":null},"geometry":{"type":"MultiPolygon","coordinates":[[[[80.2026,6.4103],[80.2031,6.4105],[80.2036,6.4095],[80.2026,6.4103]]]]}},{"type":"Feature","properties":{"osm_id":"1185191789","code":7229,"fclass":"farmland","name":null},"geometry":{"type":"MultiPolygon","coordinates":[[[[80.2036,6.4095],[80.2055,6.4096],[80.2054,6.4092],[80.2036,6.4095]]]]}},{"type":"Feature","properties":{"osm_id":"1185191790","code":7229,"fclass":"farmland","name":null},"geometry":{"type":"MultiPolygon","coordinates":[[[[80.2055,6.4092],[80.2059,6.4097],[80.2073,6.4089],[80.2055,6.4092]]]]}},{"type":"Feature","properties":{"osm_id":"1185191791","code":7229,"fclass":"farmland","name":null},"geometry":{"type":"MultiPolygon","coordinates":[[[[80.2073,6.4085],[80.2076,6.41],[80.2084,6.4084],[80.2099,6.4082],[80.2085,6.4078],[80.2073,6.4085]]]]}},{"type":"Feature","properties":{"osm_id":"1185191792","code":7229,"fclass":"farmland","name":null},"geometry":{"type":"MultiPolygon","coordinates":[[[[80.2018,6.4232],[80.203,6.4218],[80.2018,6.4232]]]]}},{"type":"Feature","properties":{"osm_id":"1185191793","code":7229,"fclass":"farmland","name":null},"geometry":{"type":"MultiPolygon","coordinates":[[[[80.2002,6.4234],[80.2006,6.4239],[80.2002,6.4234]]]]}},{"type":"Feature","properties":{"osm_id":"1185191794","code":7229,"fclass":"farmland","name":null},"geometry":{"type":"MultiPolygon","coordinates":[[[[80.2059,6.4224],[80.2061,6.4244],[80.2067,6.4244],[80.2064,6.4224],[80.2059,6.4224]]]]}},{"type":"Feature","properties":{"osm_id":"1185191795","code":7229,"fclass":"farmland","name":null},"geometry":{"type":"MultiPolygon","coordinates":[[[[80.2102,6.4217],[80.2107,6.422],[80.2113,6.4208],[80.2107,6.4204],[80.2102,6.4217]]]]}},{"type":"Feature","properties":{"osm_id":"1185191796","code":7229,"fclass":"farmland","name":null},"geometry":{"type":"MultiPolygon","coordinates":[[[[80.2149,6.4137],[80.2151,6.4147],[80.2164,6.4143],[80.2158,6.413],[80.2151,6.4129],[80.2149,6.4137]]]]}},{"type":"Feature","properties":{"osm_id":"1185191797","code":7229,"fclass":"farmland","name":null},"geometry":{"type":"MultiPolygon","coordinates":[[[[80.2146,6.4125],[80.2159,6.4122],[80.2154,6.4117],[80.2146,6.4125]]]]}},{"type":"Feature","properties":{"osm_id":"1185191798","code":7229,"fclass":"farmland","name":null},"geometry":{"type":"MultiPolygon","coordinates":[[[[80.2152,6.4157],[80.2156,6.4149],[80.2152,6.4157]]]]}},{"type":"Feature","properties":{"osm_id":"1185191799","code":7229,"fclass":"farmland","name":null},"geometry":{"type":"MultiPolygon","coordinates":[[[[80.2162,6.4165],[80.2166,6.4161],[80.2162,6.4165]]]]}},{"type":"Feature","properties":{"osm_id":"1185191800","code":7229,"fclass":"farmland","name":null},"geometry":{"type":"MultiPolygon","coordinates":[[[[80.2114,6.4222],[80.2126,6.4232],[80.2137,6.4206],[80.2131,6.4204],[80.2125,6.422],[80.2116,6.4217],[80.2114,6.4222]]]]}},{"type":"Feature","properties":{"osm_id":"1185205072","code":7229,"fclass":"farmland","name":null},"geometry":{"type":"MultiPolygon","coordinates":[[[[80.0884,6.5078],[80.0884,6.5078]]]]}},{"type":"Feature","properties":{"osm_id":"1185222238","code":7229,"fclass":"farmland","name":null},"geometry":{"type":"MultiPolygon","coordinates":[[[[80.1206,6.8021],[80.1215,6.8022],[80.1222,6.8009],[80.1229,6.8008],[80.1249,6.7953],[80.1235,6.7952],[80.1215,6.796],[80.1228,6.7975],[80.1226,6.7995],[80.1206,6.8021]]]]}},{"type":"Feature","properties":{"osm_id":"1185227349","code":7229,"fclass":"farmland","name":null},"geometry":{"type":"MultiPolygon","coordinates":[[[[80.1283,6.8082],[80.1288,6.8088],[80.1288,6.8118],[80.1299,6.8072],[80.1283,6.8082]]]]}},{"type":"Feature","properties":{"osm_id":"1185232491","code":7229,"fclass":"farmland","name":null},"geometry":{"type":"MultiPolygon","coordinates":[[[[80.1334,6.8165],[80.1345,6.8174],[80.1334,6.8165]]]]}},{"type":"Feature","properties":{"osm_id":"1185239690","code":7229,"fclass":"farmland","name":null},"geometry":{"type":"MultiPolygon","coordinates":[[[[80.1321,6.8044],[80.1337,6.8059],[80.1329,6.8043],[80.1321,6.8044]]]]}},{"type":"Feature","properties":{"osm_id":"1185374125","code":7229,"fclass":"farmland","name":null},"geometry":{"type":"MultiPolygon","coordinates":[[[[80.1112,6.402],[80.1118,6.4023],[80.1112,6.402]]]]}},{"type":"Feature","properties":{"osm_id":"1185374126","code":7229,"fclass":"farmland","name":null},"geometry":{"type":"MultiPolygon","coordinates":[[[[80.1108,6.4016],[80.112,6.4021],[80.1122,6.4016],[80.1108,6.4016]]]]}},{"type":"Feature","properties":{"osm_id":"1185374127","code":7229,"fclass":"farmland","name":null},"geometry":{"type":"MultiPolygon","coordinates":[[[[80.1102,6.4008],[80.1108,6.401],[80.1102,6.4008]]]]}},{"type":"Feature","properties":{"osm_id":"1185374128","code":7229,"fclass":"farmland","name":null},"geometry":{"type":"MultiPolygon","coordinates":[[[[80.1114,6.4004],[80.112,6.4004],[80.1114,6.4004]]]]}},{"type":"Feature","properties":{"osm_id":"1185374129","code":7229,"fclass":"farmland","name":null},"geometry":{"type":"MultiPolygon","coordinates":[[[[80.1101,6.3992],[80.1102,6.4007],[80.1119,6.3994],[80.1115,6.3986],[80.1101,6.3992]]]]}},{"type":"Feature","properties":{"osm_id":"1185374132","code":7229,"fclass":"farmland","name":null},"geometry":{"type":"MultiPolygon","coordinates":[[[[80.1111,6.4001],[80.1119,6.4002],[80.1111,6.4001]]]]}},{"type":"Feature","properties":{"osm_id":"1185374134","code":7229,"fclass":"farmland","name":null},"geometry":{"type":"MultiPolygon","coordinates":[[[[80.1073,6.3999],[80.1086,6.401],[80.11,6.4008],[80.1098,6.3991],[80.1075,6.3993],[80.1073,6.3999]]]]}},{"type":"Feature","properties":{"osm_id":"1185374135","code":7229,"fclass":"farmland","name":null},"geometry":{"type":"MultiPolygon","coordinates":[[[[80.1106,6.3917],[80.1114,6.3912],[80.1106,6.3917]]]]}},{"type":"Feature","properties":{"osm_id":"1185374138","code":7229,"fclass":"farmland","name":null},"geometry":{"type":"MultiPolygon","coordinates":[[[[80.1033,6.3921],[80.1048,6.3913],[80.1033,6.3921]]]]}},{"type":"Feature","properties":{"osm_id":"1185374139","code":7229,"fclass":"farmland","name":null},"geometry":{"type":"MultiPolygon","coordinates":[[[[80.1029,6.3937],[80.1038,6.3935],[80.1029,6.3937]]]]}},{"type":"Feature","properties":{"osm_id":"1185374142","code":7229,"fclass":"farmland","name":null},"geometry":{"type":"MultiPolygon","coordinates":[[[[80.103,6.3959],[80.1044,6.3965],[80.1046,6.3948],[80.1039,6.3945],[80.1038,6.3957],[80.1032,6.3953],[80.103,6.3959]]]]}},{"type":"Feature","properties":{"osm_id":"1185374143","code":7229,"fclass":"farmland","name":null},"geometry":{"type":"MultiPolygon","coordinates":[[[[80.0936,6.4018],[80.0945,6.4037],[80.095,6.4036],[80.0943,6.4017],[80.0936,6.4018]]]]}},{"type":"Feature","properties":{"osm_id":"1185374147","code":7229,"fclass":"farmland","name":null},"geometry":{"type":"MultiPolygon","coordinates":[[[[80.1087,6.4015],[80.1099,6.4013],[80.1087,6.4015]]]]}},{"type":"Feature","properties":{"osm_id":"1185405011","code":7229,"fclass":"farmland","name":null},"geometry":{"type":"MultiPolygon","coordinates":[[[[80.1245,6.3959],[80.1273,6.3959],[80.1267,6.3945],[80.1263,6.3957],[80.1245,6.3959]]]]}},{"type":"Feature","properties":{"osm_id":"1185405012","code":7229,"fclass":"farmland","name":null},"geometry":{"type":"MultiPolygon","coordinates":[[[[80.1235,6.3964],[80.1236,6.3974],[80.1243,6.3961],[80.1235,6.3964]]]]}},{"type":"Feature","properties":{"osm_id":"1185405013","code":7229,"fclass":"farmland","name":null},"geometry":{"type":"MultiPolygon","coordinates":[[[[80.125,6.3961],[80.1258,6.3964],[80.125,6.3961]]]]}},{"type":"Feature","properties":{"osm_id":"1185405018","code":7229,"fclass":"farmland","name":null},"geometry":{"type":"MultiPolygon","coordinates":[[[[80.1273,6.3954],[80.1274,6.3959],[80.1292,6.3953],[80.1289,6.3944],[80.1273,6.3954]]]]}},{"type":"Feature","properties":{"osm_id":"1185405019","code":7229,"fclass":"farmland","name":null},"geometry":{"type":"MultiPolygon","coordinates":[[[[80.1301,6.3943],[80.1303,6.3946],[80.1313,6.3941],[80.1301,6.3943]]]]}},{"type":"Feature","properties":{"osm_id":"1185405364","code":7229,"fclass":"farmland","name":null},"geometry":{"type":"MultiPolygon","coordinates":[[[[80.1125,6.3985],[80.1137,6.3996],[80.1193,6.397],[80.1244,6.3959],[80.1236,6.3955],[80.117,6.3964],[80.1159,6.3959],[80.1127,6.3976],[80.1125,6.3985]]]]}},{"type":"Feature","properties":{"osm_id":"1185405365","code":7229,"fclass":"farmland","name":null},"geometry":{"type":"MultiPolygon","coordinates":[[[[80.1216,6.3842],[80.1223,6.3845],[80.1233,6.3831],[80.1246,6.3826],[80.1262,6.3835],[80.1274,6.3826],[80.1281,6.3829],[80.1277,6.382],[80.1284,6.3818],[80.1236,6.382],[80.1224,6.3824],[80.1216,6.3842]]]]}},{"type":"Feature","properties":{"osm_id":"1185405366","code":7229,"fclass":"farmland","name":null},"geometry":{"type":"MultiPolygon","coordinates":[[[[80.127,6.3813],[80.1282,6.3816],[80.1299,6.3796],[80.1294,6.379],[80.1285,6.3794],[80.127,6.3813]]]]}},{"type":"Feature","properties":{"osm_id":"1185405367","code":7229,"fclass":"farmland","name":null},"geometry":{"type":"MultiPolygon","coordinates":[[[[80.1318,6.3823],[80.1319,6.3848],[80.1339,6.3847],[80.1341,6.3822],[80.1333,6.3817],[80.1318,6.3823]]]]}},{"type":"Feature","properties":{"osm_id":"1185405368","code":7229,"fclass":"farmland","name":null},"geometry":{"type":"MultiPolygon","coordinates":[[[[80.1322,6.3945],[80.133,6.3966],[80.1344,6.3954],[80.1331,6.3938],[80.1322,6.3945]]]]}},{"type":"Feature","properties":{"osm_id":"1185431997","code":7229,"fclass":"farmland","name":null},"geometry":{"type":"MultiPolygon","coordinates":[[[[80.2051,6.6489],[80.2058,6.6485],[80.2052,6.6483],[80.2051,6.6489]]]]}},{"type":"Feature","properties":{"osm_id":"1185432005","code":7229,"fclass":"farmland","name":null},"geometry":{"type":"MultiPolygon","coordinates":[[[[80.2056,6.6507],[80.2063,6.6512],[80.2071,6.6502],[80.2096,6.6464],[80.2086,6.6472],[80.2081,6.6469],[80.2056,6.6507]]]]}},{"type":"Feature","properties":{"osm_id":"1185432012","code":7229,"fclass":"farmland","name":null},"geometry":{"type":"MultiPolygon","coordinates":[[[[80.2084,6.6444],[80.2094,6.6462],[80.2113,6.6425],[80.2106,6.6423],[80.2096,6.6439],[80.2084,6.6444]]]]}},{"type":"Feature","properties":{"osm_id":"1185432015","code":7229,"fclass":"farmland","name":null},"geometry":{"type":"MultiPolygon","coordinates":[[[[80.2093,6.6463],[80.2097,6.6455],[80.2093,6.6463]]]]}},{"type":"Feature","properties":{"osm_id":"1185432018","code":7229,"fclass":"farmland","name":null},"geometry":{"type":"MultiPolygon","coordinates":[[[[80.2044,6.6526],[80.206,6.6515],[80.205,6.6515],[80.2044,6.6526]]]]}},{"type":"Feature","properties":{"osm_id":"1185461538","code":7229,"fclass":"farmland","name":null},"geometry":{"type":"MultiPolygon","coordinates":[[[[80.1549,6.7683],[80.1558,6.7679],[80.1549,6.7683]]]]}},{"type":"Feature","properties":{"osm_id":"1185461543","code":7229,"fclass":"farmland","name":null},"geometry":{"type":"MultiPolygon","coordinates":[[[[80.1472,6.77],[80.1479,6.7702],[80.1478,6.7697],[80.15,6.7686],[80.148,6.7688],[80.1472,6.77]]]]}},{"type":"Feature","properties":{"osm_id":"1185461544","code":7229,"fclass":"farmland","name":null},"geometry":{"type":"MultiPolygon","coordinates":[[[[80.1461,6.7696],[80.1471,6.7697],[80.1461,6.7696]]]]}},{"type":"Feature","properties":{"osm_id":"1185461552","code":7229,"fclass":"farmland","name":null},"geometry":{"type":"MultiPolygon","coordinates":[[[[80.1435,6.7699],[80.1436,6.7725],[80.1452,6.7695],[80.1435,6.7699]]]]}},{"type":"Feature","properties":{"osm_id":"1185540963","code":7229,"fclass":"farmland","name":null},"geometry":{"type":"MultiPolygon","coordinates":[[[[80.1405,6.5448],[80.1409,6.5449],[80.1405,6.5448]]]]}},{"type":"Feature","properties":{"osm_id":"1185540964","code":7229,"fclass":"farmland","name":null},"geometry":{"type":"MultiPolygon","coordinates":[[[[80.1407,6.5446],[80.1415,6.5446],[80.1407,6.5446]]]]}},{"type":"Feature","properties":{"osm_id":"1185540980","code":7229,"fclass":"farmland","name":null},"geometry":{"type":"MultiPolygon","coordinates":[[[[80.1406,6.5451],[80.141,6.5453],[80.1406,6.5451]]]]}},{"type":"Feature","properties":{"osm_id":"1185544371","code":7229,"fclass":"farmland","name":null},"geometry":{"type":"MultiPolygon","coordinates":[[[[80.0752,6.403],[80.0757,6.4033],[80.0762,6.4024],[80.0752,6.403]]]]}},{"type":"Feature","properties":{"osm_id":"1185544372","code":7229,"fclass":"farmland","name":null},"geometry":{"type":"MultiPolygon","coordinates":[[[[80.0751,6.4059],[80.0758,6.4056],[80.0764,6.4028],[80.0751,6.4059]]]]}},{"type":"Feature","properties":{"osm_id":"1185544373","code":7229,"fclass":"farmland","name":null},"geometry":{"type":"MultiPolygon","coordinates":[[[[80.0748,6.406],[80.0752,6.4053],[80.0748,6.406]]]]}},{"type":"Feature","properties":{"osm_id":"1185544374","code":7229,"fclass":"farmland","name":null},"geometry":{"type":"MultiPolygon","coordinates":[[[[80.0769,6.4038],[80.0776,6.404],[80.0774,6.403],[80.0769,6.4038]]]]}},{"type":"Feature","properties":{"osm_id":"1185544375","code":7229,"fclass":"farmland","name":null},"geometry":{"type":"MultiPolygon","coordinates":[[[[80.0774,6.4026],[80.0777,6.4029],[80.0774,6.4026]]]]}},{"type":"Feature","properties":{"osm_id":"1185553914","code":7229,"fclass":"farmland","name":null},"geometry":{"type":"MultiPolygon","coordinates":[[[[80.0386,6.6893],[80.04,6.691],[80.0415,6.691],[80.0405,6.6937],[80.042,6.693],[80.0431,6.6937],[80.0426,6.6929],[80.0431,6.6928],[80.0428,6.6909],[80.0424,6.6921],[80.0414,6.6925],[80.042,6.6907],[80.0403,6.6905],[80.0386,6.6893]]]]}},{"type":"Feature","properties":{"osm_id":"1185553915","code":7229,"fclass":"farmland","name":null},"geometry":{"type":"MultiPolygon","coordinates":[[[[80.0423,6.6903],[80.0431,6.6903],[80.0439,6.6878],[80.0432,6.6877],[80.0423,6.6903]]]]}},{"type":"Feature","properties":{"osm_id":"1185565370","code":7229,"fclass":"farmland","name":null},"geometry":{"type":"MultiPolygon","coordinates":[[[[80.0765,6.4145],[80.0775,6.415],[80.0812,6.4134],[80.0804,6.4122],[80.0781,6.412],[80.0765,6.4145]]]]}},{"type":"Feature","properties":{"osm_id":"1185565373","code":7229,"fclass":"farmland","name":null},"geometry":{"type":"MultiPolygon","coordinates":[[[[80.0849,6.4057],[80.0866,6.4063],[80.087,6.4048],[80.0863,6.4044],[80.085,6.405],[80.0849,6.4057]]]]}},{"type":"Feature","properties":{"osm_id":"1185565374","code":7229,"fclass":"farmland","name":null},"geometry":{"type":"MultiPolygon","coordinates":[[[[80.0861,6.4089],[80.0902,6.4103],[80.0894,6.4088],[80.0903,6.4076],[80.0902,6.4064],[80.0887,6.4062],[80.0891,6.4076],[80.087,6.408],[80.0861,6.4089]]]]}},{"type":"Feature","properties":{"osm_id":"1185565388","code":7229,"fclass":"farmland","name":null},"geometry":{"type":"MultiPolygon","coordinates":[[[[80.0821,6.4131],[80.0826,6.4134],[80.0839,6.4126],[80.0848,6.4111],[80.0838,6.412],[80.0822,6.4119],[80.0821,6.4131]]]]}},{"type":"Feature","properties":{"osm_id":"1185565389","code":7229,"fclass":"farmland","name":null},"geometry":{"type":"MultiPolygon","coordinates":[[[[80.0867,6.4123],[80.0872,6.4141],[80.0876,6.4139],[80.0871,6.4122],[80.0867,6.4123]]]]}},{"type":"Feature","properties":{"osm_id":"1185618456","code":7229,"fclass":"farmland","name":null},"geometry":{"type":"MultiPolygon","coordinates":[[[[80.1438,6.544],[80.1453,6.5443],[80.1457,6.5428],[80.1451,6.5424],[80.1449,6.5433],[80.1438,6.544]]]]}},{"type":"Feature","properties":{"osm_id":"1185618457","code":7229,"fclass":"farmland","name":null},"geometry":{"type":"MultiPolygon","coordinates":[[[[80.1434,6.5445],[80.1443,6.5445],[80.1437,6.544],[80.1434,6.5445]]]]}},{"type":"Feature","properties":{"osm_id":"1185625356","code":7229,"fclass":"farmland","name":null},"geometry":{"type":"MultiPolygon","coordinates":[[[[80.0574,6.5898],[80.0585,6.5893],[80.0585,6.5882],[80.0574,6.5898]]]]}},{"type":"Feature","properties":{"osm_id":"1185625357","code":7229,"fclass":"farmland","name":null},"geometry":{"type":"MultiPolygon","coordinates":[[[[80.0568,6.5896],[80.0574,6.5898],[80.0603,6.5859],[80.0591,6.586],[80.0568,6.5896]]]]}},{"type":"Feature","properties":{"osm_id":"1185738424","code":7229,"fclass":"farmland","name":null},"geometry":{"type":"MultiPolygon","coordinates":[[[[80.1469,6.5802],[80.1474,6.5808],[80.1487,6.5804],[80.1481,6.5784],[80.1472,6.5782],[80.1469,6.5802]]]]}},{"type":"Feature","properties":{"osm_id":"1185764306","code":7229,"fclass":"farmland","name":null},"geometry":{"type":"MultiPolygon","coordinates":[[[[79.9901,6.5192],[79.9909,6.5195],[79.9911,6.5188],[79.9904,6.5186],[79.9901,6.5192]]]]}},{"type":"Feature","properties":{"osm_id":"1185764852","code":7229,"fclass":"farmland","name":null},"geometry":{"type":"MultiPolygon","coordinates":[[[[80.1498,6.7952],[80.1498,6.7952]]]]}},{"type":"Feature","properties":{"osm_id":"1185772226","code":7229,"fclass":"farmland","name":null},"geometry":{"type":"MultiPolygon","coordinates":[[[[80.1452,6.7771],[80.1473,6.777],[80.1458,6.7767],[80.1452,6.7771]]]]}},{"type":"Feature","properties":{"osm_id":"1185786900","code":7229,"fclass":"farmland","name":null},"geometry":{"type":"MultiPolygon","coordinates":[[[[80.0063,6.458],[80.0065,6.4573],[80.0063,6.458]]]]}},{"type":"Feature","properties":{"osm_id":"1185789868","code":7229,"fclass":"farmland","name":null},"geometry":{"type":"MultiPolygon","coordinates":[[[[80.1138,6.3867],[80.1143,6.3864],[80.1138,6.3867]]]]}},{"type":"Feature","properties":{"osm_id":"1185789869","code":7229,"fclass":"farmland","name":null},"geometry":{"type":"MultiPolygon","coordinates":[[[[80.1164,6.3849],[80.117,6.3859],[80.119,6.3868],[80.1177,6.3849],[80.1189,6.3827],[80.1164,6.3849]]]]}},{"type":"Feature","properties":{"osm_id":"1185789876","code":7229,"fclass":"farmland","name":null},"geometry":{"type":"MultiPolygon","coordinates":[[[[80.1157,6.3837],[80.1165,6.3837],[80.1157,6.3837]]]]}},{"type":"Feature","properties":{"osm_id":"1185792028","code":7229,"fclass":"farmland","name":null},"geometry":{"type":"MultiPolygon","coordinates":[[[[80.2263,6.5216],[80.2269,6.5219],[80.2263,6.5216]]]]}},{"type":"Feature","properties":{"osm_id":"1185792036","code":7229,"fclass":"farmland","name":null},"geometry":{"type":"MultiPolygon","coordinates":[[[[80.2289,6.5194],[80.2294,6.5199],[80.2292,6.519],[80.2289,6.5194]]]]}},{"type":"Feature","properties":{"osm_id":"1185794527","code":7229,"fclass":"farmland","name":null},"geometry":{"type":"MultiPolygon","coordinates":[[[[80.2234,6.5141],[80.2236,6.5148],[80.2244,6.5148],[80.2245,6.5167],[80.2257,6.5158],[80.2255,6.5126],[80.2236,6.513],[80.2244,6.514],[80.2234,6.5141]]]]}},{"type":"Feature","properties":{"osm_id":"1185794532","code":7229,"fclass":"farmland","name":null},"geometry":{"type":"MultiPolygon","coordinates":[[[[80.2228,6.5168],[80.2234,6.5179],[80.2246,6.5169],[80.2241,6.5155],[80.2228,6.5168]]]]}},{"type":"Feature","properties":{"osm_id":"1185794536","code":7229,"fclass":"farmland","name":null},"geometry":{"type":"MultiPolygon","coordinates":[[[[80.2258,6.5152],[80.2281,6.5147],[80.2258,6.5152]]]]}},{"type":"Feature","properties":{"osm_id":"1185794537","code":7229,"fclass":"farmland","name":null},"geometry":{"type":"MultiPolygon","coordinates":[[[[80.2271,6.5147],[80.2276,6.5141],[80.2287,6.5145],[80.2294,6.513],[80.2271,6.5147]]]]}},{"type":"Feature","properties":{"osm_id":"1185920103","code":7229,"fclass":"farmland","name":null},"geometry":{"type":"MultiPolygon","coordinates":[[[[79.9084,6.7457],[79.9089,6.7455],[79.9084,6.7457]]]]}},{"type":"Feature","properties":{"osm_id":"1186010215","code":7229,"fclass":"farmland","name":null},"geometry":{"type":"MultiPolygon","coordinates":[[[[80.1229,6.5205],[80.1247,6.5211],[80.1237,6.524],[80.1246,6.5243],[80.1255,6.5211],[80.1252,6.5201],[80.1264,6.5177],[80.1245,6.5201],[80.1229,6.5205]]]]}},{"type":"Feature","properties":{"osm_id":"1186010216","code":7229,"fclass":"farmland","name":null},"geometry":{"type":"MultiPolygon","coordinates":[[[[80.1228,6.5265],[80.1243,6.5264],[80.1247,6.5244],[80.1233,6.5244],[80.1238,6.5256],[80.1228,6.5265]]]]}},{"type":"Feature","properties":{"osm_id":"1186043934","code":7229,"fclass":"farmland","name":null},"geometry":{"type":"MultiPolygon","coordinates":[[[[80.1674,6.5651],[80.1681,6.5648],[80.1674,6.5651]]]]}},{"type":"Feature","properties":{"osm_id":"1186056516","code":7229,"fclass":"farmland","name":null},"geometry":{"type":"MultiPolygon","coordinates":[[[[80.0978,6.4603],[80.0985,6.4603],[80.0982,6.4598],[80.0978,6.4603]]]]}},{"type":"Feature","properties":{"osm_id":"1186056517","code":7229,"fclass":"farmland","name":null},"geometry":{"type":"MultiPolygon","coordinates":[[[[80.0966,6.4592],[80.0969,6.4595],[80.0974,6.4588],[80.0966,6.4592]]]]}},{"type":"Feature","properties":{"osm_id":"1186056518","code":7229,"fclass":"farmland","name":null},"geometry":{"type":"MultiPolygon","coordinates":[[[[80.0963,6.4587],[80.0967,6.4585],[80.0963,6.4587]]]]}},{"type":"Feature","properties":{"osm_id":"1186063670","code":7229,"fclass":"farmland","name":null},"geometry":{"type":"MultiPolygon","coordinates":[[[[80.0992,6.4666],[80.101,6.4654],[80.0994,6.4649],[80.0997,6.4661],[80.0992,6.4666]]]]}},{"type":"Feature","properties":{"osm_id":"1186063672","code":7229,"fclass":"farmland","name":null},"geometry":{"type":"MultiPolygon","coordinates":[[[[80.0982,6.4647],[80.0991,6.4651],[80.0982,6.4647]]]]}},{"type":"Feature","properties":{"osm_id":"1186063673","code":7229,"fclass":"farmland","name":null},"geometry":{"type":"MultiPolygon","coordinates":[[[[80.1005,6.4642],[80.1007,6.4638],[80.1005,6.4642]]]]}},{"type":"Feature","properties":{"osm_id":"1186064828","code":7229,"fclass":"farmland","name":null},"geometry":{"type":"MultiPolygon","coordinates":[[[[80.0926,6.4728],[80.0928,6.4732],[80.0949,6.4699],[80.0942,6.469],[80.0926,6.4728]]]]}},{"type":"Feature","properties":{"osm_id":"1186072059","code":7229,"fclass":"farmland","name":null},"geometry":{"type":"MultiPolygon","coordinates":[[[[80.2859,6.5887],[80.2869,6.5884],[80.2859,6.5887]]]]}},{"type":"Feature","properties":{"osm_id":"1186073698","code":7229,"fclass":"farmland","name":null},"geometry":{"type":"MultiPolygon","coordinates":[[[[80.1598,6.5572],[80.1609,6.5585],[80.1612,6.558],[80.1602,6.5569],[80.1598,6.5572]]]]}},{"type":"Feature","properties":{"osm_id":"1186073699","code":7229,"fclass":"farmland","name":null},"geometry":{"type":"MultiPolygon","coordinates":[[[[80.1589,6.5602],[80.1599,6.5609],[80.1606,6.5585],[80.1601,6.5582],[80.1597,6.56],[80.1589,6.5602]]]]}},{"type":"Feature","properties":{"osm_id":"1186074317","code":7229,"fclass":"farmland","name":null},"geometry":{"type":"MultiPolygon","coordinates":[[[[80.161,6.5586],[80.162,6.5594],[80.1623,6.5591],[80.1612,6.5581],[80.161,6.5586]]]]}},{"type":"Feature","properties":{"osm_id":"1186074318","code":7229,"fclass":"farmland","name":null},"geometry":{"type":"MultiPolygon","coordinates":[[[[80.1616,6.558],[80.1627,6.5589],[80.1629,6.5583],[80.1616,6.558]]]]}},{"type":"Feature","properties":{"osm_id":"1186074319","code":7229,"fclass":"farmland","name":null},"geometry":{"type":"MultiPolygon","coordinates":[[[[80.1625,6.559],[80.1642,6.5603],[80.165,6.5587],[80.1641,6.5579],[80.1625,6.559]]]]}},{"type":"Feature","properties":{"osm_id":"1186074321","code":7229,"fclass":"farmland","name":null},"geometry":{"type":"MultiPolygon","coordinates":[[[[80.1621,6.5594],[80.1632,6.5601],[80.1623,6.5591],[80.1621,6.5594]]]]}},{"type":"Feature","properties":{"osm_id":"1186115597","code":7229,"fclass":"farmland","name":null},"geometry":{"type":"MultiPolygon","coordinates":[[[[80.109,6.4227],[80.1101,6.4231],[80.1092,6.425],[80.1107,6.4223],[80.109,6.4227]]]]}},{"type":"Feature","properties":{"osm_id":"1186115598","code":7229,"fclass":"farmland","name":null},"geometry":{"type":"MultiPolygon","coordinates":[[[[80.1102,6.4215],[80.1111,6.4218],[80.111,6.4207],[80.1121,6.4198],[80.1105,6.4198],[80.1107,6.4214],[80.1102,6.4215]]]]}},{"type":"Feature","properties":{"osm_id":"1186115601","code":7229,"fclass":"farmland","name":null},"geometry":{"type":"MultiPolygon","coordinates":[[[[80.1103,6.4155],[80.1105,6.4161],[80.1119,6.4155],[80.1117,6.415],[80.1103,6.4155]]]]}},{"type":"Feature","properties":{"osm_id":"1186115602","code":7229,"fclass":"farmland","name":null},"geometry":{"type":"MultiPolygon","coordinates":[[[[80.1101,6.4144],[80.1121,6.4145],[80.1124,6.4137],[80.1101,6.4144]]]]}},{"type":"Feature","properties":{"osm_id":"1186115603","code":7229,"fclass":"farmland","name":null},"geometry":{"type":"MultiPolygon","coordinates":[[[[80.1011,6.4182],[80.1053,6.4141],[80.1063,6.4142],[80.1054,6.4136],[80.1071,6.4141],[80.1086,6.4129],[80.1085,6.4122],[80.1071,6.4121],[80.1077,6.411],[80.107,6.4105],[80.1069,6.4086],[80.1061,6.4121],[80.106,6.4113],[80.1053,6.4114],[80.1038,6.4126],[80.1043,6.413],[80.1035,6.4139],[80.103,6.4134],[80.1011,6.4182]]]]}},{"type":"Feature","properties":{"osm_id":"1186115653","code":7229,"fclass":"farmland","name":null},"geometry":{"type":"MultiPolygon","coordinates":[[[[80.1092,6.4067],[80.1116,6.407],[80.1106,6.4055],[80.1108,6.4044],[80.1118,6.4041],[80.1108,6.402],[80.1102,6.4019],[80.1095,6.4032],[80.1101,6.4042],[80.1092,6.4067]]]]}},{"type":"Feature","properties":{"osm_id":"1186120622","code":7229,"fclass":"farmland","name":null},"geometry":{"type":"MultiPolygon","coordinates":[[[[80.1064,6.4048],[80.1071,6.4051],[80.1079,6.4035],[80.1068,6.4034],[80.1064,6.4048]]]]}},{"type":"Feature","properties":{"osm_id":"1186121334","code":7229,"fclass":"farmland","name":null},"geometry":{"type":"MultiPolygon","coordinates":[[[[80.0986,6.4065],[80.1005,6.4082],[80.1009,6.4063],[80.0998,6.4055],[80.0986,6.4065]]]]}},{"type":"Feature","properties":{"osm_id":"1186121335","code":7229,"fclass":"farmland","name":null},"geometry":{"type":"MultiPolygon","coordinates":[[[[80.0987,6.4111],[80.0998,6.41],[80.1022,6.4098],[80.1011,6.4088],[80.1016,6.4071],[80.1011,6.407],[80.0987,6.4111]]]]}},{"type":"Feature","properties":{"osm_id":"1186121337","code":7229,"fclass":"farmland","name":null},"geometry":{"type":"MultiPolygon","coordinates":[[[[80.0904,6.405],[80.0905,6.4141],[80.0918,6.4129],[80.0935,6.4134],[80.0942,6.4151],[80.095,6.4137],[80.0964,6.4136],[80.0962,6.4117],[80.0976,6.4113],[80.0987,6.4069],[80.0955,6.404],[80.0943,6.4039],[80.0927,6.4066],[80.0917,6.4067],[80.0919,6.4046],[80.0904,6.405]]]]}},{"type":"Feature","properties":{"osm_id":"1186121338","code":7229,"fclass":"farmland","name":null},"geometry":{"type":"MultiPolygon","coordinates":[[[[80.0904,6.4244],[80.0973,6.4244],[80.0968,6.4233],[80.0962,6.424],[80.0942,6.4236],[80.094,6.423],[80.0968,6.4205],[80.099,6.4216],[80.1014,6.4163],[80.1005,6.4154],[80.0992,6.4169],[80.0988,6.4161],[80.098,6.4159],[80.098,6.4145],[80.0973,6.4156],[80.0984,6.4173],[80.0952,6.4188],[80.0945,6.4162],[80.094,6.4162],[80.0945,6.4198],[80.0924,6.4217],[80.092,6.4215],[80.0904,6.4234],[80.0904,6.4244]]]]}},{"type":"Feature","properties":{"osm_id":"1186123565","code":7229,"fclass":"farmland","name":null},"geometry":{"type":"MultiPolygon","coordinates":[[[[80.101,6.4066],[80.1016,6.407],[80.1031,6.4056],[80.1022,6.405],[80.103,6.4034],[80.1035,6.4036],[80.1044,6.4027],[80.1028,6.4027],[80.1013,6.4048],[80.101,6.4066]]]]}},{"type":"Feature","properties":{"osm_id":"1186124785","code":7229,"fclass":"farmland","name":null},"geometry":{"type":"MultiPolygon","coordinates":[[[[80.1065,6.4144],[80.1071,6.4156],[80.108,6.4148],[80.1065,6.4144]]]]}},{"type":"Feature","properties":{"osm_id":"1186187420","code":7229,"fclass":"farmland","name":null},"geometry":{"type":"MultiPolygon","coordinates":[[[[80.1208,6.4757],[80.1213,6.4764],[80.1225,6.476],[80.1217,6.4754],[80.1208,6.4757]]]]}},{"type":"Feature","properties":{"osm_id":"1186326969","code":7229,"fclass":"farmland","name":null},"geometry":{"type":"MultiPolygon","coordinates":[[[[80.1928,6.7789],[80.193,6.7796],[80.1934,6.7793],[80.1934,6.7777],[80.1928,6.7789]]]]}},{"type":"Feature","properties":{"osm_id":"1186451561","code":7229,"fclass":"farmland","name":null},"geometry":{"type":"MultiPolygon","coordinates":[[[[80.0003,6.512],[80.0019,6.5125],[80.0018,6.5118],[80.0003,6.512]]]]}},{"type":"Feature","properties":{"osm_id":"1186451562","code":7229,"fclass":"farmland","name":null},"geometry":{"type":"MultiPolygon","coordinates":[[[[80.0018,6.5125],[80.0024,6.513],[80.0018,6.5125]]]]}},{"type":"Feature","properties":{"osm_id":"1186652963","code":7229,"fclass":"farmland","name":null},"geometry":{"type":"MultiPolygon","coordinates":[[[[80.3255,6.4389],[80.3261,6.4392],[80.3304,6.4302],[80.3298,6.4299],[80.329,6.4316],[80.3277,6.4323],[80.3266,6.4355],[80.3257,6.4359],[80.3263,6.4371],[80.3255,6.4389]]]]}},{"type":"Feature","properties":{"osm_id":"1186652965","code":7229,"fclass":"farmland","name":null},"geometry":{"type":"MultiPolygon","coordinates":[[[[80.3278,6.425],[80.3284,6.4247],[80.3278,6.425]]]]}},{"type":"Feature","properties":{"osm_id":"1186659879","code":7229,"fclass":"farmland","name":null},"geometry":{"type":"MultiPolygon","coordinates":[[[[80.1198,6.6593],[80.1206,6.6588],[80.1204,6.6566],[80.1199,6.6569],[80.1198,6.6593]]]]}},{"type":"Feature","properties":{"osm_id":"1186659880","code":7229,"fclass":"farmland","name":null},"geometry":{"type":"MultiPolygon","coordinates":[[[[80.1173,6.6569],[80.1175,6.6585],[80.1184,6.6584],[80.1198,6.6554],[80.1188,6.655],[80.119,6.6568],[80.1185,6.6571],[80.1181,6.6565],[80.1188,6.655],[80.1181,6.6547],[80.1173,6.6569]]]]}},{"type":"Feature","properties":{"osm_id":"1186659881","code":7229,"fclass":"farmland","name":null},"geometry":{"type":"MultiPolygon","coordinates":[[[[80.1192,6.6661],[80.1202,6.6681],[80.1198,6.6668],[80.1204,6.6595],[80.1197,6.6594],[80.1192,6.6661]]]]}},{"type":"Feature","properties":{"osm_id":"1186659882","code":7229,"fclass":"farmland","name":null},"geometry":{"type":"MultiPolygon","coordinates":[[[[80.1265,6.6634],[80.1268,6.6646],[80.1275,6.6646],[80.1281,6.6631],[80.1265,6.6627],[80.1265,6.6634]]]]}},{"type":"Feature","properties":{"osm_id":"1186885761","code":7229,"fclass":"farmland","name":null},"geometry":{"type":"MultiPolygon","coordinates":[[[[80.1295,6.5573],[80.1295,6.5573]]]]}},{"type":"Feature","properties":{"osm_id":"1186980762","code":7229,"fclass":"farmland","name":null},"geometry":{"type":"MultiPolygon","coordinates":[[[[80.0119,6.524],[80.0123,6.5245],[80.0119,6.524]]]]}},{"type":"Feature","properties":{"osm_id":"1186981200","code":7229,"fclass":"farmland","name":null},"geometry":{"type":"MultiPolygon","coordinates":[[[[80.0117,6.5197],[80.0125,6.5199],[80.0122,6.5208],[80.0137,6.5241],[80.0132,6.5225],[80.0141,6.5222],[80.0127,6.5215],[80.0131,6.5197],[80.0117,6.5197]]]]}},{"type":"Feature","properties":{"osm_id":"1186986307","code":7229,"fclass":"farmland","name":null},"geometry":{"type":"MultiPolygon","coordinates":[[[[80.0127,6.5194],[80.0136,6.5196],[80.0136,6.5182],[80.0127,6.5194]]]]}},{"type":"Feature","properties":{"osm_id":"1186986311","code":7229,"fclass":"farmland","name":null},"geometry":{"type":"MultiPolygon","coordinates":[[[[80.0137,6.5181],[80.0137,6.5188],[80.0137,6.5181]]]]}},{"type":"Feature","properties":{"osm_id":"1186986312","code":7229,"fclass":"farmland","name":null},"geometry":{"type":"MultiPolygon","coordinates":[[[[80.0135,6.5199],[80.015,6.5204],[80.0135,6.5199]]]]}},{"type":"Feature","properties":{"osm_id":"1186988456","code":7229,"fclass":"farmland","name":null},"geometry":{"type":"MultiPolygon","coordinates":[[[[80.0124,6.5248],[80.0136,6.5254],[80.0124,6.5248]]]]}},{"type":"Feature","properties":{"osm_id":"1186988457","code":7229,"fclass":"farmland","name":null},"geometry":{"type":"MultiPolygon","coordinates":[[[[80.0135,6.5256],[80.0141,6.5274],[80.0159,6.5291],[80.0163,6.5286],[80.0155,6.5277],[80.0161,6.5266],[80.0152,6.5272],[80.0145,6.5265],[80.0147,6.5251],[80.0135,6.5256]]]]}},{"type":"Feature","properties":{"osm_id":"1187064316","code":7229,"fclass":"farmland","name":null},"geometry":{"type":"MultiPolygon","coordinates":[[[[80.1343,6.8168],[80.1346,6.8174],[80.1413,6.8173],[80.141,6.8165],[80.1436,6.8154],[80.144,6.8141],[80.1405,6.816],[80.1402,6.8153],[80.1389,6.8151],[80.1381,6.8154],[80.138,6.8166],[80.1343,6.8168]]]]}},{"type":"Feature","properties":{"osm_id":"1187064318","code":7229,"fclass":"farmland","name":null},"geometry":{"type":"MultiPolygon","coordinates":[[[[80.1361,6.8128],[80.137,6.8139],[80.1387,6.8127],[80.1375,6.8127],[80.1372,6.8122],[80.1377,6.8093],[80.1389,6.807],[80.1412,6.8081],[80.1426,6.8063],[80.144,6.8061],[80.1441,6.808],[80.1447,6.8083],[80.1455,6.8055],[80.1446,6.8041],[80.1432,6.8055],[80.143,6.8035],[80.1422,6.8049],[80.1408,6.8047],[80.1408,6.8039],[80.1401,6.8042],[80.1417,6.7999],[80.1402,6.7979],[80.1408,6.797],[80.1401,6.7967],[80.1401,6.7956],[80.1376,6.7955],[80.1384,6.7968],[80.138,6.7974],[80.1399,6.7984],[80.1402,6.8009],[80.1398,6.8015],[80.1378,6.8004],[80.1377,6.8009],[80.1392,6.8017],[80.1385,6.8019],[80.1386,6.8023],[80.1399,6.8023],[80.1386,6.8061],[80.1377,6.8059],[80.1382,6.8068],[80.1368,6.8098],[80.1369,6.8124],[80.1361,6.8128]]]]}},{"type":"Feature","properties":{"osm_id":"1187064319","code":7229,"fclass":"farmland","name":null},"geometry":{"type":"MultiPolygon","coordinates":[[[[80.1441,6.8137],[80.1443,6.815],[80.1456,6.8159],[80.1457,6.8149],[80.1464,6.8143],[80.15,6.8134],[80.1505,6.8115],[80.1493,6.8112],[80.149,6.8125],[80.1479,6.8133],[80.1473,6.8125],[80.1441,6.8137]]]]}},{"type":"Feature","properties":{"osm_id":"1187064320","code":7229,"fclass":"farmland","name":null},"geometry":{"type":"MultiPolygon","coordinates":[[[[80.1523,6.8112],[80.1537,6.8123],[80.1538,6.8136],[80.1556,6.8137],[80.1562,6.8145],[80.1562,6.8102],[80.1555,6.8128],[80.1543,6.8127],[80.1544,6.8114],[80.1523,6.8112]]]]}},{"type":"Feature","properties":{"osm_id":"1187064321","code":7229,"fclass":"farmland","name":null},"geometry":{"type":"MultiPolygon","coordinates":[[[[80.1434,6.7966],[80.1435,6.798],[80.1445,6.7977],[80.1441,6.7956],[80.1434,6.7966]]]]}},{"type":"Feature","properties":{"osm_id":"1187064322","code":7229,"fclass":"farmland","name":null},"geometry":{"type":"MultiPolygon","coordinates":[[[[80.1458,6.7963],[80.1463,6.7975],[80.1476,6.7973],[80.1494,6.7964],[80.1493,6.7956],[80.1486,6.7952],[80.1458,6.7963]]]]}},{"type":"Feature","properties":{"osm_id":"1187064346","code":7229,"fclass":"farmland","name":null},"geometry":{"type":"MultiPolygon","coordinates":[[[[80.1518,6.818],[80.1526,6.8177],[80.1524,6.8166],[80.1518,6.818]]]]}},{"type":"Feature","properties":{"osm_id":"1187064347","code":7229,"fclass":"farmland","name":null},"geometry":{"type":"MultiPolygon","coordinates":[[[[80.1519,6.8149],[80.1523,6.8153],[80.1526,6.8138],[80.1519,6.8149]]]]}},{"type":"Feature","properties":{"osm_id":"1187064363","code":7229,"fclass":"farmland","name":null},"geometry":{"type":"MultiPolygon","coordinates":[[[[80.1543,6.7986],[80.1552,6.7983],[80.1558,6.7961],[80.1543,6.7986]]]]}},{"type":"Feature","properties":{"osm_id":"1187250059","code":7229,"fclass":"farmland","name":null},"geometry":{"type":"MultiPolygon","coordinates":[[[[80.0671,6.5415],[80.0679,6.541],[80.0671,6.5415]]]]}},{"type":"Feature","properties":{"osm_id":"1187250210","code":7229,"fclass":"farmland","name":null},"geometry":{"type":"MultiPolygon","coordinates":[[[[80.0669,6.5422],[80.0675,6.5417],[80.0669,6.5422]]]]}},{"type":"Feature","properties":{"osm_id":"1187250644","code":7229,"fclass":"farmland","name":null},"geometry":{"type":"MultiPolygon","coordinates":[[[[80.0666,6.5429],[80.0672,6.5423],[80.0666,6.5429]]]]}},{"type":"Feature","properties":{"osm_id":"1187250675","code":7229,"fclass":"farmland","name":null},"geometry":{"type":"MultiPolygon","coordinates":[[[[80.0479,6.6038],[80.0489,6.6043],[80.0506,6.6033],[80.0499,6.6027],[80.0479,6.6038]]]]}},{"type":"Feature","properties":{"osm_id":"1187250677","code":7229,"fclass":"farmland","name":null},"geometry":{"type":"MultiPolygon","coordinates":[[[[80.0435,6.629],[80.0439,6.6296],[80.0443,6.6293],[80.0435,6.629]]]]}},{"type":"Feature","properties":{"osm_id":"1187250678","code":7229,"fclass":"farmland","name":null},"geometry":{"type":"MultiPolygon","coordinates":[[[[80.0438,6.6286],[80.0443,6.6289],[80.0452,6.6267],[80.0438,6.6286]]]]}},{"type":"Feature","properties":{"osm_id":"1187250835","code":7229,"fclass":"farmland","name":null},"geometry":{"type":"MultiPolygon","coordinates":[[[[80.0452,6.6267],[80.0463,6.6277],[80.0462,6.6264],[80.0452,6.6267]]]]}},{"type":"Feature","properties":{"osm_id":"1187250836","code":7229,"fclass":"farmland","name":null},"geometry":{"type":"MultiPolygon","coordinates":[[[[80.0436,6.6302],[80.0447,6.6308],[80.0453,6.63],[80.0436,6.6302]]]]}},{"type":"Feature","properties":{"osm_id":"1187253626","code":7229,"fclass":"farmland","name":null},"geometry":{"type":"MultiPolygon","coordinates":[[[[79.9735,6.6263],[79.9741,6.6265],[79.974,6.626],[79.9735,6.6263]]]]}},{"type":"Feature","properties":{"osm_id":"1187256551","code":7229,"fclass":"farmland","name":null},"geometry":{"type":"MultiPolygon","coordinates":[[[[80.1546,6.645],[80.1551,6.6445],[80.1546,6.645]]]]}},{"type":"Feature","properties":{"osm_id":"1187258867","code":7229,"fclass":"farmland","name":null},"geometry":{"type":"MultiPolygon","coordinates":[[[[80.1489,6.5912],[80.149,6.592],[80.1498,6.592],[80.1501,6.5912],[80.1489,6.5912]]]]}},{"type":"Feature","properties":{"osm_id":"1187258868","code":7229,"fclass":"farmland","name":null},"geometry":{"type":"MultiPolygon","coordinates":[[[[80.1484,6.5897],[80.149,6.591],[80.1501,6.5909],[80.1502,6.5899],[80.1484,6.5897]]]]}},{"type":"Feature","properties":{"osm_id":"1187577804","code":7229,"fclass":"farmland","name":null},"geometry":{"type":"MultiPolygon","coordinates":[[[[80.1384,6.6662],[80.1391,6.666],[80.1384,6.6662]]]]}},{"type":"Feature","properties":{"osm_id":"1187585572","code":7229,"fclass":"farmland","name":null},"geometry":{"type":"MultiPolygon","coordinates":[[[[80.1461,6.6656],[80.147,6.6655],[80.1475,6.6632],[80.1461,6.6656]]]]}},{"type":"Feature","properties":{"osm_id":"1187610890","code":7229,"fclass":"farmland","name":null},"geometry":{"type":"MultiPolygon","coordinates":[[[[80.1534,6.6838],[80.1542,6.6845],[80.1543,6.6838],[80.1534,6.6838]]]]}},{"type":"Feature","properties":{"osm_id":"1187610891","code":7229,"fclass":"farmland","name":null},"geometry":{"type":"MultiPolygon","coordinates":[[[[80.1462,6.674],[80.1469,6.6752],[80.1475,6.6743],[80.1482,6.6752],[80.1498,6.6752],[80.1514,6.6687],[80.1528,6.6691],[80.1536,6.6705],[80.1543,6.6704],[80.155,6.6723],[80.1565,6.6738],[80.1573,6.6732],[80.156,6.6727],[80.1546,6.6698],[80.155,6.6685],[80.153,6.6665],[80.152,6.6665],[80.1531,6.6656],[80.1516,6.6657],[80.1518,6.6641],[80.1496,6.6642],[80.1489,6.6637],[80.1482,6.6668],[80.1501,6.6669],[80.1493,6.6692],[80.1503,6.6709],[80.1494,6.6706],[80.1488,6.6736],[80.1477,6.6731],[80.1462,6.674]]]]}},{"type":"Feature","properties":{"osm_id":"1187610892","code":7229,"fclass":"farmland","name":null},"geometry":{"type":"MultiPolygon","coordinates":[[[[80.1447,6.6865],[80.1459,6.687],[80.147,6.6855],[80.1493,6.6863],[80.147,6.684],[80.1491,6.6829],[80.1478,6.6815],[80.1487,6.6806],[80.1481,6.6808],[80.1479,6.68],[80.1475,6.6815],[80.1461,6.6818],[80.1463,6.6833],[80.1447,6.6865]]]]}},{"type":"Feature","properties":{"osm_id":"1187610893","code":7229,"fclass":"farmland","name":null},"geometry":{"type":"MultiPolygon","coordinates":[[[[80.1472,6.6758],[80.1481,6.6761],[80.1479,6.6766],[80.1491,6.6781],[80.1489,6.6771],[80.1496,6.6763],[80.1498,6.6779],[80.1489,6.6789],[80.1495,6.6793],[80.1508,6.6782],[80.1507,6.6801],[80.1518,6.6799],[80.1518,6.6788],[80.1531,6.6779],[80.1527,6.6772],[80.1513,6.6778],[80.1508,6.6757],[80.1496,6.6759],[80.1498,6.6752],[80.1472,6.6758]]]]}},{"type":"Feature","properties":{"osm_id":"1187610894","code":7229,"fclass":"farmland","name":null},"geometry":{"type":"MultiPolygon","coordinates":[[[[80.1542,6.6809],[80.1553,6.6816],[80.1549,6.6828],[80.1566,6.6808],[80.1567,6.6797],[80.1581,6.6786],[80.155,6.6782],[80.1563,6.6793],[80.1561,6.6805],[80.1542,6.6809]]]]}},{"type":"Feature","properties":{"osm_id":"1187610895","code":7229,"fclass":"farmland","name":null},"geometry":{"type":"MultiPolygon","coordinates":[[[[80.1485,6.6724],[80.1492,6.6721],[80.1485,6.6724]]]]}},{"type":"Feature","properties":{"osm_id":"1187610896","code":7229,"fclass":"farmland","name":null},"geometry":{"type":"MultiPolygon","coordinates":[[[[80.1473,6.6715],[80.1491,6.6713],[80.1491,6.6708],[80.1473,6.6715]]]]}},{"type":"Feature","properties":{"osm_id":"1187610897","code":7229,"fclass":"farmland","name":null},"geometry":{"type":"MultiPolygon","coordinates":[[[[80.1366,6.6831],[80.1389,6.6847],[80.1387,6.6873],[80.1392,6.6882],[80.14,6.6844],[80.1413,6.6836],[80.1411,6.6829],[80.1423,6.6814],[80.1397,6.6838],[80.1389,6.6837],[80.1385,6.6829],[80.1366,6.6831]]]]}},{"type":"Feature","properties":{"osm_id":"1187610898","code":7229,"fclass":"farmland","name":null},"geometry":{"type":"MultiPolygon","coordinates":[[[[80.1323,6.6818],[80.1328,6.6826],[80.1344,6.6829],[80.1362,6.6825],[80.1364,6.6806],[80.1385,6.6771],[80.1395,6.6738],[80.1389,6.672],[80.1382,6.6723],[80.1386,6.6744],[80.1354,6.6808],[80.133,6.6808],[80.1323,6.6818]]]]}},{"type":"Feature","properties":{"osm_id":"1187693412","code":7229,"fclass":"farmland","name":null},"geometry":{"type":"MultiPolygon","coordinates":[[[[80.1237,6.6882],[80.1247,6.6865],[80.124,6.6865],[80.1237,6.6882]]]]}},{"type":"Feature","properties":{"osm_id":"1187717464","code":7229,"fclass":"farmland","name":null},"geometry":{"type":"MultiPolygon","coordinates":[[[[80.0166,6.6467],[80.0169,6.6472],[80.0184,6.6461],[80.0182,6.6458],[80.0166,6.6467]]]]}},{"type":"Feature","properties":{"osm_id":"1187717465","code":7229,"fclass":"farmland","name":null},"geometry":{"type":"MultiPolygon","coordinates":[[[[80.0188,6.6476],[80.0199,6.6476],[80.0192,6.6469],[80.0188,6.6476]]]]}},{"type":"Feature","properties":{"osm_id":"1187717469","code":7229,"fclass":"farmland","name":null},"geometry":{"type":"MultiPolygon","coordinates":[[[[80.0211,6.6492],[80.0223,6.6491],[80.0216,6.6487],[80.0211,6.6492]]]]}},{"type":"Feature","properties":{"osm_id":"1187723882","code":7229,"fclass":"farmland","name":null},"geometry":{"type":"MultiPolygon","coordinates":[[[[80.0078,6.5805],[80.0091,6.5802],[80.009,6.5797],[80.0078,6.5805]]]]}},{"type":"Feature","properties":{"osm_id":"1187723885","code":7229,"fclass":"farmland","name":null},"geometry":{"type":"MultiPolygon","coordinates":[[[[80.0021,6.583],[80.0031,6.5837],[80.0026,6.5829],[80.0037,6.5825],[80.0047,6.581],[80.0021,6.583]]]]}},{"type":"Feature","properties":{"osm_id":"1187829255","code":7229,"fclass":"farmland","name":null},"geometry":{"type":"MultiPolygon","coordinates":[[[[79.9584,6.6939],[79.959,6.6936],[79.9584,6.6939]]]]}},{"type":"Feature","properties":{"osm_id":"1187829537","code":7229,"fclass":"farmland","name":null},"geometry":{"type":"MultiPolygon","coordinates":[[[[79.9588,6.694],[79.9594,6.6939],[79.9588,6.694]]]]}},{"type":"Feature","properties":{"osm_id":"1187831433","code":7229,"fclass":"farmland","name":null},"geometry":{"type":"MultiPolygon","coordinates":[[[[79.9563,6.6933],[79.9573,6.6934],[79.9575,6.6929],[79.9564,6.6926],[79.9563,6.6933]]]]}},{"type":"Feature","properties":{"osm_id":"1187831862","code":7229,"fclass":"farmland","name":null},"geometry":{"type":"MultiPolygon","coordinates":[[[[79.9616,6.6926],[79.962,6.693],[79.9623,6.6923],[79.9616,6.6926]]]]}},{"type":"Feature","properties":{"osm_id":"1187832599","code":7229,"fclass":"farmland","name":null},"geometry":{"type":"MultiPolygon","coordinates":[[[[79.9607,6.6956],[79.9607,6.6956]]]]}},{"type":"Feature","properties":{"osm_id":"1187832642","code":7229,"fclass":"farmland","name":null},"geometry":{"type":"MultiPolygon","coordinates":[[[[79.961,6.6958],[79.9615,6.6956],[79.961,6.6958]]]]}},{"type":"Feature","properties":{"osm_id":"1187835643","code":7229,"fclass":"farmland","name":null},"geometry":{"type":"MultiPolygon","coordinates":[[[[79.9658,6.6889],[79.9665,6.6892],[79.9665,6.6885],[79.9658,6.6889]]]]}},{"type":"Feature","properties":{"osm_id":"1187836708","code":7229,"fclass":"farmland","name":null},"geometry":{"type":"MultiPolygon","coordinates":[[[[79.9642,6.6864],[79.9648,6.6869],[79.9642,6.6864]]]]}},{"type":"Feature","properties":{"osm_id":"1187842552","code":7229,"fclass":"farmland","name":null},"geometry":{"type":"MultiPolygon","coordinates":[[[[79.9779,6.6558],[79.9789,6.6564],[79.9783,6.6554],[79.9779,6.6558]]]]}},{"type":"Feature","properties":{"osm_id":"1187842553","code":7229,"fclass":"farmland","name":null},"geometry":{"type":"MultiPolygon","coordinates":[[[[79.9786,6.6565],[79.9799,6.6607],[79.9811,6.6611],[79.981,6.659],[79.9786,6.6565]]]]}},{"type":"Feature","properties":{"osm_id":"1187842556","code":7229,"fclass":"farmland","name":null},"geometry":{"type":"MultiPolygon","coordinates":[[[[79.9878,6.6465],[79.9912,6.6478],[79.9911,6.6461],[79.9904,6.6458],[79.9893,6.6468],[79.9898,6.6456],[79.9881,6.6451],[79.9878,6.6465]]]]}},{"type":"Feature","properties":{"osm_id":"1187866696","code":7229,"fclass":"farmland","name":null},"geometry":{"type":"MultiPolygon","coordinates":[[[[80.0827,6.5956],[80.0849,6.5956],[80.086,6.5936],[80.0837,6.5942],[80.0827,6.5956]]]]}},{"type":"Feature","properties":{"osm_id":"1187896139","code":7229,"fclass":"farmland","name":null},"geometry":{"type":"MultiPolygon","coordinates":[[[[80.0274,6.5404],[80.0283,6.5426],[80.028,6.5403],[80.0274,6.5404]]]]}},{"type":"Feature","properties":{"osm_id":"1188011988","code":7229,"fclass":"farmland","name":null},"geometry":{"type":"MultiPolygon","coordinates":[[[[80.074,6.7345],[80.0743,6.7335],[80.074,6.7345]]]]}},{"type":"Feature","properties":{"osm_id":"1188024014","code":7229,"fclass":"farmland","name":null},"geometry":{"type":"MultiPolygon","coordinates":[[[[79.9865,6.5163],[79.987,6.5166],[79.9865,6.5163]]]]}},{"type":"Feature","properties":{"osm_id":"1188098118","code":7229,"fclass":"farmland","name":null},"geometry":{"type":"MultiPolygon","coordinates":[[[[80.0119,6.4665],[80.0124,6.4677],[80.0134,6.4678],[80.0134,6.4668],[80.0119,6.4665]]]]}},{"type":"Feature","properties":{"osm_id":"1188098119","code":7229,"fclass":"farmland","name":null},"geometry":{"type":"MultiPolygon","coordinates":[[[[80.0098,6.4678],[80.0104,6.4681],[80.0098,6.4678]]]]}},{"type":"Feature","properties":{"osm_id":"1188165532","code":7229,"fclass":"farmland","name":null},"geometry":{"type":"MultiPolygon","coordinates":[[[[80.0901,6.5662],[80.0906,6.5658],[80.0901,6.5662]]]]}},{"type":"Feature","properties":{"osm_id":"1188165535","code":7229,"fclass":"farmland","name":null},"geometry":{"type":"MultiPolygon","coordinates":[[[[80.0875,6.5875],[80.0878,6.587],[80.0875,6.5875]]]]}},{"type":"Feature","properties":{"osm_id":"1188165536","code":7229,"fclass":"farmland","name":null},"geometry":{"type":"MultiPolygon","coordinates":[[[[80.0879,6.587],[80.0887,6.5868],[80.0879,6.587]]]]}},{"type":"Feature","properties":{"osm_id":"1188165537","code":7229,"fclass":"farmland","name":null},"geometry":{"type":"MultiPolygon","coordinates":[[[[80.0884,6.5861],[80.0886,6.5868],[80.0892,6.5858],[80.0884,6.5861]]]]}},{"type":"Feature","properties":{"osm_id":"1188166213","code":7229,"fclass":"farmland","name":null},"geometry":{"type":"MultiPolygon","coordinates":[[[[80.0886,6.5872],[80.0905,6.5851],[80.0899,6.5848],[80.0886,6.5872]]]]}},{"type":"Feature","properties":{"osm_id":"1188166214","code":7229,"fclass":"farmland","name":null},"geometry":{"type":"MultiPolygon","coordinates":[[[[80.0891,6.5855],[80.0896,6.5852],[80.0891,6.5855]]]]}},{"type":"Feature","properties":{"osm_id":"1188166215","code":7229,"fclass":"farmland","name":null},"geometry":{"type":"MultiPolygon","coordinates":[[[[80.0902,6.5865],[80.091,6.5869],[80.0921,6.5857],[80.0908,6.5854],[80.0902,6.5865]]]]}},{"type":"Feature","properties":{"osm_id":"1188166216","code":7229,"fclass":"farmland","name":null},"geometry":{"type":"MultiPolygon","coordinates":[[[[80.0928,6.5816],[80.0937,6.5816],[80.0937,6.5806],[80.0928,6.5816]]]]}},{"type":"Feature","properties":{"osm_id":"1188166217","code":7229,"fclass":"farmland","name":null},"geometry":{"type":"MultiPolygon","coordinates":[[[[80.0937,6.58],[80.0939,6.5805],[80.0943,6.5799],[80.0937,6.58]]]]}},{"type":"Feature","properties":{"osm_id":"1188185111","code":7229,"fclass":"farmland","name":null},"geometry":{"type":"MultiPolygon","coordinates":[[[[79.9787,6.6989],[79.9801,6.6997],[79.9803,6.6988],[79.9799,6.6994],[79.9787,6.6989]]]]}},{"type":"Feature","properties":{"osm_id":"1188187086","code":7229,"fclass":"farmland","name":null},"geometry":{"type":"MultiPolygon","coordinates":[[[[79.9464,6.6674],[79.9467,6.6681],[79.9473,6.6678],[79.9472,6.667],[79.9467,6.6668],[79.9464,6.6674]]]]}},{"type":"Feature","properties":{"osm_id":"1188187087","code":7229,"fclass":"farmland","name":null},"geometry":{"type":"MultiPolygon","coordinates":[[[[79.9451,6.6657],[79.9453,6.6664],[79.9471,6.6669],[79.9477,6.6656],[79.9471,6.6651],[79.9451,6.6657]]]]}},{"type":"Feature","properties":{"osm_id":"1188187088","code":7229,"fclass":"farmland","name":null},"geometry":{"type":"MultiPolygon","coordinates":[[[[79.9441,6.666],[79.9444,6.6667],[79.9453,6.6665],[79.9451,6.6658],[79.9441,6.666]]]]}},{"type":"Feature","properties":{"osm_id":"1188187089","code":7229,"fclass":"farmland","name":null},"geometry":{"type":"MultiPolygon","coordinates":[[[[79.9419,6.6671],[79.9421,6.6679],[79.9441,6.6671],[79.9439,6.6666],[79.9419,6.6671]]]]}},{"type":"Feature","properties":{"osm_id":"1188187090","code":7229,"fclass":"farmland","name":null},"geometry":{"type":"MultiPolygon","coordinates":[[[[79.9393,6.6674],[79.9403,6.6681],[79.942,6.6679],[79.9418,6.667],[79.941,6.6668],[79.9393,6.6674]]]]}},{"type":"Feature","properties":{"osm_id":"1188187091","code":7229,"fclass":"farmland","name":null},"geometry":{"type":"MultiPolygon","coordinates":[[[[79.9376,6.6715],[79.9388,6.6722],[79.9398,6.6709],[79.938,6.6701],[79.9376,6.6715]]]]}},{"type":"Feature","properties":{"osm_id":"1188192051","code":7229,"fclass":"farmland","name":null},"geometry":{"type":"MultiPolygon","coordinates":[[[[80.187,6.4935],[80.1876,6.4934],[80.1875,6.4924],[80.187,6.4935]]]]}},{"type":"Feature","properties":{"osm_id":"1188192052","code":7229,"fclass":"farmland","name":null},"geometry":{"type":"MultiPolygon","coordinates":[[[[80.1764,6.5123],[80.179,6.5124],[80.1788,6.5118],[80.1804,6.5085],[80.1797,6.5103],[80.1804,6.5104],[80.1807,6.5098],[80.1809,6.5103],[80.1799,6.5106],[80.1794,6.5124],[80.1821,6.5113],[80.1822,6.5089],[80.1831,6.5072],[80.1815,6.5091],[80.1809,6.5085],[80.1812,6.508],[80.182,6.5082],[80.1829,6.5063],[80.1834,6.5065],[80.1835,6.5057],[80.1824,6.5054],[80.1838,6.5039],[80.1829,6.5042],[80.1836,6.5025],[80.1842,6.5027],[80.1836,6.5017],[80.1851,6.4997],[80.1849,6.4977],[80.186,6.4969],[80.187,6.4982],[80.1876,6.498],[80.1874,6.4937],[80.1858,6.4942],[80.1857,6.4956],[80.1845,6.495],[80.1846,6.497],[80.1832,6.4986],[80.1844,6.4993],[80.1843,6.5001],[80.1828,6.5007],[80.1822,6.5028],[80.1811,6.5029],[80.1797,6.5044],[80.1798,6.5054],[80.1777,6.508],[80.1764,6.5123]]]]}},{"type":"Feature","properties":{"osm_id":"1188338633","code":7229,"fclass":"farmland","name":null},"geometry":{"type":"MultiPolygon","coordinates":[[[[79.9574,6.7234],[79.9582,6.7232],[79.9574,6.7234]]]]}},{"type":"Feature","properties":{"osm_id":"1188383504","code":7229,"fclass":"farmland","name":null},"geometry":{"type":"MultiPolygon","coordinates":[[[[79.9893,6.5007],[79.9898,6.5008],[79.9903,6.499],[79.9893,6.5007]]]]}},{"type":"Feature","properties":{"osm_id":"1188383505","code":7229,"fclass":"farmland","name":null},"geometry":{"type":"MultiPolygon","coordinates":[[[[79.9908,6.4997],[79.9909,6.5002],[79.9918,6.5],[79.9926,6.4982],[79.9917,6.4981],[79.9908,6.4997]]]]}},{"type":"Feature","properties":{"osm_id":"1188503238","code":7229,"fclass":"farmland","name":null},"geometry":{"type":"MultiPolygon","coordinates":[[[[80.1502,6.4614],[80.1507,6.4607],[80.1502,6.4614]]]]}},{"type":"Feature","properties":{"osm_id":"1188691106","code":7229,"fclass":"farmland","name":null},"geometry":{"type":"MultiPolygon","coordinates":[[[[79.975,6.7312],[79.9763,6.7337],[79.9777,6.7331],[79.9769,6.7309],[79.9775,6.7299],[79.9769,6.7284],[79.9757,6.7287],[79.9758,6.7299],[79.975,6.7312]]]]}},{"type":"Feature","properties":{"osm_id":"1188692146","code":7229,"fclass":"farmland","name":null},"geometry":{"type":"MultiPolygon","coordinates":[[[[80.0561,6.4245],[80.0568,6.4249],[80.0561,6.4245]]]]}},{"type":"Feature","properties":{"osm_id":"1188692147","code":7229,"fclass":"farmland","name":null},"geometry":{"type":"MultiPolygon","coordinates":[[[[80.0562,6.4232],[80.0564,6.4228],[80.0562,6.4232]]]]}},{"type":"Feature","properties":{"osm_id":"1188695517","code":7229,"fclass":"farmland","name":null},"geometry":{"type":"MultiPolygon","coordinates":[[[[80.0566,6.4314],[80.0566,6.4314]]]]}},{"type":"Feature","properties":{"osm_id":"1188726128","code":7229,"fclass":"farmland","name":null},"geometry":{"type":"MultiPolygon","coordinates":[[[[80.0986,6.7275],[80.0986,6.7275]]]]}},{"type":"Feature","properties":{"osm_id":"1188726160","code":7229,"fclass":"farmland","name":null},"geometry":{"type":"MultiPolygon","coordinates":[[[[80.0904,6.5262],[80.0919,6.526],[80.0918,6.5251],[80.0904,6.5262]]]]}},{"type":"Feature","properties":{"osm_id":"1188780178","code":7229,"fclass":"farmland","name":null},"geometry":{"type":"MultiPolygon","coordinates":[[[[80.1021,6.6258],[80.1043,6.6277],[80.1068,6.6284],[80.1067,6.6291],[80.1073,6.629],[80.1067,6.6279],[80.1085,6.628],[80.1089,6.6264],[80.1071,6.6271],[80.107,6.6253],[80.106,6.6253],[80.1046,6.6263],[80.1023,6.625],[80.1021,6.6258]]]]}},{"type":"Feature","properties":{"osm_id":"1188780180","code":7229,"fclass":"farmland","name":null},"geometry":{"type":"MultiPolygon","coordinates":[[[[80.103,6.6318],[80.1039,6.6306],[80.103,6.6318]]]]}},{"type":"Feature","properties":{"osm_id":"1188780181","code":7229,"fclass":"farmland","name":null},"geometry":{"type":"MultiPolygon","coordinates":[[[[80.1039,6.6305],[80.1048,6.6299],[80.1057,6.6303],[80.1059,6.6297],[80.1046,6.6293],[80.1039,6.6305]]]]}},{"type":"Feature","properties":{"osm_id":"1188783936","code":7229,"fclass":"farmland","name":null},"geometry":{"type":"MultiPolygon","coordinates":[[[[79.9333,6.682],[79.9353,6.6831],[79.9357,6.6827],[79.9357,6.6816],[79.9344,6.6816],[79.9336,6.681],[79.9333,6.682]]]]}},{"type":"Feature","properties":{"osm_id":"1188925156","code":7229,"fclass":"farmland","name":null},"geometry":{"type":"MultiPolygon","coordinates":[[[[80.1538,6.4684],[80.1551,6.469],[80.1559,6.4681],[80.1558,6.4666],[80.1568,6.4658],[80.1558,6.466],[80.1538,6.4684]]]]}},{"type":"Feature","properties":{"osm_id":"1188925157","code":7229,"fclass":"farmland","name":null},"geometry":{"type":"MultiPolygon","coordinates":[[[[80.1506,6.4494],[80.1521,6.4493],[80.1522,6.4476],[80.1506,6.4494]]]]}},{"type":"Feature","properties":{"osm_id":"1188925158","code":7229,"fclass":"farmland","name":null},"geometry":{"type":"MultiPolygon","coordinates":[[[[80.1464,6.461],[80.1475,6.4592],[80.1477,6.4576],[80.1464,6.461]]]]}},{"type":"Feature","properties":{"osm_id":"1188925159","code":7229,"fclass":"farmland","name":null},"geometry":{"type":"MultiPolygon","coordinates":[[[[80.1447,6.466],[80.1455,6.466],[80.1465,6.4646],[80.1467,6.4628],[80.1461,6.4614],[80.1452,6.4616],[80.1455,6.4636],[80.1447,6.466]]]]}},{"type":"Feature","properties":{"osm_id":"1188925160","code":7229,"fclass":"farmland","name":null},"geometry":{"type":"MultiPolygon","coordinates":[[[[80.1405,6.4685],[80.1437,6.4685],[80.1444,6.4662],[80.1429,6.4682],[80.1418,6.4685],[80.1411,6.4683],[80.1414,6.4667],[80.1405,6.4685]]]]}},{"type":"Feature","properties":{"osm_id":"1188958600","code":7229,"fclass":"farmland","name":null},"geometry":{"type":"MultiPolygon","coordinates":[[[[80.0786,6.4541],[80.0793,6.4551],[80.0797,6.454],[80.0786,6.4541]]]]}},{"type":"Feature","properties":{"osm_id":"1188959939","code":7229,"fclass":"farmland","name":null},"geometry":{"type":"MultiPolygon","coordinates":[[[[80.0581,6.4649],[80.0582,6.4655],[80.0604,6.4649],[80.0588,6.4642],[80.0581,6.4649]]]]}},{"type":"Feature","properties":{"osm_id":"1188959940","code":7229,"fclass":"farmland","name":null},"geometry":{"type":"MultiPolygon","coordinates":[[[[80.0574,6.4649],[80.0579,6.4654],[80.0574,6.4649]]]]}},{"type":"Feature","properties":{"osm_id":"1188959941","code":7229,"fclass":"farmland","name":null},"geometry":{"type":"MultiPolygon","coordinates":[[[[80.0652,6.4642],[80.0663,6.4644],[80.0663,6.4638],[80.0652,6.4642]]]]}},{"type":"Feature","properties":{"osm_id":"1188959942","code":7229,"fclass":"farmland","name":null},"geometry":{"type":"MultiPolygon","coordinates":[[[[80.0664,6.4638],[80.0664,6.4644],[80.067,6.4644],[80.067,6.4638],[80.0664,6.4638]]]]}},{"type":"Feature","properties":{"osm_id":"1188967882","code":7229,"fclass":"farmland","name":null},"geometry":{"type":"MultiPolygon","coordinates":[[[[79.9766,6.7365],[79.9782,6.7378],[79.9787,6.7373],[79.9768,6.7359],[79.9766,6.7365]]]]}},{"type":"Feature","properties":{"osm_id":"1188967909","code":7229,"fclass":"farmland","name":null},"geometry":{"type":"MultiPolygon","coordinates":[[[[79.9708,6.7327],[79.9716,6.7335],[79.9715,6.7319],[79.9708,6.7327]]]]}},{"type":"Feature","properties":{"osm_id":"1188981909","code":7229,"fclass":"farmland","name":null},"geometry":{"type":"MultiPolygon","coordinates":[[[[80.0247,6.7902],[80.0255,6.7906],[80.0251,6.7899],[80.0257,6.7879],[80.0252,6.788],[80.0247,6.7902]]]]}},{"type":"Feature","properties":{"osm_id":"1188987582","code":7229,"fclass":"farmland","name":null},"geometry":{"type":"MultiPolygon","coordinates":[[[[79.9737,6.6435],[79.9747,6.6427],[79.9737,6.6435]]]]}},{"type":"Feature","properties":{"osm_id":"1188987583","code":7229,"fclass":"farmland","name":null},"geometry":{"type":"MultiPolygon","coordinates":[[[[79.9738,6.6438],[79.9738,6.6438]]]]}},{"type":"Feature","properties":{"osm_id":"1188987584","code":7229,"fclass":"farmland","name":null},"geometry":{"type":"MultiPolygon","coordinates":[[[[79.9742,6.644],[79.9747,6.643],[79.9742,6.644]]]]}},{"type":"Feature","properties":{"osm_id":"1188987585","code":7229,"fclass":"farmland","name":null},"geometry":{"type":"MultiPolygon","coordinates":[[[[79.9748,6.643],[79.9755,6.6428],[79.9748,6.643]]]]}},{"type":"Feature","properties":{"osm_id":"1188988463","code":7229,"fclass":"farmland","name":null},"geometry":{"type":"MultiPolygon","coordinates":[[[[79.9741,6.6522],[79.9741,6.6522]]]]}},{"type":"Feature","properties":{"osm_id":"1188988464","code":7229,"fclass":"farmland","name":null},"geometry":{"type":"MultiPolygon","coordinates":[[[[79.9742,6.6519],[79.9742,6.6519]]]]}},{"type":"Feature","properties":{"osm_id":"1189207968","code":7229,"fclass":"farmland","name":null},"geometry":{"type":"MultiPolygon","coordinates":[[[[80.092,6.5325],[80.0921,6.5332],[80.0935,6.5344],[80.0936,6.5363],[80.0945,6.5354],[80.0949,6.5331],[80.0932,6.5323],[80.092,6.5325]]]]}},{"type":"Feature","properties":{"osm_id":"1189207969","code":7229,"fclass":"farmland","name":null},"geometry":{"type":"MultiPolygon","coordinates":[[[[80.0942,6.5299],[80.0952,6.5336],[80.0966,6.5336],[80.0966,6.5319],[80.0981,6.5307],[80.0942,6.5299]]]]}},{"type":"Feature","properties":{"osm_id":"1189251419","code":7229,"fclass":"farmland","name":null},"geometry":{"type":"MultiPolygon","coordinates":[[[[80.0888,6.5336],[80.0919,6.5332],[80.0918,6.5321],[80.0913,6.5318],[80.0888,6.5336]]]]}},{"type":"Feature","properties":{"osm_id":"1189318767","code":7229,"fclass":"farmland","name":null},"geometry":{"type":"MultiPolygon","coordinates":[[[[80.0858,6.4872],[80.0873,6.4886],[80.0903,6.4863],[80.0903,6.4853],[80.0895,6.4851],[80.0889,6.486],[80.0879,6.4857],[80.0874,6.4837],[80.0879,6.4867],[80.0858,6.4872]]]]}},{"type":"Feature","properties":{"osm_id":"1189318773","code":7229,"fclass":"farmland","name":null},"geometry":{"type":"MultiPolygon","coordinates":[[[[80.0685,6.486],[80.0726,6.4863],[80.0726,6.4856],[80.069,6.4849],[80.0685,6.486]]]]}},{"type":"Feature","properties":{"osm_id":"1189422240","code":7229,"fclass":"farmland","name":null},"geometry":{"type":"MultiPolygon","coordinates":[[[[80.0459,6.6184],[80.0466,6.6184],[80.0471,6.6176],[80.0463,6.6176],[80.0459,6.6184]]]]}},{"type":"Feature","properties":{"osm_id":"1189422241","code":7229,"fclass":"farmland","name":null},"geometry":{"type":"MultiPolygon","coordinates":[[[[80.0475,6.617],[80.0491,6.6162],[80.0478,6.6162],[80.0475,6.617]]]]}},{"type":"Feature","properties":{"osm_id":"1189624828","code":7229,"fclass":"farmland","name":null},"geometry":{"type":"MultiPolygon","coordinates":[[[[79.9622,6.6257],[79.9632,6.6276],[79.9643,6.6269],[79.9654,6.6276],[79.9646,6.6243],[79.9664,6.6228],[79.9665,6.6211],[79.9647,6.6225],[79.9638,6.6221],[79.963,6.6226],[79.9635,6.6242],[79.9622,6.6257]]]]}},{"type":"Feature","properties":{"osm_id":"1189624830","code":7229,"fclass":"farmland","name":null},"geometry":{"type":"MultiPolygon","coordinates":[[[[79.9636,6.6275],[79.9654,6.629],[79.9657,6.6286],[79.9655,6.6278],[79.9636,6.6275]]]]}},{"type":"Feature","properties":{"osm_id":"1189710844","code":7229,"fclass":"farmland","name":null},"geometry":{"type":"MultiPolygon","coordinates":[[[[79.9654,6.6291],[79.9662,6.6296],[79.9666,6.6288],[79.9659,6.6285],[79.9654,6.6291]]]]}},{"type":"Feature","properties":{"osm_id":"1189710994","code":7229,"fclass":"farmland","name":null},"geometry":{"type":"MultiPolygon","coordinates":[[[[79.9663,6.6287],[79.9681,6.6279],[79.9691,6.6284],[79.9683,6.627],[79.9663,6.6287]]]]}},{"type":"Feature","properties":{"osm_id":"1189711954","code":7229,"fclass":"farmland","name":null},"geometry":{"type":"MultiPolygon","coordinates":[[[[79.9607,6.631],[79.9622,6.6314],[79.9635,6.6302],[79.9624,6.6297],[79.9624,6.6304],[79.9607,6.6303],[79.9607,6.631]]]]}},{"type":"Feature","properties":{"osm_id":"1189712038","code":7229,"fclass":"farmland","name":null},"geometry":{"type":"MultiPolygon","coordinates":[[[[79.9641,6.6308],[79.9648,6.631],[79.9641,6.6308]]]]}},{"type":"Feature","properties":{"osm_id":"1189712039","code":7229,"fclass":"farmland","name":null},"geometry":{"type":"MultiPolygon","coordinates":[[[[79.9642,6.6306],[79.9649,6.6305],[79.9645,6.6301],[79.9642,6.6306]]]]}},{"type":"Feature","properties":{"osm_id":"1189712271","code":7229,"fclass":"farmland","name":null},"geometry":{"type":"MultiPolygon","coordinates":[[[[79.9643,6.6317],[79.9657,6.6315],[79.9657,6.6311],[79.9644,6.6312],[79.9643,6.6317]]]]}},{"type":"Feature","properties":{"osm_id":"1189712272","code":7229,"fclass":"farmland","name":null},"geometry":{"type":"MultiPolygon","coordinates":[[[[79.965,6.6308],[79.9658,6.6314],[79.9663,6.6296],[79.9656,6.6296],[79.965,6.6308]]]]}},{"type":"Feature","properties":{"osm_id":"1189712399","code":7229,"fclass":"farmland","name":null},"geometry":{"type":"MultiPolygon","coordinates":[[[[79.9658,6.6316],[79.9663,6.6317],[79.9658,6.6316]]]]}},{"type":"Feature","properties":{"osm_id":"1189712432","code":7229,"fclass":"farmland","name":null},"geometry":{"type":"MultiPolygon","coordinates":[[[[79.9649,6.631],[79.9654,6.631],[79.9649,6.631]]]]}},{"type":"Feature","properties":{"osm_id":"1189712672","code":7229,"fclass":"farmland","name":null},"geometry":{"type":"MultiPolygon","coordinates":[[[[79.9635,6.6302],[79.9639,6.6299],[79.9635,6.6302]]]]}},{"type":"Feature","properties":{"osm_id":"1189712673","code":7229,"fclass":"farmland","name":null},"geometry":{"type":"MultiPolygon","coordinates":[[[[79.9628,6.6294],[79.9641,6.6296],[79.9628,6.6294]]]]}},{"type":"Feature","properties":{"osm_id":"1189712674","code":7229,"fclass":"farmland","name":null},"geometry":{"type":"MultiPolygon","coordinates":[[[[79.9625,6.6287],[79.9632,6.6289],[79.9625,6.6287]]]]}},{"type":"Feature","properties":{"osm_id":"1189712675","code":7229,"fclass":"farmland","name":null},"geometry":{"type":"MultiPolygon","coordinates":[[[[79.9613,6.6294],[79.964,6.6297],[79.9613,6.6294]]]]}},{"type":"Feature","properties":{"osm_id":"1189791328","code":7229,"fclass":"farmland","name":null},"geometry":{"type":"MultiPolygon","coordinates":[[[[80.0983,6.4918],[80.0995,6.4919],[80.1008,6.4907],[80.0983,6.4918]]]]}},{"type":"Feature","properties":{"osm_id":"1189849832","code":7229,"fclass":"farmland","name":null},"geometry":{"type":"MultiPolygon","coordinates":[[[[80.2917,6.3427],[80.2917,6.3427]]]]}},{"type":"Feature","properties":{"osm_id":"1189935185","code":7229,"fclass":"farmland","name":null},"geometry":{"type":"MultiPolygon","coordinates":[[[[80.0676,6.5044],[80.0682,6.5045],[80.0676,6.5044]]]]}},{"type":"Feature","properties":{"osm_id":"1189935186","code":7229,"fclass":"farmland","name":null},"geometry":{"type":"MultiPolygon","coordinates":[[[[80.0662,6.5084],[80.0672,6.5089],[80.0662,6.5084]]]]}},{"type":"Feature","properties":{"osm_id":"1190144920","code":7229,"fclass":"farmland","name":null},"geometry":{"type":"MultiPolygon","coordinates":[[[[80.2408,6.5623],[80.2408,6.5623]]]]}},{"type":"Feature","properties":{"osm_id":"1190287842","code":7229,"fclass":"farmland","name":null},"geometry":{"type":"MultiPolygon","coordinates":[[[[79.9502,6.7062],[79.9502,6.7062]]]]}},{"type":"Feature","properties":{"osm_id":"1190287851","code":7229,"fclass":"farmland","name":null},"geometry":{"type":"MultiPolygon","coordinates":[[[[79.9523,6.7038],[79.9523,6.7038]]]]}},{"type":"Feature","properties":{"osm_id":"1190287852","code":7229,"fclass":"farmland","name":null},"geometry":{"type":"MultiPolygon","coordinates":[[[[79.9525,6.7038],[79.9525,6.7038]]]]}},{"type":"Feature","properties":{"osm_id":"1190287853","code":7229,"fclass":"farmland","name":null},"geometry":{"type":"MultiPolygon","coordinates":[[[[79.9518,6.7035],[79.9522,6.7037],[79.9518,6.7035]]]]}},{"type":"Feature","properties":{"osm_id":"1190287854","code":7229,"fclass":"farmland","name":null},"geometry":{"type":"MultiPolygon","coordinates":[[[[79.9515,6.7033],[79.9518,6.7029],[79.9515,6.7033]]]]}},{"type":"Feature","properties":{"osm_id":"1190364527","code":7229,"fclass":"farmland","name":null},"geometry":{"type":"MultiPolygon","coordinates":[[[[80.2353,6.5659],[80.2353,6.5659]]]]}},{"type":"Feature","properties":{"osm_id":"1190369871","code":7229,"fclass":"farmland","name":null},"geometry":{"type":"MultiPolygon","coordinates":[[[[79.9323,6.7023],[79.9329,6.7025],[79.9327,6.7019],[79.9323,6.7023]]]]}},{"type":"Feature","properties":{"osm_id":"1190434979","code":7229,"fclass":"farmland","name":null},"geometry":{"type":"MultiPolygon","coordinates":[[[[79.9432,6.7023],[79.9442,6.7024],[79.9441,6.7014],[79.9432,6.7023]]]]}},{"type":"Feature","properties":{"osm_id":"1190434980","code":7229,"fclass":"farmland","name":null},"geometry":{"type":"MultiPolygon","coordinates":[[[[79.942,6.7026],[79.943,6.7023],[79.943,6.7017],[79.942,6.702],[79.942,6.7026]]]]}},{"type":"Feature","properties":{"osm_id":"1190434982","code":7229,"fclass":"farmland","name":null},"geometry":{"type":"MultiPolygon","coordinates":[[[[79.9457,6.7027],[79.9461,6.7025],[79.9457,6.7027]]]]}},{"type":"Feature","properties":{"osm_id":"1190751918","code":7229,"fclass":"farmland","name":"Paddy"},"geometry":{"type":"MultiPolygon","coordinates":[[[[80.0608,7.1527],[80.0611,7.1536],[80.0617,7.1535],[80.0619,7.153],[80.0608,7.1527]]]]}},{"type":"Feature","properties":{"osm_id":"1190753152","code":7229,"fclass":"farmland","name":"Paddy"},"geometry":{"type":"MultiPolygon","coordinates":[[[[80.0604,7.1515],[80.061,7.1525],[80.0622,7.1528],[80.0616,7.1509],[80.0606,7.1508],[80.0604,7.1515]]]]}},{"type":"Feature","properties":{"osm_id":"1190753525","code":7229,"fclass":"farmland","name":"Paddy"},"geometry":{"type":"MultiPolygon","coordinates":[[[[80.0605,7.1503],[80.0608,7.151],[80.0616,7.1508],[80.0608,7.149],[80.0605,7.1503]]]]}},{"type":"Feature","properties":{"osm_id":"1190753976","code":7229,"fclass":"farmland","name":"Paddy"},"geometry":{"type":"MultiPolygon","coordinates":[[[[80.0608,7.1491],[80.0622,7.152],[80.0628,7.1517],[80.0636,7.1507],[80.0631,7.1495],[80.0612,7.1481],[80.0608,7.1491]]]]}},{"type":"Feature","properties":{"osm_id":"1190912446","code":7229,"fclass":"farmland","name":null},"geometry":{"type":"MultiPolygon","coordinates":[[[[80.0216,6.6178],[80.0218,6.6183],[80.0221,6.6176],[80.0216,6.6178]]]]}},{"type":"Feature","properties":{"osm_id":"1190912447","code":7229,"fclass":"farmland","name":null},"geometry":{"type":"MultiPolygon","coordinates":[[[[80.0207,6.6192],[80.0214,6.6199],[80.0215,6.6177],[80.0207,6.6192]]]]}},{"type":"Feature","properties":{"osm_id":"1190912448","code":7229,"fclass":"farmland","name":null},"geometry":{"type":"MultiPolygon","coordinates":[[[[80.02,6.6171],[80.0206,6.6171],[80.02,6.6171]]]]}},{"type":"Feature","properties":{"osm_id":"1190912449","code":7229,"fclass":"farmland","name":null},"geometry":{"type":"MultiPolygon","coordinates":[[[[80.0198,6.6118],[80.0204,6.6115],[80.0206,6.6103],[80.0198,6.6118]]]]}},{"type":"Feature","properties":{"osm_id":"1190912450","code":7229,"fclass":"farmland","name":null},"geometry":{"type":"MultiPolygon","coordinates":[[[[80.017,6.6155],[80.0175,6.6154],[80.017,6.6155]]]]}},{"type":"Feature","properties":{"osm_id":"1190912451","code":7229,"fclass":"farmland","name":null},"geometry":{"type":"MultiPolygon","coordinates":[[[[80.0173,6.6143],[80.0178,6.6151],[80.0186,6.6144],[80.0186,6.6167],[80.0197,6.613],[80.0189,6.6127],[80.0173,6.6143]]]]}},{"type":"Feature","properties":{"osm_id":"1190912453","code":7229,"fclass":"farmland","name":null},"geometry":{"type":"MultiPolygon","coordinates":[[[[80.0211,6.6203],[80.0217,6.6204],[80.0211,6.6203]]]]}},{"type":"Feature","properties":{"osm_id":"1191292729","code":7229,"fclass":"farmland","name":null},"geometry":{"type":"MultiPolygon","coordinates":[[[[80.0878,6.7904],[80.0898,6.7918],[80.0904,6.7937],[80.09,6.7946],[80.0909,6.7948],[80.0906,6.7925],[80.0967,6.7906],[80.0952,6.7902],[80.0919,6.7914],[80.0878,6.7904]]]]}},{"type":"Feature","properties":{"osm_id":"1191292730","code":7229,"fclass":"farmland","name":null},"geometry":{"type":"MultiPolygon","coordinates":[[[[80.0944,6.7888],[80.0952,6.7902],[80.0988,6.7895],[80.0984,6.79],[80.0995,6.7907],[80.0995,6.7886],[80.0987,6.7885],[80.0981,6.7888],[80.0983,6.7893],[80.0973,6.7892],[80.096,6.79],[80.0944,6.7888]]]]}},{"type":"Feature","properties":{"osm_id":"1191292731","code":7229,"fclass":"farmland","name":null},"geometry":{"type":"MultiPolygon","coordinates":[[[[80.0952,6.7902],[80.0967,6.7906],[80.0976,6.7899],[80.0952,6.7902]]]]}},{"type":"Feature","properties":{"osm_id":"1191292732","code":7229,"fclass":"farmland","name":null},"geometry":{"type":"MultiPolygon","coordinates":[[[[80.0942,6.7872],[80.0959,6.7865],[80.097,6.7842],[80.1014,6.785],[80.1001,6.7854],[80.1016,6.7861],[80.1009,6.7881],[80.0995,6.7886],[80.0995,6.7903],[80.1002,6.7899],[80.1006,6.7904],[80.0995,6.7907],[80.1013,6.7911],[80.1017,6.7948],[80.1025,6.7947],[80.1019,6.7931],[80.1029,6.792],[80.1017,6.7911],[80.1022,6.7898],[80.1015,6.7892],[80.1021,6.7893],[80.1032,6.787],[80.1041,6.7873],[80.1045,6.7868],[80.1031,6.7856],[80.1053,6.7837],[80.1047,6.7814],[80.1053,6.7803],[80.1059,6.78],[80.1068,6.7811],[80.1076,6.7811],[80.1066,6.7797],[80.1068,6.7762],[80.1077,6.7771],[80.1076,6.7758],[80.1085,6.7745],[80.1101,6.7756],[80.1103,6.7779],[80.1104,6.7729],[80.1111,6.7726],[80.1124,6.7738],[80.1141,6.7742],[80.1142,6.7761],[80.1127,6.7798],[80.115,6.7759],[80.1157,6.7755],[80.1151,6.774],[80.114,6.774],[80.1141,6.7724],[80.1126,6.7716],[80.1115,6.772],[80.111,6.7706],[80.1086,6.7694],[80.109,6.7703],[80.1078,6.7721],[80.1077,6.7713],[80.107,6.7713],[80.1059,6.7719],[80.1054,6.7732],[80.1044,6.7723],[80.1042,6.7707],[80.1041,6.7736],[80.1019,6.7744],[80.0996,6.7732],[80.0999,6.7715],[80.0996,6.7725],[80.0987,6.7729],[80.0952,6.7718],[80.0949,6.7728],[80.0974,6.7728],[80.0992,6.7745],[80.0984,6.7767],[80.0987,6.7781],[80.0996,6.7749],[80.1012,6.7747],[80.1025,6.7758],[80.1047,6.7754],[80.1046,6.7771],[80.1029,6.78],[80.1028,6.7817],[80.0992,6.7837],[80.0981,6.7836],[80.0978,6.783],[80.0949,6.7835],[80.0947,6.7848],[80.096,6.7855],[80.0942,6.7872]]]]}},{"type":"Feature","properties":{"osm_id":"1191687496","code":7229,"fclass":"farmland","name":null},"geometry":{"type":"MultiPolygon","coordinates":[[[[80.0754,6.479],[80.0758,6.48],[80.0786,6.4786],[80.0791,6.4776],[80.0769,6.479],[80.0754,6.479]]]]}},{"type":"Feature","properties":{"osm_id":"1191687497","code":7229,"fclass":"farmland","name":null},"geometry":{"type":"MultiPolygon","coordinates":[[[[80.0835,6.4751],[80.0862,6.4724],[80.0894,6.4658],[80.0885,6.466],[80.0881,6.4654],[80.0877,6.4663],[80.0868,6.4658],[80.0876,6.4664],[80.0872,6.4672],[80.0867,6.4672],[80.0872,6.468],[80.0868,6.4689],[80.0861,6.4692],[80.0858,6.4712],[80.0835,6.4751]]]]}},{"type":"Feature","properties":{"osm_id":"1192248254","code":7229,"fclass":"farmland","name":null},"geometry":{"type":"MultiPolygon","coordinates":[[[[79.9883,7.0942],[79.9903,7.0936],[79.9884,7.0934],[79.9883,7.0942]]]]}},{"type":"Feature","properties":{"osm_id":"1192250466","code":7229,"fclass":"farmland","name":null},"geometry":{"type":"MultiPolygon","coordinates":[[[[80.0967,7.2228],[80.0971,7.2234],[80.1004,7.2213],[80.1001,7.2192],[80.0995,7.2192],[80.0995,7.221],[80.0967,7.2228]]]]}},{"type":"Feature","properties":{"osm_id":"1192251228","code":7229,"fclass":"farmland","name":null},"geometry":{"type":"MultiPolygon","coordinates":[[[[80.0957,7.2141],[80.097,7.2152],[80.0993,7.2141],[80.0977,7.2122],[80.0963,7.2124],[80.0957,7.2141]]]]}},{"type":"Feature","properties":{"osm_id":"1192253600","code":7229,"fclass":"farmland","name":"+`paddy field"},"geometry":{"type":"MultiPolygon","coordinates":[[[[80.0962,7.2084],[80.0964,7.2122],[80.0977,7.212],[80.0983,7.2094],[80.0978,7.209],[80.0987,7.2083],[80.0965,7.2071],[80.0962,7.2084]]]]}},{"type":"Feature","properties":{"osm_id":"1192253984","code":7229,"fclass":"farmland","name":null},"geometry":{"type":"MultiPolygon","coordinates":[[[[80.0896,6.9006],[80.09,6.9007],[80.09,6.9],[80.0896,6.9006]]]]}},{"type":"Feature","properties":{"osm_id":"1192254569","code":7229,"fclass":"farmland","name":null},"geometry":{"type":"MultiPolygon","coordinates":[[[[80.09,6.9009],[80.0905,6.9003],[80.09,6.9009]]]]}},{"type":"Feature","properties":{"osm_id":"1192254782","code":7229,"fclass":"farmland","name":null},"geometry":{"type":"MultiPolygon","coordinates":[[[[80.0632,7.1495],[80.0649,7.1499],[80.0632,7.1495]]]]}},{"type":"Feature","properties":{"osm_id":"1192255591","code":7229,"fclass":"farmland","name":"paddy land"},"geometry":{"type":"MultiPolygon","coordinates":[[[[79.9888,7.0945],[79.9906,7.0951],[79.9904,7.0938],[79.9888,7.0945]]]]}},{"type":"Feature","properties":{"osm_id":"1192255718","code":7229,"fclass":"farmland","name":null},"geometry":{"type":"MultiPolygon","coordinates":[[[[80.1542,6.6165],[80.1549,6.6162],[80.1542,6.6165]]]]}},{"type":"Feature","properties":{"osm_id":"1192454548","code":7229,"fclass":"farmland","name":null},"geometry":{"type":"MultiPolygon","coordinates":[[[[80.1262,6.5155],[80.1268,6.5155],[80.1262,6.5155]]]]}},{"type":"Feature","properties":{"osm_id":"1192454549","code":7229,"fclass":"farmland","name":null},"geometry":{"type":"MultiPolygon","coordinates":[[[[80.1257,6.5143],[80.1265,6.5149],[80.1257,6.5143]]]]}},{"type":"Feature","properties":{"osm_id":"1192454550","code":7229,"fclass":"farmland","name":null},"geometry":{"type":"MultiPolygon","coordinates":[[[[80.1264,6.515],[80.1275,6.5164],[80.1278,6.5151],[80.129,6.5144],[80.1264,6.515]]]]}},{"type":"Feature","properties":{"osm_id":"1192454551","code":7229,"fclass":"farmland","name":null},"geometry":{"type":"MultiPolygon","coordinates":[[[[80.1278,6.517],[80.1307,6.5206],[80.1304,6.5218],[80.1309,6.5214],[80.1325,6.5229],[80.1329,6.5211],[80.1323,6.5216],[80.1305,6.52],[80.1298,6.5181],[80.1307,6.518],[80.1311,6.517],[80.1324,6.517],[80.1327,6.5185],[80.1326,6.5145],[80.1339,6.5137],[80.1331,6.514],[80.132,6.5129],[80.1315,6.5135],[80.1321,6.5155],[80.1317,6.5163],[80.1304,6.5173],[80.1291,6.5173],[80.1282,6.5162],[80.1278,6.517]]]]}},{"type":"Feature","properties":{"osm_id":"1192455157","code":7229,"fclass":"farmland","name":null},"geometry":{"type":"MultiPolygon","coordinates":[[[[80.1234,6.5278],[80.1238,6.527],[80.1234,6.5278]]]]}},{"type":"Feature","properties":{"osm_id":"1192456325","code":7229,"fclass":"farmland","name":null},"geometry":{"type":"MultiPolygon","coordinates":[[[[80.1298,6.5245],[80.1311,6.5255],[80.131,6.5233],[80.1298,6.5245]]]]}},{"type":"Feature","properties":{"osm_id":"1192717358","code":7229,"fclass":"farmland","name":null},"geometry":{"type":"MultiPolygon","coordinates":[[[[80.1585,6.7551],[80.1593,6.7561],[80.1634,6.7531],[80.1646,6.7513],[80.1634,6.7506],[80.1633,6.7521],[80.1619,6.7527],[80.1606,6.7544],[80.1585,6.7551]]]]}},{"type":"Feature","properties":{"osm_id":"1192731121","code":7229,"fclass":"farmland","name":null},"geometry":{"type":"MultiPolygon","coordinates":[[[[80.1597,6.7491],[80.1598,6.7499],[80.1604,6.7496],[80.1597,6.7491]]]]}},{"type":"Feature","properties":{"osm_id":"1192734334","code":7229,"fclass":"farmland","name":null},"geometry":{"type":"MultiPolygon","coordinates":[[[[80.1606,6.7459],[80.1617,6.746],[80.1642,6.7424],[80.162,6.7428],[80.1627,6.7433],[80.1606,6.7459]]]]}},{"type":"Feature","properties":{"osm_id":"1192734337","code":7229,"fclass":"farmland","name":null},"geometry":{"type":"MultiPolygon","coordinates":[[[[80.1639,6.7421],[80.1646,6.7423],[80.1661,6.7396],[80.1707,6.7392],[80.1703,6.7384],[80.1719,6.738],[80.1695,6.7374],[80.1696,6.7379],[80.1655,6.74],[80.1639,6.7421]]]]}},{"type":"Feature","properties":{"osm_id":"1192734338","code":7229,"fclass":"farmland","name":null},"geometry":{"type":"MultiPolygon","coordinates":[[[[80.1629,6.7385],[80.1636,6.7393],[80.1652,6.7394],[80.1644,6.7412],[80.1671,6.7389],[80.166,6.7381],[80.1657,6.7367],[80.1662,6.735],[80.1652,6.7362],[80.1648,6.7383],[80.1629,6.7385]]]]}},{"type":"Feature","properties":{"osm_id":"1192734339","code":7229,"fclass":"farmland","name":null},"geometry":{"type":"MultiPolygon","coordinates":[[[[80.1671,6.7386],[80.1679,6.7384],[80.1671,6.7386]]]]}},{"type":"Feature","properties":{"osm_id":"1192800195","code":7229,"fclass":"farmland","name":null},"geometry":{"type":"MultiPolygon","coordinates":[[[[80.125,6.6234],[80.1256,6.6238],[80.1261,6.6232],[80.1257,6.6227],[80.125,6.6234]]]]}},{"type":"Feature","properties":{"osm_id":"1192946525","code":7229,"fclass":"farmland","name":null},"geometry":{"type":"MultiPolygon","coordinates":[[[[80.1161,6.754],[80.1176,6.7557],[80.1179,6.7549],[80.1185,6.755],[80.1185,6.7559],[80.119,6.7561],[80.1207,6.7549],[80.1192,6.7541],[80.1193,6.7522],[80.1179,6.7539],[80.1161,6.754]]]]}},{"type":"Feature","properties":{"osm_id":"1192946526","code":7229,"fclass":"farmland","name":null},"geometry":{"type":"MultiPolygon","coordinates":[[[[80.1208,6.759],[80.1209,6.7601],[80.1221,6.7609],[80.1215,6.7571],[80.1208,6.759]]]]}},{"type":"Feature","properties":{"osm_id":"1193029208","code":7229,"fclass":"farmland","name":null},"geometry":{"type":"MultiPolygon","coordinates":[[[[80.1191,6.7681],[80.1213,6.7671],[80.1234,6.7677],[80.1229,6.7664],[80.122,6.7664],[80.1196,6.7673],[80.1191,6.7681]]]]}},{"type":"Feature","properties":{"osm_id":"1193286086","code":7229,"fclass":"farmland","name":null},"geometry":{"type":"MultiPolygon","coordinates":[[[[80.1158,6.7706],[80.1158,6.7723],[80.1165,6.7724],[80.1171,6.7707],[80.1158,6.7706]]]]}},{"type":"Feature","properties":{"osm_id":"1193829655","code":7229,"fclass":"farmland","name":null},"geometry":{"type":"MultiPolygon","coordinates":[[[[80.0542,6.7819],[80.0555,6.7824],[80.0552,6.7807],[80.058,6.7779],[80.059,6.7777],[80.0587,6.7771],[80.06,6.7745],[80.0542,6.7819]]]]}},{"type":"Feature","properties":{"osm_id":"1193912616","code":7229,"fclass":"farmland","name":null},"geometry":{"type":"MultiPolygon","coordinates":[[[[80.0304,6.7762],[80.0304,6.7762]]]]}},{"type":"Feature","properties":{"osm_id":"1193912617","code":7229,"fclass":"farmland","name":null},"geometry":{"type":"MultiPolygon","coordinates":[[[[80.0302,6.776],[80.0302,6.776]]]]}},{"type":"Feature","properties":{"osm_id":"1193915907","code":7229,"fclass":"farmland","name":null},"geometry":{"type":"MultiPolygon","coordinates":[[[[80.204,6.6537],[80.2049,6.6529],[80.2044,6.6527],[80.204,6.6537]]]]}},{"type":"Feature","properties":{"osm_id":"1193926620","code":7229,"fclass":"farmland","name":null},"geometry":{"type":"MultiPolygon","coordinates":[[[[80.0308,6.7761],[80.0315,6.7768],[80.0324,6.776],[80.0308,6.7761]]]]}},{"type":"Feature","properties":{"osm_id":"1193998840","code":7229,"fclass":"farmland","name":null},"geometry":{"type":"MultiPolygon","coordinates":[[[[80.2084,6.6518],[80.2089,6.652],[80.2103,6.6497],[80.2097,6.6487],[80.2084,6.6518]]]]}},{"type":"Feature","properties":{"osm_id":"1194230598","code":7229,"fclass":"farmland","name":null},"geometry":{"type":"MultiPolygon","coordinates":[[[[80.01,6.521],[80.0103,6.5207],[80.01,6.521]]]]}},{"type":"Feature","properties":{"osm_id":"1194230599","code":7229,"fclass":"farmland","name":null},"geometry":{"type":"MultiPolygon","coordinates":[[[[80.007,6.5221],[80.0085,6.5227],[80.0091,6.5221],[80.0081,6.5205],[80.0081,6.522],[80.007,6.5221]]]]}},{"type":"Feature","properties":{"osm_id":"1194230600","code":7229,"fclass":"farmland","name":null},"geometry":{"type":"MultiPolygon","coordinates":[[[[80.0093,6.5187],[80.0105,6.5197],[80.0115,6.5196],[80.0104,6.5192],[80.0102,6.5183],[80.0101,6.519],[80.0093,6.5187]]]]}},{"type":"Feature","properties":{"osm_id":"1194231633","code":7229,"fclass":"farmland","name":null},"geometry":{"type":"MultiPolygon","coordinates":[[[[80.0093,6.5168],[80.0102,6.5155],[80.0093,6.5168]]]]}},{"type":"Feature","properties":{"osm_id":"1194231634","code":7229,"fclass":"farmland","name":null},"geometry":{"type":"MultiPolygon","coordinates":[[[[80.0096,6.5167],[80.0102,6.5157],[80.0096,6.5167]]]]}},{"type":"Feature","properties":{"osm_id":"1194231635","code":7229,"fclass":"farmland","name":null},"geometry":{"type":"MultiPolygon","coordinates":[[[[80.0096,6.5169],[80.0105,6.5166],[80.0096,6.5169]]]]}},{"type":"Feature","properties":{"osm_id":"1194231636","code":7229,"fclass":"farmland","name":null},"geometry":{"type":"MultiPolygon","coordinates":[[[[80.0105,6.5151],[80.0115,6.5154],[80.0105,6.5151]]]]}},{"type":"Feature","properties":{"osm_id":"1194231637","code":7229,"fclass":"farmland","name":null},"geometry":{"type":"MultiPolygon","coordinates":[[[[80.0121,6.5148],[80.0134,6.5141],[80.0134,6.5135],[80.0121,6.5148]]]]}},{"type":"Feature","properties":{"osm_id":"1194235636","code":7229,"fclass":"farmland","name":null},"geometry":{"type":"MultiPolygon","coordinates":[[[[80.0023,6.5158],[80.0034,6.5145],[80.0028,6.5131],[80.0023,6.5158]]]]}},{"type":"Feature","properties":{"osm_id":"1194240500","code":7229,"fclass":"farmland","name":null},"geometry":{"type":"MultiPolygon","coordinates":[[[[80.0026,6.5167],[80.0037,6.5169],[80.0044,6.5181],[80.0035,6.5161],[80.0028,6.5161],[80.0026,6.5167]]]]}},{"type":"Feature","properties":{"osm_id":"1194326159","code":7229,"fclass":"farmland","name":null},"geometry":{"type":"MultiPolygon","coordinates":[[[[79.9667,6.6329],[79.9679,6.6339],[79.97,6.6334],[79.9692,6.6319],[79.9667,6.6329]]]]}},{"type":"Feature","properties":{"osm_id":"1194326161","code":7229,"fclass":"farmland","name":null},"geometry":{"type":"MultiPolygon","coordinates":[[[[79.9649,6.6359],[79.9652,6.6367],[79.9668,6.6366],[79.9679,6.6339],[79.9671,6.6336],[79.9649,6.6359]]]]}},{"type":"Feature","properties":{"osm_id":"1194326162","code":7229,"fclass":"farmland","name":null},"geometry":{"type":"MultiPolygon","coordinates":[[[[79.9617,6.6375],[79.9618,6.6393],[79.9634,6.641],[79.964,6.6402],[79.9632,6.6384],[79.9652,6.6367],[79.9649,6.6359],[79.962,6.6367],[79.9617,6.6375]]]]}},{"type":"Feature","properties":{"osm_id":"1194326165","code":7229,"fclass":"farmland","name":null},"geometry":{"type":"MultiPolygon","coordinates":[[[[79.9609,6.6377],[79.9618,6.6393],[79.9617,6.6375],[79.9609,6.6377]]]]}},{"type":"Feature","properties":{"osm_id":"1194326166","code":7229,"fclass":"farmland","name":null},"geometry":{"type":"MultiPolygon","coordinates":[[[[79.9564,6.6396],[79.9564,6.6408],[79.9571,6.6419],[79.9577,6.6417],[79.9576,6.64],[79.9585,6.6394],[79.9591,6.6369],[79.9571,6.6367],[79.9564,6.6396]]]]}},{"type":"Feature","properties":{"osm_id":"1194326167","code":7229,"fclass":"farmland","name":null},"geometry":{"type":"MultiPolygon","coordinates":[[[[79.9585,6.6394],[79.9595,6.6399],[79.9618,6.6393],[79.9608,6.6374],[79.9589,6.6374],[79.9585,6.6394]]]]}},{"type":"Feature","properties":{"osm_id":"1194326168","code":7229,"fclass":"farmland","name":null},"geometry":{"type":"MultiPolygon","coordinates":[[[[79.9597,6.6366],[79.9598,6.6374],[79.9609,6.6377],[79.9614,6.6369],[79.9597,6.6366]]]]}},{"type":"Feature","properties":{"osm_id":"1194326170","code":7229,"fclass":"farmland","name":null},"geometry":{"type":"MultiPolygon","coordinates":[[[[79.9634,6.641],[79.9661,6.6423],[79.9639,6.6403],[79.9634,6.641]]]]}},{"type":"Feature","properties":{"osm_id":"1194876746","code":7229,"fclass":"farmland","name":null},"geometry":{"type":"MultiPolygon","coordinates":[[[[80.1509,6.6208],[80.1525,6.6213],[80.1527,6.6206],[80.1509,6.6208]]]]}},{"type":"Feature","properties":{"osm_id":"1195333443","code":7229,"fclass":"farmland","name":null},"geometry":{"type":"MultiPolygon","coordinates":[[[[80.1045,6.7567],[80.1071,6.7507],[80.1059,6.7477],[80.1051,6.7484],[80.1057,6.7517],[80.1046,6.7537],[80.1045,6.7567]]]]}},{"type":"Feature","properties":{"osm_id":"1195439824","code":7229,"fclass":"farmland","name":null},"geometry":{"type":"MultiPolygon","coordinates":[[[[80.0799,6.7702],[80.081,6.7708],[80.0856,6.7708],[80.088,6.7697],[80.0895,6.7666],[80.0855,6.7704],[80.0823,6.7703],[80.0809,6.7686],[80.0807,6.7699],[80.0799,6.7702]]]]}},{"type":"Feature","properties":{"osm_id":"1195884322","code":7229,"fclass":"farmland","name":null},"geometry":{"type":"MultiPolygon","coordinates":[[[[80.0881,6.6816],[80.0895,6.6822],[80.0889,6.6811],[80.0881,6.6816]]]]}},{"type":"Feature","properties":{"osm_id":"1195884323","code":7229,"fclass":"farmland","name":null},"geometry":{"type":"MultiPolygon","coordinates":[[[[80.087,6.6795],[80.0872,6.6799],[80.087,6.6795]]]]}},{"type":"Feature","properties":{"osm_id":"1195884358","code":7229,"fclass":"farmland","name":null},"geometry":{"type":"MultiPolygon","coordinates":[[[[80.0837,6.6756],[80.0842,6.6759],[80.0837,6.6756]]]]}},{"type":"Feature","properties":{"osm_id":"1195884359","code":7229,"fclass":"farmland","name":null},"geometry":{"type":"MultiPolygon","coordinates":[[[[80.0866,6.6759],[80.0873,6.6751],[80.0866,6.6759]]]]}},{"type":"Feature","properties":{"osm_id":"1195890259","code":7229,"fclass":"farmland","name":null},"geometry":{"type":"MultiPolygon","coordinates":[[[[80.0964,6.6804],[80.0981,6.6804],[80.0974,6.6786],[80.0965,6.6787],[80.0964,6.6804]]]]}},{"type":"Feature","properties":{"osm_id":"1195890260","code":7229,"fclass":"farmland","name":null},"geometry":{"type":"MultiPolygon","coordinates":[[[[80.0955,6.6803],[80.0963,6.68],[80.0961,6.6796],[80.0955,6.6803]]]]}},{"type":"Feature","properties":{"osm_id":"1196045859","code":7229,"fclass":"farmland","name":null},"geometry":{"type":"MultiPolygon","coordinates":[[[[80.0929,6.6669],[80.0935,6.6665],[80.0929,6.6669]]]]}},{"type":"Feature","properties":{"osm_id":"1196056891","code":7229,"fclass":"farmland","name":null},"geometry":{"type":"MultiPolygon","coordinates":[[[[79.9423,6.7389],[79.9427,6.739],[79.9423,6.7389]]]]}},{"type":"Feature","properties":{"osm_id":"1196056892","code":7229,"fclass":"farmland","name":null},"geometry":{"type":"MultiPolygon","coordinates":[[[[79.9424,6.7387],[79.9435,6.7388],[79.9424,6.7387]]]]}},{"type":"Feature","properties":{"osm_id":"1196056893","code":7229,"fclass":"farmland","name":null},"geometry":{"type":"MultiPolygon","coordinates":[[[[79.9428,6.739],[79.9435,6.739],[79.9428,6.739]]]]}},{"type":"Feature","properties":{"osm_id":"1196365696","code":7229,"fclass":"farmland","name":null},"geometry":{"type":"MultiPolygon","coordinates":[[[[80.1002,6.6834],[80.1011,6.6836],[80.1012,6.6824],[80.1003,6.6824],[80.1002,6.6834]]]]}},{"type":"Feature","properties":{"osm_id":"1196365697","code":7229,"fclass":"farmland","name":null},"geometry":{"type":"MultiPolygon","coordinates":[[[[80.1,6.6812],[80.1005,6.6817],[80.1014,6.6796],[80.1,6.6812]]]]}},{"type":"Feature","properties":{"osm_id":"1196394422","code":7229,"fclass":"farmland","name":null},"geometry":{"type":"MultiPolygon","coordinates":[[[[79.9367,6.7447],[79.9387,6.7418],[79.9383,6.7406],[79.9373,6.7406],[79.9367,6.7447]]]]}},{"type":"Feature","properties":{"osm_id":"1196394451","code":7229,"fclass":"farmland","name":null},"geometry":{"type":"MultiPolygon","coordinates":[[[[79.9371,6.7466],[79.9403,6.7466],[79.9401,6.7454],[79.9371,6.7466]]]]}},{"type":"Feature","properties":{"osm_id":"1196394453","code":7229,"fclass":"farmland","name":null},"geometry":{"type":"MultiPolygon","coordinates":[[[[79.9466,6.7485],[79.9477,6.7487],[79.9477,6.7459],[79.9472,6.7459],[79.9466,6.7485]]]]}},{"type":"Feature","properties":{"osm_id":"1196568289","code":7229,"fclass":"farmland","name":null},"geometry":{"type":"MultiPolygon","coordinates":[[[[80.045,6.695],[80.0456,6.6951],[80.0457,6.6945],[80.045,6.6944],[80.045,6.695]]]]}},{"type":"Feature","properties":{"osm_id":"1196816728","code":7229,"fclass":"farmland","name":null},"geometry":{"type":"MultiPolygon","coordinates":[[[[79.9847,6.7339],[79.9861,6.7338],[79.9888,6.7361],[79.988,6.7354],[79.9882,6.7343],[79.9856,6.7333],[79.9847,6.7334],[79.9847,6.7339]]]]}},{"type":"Feature","properties":{"osm_id":"1196816730","code":7229,"fclass":"farmland","name":null},"geometry":{"type":"MultiPolygon","coordinates":[[[[79.9909,6.7362],[79.9939,6.7375],[79.9923,6.7362],[79.9909,6.7362]]]]}},{"type":"Feature","properties":{"osm_id":"1196817870","code":7229,"fclass":"farmland","name":null},"geometry":{"type":"MultiPolygon","coordinates":[[[[79.9812,6.7385],[79.9823,6.7379],[79.9848,6.738],[79.9831,6.7376],[79.9823,6.7359],[79.9812,6.7385]]]]}},{"type":"Feature","properties":{"osm_id":"1196863072","code":7229,"fclass":"farmland","name":null},"geometry":{"type":"MultiPolygon","coordinates":[[[[80.1211,6.6825],[80.1219,6.6824],[80.1221,6.6796],[80.1211,6.6825]]]]}},{"type":"Feature","properties":{"osm_id":"1196863076","code":7229,"fclass":"farmland","name":null},"geometry":{"type":"MultiPolygon","coordinates":[[[[80.1181,6.6812],[80.1188,6.6805],[80.1183,6.6804],[80.1181,6.6812]]]]}},{"type":"Feature","properties":{"osm_id":"1196863077","code":7229,"fclass":"farmland","name":null},"geometry":{"type":"MultiPolygon","coordinates":[[[[80.1185,6.6795],[80.1189,6.68],[80.1192,6.6793],[80.1185,6.6795]]]]}},{"type":"Feature","properties":{"osm_id":"1196863078","code":7229,"fclass":"farmland","name":null},"geometry":{"type":"MultiPolygon","coordinates":[[[[80.1183,6.6784],[80.1183,6.6792],[80.1192,6.6793],[80.1207,6.6779],[80.1197,6.6779],[80.1192,6.6787],[80.1183,6.6784]]]]}},{"type":"Feature","properties":{"osm_id":"1196863079","code":7229,"fclass":"farmland","name":null},"geometry":{"type":"MultiPolygon","coordinates":[[[[80.1173,6.6771],[80.1182,6.678],[80.1179,6.677],[80.1173,6.6771]]]]}},{"type":"Feature","properties":{"osm_id":"1196864978","code":7229,"fclass":"farmland","name":null},"geometry":{"type":"MultiPolygon","coordinates":[[[[80.0827,6.6729],[80.0835,6.6732],[80.0827,6.6729]]]]}},{"type":"Feature","properties":{"osm_id":"1196864979","code":7229,"fclass":"farmland","name":null},"geometry":{"type":"MultiPolygon","coordinates":[[[[80.0822,6.6747],[80.0829,6.6745],[80.0828,6.6737],[80.0822,6.6747]]]]}},{"type":"Feature","properties":{"osm_id":"1196864981","code":7229,"fclass":"farmland","name":null},"geometry":{"type":"MultiPolygon","coordinates":[[[[80.0862,6.6731],[80.0865,6.6735],[80.0862,6.6731]]]]}},{"type":"Feature","properties":{"osm_id":"1196864983","code":7229,"fclass":"farmland","name":null},"geometry":{"type":"MultiPolygon","coordinates":[[[[80.0874,6.673],[80.088,6.6728],[80.0874,6.673]]]]}},{"type":"Feature","properties":{"osm_id":"1196864985","code":7229,"fclass":"farmland","name":null},"geometry":{"type":"MultiPolygon","coordinates":[[[[80.0895,6.6683],[80.0897,6.6679],[80.0895,6.6683]]]]}},{"type":"Feature","properties":{"osm_id":"1196881937","code":7229,"fclass":"farmland","name":null},"geometry":{"type":"MultiPolygon","coordinates":[[[[80.104,6.7063],[80.1053,6.7068],[80.1055,6.7059],[80.1062,6.7059],[80.1042,6.7056],[80.104,6.7063]]]]}},{"type":"Feature","properties":{"osm_id":"1196881940","code":7229,"fclass":"farmland","name":null},"geometry":{"type":"MultiPolygon","coordinates":[[[[80.1103,6.7084],[80.1105,6.7094],[80.1116,6.7094],[80.1114,6.7083],[80.1129,6.7082],[80.1133,6.7071],[80.1118,6.705],[80.1103,6.7084]]]]}},{"type":"Feature","properties":{"osm_id":"1196881941","code":7229,"fclass":"farmland","name":null},"geometry":{"type":"MultiPolygon","coordinates":[[[[80.1067,6.7089],[80.1071,6.7069],[80.1067,6.7089]]]]}},{"type":"Feature","properties":{"osm_id":"16186485","code":7229,"fclass":"farmland","name":null},"geometry":{"type":"MultiPolygon","coordinates":[[[[80.0947,6.7174],[80.096,6.717],[80.0989,6.7129],[80.0998,6.7146],[80.0997,6.7125],[80.1014,6.7084],[80.1028,6.7081],[80.1022,6.7071],[80.1025,6.7064],[80.1034,6.7074],[80.1046,6.7034],[80.107,6.7014],[80.1059,6.699],[80.1016,6.6954],[80.1015,6.6966],[80.1034,6.6979],[80.1032,6.6986],[80.1027,6.6983],[80.1018,6.6993],[80.1012,6.6973],[80.1006,6.6972],[80.0989,6.699],[80.0995,6.7001],[80.0995,6.6987],[80.1007,6.6984],[80.1006,6.6996],[80.1012,6.7003],[80.1011,6.7036],[80.0998,6.7064],[80.1008,6.7077],[80.1,6.7086],[80.0998,6.7105],[80.0979,6.7114],[80.0977,6.7131],[80.0951,6.7122],[80.0948,6.7135],[80.0968,6.7142],[80.0947,6.7174]]]]}},{"type":"Feature","properties":{"osm_id":"1196881944","code":7229,"fclass":"farmland","name":null},"geometry":{"type":"MultiPolygon","coordinates":[[[[80.1078,6.6974],[80.1084,6.6977],[80.1078,6.6974]]]]}},{"type":"Feature","properties":{"osm_id":"1196908898","code":7229,"fclass":"farmland","name":null},"geometry":{"type":"MultiPolygon","coordinates":[[[[80.1722,6.5766],[80.1732,6.5765],[80.1722,6.5766]]]]}},{"type":"Feature","properties":{"osm_id":"1196923655","code":7229,"fclass":"farmland","name":null},"geometry":{"type":"MultiPolygon","coordinates":[[[[80.0621,6.7093],[80.0634,6.7099],[80.0649,6.7093],[80.0645,6.7088],[80.0634,6.7095],[80.0621,6.7093]]]]}},{"type":"Feature","properties":{"osm_id":"1197063338","code":7229,"fclass":"farmland","name":null},"geometry":{"type":"MultiPolygon","coordinates":[[[[80.0428,6.7062],[80.0431,6.7069],[80.0437,6.7066],[80.0436,6.7059],[80.0428,6.7062]]]]}},{"type":"Feature","properties":{"osm_id":"1197148205","code":7229,"fclass":"farmland","name":null},"geometry":{"type":"MultiPolygon","coordinates":[[[[80.139,6.5614],[80.1396,6.5621],[80.139,6.5614]]]]}},{"type":"Feature","properties":{"osm_id":"1197148206","code":7229,"fclass":"farmland","name":null},"geometry":{"type":"MultiPolygon","coordinates":[[[[80.1387,6.5608],[80.139,6.5613],[80.1402,6.5607],[80.1387,6.5608]]]]}},{"type":"Feature","properties":{"osm_id":"1197148207","code":7229,"fclass":"farmland","name":null},"geometry":{"type":"MultiPolygon","coordinates":[[[[80.1371,6.5582],[80.1375,6.5589],[80.1377,6.558],[80.1371,6.5582]]]]}},{"type":"Feature","properties":{"osm_id":"1197148208","code":7229,"fclass":"farmland","name":null},"geometry":{"type":"MultiPolygon","coordinates":[[[[80.1432,6.5555],[80.144,6.5573],[80.1453,6.5583],[80.1451,6.5555],[80.1432,6.5555]]]]}},{"type":"Feature","properties":{"osm_id":"1197148213","code":7229,"fclass":"farmland","name":null},"geometry":{"type":"MultiPolygon","coordinates":[[[[80.1371,6.5589],[80.1374,6.5592],[80.1371,6.5589]]]]}},{"type":"Feature","properties":{"osm_id":"1197148214","code":7229,"fclass":"farmland","name":null},"geometry":{"type":"MultiPolygon","coordinates":[[[[80.1372,6.5597],[80.138,6.5599],[80.1372,6.5597]]]]}},{"type":"Feature","properties":{"osm_id":"1197148215","code":7229,"fclass":"farmland","name":null},"geometry":{"type":"MultiPolygon","coordinates":[[[[80.1379,6.5602],[80.1392,6.5619],[80.1379,6.5602]]]]}},{"type":"Feature","properties":{"osm_id":"1197148216","code":7229,"fclass":"farmland","name":null},"geometry":{"type":"MultiPolygon","coordinates":[[[[80.1444,6.5664],[80.1452,6.5655],[80.1444,6.5653],[80.1444,6.5664]]]]}},{"type":"Feature","properties":{"osm_id":"1197732548","code":7229,"fclass":"farmland","name":null},"geometry":{"type":"MultiPolygon","coordinates":[[[[80.0557,6.7237],[80.056,6.7241],[80.0581,6.722],[80.056,6.7224],[80.0557,6.7237]]]]}},{"type":"Feature","properties":{"osm_id":"1197746105","code":7229,"fclass":"farmland","name":null},"geometry":{"type":"MultiPolygon","coordinates":[[[[80.1086,6.6904],[80.11,6.6906],[80.1088,6.69],[80.1086,6.6904]]]]}},{"type":"Feature","properties":{"osm_id":"1197847851","code":7229,"fclass":"farmland","name":null},"geometry":{"type":"MultiPolygon","coordinates":[[[[80.101,6.7672],[80.1031,6.7669],[80.103,6.766],[80.1017,6.7658],[80.101,6.7672]]]]}},{"type":"Feature","properties":{"osm_id":"1197847852","code":7229,"fclass":"farmland","name":null},"geometry":{"type":"MultiPolygon","coordinates":[[[[80.1028,6.7467],[80.1036,6.7482],[80.1048,6.7466],[80.1028,6.7467]]]]}},{"type":"Feature","properties":{"osm_id":"1197847853","code":7229,"fclass":"farmland","name":null},"geometry":{"type":"MultiPolygon","coordinates":[[[[80.1042,6.7421],[80.1046,6.7434],[80.106,6.7431],[80.1066,6.7436],[80.1065,6.7429],[80.1072,6.7422],[80.1042,6.7421]]]]}},{"type":"Feature","properties":{"osm_id":"1197847854","code":7229,"fclass":"farmland","name":null},"geometry":{"type":"MultiPolygon","coordinates":[[[[80.1036,6.7414],[80.1042,6.742],[80.1072,6.7415],[80.1036,6.7414]]]]}},{"type":"Feature","properties":{"osm_id":"1197847855","code":7229,"fclass":"farmland","name":null},"geometry":{"type":"MultiPolygon","coordinates":[[[[80.107,6.7516],[80.1081,6.751],[80.1078,6.7503],[80.1071,6.7504],[80.107,6.7516]]]]}},{"type":"Feature","properties":{"osm_id":"1197847856","code":7229,"fclass":"farmland","name":null},"geometry":{"type":"MultiPolygon","coordinates":[[[[80.1065,6.7519],[80.1086,6.7517],[80.1082,6.751],[80.1065,6.7519]]]]}},{"type":"Feature","properties":{"osm_id":"1197881992","code":7229,"fclass":"farmland","name":null},"geometry":{"type":"MultiPolygon","coordinates":[[[[80.0956,6.7388],[80.096,6.7388],[80.0956,6.7383],[80.0956,6.7388]]]]}},{"type":"Feature","properties":{"osm_id":"1197881993","code":7229,"fclass":"farmland","name":null},"geometry":{"type":"MultiPolygon","coordinates":[[[[80.0955,6.7378],[80.0955,6.7378]]]]}},{"type":"Feature","properties":{"osm_id":"1197881994","code":7229,"fclass":"farmland","name":null},"geometry":{"type":"MultiPolygon","coordinates":[[[[80.0953,6.7377],[80.0953,6.7377]]]]}},{"type":"Feature","properties":{"osm_id":"1197881995","code":7229,"fclass":"farmland","name":null},"geometry":{"type":"MultiPolygon","coordinates":[[[[80.0952,6.7377],[80.0954,6.7381],[80.0952,6.7377]]]]}},{"type":"Feature","properties":{"osm_id":"1197881996","code":7229,"fclass":"farmland","name":null},"geometry":{"type":"MultiPolygon","coordinates":[[[[80.0952,6.7377],[80.0952,6.7377]]]]}},{"type":"Feature","properties":{"osm_id":"1197881997","code":7229,"fclass":"farmland","name":null},"geometry":{"type":"MultiPolygon","coordinates":[[[[80.0947,6.738],[80.0949,6.7375],[80.0947,6.738]]]]}},{"type":"Feature","properties":{"osm_id":"1197881998","code":7229,"fclass":"farmland","name":null},"geometry":{"type":"MultiPolygon","coordinates":[[[[80.0943,6.7382],[80.0948,6.7378],[80.0943,6.7382]]]]}},{"type":"Feature","properties":{"osm_id":"1197881999","code":7229,"fclass":"farmland","name":null},"geometry":{"type":"MultiPolygon","coordinates":[[[[80.0942,6.7376],[80.0942,6.7376]]]]}},{"type":"Feature","properties":{"osm_id":"1197882000","code":7229,"fclass":"farmland","name":null},"geometry":{"type":"MultiPolygon","coordinates":[[[[80.094,6.7375],[80.094,6.7375]]]]}},{"type":"Feature","properties":{"osm_id":"1197882001","code":7229,"fclass":"farmland","name":null},"geometry":{"type":"MultiPolygon","coordinates":[[[[80.0957,6.7377],[80.0959,6.7384],[80.0957,6.7377]]]]}},{"type":"Feature","properties":{"osm_id":"1197882002","code":7229,"fclass":"farmland","name":null},"geometry":{"type":"MultiPolygon","coordinates":[[[[80.0956,6.7382],[80.0956,6.7382]]]]}},{"type":"Feature","properties":{"osm_id":"1197882003","code":7229,"fclass":"farmland","name":null},"geometry":{"type":"MultiPolygon","coordinates":[[[[80.0949,6.7385],[80.0949,6.7385]]]]}},{"type":"Feature","properties":{"osm_id":"1197882004","code":7229,"fclass":"farmland","name":null},"geometry":{"type":"MultiPolygon","coordinates":[[[[80.0951,6.7386],[80.0951,6.7386]]]]}},{"type":"Feature","properties":{"osm_id":"1197882005","code":7229,"fclass":"farmland","name":null},"geometry":{"type":"MultiPolygon","coordinates":[[[[80.0951,6.7383],[80.0951,6.7383]]]]}},{"type":"Feature","properties":{"osm_id":"1197882006","code":7229,"fclass":"farmland","name":null},"geometry":{"type":"MultiPolygon","coordinates":[[[[80.0952,6.7382],[80.0952,6.7382]]]]}},{"type":"Feature","properties":{"osm_id":"1197882007","code":7229,"fclass":"farmland","name":null},"geometry":{"type":"MultiPolygon","coordinates":[[[[80.0953,6.7384],[80.0953,6.7384]]]]}},{"type":"Feature","properties":{"osm_id":"1197882008","code":7229,"fclass":"farmland","name":null},"geometry":{"type":"MultiPolygon","coordinates":[[[[80.0949,6.7381],[80.0949,6.7381]]]]}},{"type":"Feature","properties":{"osm_id":"1197882009","code":7229,"fclass":"farmland","name":null},"geometry":{"type":"MultiPolygon","coordinates":[[[[80.0947,6.7384],[80.095,6.7382],[80.0947,6.7384]]]]}},{"type":"Feature","properties":{"osm_id":"1197882010","code":7229,"fclass":"farmland","name":null},"geometry":{"type":"MultiPolygon","coordinates":[[[[80.0945,6.7383],[80.0945,6.7383]]]]}},{"type":"Feature","properties":{"osm_id":"1197882011","code":7229,"fclass":"farmland","name":null},"geometry":{"type":"MultiPolygon","coordinates":[[[[80.0946,6.7376],[80.0946,6.7376]]]]}},{"type":"Feature","properties":{"osm_id":"1197882012","code":7229,"fclass":"farmland","name":null},"geometry":{"type":"MultiPolygon","coordinates":[[[[80.0938,6.738],[80.0938,6.738]]]]}},{"type":"Feature","properties":{"osm_id":"1197882013","code":7229,"fclass":"farmland","name":null},"geometry":{"type":"MultiPolygon","coordinates":[[[[80.0936,6.7378],[80.094,6.7375],[80.0936,6.7378]]]]}},{"type":"Feature","properties":{"osm_id":"1197882014","code":7229,"fclass":"farmland","name":null},"geometry":{"type":"MultiPolygon","coordinates":[[[[80.0936,6.7379],[80.0936,6.7379]]]]}},{"type":"Feature","properties":{"osm_id":"1197882015","code":7229,"fclass":"farmland","name":null},"geometry":{"type":"MultiPolygon","coordinates":[[[[80.0939,6.7378],[80.0939,6.7378]]]]}},{"type":"Feature","properties":{"osm_id":"1197882016","code":7229,"fclass":"farmland","name":null},"geometry":{"type":"MultiPolygon","coordinates":[[[[80.094,6.738],[80.0944,6.7378],[80.094,6.738]]]]}},{"type":"Feature","properties":{"osm_id":"1197882017","code":7229,"fclass":"farmland","name":null},"geometry":{"type":"MultiPolygon","coordinates":[[[[80.0942,6.7381],[80.0942,6.7381]]]]}},{"type":"Feature","properties":{"osm_id":"1197882018","code":7229,"fclass":"farmland","name":null},"geometry":{"type":"MultiPolygon","coordinates":[[[[80.0936,6.7371],[80.0936,6.7371]]]]}},{"type":"Feature","properties":{"osm_id":"1197882019","code":7229,"fclass":"farmland","name":null},"geometry":{"type":"MultiPolygon","coordinates":[[[[80.0938,6.7372],[80.0938,6.7372]]]]}},{"type":"Feature","properties":{"osm_id":"1197882020","code":7229,"fclass":"farmland","name":null},"geometry":{"type":"MultiPolygon","coordinates":[[[[80.0934,6.7372],[80.0938,6.7367],[80.0934,6.7372]]]]}},{"type":"Feature","properties":{"osm_id":"1197882021","code":7229,"fclass":"farmland","name":null},"geometry":{"type":"MultiPolygon","coordinates":[[[[80.0935,6.7363],[80.094,6.7364],[80.0935,6.7363]]]]}},{"type":"Feature","properties":{"osm_id":"1197882022","code":7229,"fclass":"farmland","name":null},"geometry":{"type":"MultiPolygon","coordinates":[[[[80.0936,6.7365],[80.0936,6.7365]]]]}},{"type":"Feature","properties":{"osm_id":"1197964224","code":7229,"fclass":"farmland","name":null},"geometry":{"type":"MultiPolygon","coordinates":[[[[80.1436,6.5981],[80.1442,6.5978],[80.1453,6.5988],[80.1449,6.5973],[80.1459,6.5957],[80.1456,6.5939],[80.1445,6.5974],[80.1436,6.5981]]]]}},{"type":"Feature","properties":{"osm_id":"1197964225","code":7229,"fclass":"farmland","name":null},"geometry":{"type":"MultiPolygon","coordinates":[[[[80.1419,6.5981],[80.1428,6.5982],[80.1428,6.5967],[80.1419,6.5981]]]]}},{"type":"Feature","properties":{"osm_id":"1198012966","code":7229,"fclass":"farmland","name":null},"geometry":{"type":"MultiPolygon","coordinates":[[[[80.0757,6.7787],[80.0763,6.779],[80.0757,6.7787]]]]}},{"type":"Feature","properties":{"osm_id":"1198012967","code":7229,"fclass":"farmland","name":null},"geometry":{"type":"MultiPolygon","coordinates":[[[[80.0756,6.7785],[80.0762,6.7786],[80.0756,6.7785]]]]}},{"type":"Feature","properties":{"osm_id":"1198012968","code":7229,"fclass":"farmland","name":null},"geometry":{"type":"MultiPolygon","coordinates":[[[[80.0756,6.7781],[80.076,6.7784],[80.0756,6.7781]]]]}},{"type":"Feature","properties":{"osm_id":"1198012969","code":7229,"fclass":"farmland","name":null},"geometry":{"type":"MultiPolygon","coordinates":[[[[80.0756,6.778],[80.076,6.778],[80.076,6.7763],[80.0756,6.7764],[80.0756,6.778]]]]}},{"type":"Feature","properties":{"osm_id":"1198138363","code":7229,"fclass":"farmland","name":null},"geometry":{"type":"MultiPolygon","coordinates":[[[[80.175,6.6468],[80.175,6.6468]]]]}},{"type":"Feature","properties":{"osm_id":"1198139042","code":7229,"fclass":"farmland","name":null},"geometry":{"type":"MultiPolygon","coordinates":[[[[80.1759,6.6483],[80.1763,6.648],[80.1759,6.6483]]]]}},{"type":"Feature","properties":{"osm_id":"1198139043","code":7229,"fclass":"farmland","name":null},"geometry":{"type":"MultiPolygon","coordinates":[[[[80.1752,6.6478],[80.1754,6.6484],[80.1759,6.6482],[80.1752,6.6478]]]]}},{"type":"Feature","properties":{"osm_id":"1198140176","code":7229,"fclass":"farmland","name":null},"geometry":{"type":"MultiPolygon","coordinates":[[[[80.1683,6.6464],[80.1688,6.6456],[80.1683,6.6464]]]]}},{"type":"Feature","properties":{"osm_id":"1198140208","code":7229,"fclass":"farmland","name":null},"geometry":{"type":"MultiPolygon","coordinates":[[[[80.1652,6.6466],[80.1659,6.6477],[80.1652,6.6466]]]]}},{"type":"Feature","properties":{"osm_id":"1198140296","code":7229,"fclass":"farmland","name":null},"geometry":{"type":"MultiPolygon","coordinates":[[[[80.1655,6.6483],[80.167,6.6492],[80.1671,6.6478],[80.1655,6.6483]]]]}},{"type":"Feature","properties":{"osm_id":"1198140298","code":7229,"fclass":"farmland","name":null},"geometry":{"type":"MultiPolygon","coordinates":[[[[80.1657,6.6498],[80.1672,6.6509],[80.167,6.6492],[80.1657,6.649],[80.1657,6.6498]]]]}},{"type":"Feature","properties":{"osm_id":"1198140384","code":7229,"fclass":"farmland","name":null},"geometry":{"type":"MultiPolygon","coordinates":[[[[80.1638,6.6487],[80.1647,6.6487],[80.165,6.6479],[80.1645,6.6477],[80.1638,6.6487]]]]}},{"type":"Feature","properties":{"osm_id":"1198140536","code":7229,"fclass":"farmland","name":null},"geometry":{"type":"MultiPolygon","coordinates":[[[[80.1632,6.6509],[80.1635,6.6517],[80.1647,6.6488],[80.1638,6.6487],[80.1632,6.6509]]]]}},{"type":"Feature","properties":{"osm_id":"1198178638","code":7229,"fclass":"farmland","name":null},"geometry":{"type":"MultiPolygon","coordinates":[[[[80.0935,6.736],[80.094,6.7362],[80.0935,6.736]]]]}},{"type":"Feature","properties":{"osm_id":"1198178639","code":7229,"fclass":"farmland","name":null},"geometry":{"type":"MultiPolygon","coordinates":[[[[80.093,6.7359],[80.093,6.7359]]]]}},{"type":"Feature","properties":{"osm_id":"1198178640","code":7229,"fclass":"farmland","name":null},"geometry":{"type":"MultiPolygon","coordinates":[[[[80.0932,6.7359],[80.0932,6.7359]]]]}},{"type":"Feature","properties":{"osm_id":"1198178641","code":7229,"fclass":"farmland","name":null},"geometry":{"type":"MultiPolygon","coordinates":[[[[80.0933,6.7359],[80.0933,6.7359]]]]}},{"type":"Feature","properties":{"osm_id":"1198178642","code":7229,"fclass":"farmland","name":null},"geometry":{"type":"MultiPolygon","coordinates":[[[[80.0935,6.736],[80.0935,6.736]]]]}},{"type":"Feature","properties":{"osm_id":"1198178643","code":7229,"fclass":"farmland","name":null},"geometry":{"type":"MultiPolygon","coordinates":[[[[80.0937,6.7359],[80.0937,6.7359]]]]}},{"type":"Feature","properties":{"osm_id":"1198178644","code":7229,"fclass":"farmland","name":null},"geometry":{"type":"MultiPolygon","coordinates":[[[[80.0931,6.7358],[80.0931,6.7358]]]]}},{"type":"Feature","properties":{"osm_id":"1198179624","code":7229,"fclass":"farmland","name":null},"geometry":{"type":"MultiPolygon","coordinates":[[[[80.0926,6.7352],[80.0932,6.7351],[80.0926,6.7352]]]]}},{"type":"Feature","properties":{"osm_id":"1198179625","code":7229,"fclass":"farmland","name":null},"geometry":{"type":"MultiPolygon","coordinates":[[[[80.0927,6.735],[80.0932,6.7348],[80.0927,6.735]]]]}},{"type":"Feature","properties":{"osm_id":"1198179626","code":7229,"fclass":"farmland","name":null},"geometry":{"type":"MultiPolygon","coordinates":[[[[80.0928,6.7347],[80.0933,6.7346],[80.0928,6.7347]]]]}},{"type":"Feature","properties":{"osm_id":"1198179627","code":7229,"fclass":"farmland","name":null},"geometry":{"type":"MultiPolygon","coordinates":[[[[80.0928,6.7344],[80.0934,6.7342],[80.0928,6.7344]]]]}},{"type":"Feature","properties":{"osm_id":"1198179628","code":7229,"fclass":"farmland","name":null},"geometry":{"type":"MultiPolygon","coordinates":[[[[80.0911,6.7391],[80.0916,6.7396],[80.0911,6.7391]]]]}},{"type":"Feature","properties":{"osm_id":"1198230217","code":7229,"fclass":"farmland","name":null},"geometry":{"type":"MultiPolygon","coordinates":[[[[80.018,6.5751],[80.018,6.5751]]]]}},{"type":"Feature","properties":{"osm_id":"1198247518","code":7229,"fclass":"farmland","name":null},"geometry":{"type":"MultiPolygon","coordinates":[[[[80.1572,6.6527],[80.1572,6.6527]]]]}},{"type":"Feature","properties":{"osm_id":"1198247726","code":7229,"fclass":"farmland","name":null},"geometry":{"type":"MultiPolygon","coordinates":[[[[80.1636,6.6442],[80.1636,6.6442]]]]}},{"type":"Feature","properties":{"osm_id":"1198247746","code":7229,"fclass":"farmland","name":null},"geometry":{"type":"MultiPolygon","coordinates":[[[[80.1638,6.6442],[80.1638,6.6442]]]]}},{"type":"Feature","properties":{"osm_id":"1198247798","code":7229,"fclass":"farmland","name":null},"geometry":{"type":"MultiPolygon","coordinates":[[[[80.1637,6.6447],[80.1637,6.6447]]]]}},{"type":"Feature","properties":{"osm_id":"1198247816","code":7229,"fclass":"farmland","name":null},"geometry":{"type":"MultiPolygon","coordinates":[[[[80.1641,6.6447],[80.1645,6.6447],[80.1641,6.6447]]]]}},{"type":"Feature","properties":{"osm_id":"1198248413","code":7229,"fclass":"farmland","name":null},"geometry":{"type":"MultiPolygon","coordinates":[[[[80.1636,6.6445],[80.1636,6.6445]]]]}},{"type":"Feature","properties":{"osm_id":"1198248485","code":7229,"fclass":"farmland","name":null},"geometry":{"type":"MultiPolygon","coordinates":[[[[80.1638,6.6444],[80.1638,6.6444]]]]}},{"type":"Feature","properties":{"osm_id":"1198248565","code":7229,"fclass":"farmland","name":null},"geometry":{"type":"MultiPolygon","coordinates":[[[[80.1665,6.6488],[80.1665,6.6488]]]]}},{"type":"Feature","properties":{"osm_id":"1198248607","code":7229,"fclass":"farmland","name":null},"geometry":{"type":"MultiPolygon","coordinates":[[[[80.1667,6.6489],[80.1667,6.6489]]]]}},{"type":"Feature","properties":{"osm_id":"1198248617","code":7229,"fclass":"farmland","name":null},"geometry":{"type":"MultiPolygon","coordinates":[[[[80.1666,6.6484],[80.1666,6.6484]]]]}},{"type":"Feature","properties":{"osm_id":"1198248801","code":7229,"fclass":"farmland","name":null},"geometry":{"type":"MultiPolygon","coordinates":[[[[80.1669,6.6481],[80.1669,6.6481]]]]}},{"type":"Feature","properties":{"osm_id":"1198248910","code":7229,"fclass":"farmland","name":null},"geometry":{"type":"MultiPolygon","coordinates":[[[[80.1675,6.6474],[80.1675,6.6474]]]]}},{"type":"Feature","properties":{"osm_id":"1198249000","code":7229,"fclass":"farmland","name":null},"geometry":{"type":"MultiPolygon","coordinates":[[[[80.1677,6.6473],[80.1677,6.6473]]]]}},{"type":"Feature","properties":{"osm_id":"1198249006","code":7229,"fclass":"farmland","name":null},"geometry":{"type":"MultiPolygon","coordinates":[[[[80.1677,6.6473],[80.1677,6.6473]]]]}},{"type":"Feature","properties":{"osm_id":"1198249037","code":7229,"fclass":"farmland","name":null},"geometry":{"type":"MultiPolygon","coordinates":[[[[80.1682,6.6471],[80.1682,6.6471]]]]}},{"type":"Feature","properties":{"osm_id":"1198249050","code":7229,"fclass":"farmland","name":null},"geometry":{"type":"MultiPolygon","coordinates":[[[[80.168,6.6468],[80.168,6.6468]]]]}},{"type":"Feature","properties":{"osm_id":"1198339517","code":7229,"fclass":"farmland","name":null},"geometry":{"type":"MultiPolygon","coordinates":[[[[80.1208,6.5281],[80.1213,6.528],[80.1208,6.5281]]]]}},{"type":"Feature","properties":{"osm_id":"1198666281","code":7229,"fclass":"farmland","name":null},"geometry":{"type":"MultiPolygon","coordinates":[[[[80.1524,6.6132],[80.1528,6.6133],[80.1524,6.6132]]]]}},{"type":"Feature","properties":{"osm_id":"1199319901","code":7229,"fclass":"farmland","name":null},"geometry":{"type":"MultiPolygon","coordinates":[[[[79.937,6.7395],[79.9373,6.7405],[79.9381,6.7405],[79.9379,6.7392],[79.937,6.7395]]]]}},{"type":"Feature","properties":{"osm_id":"1199349327","code":7229,"fclass":"farmland","name":null},"geometry":{"type":"MultiPolygon","coordinates":[[[[80.0164,6.575],[80.0168,6.5746],[80.0164,6.575]]]]}},{"type":"Feature","properties":{"osm_id":"1199349328","code":7229,"fclass":"farmland","name":null},"geometry":{"type":"MultiPolygon","coordinates":[[[[80.0163,6.5742],[80.0163,6.5742]]]]}},{"type":"Feature","properties":{"osm_id":"1199349329","code":7229,"fclass":"farmland","name":null},"geometry":{"type":"MultiPolygon","coordinates":[[[[80.0161,6.5753],[80.0167,6.575],[80.0161,6.5753]]]]}},{"type":"Feature","properties":{"osm_id":"1199349331","code":7229,"fclass":"farmland","name":null},"geometry":{"type":"MultiPolygon","coordinates":[[[[80.0183,6.5707],[80.0186,6.5714],[80.0183,6.5707]]]]}},{"type":"Feature","properties":{"osm_id":"1199387842","code":7229,"fclass":"farmland","name":null},"geometry":{"type":"MultiPolygon","coordinates":[[[[80.2147,6.9509],[80.2164,6.951],[80.2156,6.9517],[80.2161,6.9526],[80.2166,6.9503],[80.2147,6.9509]]]]}},{"type":"Feature","properties":{"osm_id":"1199387845","code":7229,"fclass":"farmland","name":null},"geometry":{"type":"MultiPolygon","coordinates":[[[[80.2158,6.9609],[80.2164,6.9608],[80.2167,6.9598],[80.2161,6.9596],[80.2158,6.9609]]]]}},{"type":"Feature","properties":{"osm_id":"1199393085","code":7229,"fclass":"farmland","name":null},"geometry":{"type":"MultiPolygon","coordinates":[[[[80.051,6.4887],[80.0516,6.4878],[80.0511,6.4878],[80.051,6.4887]]]]}},{"type":"Feature","properties":{"osm_id":"1199393316","code":7229,"fclass":"farmland","name":null},"geometry":{"type":"MultiPolygon","coordinates":[[[[80.053,6.4818],[80.0534,6.4816],[80.053,6.4818]]]]}},{"type":"Feature","properties":{"osm_id":"1200034989","code":7229,"fclass":"farmland","name":null},"geometry":{"type":"MultiPolygon","coordinates":[[[[80.0729,6.7706],[80.0751,6.7725],[80.0757,6.7746],[80.0761,6.7741],[80.0753,6.7721],[80.0734,6.7703],[80.0729,6.7706]]]]}},{"type":"Feature","properties":{"osm_id":"1200034990","code":7229,"fclass":"farmland","name":null},"geometry":{"type":"MultiPolygon","coordinates":[[[[80.0731,6.7723],[80.0736,6.773],[80.0739,6.7723],[80.0731,6.7723]]]]}},{"type":"Feature","properties":{"osm_id":"1200034991","code":7229,"fclass":"farmland","name":null},"geometry":{"type":"MultiPolygon","coordinates":[[[[80.072,6.7724],[80.0728,6.7727],[80.072,6.7724]]]]}},{"type":"Feature","properties":{"osm_id":"1200825281","code":7229,"fclass":"farmland","name":null},"geometry":{"type":"MultiPolygon","coordinates":[[[[80.0996,6.7714],[80.0996,6.7714]]]]}},{"type":"Feature","properties":{"osm_id":"1200825282","code":7229,"fclass":"farmland","name":null},"geometry":{"type":"MultiPolygon","coordinates":[[[[80.0953,6.7697],[80.0964,6.7699],[80.0964,6.7694],[80.0953,6.7697]]]]}},{"type":"Feature","properties":{"osm_id":"1200825283","code":7229,"fclass":"farmland","name":null},"geometry":{"type":"MultiPolygon","coordinates":[[[[80.0896,6.7624],[80.09,6.7687],[80.0907,6.769],[80.0919,6.7674],[80.0913,6.7663],[80.0925,6.7625],[80.0949,6.7595],[80.0931,6.7582],[80.0918,6.7603],[80.092,6.7611],[80.0896,6.7624]]]]}},{"type":"Feature","properties":{"osm_id":"16230848","code":7229,"fclass":"farmland","name":null},"geometry":{"type":"MultiPolygon","coordinates":[[[[80.0618,6.6455],[80.0655,6.645],[80.0619,6.645],[80.0618,6.6455]]]]}},{"type":"Feature","properties":{"osm_id":"1201108624","code":7229,"fclass":"farmland","name":null},"geometry":{"type":"MultiPolygon","coordinates":[[[[80.0661,6.6451],[80.0668,6.6452],[80.0678,6.6441],[80.0671,6.6439],[80.0661,6.6451]]]]}},{"type":"Feature","properties":{"osm_id":"1201113013","code":7229,"fclass":"farmland","name":null},"geometry":{"type":"MultiPolygon","coordinates":[[[[80.0583,6.6479],[80.0593,6.6479],[80.0583,6.6479]]]]}},{"type":"Feature","properties":{"osm_id":"1201114058","code":7229,"fclass":"farmland","name":null},"geometry":{"type":"MultiPolygon","coordinates":[[[[80.062,6.645],[80.0655,6.6449],[80.0627,6.6442],[80.062,6.645]]]]}},{"type":"Feature","properties":{"osm_id":"1201250343","code":7229,"fclass":"farmland","name":null},"geometry":{"type":"MultiPolygon","coordinates":[[[[80.1045,6.7683],[80.1054,6.7685],[80.1055,6.768],[80.1045,6.7683]]]]}},{"type":"Feature","properties":{"osm_id":"1201253963","code":7229,"fclass":"farmland","name":null},"geometry":{"type":"MultiPolygon","coordinates":[[[[80.1603,6.6083],[80.1609,6.609],[80.1616,6.6081],[80.1614,6.607],[80.1605,6.6067],[80.1603,6.6083]]]]}},{"type":"Feature","properties":{"osm_id":"1201254225","code":7229,"fclass":"farmland","name":null},"geometry":{"type":"MultiPolygon","coordinates":[[[[80.1613,6.6065],[80.1625,6.6057],[80.163,6.6035],[80.1625,6.6033],[80.1616,6.6045],[80.162,6.6057],[80.1613,6.6065]]]]}},{"type":"Feature","properties":{"osm_id":"1201254465","code":7229,"fclass":"farmland","name":null},"geometry":{"type":"MultiPolygon","coordinates":[[[[80.1624,6.6032],[80.1632,6.6033],[80.164,6.6018],[80.1628,6.6014],[80.1624,6.6032]]]]}},{"type":"Feature","properties":{"osm_id":"1201255013","code":7229,"fclass":"farmland","name":null},"geometry":{"type":"MultiPolygon","coordinates":[[[[80.1609,6.5877],[80.162,6.5881],[80.1621,6.5875],[80.1616,6.5871],[80.1609,6.5877]]]]}},{"type":"Feature","properties":{"osm_id":"1201258156","code":7229,"fclass":"farmland","name":null},"geometry":{"type":"MultiPolygon","coordinates":[[[[80.0089,6.8308],[80.0096,6.8311],[80.0095,6.8305],[80.0089,6.8308]]]]}},{"type":"Feature","properties":{"osm_id":"1201258363","code":7229,"fclass":"farmland","name":null},"geometry":{"type":"MultiPolygon","coordinates":[[[[80.0099,6.8312],[80.011,6.8314],[80.0112,6.8303],[80.0103,6.83],[80.0099,6.8312]]]]}},{"type":"Feature","properties":{"osm_id":"1201259269","code":7229,"fclass":"farmland","name":null},"geometry":{"type":"MultiPolygon","coordinates":[[[[80.0103,6.83],[80.0112,6.8303],[80.0114,6.8293],[80.0103,6.83]]]]}},{"type":"Feature","properties":{"osm_id":"1201701314","code":7229,"fclass":"farmland","name":null},"geometry":{"type":"MultiPolygon","coordinates":[[[[80.1263,6.7256],[80.1287,6.7262],[80.1263,6.7256]]]]}},{"type":"Feature","properties":{"osm_id":"1201703379","code":7229,"fclass":"farmland","name":null},"geometry":{"type":"MultiPolygon","coordinates":[[[[80.1285,6.7346],[80.1293,6.7359],[80.1298,6.734],[80.1285,6.7346]]]]}},{"type":"Feature","properties":{"osm_id":"1201703380","code":7229,"fclass":"farmland","name":null},"geometry":{"type":"MultiPolygon","coordinates":[[[[80.1295,6.734],[80.13,6.732],[80.1295,6.734]]]]}},{"type":"Feature","properties":{"osm_id":"1201703381","code":7229,"fclass":"farmland","name":null},"geometry":{"type":"MultiPolygon","coordinates":[[[[80.1298,6.734],[80.13,6.7335],[80.1298,6.734]]]]}},{"type":"Feature","properties":{"osm_id":"1201773129","code":7229,"fclass":"farmland","name":null},"geometry":{"type":"MultiPolygon","coordinates":[[[[80.0727,6.7589],[80.0742,6.7548],[80.0737,6.7526],[80.0732,6.7538],[80.0739,6.7543],[80.0727,6.7589]]]]}},{"type":"Feature","properties":{"osm_id":"1201773161","code":7229,"fclass":"farmland","name":null},"geometry":{"type":"MultiPolygon","coordinates":[[[[80.0737,6.7523],[80.0742,6.7519],[80.0737,6.7523]]]]}},{"type":"Feature","properties":{"osm_id":"1201786238","code":7229,"fclass":"farmland","name":null},"geometry":{"type":"MultiPolygon","coordinates":[[[[80.0332,6.7283],[80.0352,6.728],[80.0354,6.727],[80.0336,6.727],[80.0332,6.7283]]]]}},{"type":"Feature","properties":{"osm_id":"1201786239","code":7229,"fclass":"farmland","name":null},"geometry":{"type":"MultiPolygon","coordinates":[[[[80.0342,6.7301],[80.0354,6.7301],[80.0354,6.7285],[80.0342,6.7301]]]]}},{"type":"Feature","properties":{"osm_id":"1201786240","code":7229,"fclass":"farmland","name":null},"geometry":{"type":"MultiPolygon","coordinates":[[[[80.031,6.7258],[80.0316,6.7255],[80.0316,6.7246],[80.031,6.7258]]]]}},{"type":"Feature","properties":{"osm_id":"1201854237","code":7229,"fclass":"farmland","name":null},"geometry":{"type":"MultiPolygon","coordinates":[[[[80.1021,6.4723],[80.1024,6.4727],[80.1028,6.4723],[80.1023,6.4707],[80.1021,6.4723]]]]}},{"type":"Feature","properties":{"osm_id":"1202361615","code":7229,"fclass":"farmland","name":null},"geometry":{"type":"MultiPolygon","coordinates":[[[[80.0841,6.6688],[80.0844,6.6695],[80.0841,6.6688]]]]}},{"type":"Feature","properties":{"osm_id":"1202478554","code":7229,"fclass":"farmland","name":null},"geometry":{"type":"MultiPolygon","coordinates":[[[[80.1004,6.7184],[80.1013,6.719],[80.1022,6.7185],[80.1004,6.7184]]]]}},{"type":"Feature","properties":{"osm_id":"1202554129","code":7229,"fclass":"farmland","name":null},"geometry":{"type":"MultiPolygon","coordinates":[[[[79.9523,6.7143],[79.9523,6.7143]]]]}},{"type":"Feature","properties":{"osm_id":"1202788724","code":7229,"fclass":"farmland","name":null},"geometry":{"type":"MultiPolygon","coordinates":[[[[80.0709,7.1367],[80.0735,7.1375],[80.0741,7.1382],[80.0745,7.1371],[80.0713,7.1359],[80.0709,7.1367]]]]}},{"type":"Feature","properties":{"osm_id":"1203043210","code":7229,"fclass":"farmland","name":null},"geometry":{"type":"MultiPolygon","coordinates":[[[[80.1117,6.6586],[80.1122,6.6586],[80.1117,6.6586]]]]}},{"type":"Feature","properties":{"osm_id":"2733873","code":7229,"fclass":"farmland","name":null},"geometry":{"type":"MultiPolygon","coordinates":[[[[80.0713,6.7388],[80.0733,6.739],[80.0746,6.7381],[80.0753,6.739],[80.0736,6.7418],[80.0715,6.7419],[80.0728,6.7427],[80.0718,6.7454],[80.0755,6.7399],[80.076,6.7397],[80.0756,6.7415],[80.0779,6.742],[80.0774,6.7376],[80.0779,6.7368],[80.077,6.734],[80.0767,6.73],[80.0792,6.7267],[80.0801,6.7273],[80.0813,6.7266],[80.0853,6.7277],[80.0816,6.7359],[80.0805,6.7362],[80.0813,6.7379],[80.0803,6.7402],[80.0803,6.7416],[80.0818,6.744],[80.082,6.7433],[80.081,6.7421],[80.0808,6.7404],[80.0813,6.7391],[80.0828,6.7396],[80.0841,6.7384],[80.0822,6.7393],[80.0817,6.738],[80.0829,6.7347],[80.0836,6.7349],[80.0832,6.7339],[80.086,6.7282],[80.0869,6.7281],[80.0866,6.7309],[80.0871,6.7287],[80.0888,6.728],[80.09,6.7291],[80.0903,6.731],[80.0866,6.7359],[80.0884,6.7347],[80.0894,6.7331],[80.0908,6.7323],[80.0918,6.7325],[80.0921,6.7315],[80.0934,6.7307],[80.0952,6.7316],[80.0979,6.73],[80.0966,6.7297],[80.0968,6.7284],[80.0933,6.7281],[80.093,6.7268],[80.0901,6.7253],[80.0887,6.7237],[80.0864,6.7256],[80.0853,6.7248],[80.083,6.7252],[80.082,6.7239],[80.0797,6.7246],[80.0757,6.7226],[80.0751,6.7251],[80.0785,6.7254],[80.0787,6.7263],[80.0762,6.7277],[80.0752,6.7275],[80.076,6.7281],[80.0756,6.7291],[80.0741,6.7306],[80.0735,6.7321],[80.0749,6.7319],[80.0743,6.7334],[80.076,6.7332],[80.0759,6.734],[80.0738,6.7381],[80.0713,6.7388]],[[80.0766,6.724],[80.077,6.724],[80.0766,6.724]],[[80.0907,6.7303],[80.0916,6.7292],[80.093,6.7298],[80.0921,6.7307],[80.0907,6.7303]]]]}},{"type":"Feature","properties":{"osm_id":"1203274498","code":7229,"fclass":"farmland","name":null},"geometry":{"type":"MultiPolygon","coordinates":[[[[80.0981,6.7409],[80.0993,6.7414],[80.0992,6.7407],[80.0981,6.7409]]]]}},{"type":"Feature","properties":{"osm_id":"1203867363","code":7229,"fclass":"farmland","name":null},"geometry":{"type":"MultiPolygon","coordinates":[[[[80.1635,6.6014],[80.1641,6.6017],[80.1647,6.6009],[80.1642,6.6004],[80.1635,6.6014]]]]}},{"type":"Feature","properties":{"osm_id":"1204749474","code":7229,"fclass":"farmland","name":null},"geometry":{"type":"MultiPolygon","coordinates":[[[[79.9599,6.6101],[79.9615,6.6109],[79.9632,6.6079],[79.9621,6.608],[79.9599,6.6101]]]]}},{"type":"Feature","properties":{"osm_id":"1204749476","code":7229,"fclass":"farmland","name":null},"geometry":{"type":"MultiPolygon","coordinates":[[[[79.9596,6.6175],[79.9607,6.6196],[79.9601,6.6207],[79.9622,6.6212],[79.9635,6.6203],[79.9624,6.6198],[79.9647,6.6169],[79.9639,6.6166],[79.9614,6.6183],[79.9596,6.6175]]]]}},{"type":"Feature","properties":{"osm_id":"1204749477","code":7229,"fclass":"farmland","name":null},"geometry":{"type":"MultiPolygon","coordinates":[[[[79.9781,6.6149],[79.9786,6.6158],[79.9793,6.615],[79.9781,6.6149]]]]}},{"type":"Feature","properties":{"osm_id":"1204749478","code":7229,"fclass":"farmland","name":null},"geometry":{"type":"MultiPolygon","coordinates":[[[[79.9784,6.6142],[79.9792,6.6144],[79.9784,6.6142]]]]}},{"type":"Feature","properties":{"osm_id":"1204749479","code":7229,"fclass":"farmland","name":null},"geometry":{"type":"MultiPolygon","coordinates":[[[[79.977,6.6131],[79.9775,6.6137],[79.9778,6.6131],[79.977,6.6131]]]]}},{"type":"Feature","properties":{"osm_id":"1204934921","code":7229,"fclass":"farmland","name":null},"geometry":{"type":"MultiPolygon","coordinates":[[[[79.9941,6.6453],[79.9941,6.6453]]]]}},{"type":"Feature","properties":{"osm_id":"1204934922","code":7229,"fclass":"farmland","name":null},"geometry":{"type":"MultiPolygon","coordinates":[[[[79.9942,6.6454],[79.9942,6.6454]]]]}},{"type":"Feature","properties":{"osm_id":"1204934923","code":7229,"fclass":"farmland","name":null},"geometry":{"type":"MultiPolygon","coordinates":[[[[79.9944,6.6454],[79.9944,6.6454]]]]}},{"type":"Feature","properties":{"osm_id":"1204934924","code":7229,"fclass":"farmland","name":null},"geometry":{"type":"MultiPolygon","coordinates":[[[[79.9945,6.6455],[79.9945,6.6455]]]]}},{"type":"Feature","properties":{"osm_id":"1204934925","code":7229,"fclass":"farmland","name":null},"geometry":{"type":"MultiPolygon","coordinates":[[[[79.9945,6.6453],[79.9952,6.6453],[79.9945,6.6453]]]]}},{"type":"Feature","properties":{"osm_id":"1204934926","code":7229,"fclass":"farmland","name":null},"geometry":{"type":"MultiPolygon","coordinates":[[[[79.9949,6.6451],[79.9949,6.6451]]]]}},{"type":"Feature","properties":{"osm_id":"1204934927","code":7229,"fclass":"farmland","name":null},"geometry":{"type":"MultiPolygon","coordinates":[[[[79.9949,6.645],[79.9949,6.645]]]]}},{"type":"Feature","properties":{"osm_id":"1204934928","code":7229,"fclass":"farmland","name":null},"geometry":{"type":"MultiPolygon","coordinates":[[[[79.995,6.6449],[79.995,6.6449]]]]}},{"type":"Feature","properties":{"osm_id":"1204934929","code":7229,"fclass":"farmland","name":null},"geometry":{"type":"MultiPolygon","coordinates":[[[[79.995,6.6448],[79.995,6.6448]]]]}},{"type":"Feature","properties":{"osm_id":"1204934930","code":7229,"fclass":"farmland","name":null},"geometry":{"type":"MultiPolygon","coordinates":[[[[79.9952,6.6448],[79.9952,6.6448]]]]}},{"type":"Feature","properties":{"osm_id":"1204934931","code":7229,"fclass":"farmland","name":null},"geometry":{"type":"MultiPolygon","coordinates":[[[[79.9952,6.645],[79.9952,6.645]]]]}},{"type":"Feature","properties":{"osm_id":"1204934932","code":7229,"fclass":"farmland","name":null},"geometry":{"type":"MultiPolygon","coordinates":[[[[79.9951,6.6452],[79.9951,6.6452]]]]}},{"type":"Feature","properties":{"osm_id":"1204934933","code":7229,"fclass":"farmland","name":null},"geometry":{"type":"MultiPolygon","coordinates":[[[[79.9951,6.6451],[79.9951,6.6451]]]]}},{"type":"Feature","properties":{"osm_id":"1204934934","code":7229,"fclass":"farmland","name":null},"geometry":{"type":"MultiPolygon","coordinates":[[[[79.9953,6.6453],[79.9956,6.6451],[79.9953,6.6453]]]]}},{"type":"Feature","properties":{"osm_id":"1204934936","code":7229,"fclass":"farmland","name":null},"geometry":{"type":"MultiPolygon","coordinates":[[[[80.0008,6.6512],[80.0013,6.6515],[80.0012,6.6508],[80.0008,6.6512]]]]}},{"type":"Feature","properties":{"osm_id":"1204934937","code":7229,"fclass":"farmland","name":null},"geometry":{"type":"MultiPolygon","coordinates":[[[[80.0005,6.6522],[80.0008,6.6524],[80.0005,6.6522]]]]}},{"type":"Feature","properties":{"osm_id":"1204935983","code":7229,"fclass":"farmland","name":null},"geometry":{"type":"MultiPolygon","coordinates":[[[[79.9953,6.6446],[79.9953,6.6446]]]]}},{"type":"Feature","properties":{"osm_id":"1204935984","code":7229,"fclass":"farmland","name":null},"geometry":{"type":"MultiPolygon","coordinates":[[[[79.9955,6.6445],[79.9955,6.6445]]]]}},{"type":"Feature","properties":{"osm_id":"1204935985","code":7229,"fclass":"farmland","name":null},"geometry":{"type":"MultiPolygon","coordinates":[[[[79.9956,6.6444],[79.9956,6.6444]]]]}},{"type":"Feature","properties":{"osm_id":"1204935986","code":7229,"fclass":"farmland","name":null},"geometry":{"type":"MultiPolygon","coordinates":[[[[79.9957,6.6443],[79.9957,6.6443]]]]}},{"type":"Feature","properties":{"osm_id":"1204935987","code":7229,"fclass":"farmland","name":null},"geometry":{"type":"MultiPolygon","coordinates":[[[[79.9957,6.6441],[79.9957,6.6441]]]]}},{"type":"Feature","properties":{"osm_id":"1204935988","code":7229,"fclass":"farmland","name":null},"geometry":{"type":"MultiPolygon","coordinates":[[[[79.9959,6.644],[79.9959,6.644]]]]}},{"type":"Feature","properties":{"osm_id":"1204935989","code":7229,"fclass":"farmland","name":null},"geometry":{"type":"MultiPolygon","coordinates":[[[[79.9959,6.6437],[79.9964,6.6434],[79.9959,6.6437]]]]}},{"type":"Feature","properties":{"osm_id":"1204935990","code":7229,"fclass":"farmland","name":null},"geometry":{"type":"MultiPolygon","coordinates":[[[[79.9963,6.6435],[79.9963,6.6435]]]]}},{"type":"Feature","properties":{"osm_id":"1204935991","code":7229,"fclass":"farmland","name":null},"geometry":{"type":"MultiPolygon","coordinates":[[[[79.9965,6.6436],[79.9965,6.6436]]]]}},{"type":"Feature","properties":{"osm_id":"1204935992","code":7229,"fclass":"farmland","name":null},"geometry":{"type":"MultiPolygon","coordinates":[[[[79.9962,6.6434],[79.9962,6.6434]]]]}},{"type":"Feature","properties":{"osm_id":"1204935993","code":7229,"fclass":"farmland","name":null},"geometry":{"type":"MultiPolygon","coordinates":[[[[79.996,6.6433],[79.996,6.6433]]]]}},{"type":"Feature","properties":{"osm_id":"1204935994","code":7229,"fclass":"farmland","name":null},"geometry":{"type":"MultiPolygon","coordinates":[[[[79.9961,6.6431],[79.9961,6.6431]]]]}},{"type":"Feature","properties":{"osm_id":"1204935995","code":7229,"fclass":"farmland","name":null},"geometry":{"type":"MultiPolygon","coordinates":[[[[79.9963,6.6432],[79.9963,6.6432]]]]}},{"type":"Feature","properties":{"osm_id":"1204935996","code":7229,"fclass":"farmland","name":null},"geometry":{"type":"MultiPolygon","coordinates":[[[[79.9965,6.6433],[79.9965,6.6433]]]]}},{"type":"Feature","properties":{"osm_id":"1204935998","code":7229,"fclass":"farmland","name":null},"geometry":{"type":"MultiPolygon","coordinates":[[[[79.9961,6.6425],[79.9961,6.6425]]]]}},{"type":"Feature","properties":{"osm_id":"1204935999","code":7229,"fclass":"farmland","name":null},"geometry":{"type":"MultiPolygon","coordinates":[[[[79.9891,6.6401],[79.9898,6.6407],[79.9891,6.6401]]]]}},{"type":"Feature","properties":{"osm_id":"1205167187","code":7229,"fclass":"farmland","name":"Farmland"},"geometry":{"type":"MultiPolygon","coordinates":[[[[80.1752,7.202],[80.1762,7.2017],[80.1758,7.2011],[80.1762,7.2008],[80.1752,7.202]]]]}},{"type":"Feature","properties":{"osm_id":"1205167188","code":7229,"fclass":"farmland","name":"Farmland"},"geometry":{"type":"MultiPolygon","coordinates":[[[[80.1736,7.2034],[80.1747,7.204],[80.175,7.2036],[80.1739,7.2028],[80.1736,7.2034]]]]}},{"type":"Feature","properties":{"osm_id":"1205252708","code":7229,"fclass":"farmland","name":null},"geometry":{"type":"MultiPolygon","coordinates":[[[[80.0082,6.7312],[80.0088,6.7316],[80.0088,6.7311],[80.0082,6.7312]]]]}},{"type":"Feature","properties":{"osm_id":"1205278189","code":7229,"fclass":"farmland","name":null},"geometry":{"type":"MultiPolygon","coordinates":[[[[80.0111,6.5653],[80.0111,6.5653]]]]}},{"type":"Feature","properties":{"osm_id":"1207709927","code":7229,"fclass":"farmland","name":null},"geometry":{"type":"MultiPolygon","coordinates":[[[[79.9748,6.5551],[79.9748,6.5551]]]]}},{"type":"Feature","properties":{"osm_id":"1207709928","code":7229,"fclass":"farmland","name":null},"geometry":{"type":"MultiPolygon","coordinates":[[[[79.9747,6.555],[79.9747,6.555]]]]}},{"type":"Feature","properties":{"osm_id":"1207858280","code":7229,"fclass":"farmland","name":null},"geometry":{"type":"MultiPolygon","coordinates":[[[[79.9178,6.7239],[79.9207,6.7234],[79.9218,6.7252],[79.9223,6.7248],[79.922,6.7239],[79.9207,6.723],[79.9189,6.723],[79.9178,6.7239]]]]}},{"type":"Feature","properties":{"osm_id":"1207929785","code":7229,"fclass":"farmland","name":"Faddy"},"geometry":{"type":"MultiPolygon","coordinates":[[[[80.2163,6.9715],[80.2167,6.9706],[80.2163,6.9715]]]]}},{"type":"Feature","properties":{"osm_id":"1207936957","code":7229,"fclass":"farmland","name":"paddy"},"geometry":{"type":"MultiPolygon","coordinates":[[[[80.1852,6.9382],[80.1857,6.9394],[80.1862,6.9392],[80.186,6.938],[80.1852,6.9382]]]]}},{"type":"Feature","properties":{"osm_id":"1207937149","code":7229,"fclass":"farmland","name":null},"geometry":{"type":"MultiPolygon","coordinates":[[[[79.9228,7.1681],[79.9238,7.1689],[79.9259,7.1684],[79.9263,7.1666],[79.9235,7.1667],[79.9228,7.1681]]]]}},{"type":"Feature","properties":{"osm_id":"1208009553","code":7229,"fclass":"farmland","name":null},"geometry":{"type":"MultiPolygon","coordinates":[[[[79.9762,6.5394],[79.9771,6.5392],[79.9762,6.5394]]]]}},{"type":"Feature","properties":{"osm_id":"1208009554","code":7229,"fclass":"farmland","name":null},"geometry":{"type":"MultiPolygon","coordinates":[[[[79.9771,6.5376],[79.9776,6.5365],[79.9771,6.5376]]]]}},{"type":"Feature","properties":{"osm_id":"1208009559","code":7229,"fclass":"farmland","name":null},"geometry":{"type":"MultiPolygon","coordinates":[[[[79.9764,6.5389],[79.9772,6.5389],[79.9764,6.5389]]]]}},{"type":"Feature","properties":{"osm_id":"1208015962","code":7229,"fclass":"farmland","name":null},"geometry":{"type":"MultiPolygon","coordinates":[[[[79.9932,6.6936],[79.9937,6.6938],[79.9932,6.6936]]]]}},{"type":"Feature","properties":{"osm_id":"1208016311","code":7229,"fclass":"farmland","name":null},"geometry":{"type":"MultiPolygon","coordinates":[[[[79.9917,6.692],[79.9921,6.6923],[79.9917,6.692]]]]}},{"type":"Feature","properties":{"osm_id":"1208016681","code":7229,"fclass":"farmland","name":null},"geometry":{"type":"MultiPolygon","coordinates":[[[[80.0009,6.6895],[80.0019,6.6898],[80.0014,6.6892],[80.0009,6.6895]]]]}},{"type":"Feature","properties":{"osm_id":"1208086044","code":7229,"fclass":"farmland","name":null},"geometry":{"type":"MultiPolygon","coordinates":[[[[79.9767,6.582],[79.9775,6.5818],[79.9782,6.5802],[79.9767,6.582]]]]}},{"type":"Feature","properties":{"osm_id":"1208086045","code":7229,"fclass":"farmland","name":null},"geometry":{"type":"MultiPolygon","coordinates":[[[[79.9775,6.5894],[79.9775,6.5894]]]]}},{"type":"Feature","properties":{"osm_id":"1208467398","code":7229,"fclass":"farmland","name":null},"geometry":{"type":"MultiPolygon","coordinates":[[[[79.9976,6.6897],[79.9981,6.6899],[79.9976,6.6897]]]]}},{"type":"Feature","properties":{"osm_id":"1208467616","code":7229,"fclass":"farmland","name":null},"geometry":{"type":"MultiPolygon","coordinates":[[[[79.9977,6.6887],[79.9986,6.6889],[79.9977,6.6887]]]]}},{"type":"Feature","properties":{"osm_id":"1208467810","code":7229,"fclass":"farmland","name":null},"geometry":{"type":"MultiPolygon","coordinates":[[[[79.9984,6.6896],[79.9984,6.6896]]]]}},{"type":"Feature","properties":{"osm_id":"1208467866","code":7229,"fclass":"farmland","name":null},"geometry":{"type":"MultiPolygon","coordinates":[[[[79.9981,6.6908],[79.9991,6.6914],[79.9988,6.6906],[79.9981,6.6908]]]]}},{"type":"Feature","properties":{"osm_id":"1209158409","code":7229,"fclass":"farmland","name":null},"geometry":{"type":"MultiPolygon","coordinates":[[[[79.9594,6.6317],[79.9602,6.6311],[79.9594,6.6317]]]]}},{"type":"Feature","properties":{"osm_id":"1209158410","code":7229,"fclass":"farmland","name":null},"geometry":{"type":"MultiPolygon","coordinates":[[[[79.9583,6.6314],[79.9588,6.6312],[79.9583,6.6314]]]]}},{"type":"Feature","properties":{"osm_id":"1209158411","code":7229,"fclass":"farmland","name":null},"geometry":{"type":"MultiPolygon","coordinates":[[[[79.958,6.6309],[79.958,6.6309]]]]}},{"type":"Feature","properties":{"osm_id":"1209158413","code":7229,"fclass":"farmland","name":null},"geometry":{"type":"MultiPolygon","coordinates":[[[[79.96,6.6272],[79.962,6.6277],[79.9618,6.6283],[79.9628,6.6285],[79.9631,6.6276],[79.962,6.6258],[79.9604,6.6259],[79.96,6.6272]]]]}},{"type":"Feature","properties":{"osm_id":"1209158414","code":7229,"fclass":"farmland","name":null},"geometry":{"type":"MultiPolygon","coordinates":[[[[79.9613,6.6291],[79.9635,6.6292],[79.9622,6.6287],[79.9613,6.6291]]]]}},{"type":"Feature","properties":{"osm_id":"1209158415","code":7229,"fclass":"farmland","name":null},"geometry":{"type":"MultiPolygon","coordinates":[[[[79.9594,6.6322],[79.96,6.6323],[79.9594,6.6322]]]]}},{"type":"Feature","properties":{"osm_id":"1209158416","code":7229,"fclass":"farmland","name":null},"geometry":{"type":"MultiPolygon","coordinates":[[[[79.9586,6.6306],[79.9594,6.6316],[79.9594,6.6307],[79.9586,6.6306]]]]}},{"type":"Feature","properties":{"osm_id":"1209158417","code":7229,"fclass":"farmland","name":null},"geometry":{"type":"MultiPolygon","coordinates":[[[[79.9554,6.6313],[79.9565,6.6315],[79.9562,6.6309],[79.9554,6.6313]]]]}},{"type":"Feature","properties":{"osm_id":"1209158418","code":7229,"fclass":"farmland","name":null},"geometry":{"type":"MultiPolygon","coordinates":[[[[79.956,6.6318],[79.9568,6.6322],[79.956,6.6318]]]]}},{"type":"Feature","properties":{"osm_id":"1209158419","code":7229,"fclass":"farmland","name":null},"geometry":{"type":"MultiPolygon","coordinates":[[[[79.9536,6.6309],[79.9538,6.6319],[79.9544,6.6321],[79.9544,6.6307],[79.9536,6.6309]]]]}},{"type":"Feature","properties":{"osm_id":"1209158420","code":7229,"fclass":"farmland","name":null},"geometry":{"type":"MultiPolygon","coordinates":[[[[79.9544,6.6314],[79.9551,6.6319],[79.9544,6.6314]]]]}},{"type":"Feature","properties":{"osm_id":"1209158421","code":7229,"fclass":"farmland","name":null},"geometry":{"type":"MultiPolygon","coordinates":[[[[79.951,6.6294],[79.9536,6.6307],[79.9538,6.6302],[79.9527,6.6298],[79.9517,6.6277],[79.9512,6.6277],[79.951,6.6294]]]]}},{"type":"Feature","properties":{"osm_id":"1210579992","code":7229,"fclass":"farmland","name":null},"geometry":{"type":"MultiPolygon","coordinates":[[[[80.1942,6.9078],[80.1949,6.9084],[80.1976,6.9079],[80.1976,6.9068],[80.1956,6.9068],[80.1955,6.9075],[80.1942,6.9078]]]]}},{"type":"Feature","properties":{"osm_id":"1210854564","code":7229,"fclass":"farmland","name":null},"geometry":{"type":"MultiPolygon","coordinates":[[[[80.0051,6.758],[80.0057,6.7579],[80.0051,6.758]]]]}},{"type":"Feature","properties":{"osm_id":"1210854565","code":7229,"fclass":"farmland","name":null},"geometry":{"type":"MultiPolygon","coordinates":[[[[80.0058,6.7567],[80.0067,6.7551],[80.0058,6.7567]]]]}},{"type":"Feature","properties":{"osm_id":"1211344144","code":7229,"fclass":"farmland","name":"Rubber cultivation"},"geometry":{"type":"MultiPolygon","coordinates":[[[[80.0357,6.8611],[80.0369,6.8616],[80.0357,6.8611]]]]}},{"type":"Feature","properties":{"osm_id":"1211344145","code":7229,"fclass":"farmland","name":"Cocunet cultivation"},"geometry":{"type":"MultiPolygon","coordinates":[[[[80.0354,6.8608],[80.0361,6.8608],[80.0354,6.8608]]]]}},{"type":"Feature","properties":{"osm_id":"1213137404","code":7229,"fclass":"farmland","name":null},"geometry":{"type":"MultiPolygon","coordinates":[[[[79.9855,6.5395],[79.9883,6.5413],[79.9888,6.5387],[79.988,6.5383],[79.9881,6.5368],[79.9871,6.537],[79.986,6.5361],[79.9881,6.5389],[79.9873,6.5399],[79.9855,6.5395]]]]}},{"type":"Feature","properties":{"osm_id":"1213143651","code":7229,"fclass":"farmland","name":null},"geometry":{"type":"MultiPolygon","coordinates":[[[[79.998,6.4675],[79.998,6.4679],[79.9996,6.4676],[79.998,6.4675]]]]}},{"type":"Feature","properties":{"osm_id":"1213143894","code":7229,"fclass":"farmland","name":null},"geometry":{"type":"MultiPolygon","coordinates":[[[[79.9659,6.6],[79.9665,6.5998],[79.9659,6.6]]]]}},{"type":"Feature","properties":{"osm_id":"1213144296","code":7229,"fclass":"farmland","name":null},"geometry":{"type":"MultiPolygon","coordinates":[[[[79.9664,6.6036],[79.9668,6.6039],[79.9673,6.6035],[79.9664,6.6036]]]]}},{"type":"Feature","properties":{"osm_id":"1213145978","code":7229,"fclass":"farmland","name":null},"geometry":{"type":"MultiPolygon","coordinates":[[[[80.0079,6.5312],[80.0095,6.5315],[80.0093,6.53],[80.0102,6.5291],[80.0107,6.5262],[80.0095,6.526],[80.0099,6.5278],[80.0095,6.5287],[80.0081,6.5285],[80.0087,6.5296],[80.0079,6.5312]]]]}},{"type":"Feature","properties":{"osm_id":"1213145979","code":7229,"fclass":"farmland","name":null},"geometry":{"type":"MultiPolygon","coordinates":[[[[80.004,6.5295],[80.0053,6.5304],[80.0068,6.527],[80.0055,6.527],[80.0053,6.5288],[80.004,6.5295]]]]}},{"type":"Feature","properties":{"osm_id":"1213145980","code":7229,"fclass":"farmland","name":null},"geometry":{"type":"MultiPolygon","coordinates":[[[[80.0062,6.5268],[80.0081,6.5271],[80.008,6.5284],[80.0085,6.5277],[80.0085,6.5265],[80.0071,6.5265],[80.0076,6.5243],[80.0071,6.524],[80.0062,6.5268]]]]}},{"type":"Feature","properties":{"osm_id":"1213176106","code":7229,"fclass":"farmland","name":null},"geometry":{"type":"MultiPolygon","coordinates":[[[[79.9539,6.6478],[79.9565,6.6481],[79.9565,6.6477],[79.9539,6.6478]]]]}},{"type":"Feature","properties":{"osm_id":"1213176107","code":7229,"fclass":"farmland","name":null},"geometry":{"type":"MultiPolygon","coordinates":[[[[79.9547,6.6471],[79.9556,6.6471],[79.9557,6.6464],[79.9547,6.6462],[79.9547,6.6471]]]]}},{"type":"Feature","properties":{"osm_id":"1213176108","code":7229,"fclass":"farmland","name":null},"geometry":{"type":"MultiPolygon","coordinates":[[[[79.9577,6.6418],[79.958,6.6426],[79.9577,6.6418]]]]}},{"type":"Feature","properties":{"osm_id":"1213176109","code":7229,"fclass":"farmland","name":null},"geometry":{"type":"MultiPolygon","coordinates":[[[[79.958,6.6426],[79.958,6.6431],[79.9592,6.643],[79.9593,6.6423],[79.958,6.6426]]]]}},{"type":"Feature","properties":{"osm_id":"1213417107","code":7229,"fclass":"farmland","name":null},"geometry":{"type":"MultiPolygon","coordinates":[[[[79.991,6.7146],[79.991,6.7146]]]]}},{"type":"Feature","properties":{"osm_id":"1214656501","code":7229,"fclass":"farmland","name":null},"geometry":{"type":"MultiPolygon","coordinates":[[[[79.9884,6.498],[79.989,6.498],[79.9884,6.498]]]]}},{"type":"Feature","properties":{"osm_id":"1214741054","code":7229,"fclass":"farmland","name":null},"geometry":{"type":"MultiPolygon","coordinates":[[[[80.0174,6.7139],[80.0178,6.7144],[80.0174,6.7139]]]]}},{"type":"Feature","properties":{"osm_id":"1214799463","code":7229,"fclass":"farmland","name":null},"geometry":{"type":"MultiPolygon","coordinates":[[[[79.9904,6.537],[79.991,6.5375],[79.9904,6.537]]]]}},{"type":"Feature","properties":{"osm_id":"1214799465","code":7229,"fclass":"farmland","name":null},"geometry":{"type":"MultiPolygon","coordinates":[[[[79.9895,6.5356],[79.9908,6.5369],[79.9901,6.5353],[79.9895,6.5356]]]]}},{"type":"Feature","properties":{"osm_id":"1214799466","code":7229,"fclass":"farmland","name":null},"geometry":{"type":"MultiPolygon","coordinates":[[[[79.9886,6.5349],[79.9892,6.5349],[79.9886,6.5349]]]]}},{"type":"Feature","properties":{"osm_id":"1214799467","code":7229,"fclass":"farmland","name":null},"geometry":{"type":"MultiPolygon","coordinates":[[[[79.9853,6.5356],[79.9856,6.5358],[79.9853,6.5356]]]]}},{"type":"Feature","properties":{"osm_id":"1214966084","code":7229,"fclass":"farmland","name":null},"geometry":{"type":"MultiPolygon","coordinates":[[[[79.9845,6.5353],[79.9851,6.5353],[79.9845,6.5353]]]]}},{"type":"Feature","properties":{"osm_id":"1214966085","code":7229,"fclass":"farmland","name":null},"geometry":{"type":"MultiPolygon","coordinates":[[[[79.9841,6.5345],[79.9841,6.5345]]]]}},{"type":"Feature","properties":{"osm_id":"1214967242","code":7229,"fclass":"farmland","name":null},"geometry":{"type":"MultiPolygon","coordinates":[[[[79.9817,6.5406],[79.982,6.5403],[79.9817,6.5406]]]]}},{"type":"Feature","properties":{"osm_id":"1214967243","code":7229,"fclass":"farmland","name":null},"geometry":{"type":"MultiPolygon","coordinates":[[[[79.9817,6.541],[79.9817,6.541]]]]}},{"type":"Feature","properties":{"osm_id":"1214967244","code":7229,"fclass":"farmland","name":null},"geometry":{"type":"MultiPolygon","coordinates":[[[[79.9815,6.5415],[79.9817,6.5411],[79.9815,6.5415]]]]}},{"type":"Feature","properties":{"osm_id":"1214967245","code":7229,"fclass":"farmland","name":null},"geometry":{"type":"MultiPolygon","coordinates":[[[[79.98,6.5422],[79.9808,6.5427],[79.98,6.5422]]]]}},{"type":"Feature","properties":{"osm_id":"1215128852","code":7229,"fclass":"farmland","name":null},"geometry":{"type":"MultiPolygon","coordinates":[[[[80.0335,6.5178],[80.0361,6.5205],[80.0362,6.5193],[80.0335,6.5178]]]]}},{"type":"Feature","properties":{"osm_id":"1215415843","code":7229,"fclass":"farmland","name":null},"geometry":{"type":"MultiPolygon","coordinates":[[[[79.9857,6.5821],[79.9866,6.5822],[79.9857,6.5821]]]]}},{"type":"Feature","properties":{"osm_id":"1215415844","code":7229,"fclass":"farmland","name":null},"geometry":{"type":"MultiPolygon","coordinates":[[[[79.9858,6.5817],[79.987,6.5819],[79.9858,6.5817]]]]}},{"type":"Feature","properties":{"osm_id":"1215415845","code":7229,"fclass":"farmland","name":null},"geometry":{"type":"MultiPolygon","coordinates":[[[[79.9862,6.5815],[79.9871,6.5818],[79.9862,6.5815]]]]}},{"type":"Feature","properties":{"osm_id":"1215415846","code":7229,"fclass":"farmland","name":null},"geometry":{"type":"MultiPolygon","coordinates":[[[[79.9868,6.5811],[79.9873,6.5814],[79.9878,6.5807],[79.9882,6.5781],[79.9874,6.5779],[79.9868,6.5811]]]]}},{"type":"Feature","properties":{"osm_id":"1215798311","code":7229,"fclass":"farmland","name":"Sinha Puthra Chicken Farm"},"geometry":{"type":"MultiPolygon","coordinates":[[[[80.1257,6.9157],[80.1257,6.9157]]]]}},{"type":"Feature","properties":{"osm_id":"1216383948","code":7229,"fclass":"farmland","name":null},"geometry":{"type":"MultiPolygon","coordinates":[[[[80.0283,6.5985],[80.0289,6.5991],[80.0301,6.599],[80.03,6.5966],[80.0289,6.5965],[80.0294,6.5971],[80.029,6.5986],[80.0283,6.5985]]]]}},{"type":"Feature","properties":{"osm_id":"1216383997","code":7229,"fclass":"farmland","name":null},"geometry":{"type":"MultiPolygon","coordinates":[[[[80.0277,6.5975],[80.0283,6.5973],[80.0277,6.5975]]]]}},{"type":"Feature","properties":{"osm_id":"1216384135","code":7229,"fclass":"farmland","name":null},"geometry":{"type":"MultiPolygon","coordinates":[[[[80.0278,6.5979],[80.0283,6.5985],[80.0278,6.5979]]]]}},{"type":"Feature","properties":{"osm_id":"1216384371","code":7229,"fclass":"farmland","name":null},"geometry":{"type":"MultiPolygon","coordinates":[[[[80.0267,6.5984],[80.0276,6.5985],[80.0267,6.5984]]]]}},{"type":"Feature","properties":{"osm_id":"1216445799","code":7229,"fclass":"farmland","name":null},"geometry":{"type":"MultiPolygon","coordinates":[[[[79.9802,6.5438],[79.9805,6.5429],[79.9802,6.5438]]]]}},{"type":"Feature","properties":{"osm_id":"1217099407","code":7229,"fclass":"farmland","name":null},"geometry":{"type":"MultiPolygon","coordinates":[[[[79.9503,6.6263],[79.9505,6.6267],[79.9503,6.6263]]]]}},{"type":"Feature","properties":{"osm_id":"1217678089","code":7229,"fclass":"farmland","name":null},"geometry":{"type":"MultiPolygon","coordinates":[[[[80.0345,6.8476],[80.0358,6.8464],[80.0357,6.8453],[80.0345,6.8476]]]]}},{"type":"Feature","properties":{"osm_id":"1217680099","code":7229,"fclass":"farmland","name":null},"geometry":{"type":"MultiPolygon","coordinates":[[[[80.035,6.8439],[80.0359,6.8452],[80.0354,6.8438],[80.035,6.8439]]]]}},{"type":"Feature","properties":{"osm_id":"16544559","code":7229,"fclass":"farmland","name":null},"geometry":{"type":"MultiPolygon","coordinates":[[[[80.0211,6.8432],[80.0239,6.8422],[80.024,6.8436],[80.0249,6.8417],[80.0266,6.8414],[80.0278,6.844],[80.0261,6.8465],[80.027,6.8464],[80.0272,6.8479],[80.0285,6.8451],[80.0292,6.8453],[80.0299,6.8448],[80.0297,6.8443],[80.031,6.8442],[80.0293,6.8437],[80.0275,6.8403],[80.0267,6.8402],[80.0246,6.8412],[80.0235,6.8409],[80.0236,6.8414],[80.0211,6.8432]]]]}},{"type":"Feature","properties":{"osm_id":"1217809616","code":7229,"fclass":"farmland","name":null},"geometry":{"type":"MultiPolygon","coordinates":[[[[79.9391,6.6672],[79.9391,6.6672]]]]}},{"type":"Feature","properties":{"osm_id":"1221668397","code":7229,"fclass":"farmland","name":null},"geometry":{"type":"MultiPolygon","coordinates":[[[[80.0926,6.4353],[80.0933,6.4358],[80.0933,6.4352],[80.0926,6.4353]]]]}},{"type":"Feature","properties":{"osm_id":"1223108695","code":7229,"fclass":"farmland","name":null},"geometry":{"type":"MultiPolygon","coordinates":[[[[80.1637,6.6135],[80.1642,6.6132],[80.1637,6.6135]]]]}},{"type":"Feature","properties":{"osm_id":"1223445379","code":7229,"fclass":"farmland","name":"Sandalwood"},"geometry":{"type":"MultiPolygon","coordinates":[[[[79.9225,6.8878],[79.923,6.8887],[79.9243,6.889],[79.9244,6.8882],[79.9235,6.887],[79.9225,6.8878]]]]}},{"type":"Feature","properties":{"osm_id":"1226686126","code":7229,"fclass":"farmland","name":null},"geometry":{"type":"MultiPolygon","coordinates":[[[[79.8725,7.1779],[79.8728,7.18],[79.8743,7.1788],[79.8732,7.1774],[79.8725,7.1779]]]]}},{"type":"Feature","properties":{"osm_id":"1230291852","code":7229,"fclass":"farmland","name":null},"geometry":{"type":"MultiPolygon","coordinates":[[[[79.9955,6.5506],[79.9964,6.5502],[79.9963,6.5489],[79.9958,6.549],[79.9955,6.5506]]]]}},{"type":"Feature","properties":{"osm_id":"1230661537","code":7229,"fclass":"farmland","name":null},"geometry":{"type":"MultiPolygon","coordinates":[[[[80.1155,7.2743],[80.1168,7.2761],[80.1173,7.2752],[80.1163,7.2736],[80.1155,7.2743]]]]}},{"type":"Feature","properties":{"osm_id":"1230661538","code":7229,"fclass":"farmland","name":null},"geometry":{"type":"MultiPolygon","coordinates":[[[[80.1168,7.2768],[80.1175,7.278],[80.1183,7.278],[80.1175,7.2754],[80.1168,7.2768]]]]}},{"type":"Feature","properties":{"osm_id":"1230661539","code":7229,"fclass":"farmland","name":null},"geometry":{"type":"MultiPolygon","coordinates":[[[[80.1181,7.2781],[80.1191,7.2799],[80.1181,7.2781]]]]}},{"type":"Feature","properties":{"osm_id":"1230661540","code":7229,"fclass":"farmland","name":null},"geometry":{"type":"MultiPolygon","coordinates":[[[[80.1124,7.2698],[80.1129,7.2701],[80.113,7.2716],[80.1146,7.2723],[80.1155,7.2741],[80.1163,7.2735],[80.1139,7.2706],[80.1133,7.2689],[80.1124,7.2686],[80.1124,7.2698]]]]}},{"type":"Feature","properties":{"osm_id":"1232415621","code":7229,"fclass":"farmland","name":null},"geometry":{"type":"MultiPolygon","coordinates":[[[[79.8911,6.8605],[79.8926,6.8598],[79.892,6.8593],[79.8911,6.8605]]]]}},{"type":"Feature","properties":{"osm_id":"1232415622","code":7229,"fclass":"farmland","name":null},"geometry":{"type":"MultiPolygon","coordinates":[[[[79.8921,6.8592],[79.8926,6.8598],[79.8937,6.8589],[79.8931,6.8583],[79.8921,6.8592]]]]}},{"type":"Feature","properties":{"osm_id":"1232953917","code":7229,"fclass":"farmland","name":null},"geometry":{"type":"MultiPolygon","coordinates":[[[[79.9097,6.8351],[79.9111,6.8361],[79.9118,6.8346],[79.9102,6.8339],[79.9097,6.8351]]]]}},{"type":"Feature","properties":{"osm_id":"1232953918","code":7229,"fclass":"farmland","name":null},"geometry":{"type":"MultiPolygon","coordinates":[[[[79.9108,6.8339],[79.9114,6.8344],[79.9117,6.8335],[79.911,6.8332],[79.9108,6.8339]]]]}},{"type":"Feature","properties":{"osm_id":"1236281103","code":7229,"fclass":"farmland","name":null},"geometry":{"type":"MultiPolygon","coordinates":[[[[80.1625,6.6061],[80.1628,6.6054],[80.1625,6.6061]]]]}},{"type":"Feature","properties":{"osm_id":"1236281105","code":7229,"fclass":"farmland","name":null},"geometry":{"type":"MultiPolygon","coordinates":[[[[80.1602,6.6001],[80.1608,6.6006],[80.1627,6.6004],[80.163,6.5994],[80.1604,6.5995],[80.1602,6.6001]]]]}},{"type":"Feature","properties":{"osm_id":"1236286188","code":7229,"fclass":"farmland","name":null},"geometry":{"type":"MultiPolygon","coordinates":[[[[80.1486,6.6416],[80.1503,6.6426],[80.1495,6.6409],[80.1486,6.6416]]]]}},{"type":"Feature","properties":{"osm_id":"1236602443","code":7229,"fclass":"farmland","name":null},"geometry":{"type":"MultiPolygon","coordinates":[[[[80.181,6.5824],[80.1814,6.585],[80.1819,6.5812],[80.1815,6.5811],[80.181,6.5824]]]]}},{"type":"Feature","properties":{"osm_id":"1236612374","code":7229,"fclass":"farmland","name":null},"geometry":{"type":"MultiPolygon","coordinates":[[[[80.1677,6.6837],[80.1683,6.6837],[80.1685,6.6827],[80.1679,6.6825],[80.1677,6.6837]]]]}},{"type":"Feature","properties":{"osm_id":"1236612375","code":7229,"fclass":"farmland","name":null},"geometry":{"type":"MultiPolygon","coordinates":[[[[80.1657,6.6833],[80.1672,6.6823],[80.1686,6.6827],[80.1692,6.6819],[80.1671,6.6815],[80.1673,6.6818],[80.1657,6.6833]]]]}},{"type":"Feature","properties":{"osm_id":"1240238393","code":7229,"fclass":"farmland","name":"paddy"},"geometry":{"type":"MultiPolygon","coordinates":[[[[80.1815,6.5671],[80.1818,6.5661],[80.1815,6.5671]]]]}},{"type":"Feature","properties":{"osm_id":"1241377042","code":7229,"fclass":"farmland","name":null},"geometry":{"type":"MultiPolygon","coordinates":[[[[80.1788,6.7725],[80.181,6.7709],[80.1789,6.7709],[80.1797,6.7716],[80.1788,6.7725]]]]}},{"type":"Feature","properties":{"osm_id":"1241377058","code":7229,"fclass":"farmland","name":null},"geometry":{"type":"MultiPolygon","coordinates":[[[[80.1563,6.7587],[80.1571,6.7593],[80.1563,6.7587]]]]}},{"type":"Feature","properties":{"osm_id":"1241377059","code":7229,"fclass":"farmland","name":null},"geometry":{"type":"MultiPolygon","coordinates":[[[[80.1571,6.7597],[80.1577,6.7598],[80.1579,6.7589],[80.1571,6.7597]]]]}},{"type":"Feature","properties":{"osm_id":"1241377060","code":7229,"fclass":"farmland","name":null},"geometry":{"type":"MultiPolygon","coordinates":[[[[80.1577,6.7604],[80.1602,6.761],[80.1577,6.7604]]]]}},{"type":"Feature","properties":{"osm_id":"1241377061","code":7229,"fclass":"farmland","name":null},"geometry":{"type":"MultiPolygon","coordinates":[[[[80.1635,6.759],[80.1648,6.7592],[80.1647,6.7598],[80.1659,6.7593],[80.1674,6.7598],[80.1677,6.7593],[80.1673,6.7586],[80.1635,6.759]]]]}},{"type":"Feature","properties":{"osm_id":"1241377119","code":7229,"fclass":"farmland","name":null},"geometry":{"type":"MultiPolygon","coordinates":[[[[80.156,6.7798],[80.1562,6.7806],[80.158,6.7797],[80.1607,6.7799],[80.1624,6.7793],[80.1633,6.7783],[80.1646,6.7786],[80.1659,6.7777],[80.1628,6.7778],[80.162,6.7757],[80.1614,6.7763],[80.1623,6.7779],[80.1614,6.7789],[80.156,6.7798]]]]}},{"type":"Feature","properties":{"osm_id":"1241377124","code":7229,"fclass":"farmland","name":null},"geometry":{"type":"MultiPolygon","coordinates":[[[[80.1573,6.7865],[80.1586,6.7866],[80.1607,6.7856],[80.1596,6.7854],[80.1573,6.7865]]]]}},{"type":"Feature","properties":{"osm_id":"1241377182","code":7229,"fclass":"farmland","name":null},"geometry":{"type":"MultiPolygon","coordinates":[[[[80.1561,6.795],[80.1562,6.7955],[80.158,6.7949],[80.1561,6.795]]]]}},{"type":"Feature","properties":{"osm_id":"1241983080","code":7229,"fclass":"farmland","name":null},"geometry":{"type":"MultiPolygon","coordinates":[[[[79.8899,6.8595],[79.8899,6.8595]]]]}},{"type":"Feature","properties":{"osm_id":"1245769091","code":7229,"fclass":"farmland","name":null},"geometry":{"type":"MultiPolygon","coordinates":[[[[80.0221,6.9564],[80.0228,6.9569],[80.0237,6.9562],[80.0252,6.9538],[80.0272,6.9541],[80.0243,6.9515],[80.0237,6.9549],[80.0221,6.9564]]]]}},{"type":"Feature","properties":{"osm_id":"1245769092","code":7229,"fclass":"farmland","name":null},"geometry":{"type":"MultiPolygon","coordinates":[[[[80.0275,6.9551],[80.0282,6.956],[80.0286,6.9548],[80.0275,6.9542],[80.0275,6.9551]]]]}},{"type":"Feature","properties":{"osm_id":"1247065183","code":7229,"fclass":"farmland","name":null},"geometry":{"type":"MultiPolygon","coordinates":[[[[80.1746,6.5117],[80.1762,6.5117],[80.1764,6.5105],[80.176,6.5103],[80.1746,6.5117]]]]}},{"type":"Feature","properties":{"osm_id":"1247067823","code":7229,"fclass":"farmland","name":null},"geometry":{"type":"MultiPolygon","coordinates":[[[[80.2275,6.5011],[80.2293,6.5002],[80.2296,6.5022],[80.2308,6.4995],[80.2289,6.4994],[80.2275,6.5011]]]]}},{"type":"Feature","properties":{"osm_id":"1247068108","code":7229,"fclass":"farmland","name":null},"geometry":{"type":"MultiPolygon","coordinates":[[[[80.2893,6.5074],[80.2902,6.5069],[80.2898,6.5066],[80.2893,6.5074]]]]}},{"type":"Feature","properties":{"osm_id":"1251056165","code":7229,"fclass":"farmland","name":null},"geometry":{"type":"MultiPolygon","coordinates":[[[[80.1755,6.6629],[80.1787,6.6634],[80.1796,6.6618],[80.1782,6.6616],[80.1755,6.6629]]]]}},{"type":"Feature","properties":{"osm_id":"1251059835","code":7229,"fclass":"farmland","name":null},"geometry":{"type":"MultiPolygon","coordinates":[[[[80.1737,6.6589],[80.1758,6.6605],[80.1787,6.657],[80.1778,6.6557],[80.1764,6.6566],[80.176,6.6552],[80.1759,6.6563],[80.175,6.6565],[80.1737,6.6589]]]]}},{"type":"Feature","properties":{"osm_id":"17221241","code":7229,"fclass":"farmland","name":null},"geometry":{"type":"MultiPolygon","coordinates":[[[[80.1593,6.6605],[80.1608,6.6621],[80.1607,6.6605],[80.1624,6.6609],[80.1624,6.6615],[80.1633,6.661],[80.1649,6.6629],[80.1665,6.6635],[80.1681,6.6629],[80.1694,6.6604],[80.1689,6.6598],[80.1692,6.6604],[80.1676,6.6629],[80.1651,6.6622],[80.1641,6.6603],[80.1634,6.6602],[80.1637,6.659],[80.1628,6.6601],[80.1619,6.6594],[80.1638,6.6581],[80.1635,6.6563],[80.1627,6.6577],[80.1614,6.6581],[80.161,6.6569],[80.1617,6.656],[80.1607,6.6564],[80.1604,6.6548],[80.1598,6.6551],[80.1606,6.6576],[80.1599,6.6581],[80.1601,6.6596],[80.1593,6.6605]]]]}},{"type":"Feature","properties":{"osm_id":"1251089118","code":7229,"fclass":"farmland","name":null},"geometry":{"type":"MultiPolygon","coordinates":[[[[80.1609,6.6621],[80.1619,6.6623],[80.1624,6.6616],[80.1609,6.6621]]]]}},{"type":"Feature","properties":{"osm_id":"1251095383","code":7229,"fclass":"farmland","name":null},"geometry":{"type":"MultiPolygon","coordinates":[[[[80.1471,6.663],[80.1486,6.6632],[80.1493,6.6607],[80.1511,6.6606],[80.1489,6.6601],[80.1471,6.663]]]]}},{"type":"Feature","properties":{"osm_id":"1251740454","code":7229,"fclass":"farmland","name":null},"geometry":{"type":"MultiPolygon","coordinates":[[[[79.9937,6.4862],[79.9946,6.4866],[79.9951,6.486],[79.9937,6.4862]]]]}},{"type":"Feature","properties":{"osm_id":"1251740455","code":7229,"fclass":"farmland","name":null},"geometry":{"type":"MultiPolygon","coordinates":[[[[79.9924,6.4882],[79.9934,6.4885],[79.9937,6.4878],[79.9931,6.4875],[79.9924,6.4882]]]]}},{"type":"Feature","properties":{"osm_id":"1251740456","code":7229,"fclass":"farmland","name":null},"geometry":{"type":"MultiPolygon","coordinates":[[[[79.9889,6.4914],[79.9911,6.4921],[79.9921,6.4906],[79.9937,6.4909],[79.9934,6.4885],[79.9927,6.4886],[79.9925,6.4896],[79.9907,6.4909],[79.9889,6.4914]]]]}},{"type":"Feature","properties":{"osm_id":"1251740457","code":7229,"fclass":"farmland","name":null},"geometry":{"type":"MultiPolygon","coordinates":[[[[79.9928,6.4938],[79.9935,6.4938],[79.9929,6.4929],[79.9928,6.4938]]]]}},{"type":"Feature","properties":{"osm_id":"1251740458","code":7229,"fclass":"farmland","name":null},"geometry":{"type":"MultiPolygon","coordinates":[[[[79.9933,6.4925],[79.9941,6.4915],[79.9933,6.4925]]]]}},{"type":"Feature","properties":{"osm_id":"1279911681","code":7229,"fclass":"farmland","name":null},"geometry":{"type":"MultiPolygon","coordinates":[[[[80.2128,6.4213],[80.2133,6.4211],[80.2128,6.4213]]]]}},{"type":"Feature","properties":{"osm_id":"1279911685","code":7229,"fclass":"farmland","name":null},"geometry":{"type":"MultiPolygon","coordinates":[[[[80.2147,6.4193],[80.2152,6.4198],[80.2147,6.4193]]]]}},{"type":"Feature","properties":{"osm_id":"1279911686","code":7229,"fclass":"farmland","name":null},"geometry":{"type":"MultiPolygon","coordinates":[[[[80.2153,6.4194],[80.216,6.4195],[80.2153,6.4194]]]]}},{"type":"Feature","properties":{"osm_id":"1279911687","code":7229,"fclass":"farmland","name":null},"geometry":{"type":"MultiPolygon","coordinates":[[[[80.2161,6.4191],[80.2167,6.4194],[80.2161,6.4191]]]]}},{"type":"Feature","properties":{"osm_id":"1280085795","code":7229,"fclass":"farmland","name":"peddy field"},"geometry":{"type":"MultiPolygon","coordinates":[[[[80.0005,6.5358],[80.0006,6.5365],[80.0035,6.5351],[80.004,6.5332],[80.0034,6.5319],[80.0009,6.5314],[80.0019,6.5342],[80.0005,6.5358]]]]}},{"type":"Feature","properties":{"osm_id":"1288007629","code":7229,"fclass":"farmland","name":null},"geometry":{"type":"MultiPolygon","coordinates":[[[[80.0773,6.8818],[80.0785,6.8815],[80.081,6.8828],[80.0822,6.8822],[80.0803,6.882],[80.0797,6.8809],[80.078,6.8804],[80.0773,6.8818]]]]}},{"type":"Feature","properties":{"osm_id":"1288035871","code":7229,"fclass":"farmland","name":"Pady Field"},"geometry":{"type":"MultiPolygon","coordinates":[[[[80.0843,6.8736],[80.0853,6.8739],[80.0854,6.8733],[80.0843,6.8736]]]]}},{"type":"Feature","properties":{"osm_id":"1288035872","code":7229,"fclass":"farmland","name":"Pady Field"},"geometry":{"type":"MultiPolygon","coordinates":[[[[80.0868,6.8744],[80.0868,6.8758],[80.0886,6.8742],[80.0871,6.8738],[80.0868,6.8744]]]]}},{"type":"Feature","properties":{"osm_id":"1288035873","code":7229,"fclass":"farmland","name":"Pady Field"},"geometry":{"type":"MultiPolygon","coordinates":[[[[80.082,6.8769],[80.082,6.878],[80.0828,6.8783],[80.0833,6.8772],[80.0848,6.8768],[80.0852,6.8792],[80.0858,6.8793],[80.0863,6.8785],[80.0859,6.8783],[80.0865,6.8742],[80.0843,6.8737],[80.0821,6.8757],[80.082,6.8769]]]]}},{"type":"Feature","properties":{"osm_id":"1288044182","code":7229,"fclass":"farmland","name":"Pady Field"},"geometry":{"type":"MultiPolygon","coordinates":[[[[80.0796,6.8775],[80.081,6.8773],[80.0797,6.8768],[80.0796,6.8775]]]]}},{"type":"Feature","properties":{"osm_id":"1288044183","code":7229,"fclass":"farmland","name":"Pady Field"},"geometry":{"type":"MultiPolygon","coordinates":[[[[80.0794,6.878],[80.0815,6.8779],[80.0812,6.8775],[80.0794,6.878]]]]}},{"type":"Feature","properties":{"osm_id":"1288044184","code":7229,"fclass":"farmland","name":"Pady Field"},"geometry":{"type":"MultiPolygon","coordinates":[[[[80.08,6.8753],[80.082,6.8778],[80.082,6.8759],[80.0814,6.8766],[80.0808,6.8764],[80.0817,6.8749],[80.0806,6.8748],[80.0804,6.874],[80.08,6.8753]]]]}},{"type":"Feature","properties":{"osm_id":"1289121980","code":7229,"fclass":"farmland","name":null},"geometry":{"type":"MultiPolygon","coordinates":[[[[80.0774,6.8632],[80.0781,6.8636],[80.0777,6.8629],[80.0774,6.8632]]]]}},{"type":"Feature","properties":{"osm_id":"1289121982","code":7229,"fclass":"farmland","name":null},"geometry":{"type":"MultiPolygon","coordinates":[[[[80.0736,6.8633],[80.0745,6.8641],[80.0749,6.8636],[80.0736,6.8626],[80.0736,6.8633]]]]}},{"type":"Feature","properties":{"osm_id":"1298614779","code":7229,"fclass":"farmland","name":null},"geometry":{"type":"MultiPolygon","coordinates":[[[[79.842,7.1157],[79.8423,7.1166],[79.8434,7.1173],[79.8443,7.117],[79.8449,7.1158],[79.8442,7.1146],[79.8433,7.1144],[79.842,7.1157]]]]}},{"type":"Feature","properties":{"osm_id":"1301889994","code":7229,"fclass":"farmland","name":null},"geometry":{"type":"MultiPolygon","coordinates":[[[[80.0315,6.8331],[80.035,6.8346],[80.0359,6.8356],[80.0372,6.8354],[80.0347,6.8329],[80.0315,6.8331]]]]}},{"type":"Feature","properties":{"osm_id":"1301890775","code":7229,"fclass":"farmland","name":null},"geometry":{"type":"MultiPolygon","coordinates":[[[[80.0308,6.8321],[80.0314,6.833],[80.0316,6.8317],[80.0308,6.8321]]]]}},{"type":"Feature","properties":{"osm_id":"1301910724","code":7229,"fclass":"farmland","name":null},"geometry":{"type":"MultiPolygon","coordinates":[[[[80.0365,6.8327],[80.0372,6.8325],[80.0365,6.8327]]]]}},{"type":"Feature","properties":{"osm_id":"1302105346","code":7229,"fclass":"farmland","name":null},"geometry":{"type":"MultiPolygon","coordinates":[[[[80.2215,6.5155],[80.2224,6.5156],[80.2228,6.5145],[80.2235,6.5148],[80.2233,6.5142],[80.2225,6.5139],[80.2215,6.5155]]]]}},{"type":"Feature","properties":{"osm_id":"1302554965","code":7229,"fclass":"farmland","name":null},"geometry":{"type":"MultiPolygon","coordinates":[[[[80.163,6.5459],[80.1648,6.5461],[80.1634,6.5453],[80.163,6.5459]]]]}},{"type":"Feature","properties":{"osm_id":"1302554966","code":7229,"fclass":"farmland","name":null},"geometry":{"type":"MultiPolygon","coordinates":[[[[80.161,6.5476],[80.1614,6.5481],[80.1629,6.5476],[80.1617,6.5466],[80.161,6.5476]]]]}},{"type":"Feature","properties":{"osm_id":"1302554967","code":7229,"fclass":"farmland","name":null},"geometry":{"type":"MultiPolygon","coordinates":[[[[80.1603,6.5484],[80.1612,6.5482],[80.161,6.5478],[80.1603,6.5484]]]]}},{"type":"Feature","properties":{"osm_id":"1302554968","code":7229,"fclass":"farmland","name":null},"geometry":{"type":"MultiPolygon","coordinates":[[[[80.1591,6.5521],[80.1596,6.5518],[80.1592,6.5511],[80.1591,6.5521]]]]}},{"type":"Feature","properties":{"osm_id":"1302554969","code":7229,"fclass":"farmland","name":null},"geometry":{"type":"MultiPolygon","coordinates":[[[[80.1636,6.5477],[80.1646,6.5485],[80.1636,6.5477]]]]}},{"type":"Feature","properties":{"osm_id":"1302554979","code":7229,"fclass":"farmland","name":null},"geometry":{"type":"MultiPolygon","coordinates":[[[[80.1567,6.5529],[80.157,6.5541],[80.158,6.5544],[80.1586,6.5536],[80.1582,6.5528],[80.1588,6.5519],[80.158,6.5512],[80.1579,6.5497],[80.1572,6.5497],[80.157,6.5511],[80.1579,6.5509],[80.1572,6.5516],[80.1581,6.5519],[80.1567,6.5529]]]]}},{"type":"Feature","properties":{"osm_id":"1302554980","code":7229,"fclass":"farmland","name":null},"geometry":{"type":"MultiPolygon","coordinates":[[[[80.1579,6.5469],[80.1597,6.5461],[80.1609,6.547],[80.1612,6.5463],[80.1601,6.5458],[80.1602,6.5447],[80.1589,6.544],[80.1579,6.5469]]]]}},{"type":"Feature","properties":{"osm_id":"1308312028","code":7229,"fclass":"farmland","name":null},"geometry":{"type":"MultiPolygon","coordinates":[[[[80.0958,6.657],[80.0963,6.6626],[80.0975,6.663],[80.1016,6.6601],[80.1028,6.6579],[80.1003,6.6577],[80.0991,6.6559],[80.0958,6.657]]]]}},{"type":"Feature","properties":{"osm_id":"1308312029","code":7229,"fclass":"farmland","name":null},"geometry":{"type":"MultiPolygon","coordinates":[[[[80.1076,6.6718],[80.109,6.673],[80.1111,6.6727],[80.1101,6.6718],[80.1112,6.67],[80.11,6.6682],[80.1082,6.6688],[80.1076,6.6718]]]]}},{"type":"Feature","properties":{"osm_id":"1308709266","code":7229,"fclass":"farmland","name":null},"geometry":{"type":"MultiPolygon","coordinates":[[[[80.1221,7.3213],[80.1224,7.3227],[80.1233,7.3232],[80.1238,7.3214],[80.1234,7.3206],[80.1221,7.3213]]]]}},{"type":"Feature","properties":{"osm_id":"1308709267","code":7229,"fclass":"farmland","name":null},"geometry":{"type":"MultiPolygon","coordinates":[[[[80.1212,7.3185],[80.122,7.3212],[80.1232,7.3207],[80.1221,7.3177],[80.1212,7.3185]]]]}},{"type":"Feature","properties":{"osm_id":"1308714225","code":7229,"fclass":"farmland","name":null},"geometry":{"type":"MultiPolygon","coordinates":[[[[80.128,7.3198],[80.1292,7.3196],[80.1303,7.3203],[80.1314,7.3218],[80.1318,7.3211],[80.1298,7.3184],[80.128,7.3198]]]]}},{"type":"Feature","properties":{"osm_id":"1308714226","code":7229,"fclass":"farmland","name":null},"geometry":{"type":"MultiPolygon","coordinates":[[[[80.1347,7.3212],[80.1359,7.3213],[80.1359,7.32],[80.1351,7.3198],[80.1347,7.3212]]]]}},{"type":"Feature","properties":{"osm_id":"1308714837","code":7229,"fclass":"farmland","name":null},"geometry":{"type":"MultiPolygon","coordinates":[[[[80.1351,7.3198],[80.136,7.32],[80.1363,7.3195],[80.1351,7.3192],[80.1351,7.3198]]]]}},{"type":"Feature","properties":{"osm_id":"1308714908","code":7229,"fclass":"farmland","name":null},"geometry":{"type":"MultiPolygon","coordinates":[[[[80.1358,7.3191],[80.1363,7.3194],[80.1367,7.3188],[80.136,7.3185],[80.1358,7.3191]]]]}},{"type":"Feature","properties":{"osm_id":"1308714939","code":7229,"fclass":"farmland","name":null},"geometry":{"type":"MultiPolygon","coordinates":[[[[80.1351,7.3191],[80.136,7.3185],[80.1352,7.3185],[80.1351,7.3191]]]]}},{"type":"Feature","properties":{"osm_id":"1308715069","code":7229,"fclass":"farmland","name":null},"geometry":{"type":"MultiPolygon","coordinates":[[[[80.1342,7.3183],[80.1351,7.3191],[80.1352,7.3185],[80.1342,7.3183]]]]}},{"type":"Feature","properties":{"osm_id":"1308715155","code":7229,"fclass":"farmland","name":null},"geometry":{"type":"MultiPolygon","coordinates":[[[[80.134,7.3178],[80.1342,7.3182],[80.1348,7.3178],[80.134,7.3178]]]]}},{"type":"Feature","properties":{"osm_id":"1308718162","code":7229,"fclass":"farmland","name":null},"geometry":{"type":"MultiPolygon","coordinates":[[[[80.1366,7.3171],[80.1371,7.3175],[80.1383,7.3164],[80.1368,7.3163],[80.1366,7.3171]]]]}},{"type":"Feature","properties":{"osm_id":"1308718163","code":7229,"fclass":"farmland","name":null},"geometry":{"type":"MultiPolygon","coordinates":[[[[80.138,7.3161],[80.139,7.3157],[80.138,7.3161]]]]}},{"type":"Feature","properties":{"osm_id":"1308718164","code":7229,"fclass":"farmland","name":null},"geometry":{"type":"MultiPolygon","coordinates":[[[[80.1364,7.3151],[80.1368,7.3161],[80.1376,7.3159],[80.137,7.3147],[80.1364,7.3151]]]]}},{"type":"Feature","properties":{"osm_id":"1308718165","code":7229,"fclass":"farmland","name":null},"geometry":{"type":"MultiPolygon","coordinates":[[[[80.1361,7.3161],[80.1367,7.3163],[80.1361,7.3161]]]]}},{"type":"Feature","properties":{"osm_id":"1308718166","code":7229,"fclass":"farmland","name":null},"geometry":{"type":"MultiPolygon","coordinates":[[[[80.1342,7.3126],[80.1346,7.3141],[80.1355,7.3145],[80.1347,7.3122],[80.1342,7.3126]]]]}},{"type":"Feature","properties":{"osm_id":"1308718167","code":7229,"fclass":"farmland","name":null},"geometry":{"type":"MultiPolygon","coordinates":[[[[80.1356,7.3144],[80.1363,7.3151],[80.1372,7.3142],[80.1362,7.3136],[80.1365,7.3144],[80.1356,7.3144]]]]}},{"type":"Feature","properties":{"osm_id":"1314128064","code":7229,"fclass":"farmland","name":null},"geometry":{"type":"MultiPolygon","coordinates":[[[[79.9135,6.8453],[79.915,6.8454],[79.9147,6.8437],[79.9135,6.8453]]]]}},{"type":"Feature","properties":{"osm_id":"1318116287","code":7229,"fclass":"farmland","name":null},"geometry":{"type":"MultiPolygon","coordinates":[[[[80.2048,6.5056],[80.2053,6.5057],[80.2048,6.5056]]]]}},{"type":"Feature","properties":{"osm_id":"1318116288","code":7229,"fclass":"farmland","name":null},"geometry":{"type":"MultiPolygon","coordinates":[[[[80.2046,6.5041],[80.2053,6.5036],[80.2046,6.5041]]]]}},{"type":"Feature","properties":{"osm_id":"1318116289","code":7229,"fclass":"farmland","name":null},"geometry":{"type":"MultiPolygon","coordinates":[[[[80.2054,6.5035],[80.206,6.5031],[80.2054,6.5035]]]]}},{"type":"Feature","properties":{"osm_id":"1318116294","code":7229,"fclass":"farmland","name":null},"geometry":{"type":"MultiPolygon","coordinates":[[[[80.206,6.4912],[80.2062,6.4906],[80.206,6.4912]]]]}},{"type":"Feature","properties":{"osm_id":"1320949193","code":7229,"fclass":"farmland","name":"Paddy"},"geometry":{"type":"MultiPolygon","coordinates":[[[[80.0989,6.8441],[80.0995,6.8447],[80.0995,6.8468],[80.1004,6.8455],[80.0994,6.844],[80.0989,6.8441]]]]}},{"type":"Feature","properties":{"osm_id":"1320949228","code":7229,"fclass":"farmland","name":"farmland"},"geometry":{"type":"MultiPolygon","coordinates":[[[[80.0373,6.923],[80.0377,6.9252],[80.0386,6.925],[80.0382,6.9231],[80.0373,6.923]]]]}},{"type":"Feature","properties":{"osm_id":"1320949314","code":7229,"fclass":"farmland","name":"Paddy"},"geometry":{"type":"MultiPolygon","coordinates":[[[[80.0993,6.8367],[80.1014,6.842],[80.1028,6.8359],[80.1012,6.8396],[80.1,6.8365],[80.0993,6.8367]]]]}},{"type":"Feature","properties":{"osm_id":"1320949473","code":7229,"fclass":"farmland","name":"Paddy"},"geometry":{"type":"MultiPolygon","coordinates":[[[[80.0976,6.8413],[80.0977,6.8424],[80.1,6.8422],[80.0996,6.8406],[80.0984,6.8398],[80.0983,6.841],[80.0976,6.8413]]]]}},{"type":"Feature","properties":{"osm_id":"1320949482","code":7229,"fclass":"farmland","name":null},"geometry":{"type":"MultiPolygon","coordinates":[[[[79.9248,7.2466],[79.9254,7.246],[79.9248,7.2466]]]]}},{"type":"Feature","properties":{"osm_id":"1320950702","code":7229,"fclass":"farmland","name":null},"geometry":{"type":"MultiPolygon","coordinates":[[[[79.9223,7.2524],[79.923,7.2536],[79.9235,7.2534],[79.9234,7.2521],[79.9224,7.2517],[79.9223,7.2524]]]]}},{"type":"Feature","properties":{"osm_id":"1320974178","code":7229,"fclass":"farmland","name":"paddy"},"geometry":{"type":"MultiPolygon","coordinates":[[[[80.0013,6.8707],[80.0022,6.8708],[80.0013,6.8707]]]]}},{"type":"Feature","properties":{"osm_id":"1324126111","code":7229,"fclass":"farmland","name":null},"geometry":{"type":"MultiPolygon","coordinates":[[[[80.0828,7.0361],[80.0846,7.0381],[80.0852,7.0375],[80.0844,7.0357],[80.0851,7.0341],[80.0845,7.0335],[80.0831,7.0342],[80.0828,7.0361]]]]}},{"type":"Feature","properties":{"osm_id":"1328297761","code":7229,"fclass":"farmland","name":null},"geometry":{"type":"MultiPolygon","coordinates":[[[[79.9907,7.21],[79.9912,7.2105],[79.9918,7.21],[79.9907,7.21]]]]}},{"type":"Feature","properties":{"osm_id":"1328297762","code":7229,"fclass":"farmland","name":null},"geometry":{"type":"MultiPolygon","coordinates":[[[[79.9927,7.2107],[79.9936,7.2117],[79.9936,7.2106],[79.9927,7.2107]]]]}},{"type":"Feature","properties":{"osm_id":"1328297766","code":7229,"fclass":"farmland","name":null},"geometry":{"type":"MultiPolygon","coordinates":[[[[79.9846,7.2099],[79.9852,7.2113],[79.985,7.2103],[79.9859,7.2098],[79.9846,7.2099]]]]}},{"type":"Feature","properties":{"osm_id":"1328297767","code":7229,"fclass":"farmland","name":null},"geometry":{"type":"MultiPolygon","coordinates":[[[[79.9832,7.2106],[79.9836,7.2119],[79.9845,7.2099],[79.9837,7.2098],[79.9832,7.2106]]]]}},{"type":"Feature","properties":{"osm_id":"1328297768","code":7229,"fclass":"farmland","name":null},"geometry":{"type":"MultiPolygon","coordinates":[[[[79.9867,7.2069],[79.9873,7.2075],[79.988,7.2071],[79.9867,7.2069]]]]}},{"type":"Feature","properties":{"osm_id":"1333651169","code":7229,"fclass":"farmland","name":"paddy"},"geometry":{"type":"MultiPolygon","coordinates":[[[[80.0593,7.1494],[80.0595,7.1505],[80.0593,7.1494]]]]}},{"type":"Feature","properties":{"osm_id":"1333726839","code":7229,"fclass":"farmland","name":null},"geometry":{"type":"MultiPolygon","coordinates":[[[[80.0988,6.8551],[80.0991,6.8546],[80.0988,6.8551]]]]}},{"type":"Feature","properties":{"osm_id":"1333726841","code":7229,"fclass":"farmland","name":null},"geometry":{"type":"MultiPolygon","coordinates":[[[[80.0972,6.8541],[80.0974,6.8545],[80.0982,6.8542],[80.0981,6.8535],[80.0972,6.8541]]]]}},{"type":"Feature","properties":{"osm_id":"1334165662","code":7229,"fclass":"farmland","name":null},"geometry":{"type":"MultiPolygon","coordinates":[[[[79.9233,7.0806],[79.924,7.0805],[79.9233,7.0806]]]]}}]}