{"type":"FeatureCollection","name":"rivers","crs":{"type":"name","properties":{"name":"urn:ogc:def:crs:OGC:1.3:CRS84"}},"features":[{"type":"Feature","properties":{"osm_id":"23443248","code":8101,"fclass":"river","width":0,"name":"Kuda Gaga"},"geometry":{"type":"MultiLineString","coordinates":[[[80.2844,6.6155],[80.2835,6.6157],[80.2834,6.6159]],[[80.2817,6.6183],[80.2812,6.6185]],[[80.279,6.6183],[80.2786,6.6182]],[[80.2775,6.6184],[80.2772,6.6185]],[[80.2754,6.6184],[80.2752,6.6183],[80.2751,6.6177],[80.2741,6.6173]],[[80.2726,6.6188],[80.2721,6.6191]],[[80.272,6.6191],[80.2718,6.6193]],[[80.2706,6.6201],[80.2701,6.6201]],[[80.2672,6.6208],[80.2629,6.6219]],[[80.2608,6.6223],[80.2598,6.6223],[80.2593,6.6215],[80.2587,6.6212],[80.2583,6.6207],[80.2567,6.6205],[80.2542,6.6197],[80.2528,6.6187],[80.2518,6.6178],[80.2506,6.617],[80.2499,6.6169],[80.2481,6.6172],[80.2473,6.6172],[80.2463,6.6164],[80.2457,6.614],[80.2453,6.6135],[80.2448,6.6132],[80.2442,6.6131],[80.2433,6.6136],[80.2395,6.613],[80.2364,6.6135],[80.2345,6.6136],[80.2338,6.6132],[80.23,6.6125],[80.2277,6.6128],[80.2271,6.6131],[80.2263,6.6137],[80.2257,6.6136],[80.2252,6.6123],[80.2232,6.6093],[80.2225,6.6067],[80.221,6.6046],[80.2208,6.6035],[80.2209,6.6024],[80.2207,6.6016],[80.2202,6.6013],[80.218,6.6011],[80.2178,6.6013],[80.218,6.6021],[80.2185,6.6028],[80.2176,6.6056],[80.2156,6.6071],[80.2148,6.608],[80.215,6.6089],[80.2148,6.6105],[80.2145,6.6115],[80.2127,6.6126],[80.2114,6.6137],[80.2115,6.6161],[80.2109,6.6173],[80.2095,6.6181],[80.2078,6.6199],[80.2071,6.6199],[80.2058,6.6195],[80.2034,6.6182],[80.2025,6.6183],[80.2008,6.62],[80.1995,6.621],[80.1989,6.6221],[80.1985,6.6221],[80.1979,6.6214],[80.1976,6.6213],[80.197,6.6214],[80.1951,6.6231],[80.1948,6.6237],[80.1947,6.6248],[80.1944,6.6252],[80.192,6.624],[80.1916,6.6237],[80.1913,6.6233],[80.1909,6.6218],[80.1899,6.6206],[80.1893,6.621],[80.1875,6.6246],[80.1871,6.6247],[80.1868,6.6244],[80.1862,6.6224],[80.1837,6.6202],[80.1834,6.6202],[80.1829,6.6209],[80.1825,6.6211],[80.1815,6.6226],[80.1813,6.6228],[80.1805,6.6229],[80.1803,6.6228],[80.1799,6.6222],[80.1788,6.6216],[80.1779,6.6209],[80.1775,6.6196],[80.177,6.6187],[80.1764,6.6185],[80.1761,6.6185],[80.1757,6.6193],[80.1762,6.6211],[80.1761,6.6217],[80.175,6.6227],[80.1735,6.6247],[80.1725,6.6264],[80.1721,6.6267],[80.1711,6.627],[80.1705,6.6268],[80.1701,6.6264],[80.17,6.626],[80.1706,6.6235],[80.1706,6.6228],[80.1697,6.6221],[80.168,6.6218],[80.1675,6.6219],[80.1672,6.6224],[80.1678,6.6234],[80.1676,6.624],[80.1665,6.6252],[80.1632,6.631],[80.1588,6.6319],[80.1566,6.6316],[80.1547,6.636],[80.1534,6.6375],[80.1534,6.6413],[80.1531,6.6415],[80.1502,6.6407],[80.147,6.6394],[80.1442,6.6385],[80.1413,6.6382],[80.139,6.6385],[80.1377,6.6384],[80.1372,6.6379],[80.1368,6.6367],[80.1364,6.6361],[80.1336,6.6335],[80.1298,6.6287],[80.1276,6.6279],[80.1263,6.6282],[80.1256,6.6284],[80.1246,6.6295],[80.1244,6.6301],[80.1245,6.6316],[80.1241,6.6348],[80.1237,6.6361],[80.1215,6.6386],[80.1214,6.6396],[80.1204,6.6415],[80.1171,6.6415],[80.1159,6.6419],[80.1148,6.6425],[80.1142,6.6441],[80.1143,6.6463],[80.1142,6.6468],[80.1134,6.6476],[80.1118,6.6485],[80.1109,6.6493],[80.11,6.6508],[80.1102,6.6521],[80.1102,6.6531],[80.1099,6.6537],[80.1079,6.6557],[80.1061,6.656],[80.1053,6.6558],[80.1045,6.6551],[80.1036,6.6539],[80.103,6.6505],[80.1027,6.6501],[80.1022,6.6501],[80.1016,6.6504],[80.101,6.6529],[80.1004,6.6538],[80.0993,6.6552],[80.0983,6.6558],[80.0977,6.6558],[80.0972,6.6556],[80.0969,6.6551],[80.0969,6.6546],[80.0975,6.6541],[80.0981,6.6533],[80.0981,6.653],[80.0978,6.6527],[80.0971,6.6525],[80.0944,6.6528]]]}},{"type":"Feature","properties":{"osm_id":"29339327","code":8101,"fclass":"river","width":0,"name":"Bentota"},"geometry":{"type":"MultiLineString","coordinates":[[[80.2605,6.3858],[80.2592,6.3868],[80.259,6.3874],[80.2592,6.3882],[80.2588,6.3888],[80.2583,6.3887],[80.2578,6.389],[80.2574,6.3886],[80.2571,6.3888],[80.2577,6.3897],[80.2576,6.3899],[80.2569,6.3901],[80.2568,6.3903],[80.2568,6.391],[80.2562,6.3925],[80.2548,6.3939],[80.2542,6.3947],[80.2541,6.3952],[80.2534,6.3961],[80.2531,6.3972],[80.2524,6.3982],[80.2518,6.399],[80.2514,6.3991],[80.2499,6.4004],[80.2492,6.4003],[80.2485,6.4011],[80.2484,6.4016],[80.248,6.4023],[80.2474,6.4043],[80.2471,6.4069],[80.2471,6.4071],[80.2475,6.4073],[80.2475,6.4078],[80.2458,6.4097],[80.245,6.41],[80.2449,6.4092],[80.2442,6.4092],[80.2429,6.4084],[80.2425,6.4087],[80.2417,6.4091],[80.2405,6.409],[80.2396,6.4093],[80.2389,6.4088],[80.2375,6.4088],[80.2364,6.4084],[80.2359,6.4086],[80.2352,6.4087],[80.2352,6.4095],[80.2342,6.4095],[80.234,6.409],[80.233,6.4092],[80.2325,6.4087],[80.2319,6.4085],[80.2303,6.4089],[80.23,6.4088],[80.2294,6.4083],[80.227,6.409],[80.2255,6.4088],[80.2251,6.4085],[80.2225,6.4086],[80.2216,6.4083],[80.2204,6.4083],[80.2184,6.4072],[80.2174,6.407],[80.2168,6.4062],[80.2163,6.406],[80.2162,6.4056],[80.2166,6.4049],[80.2169,6.4039],[80.2168,6.4035],[80.2166,6.4031],[80.2157,6.4027],[80.2155,6.402],[80.2156,6.4007],[80.2154,6.3993],[80.2162,6.3973],[80.2161,6.3964],[80.2163,6.3951],[80.2161,6.3928],[80.2155,6.3911],[80.2159,6.3905],[80.2158,6.3904],[80.2155,6.3905],[80.2154,6.3902],[80.2158,6.3891],[80.2162,6.3888],[80.2172,6.3885],[80.2175,6.3879],[80.2172,6.3874],[80.2171,6.3864],[80.2166,6.3856],[80.2167,6.3841],[80.2163,6.3836],[80.2155,6.3816],[80.2155,6.3796],[80.2151,6.3777],[80.2157,6.3765]],[[80.215,6.3756],[80.214,6.3746]],[[80.2121,6.3714],[80.212,6.3714]],[[80.2119,6.3714],[80.211,6.3716]],[[80.2089,6.3711],[80.2087,6.3711],[80.2084,6.3719]],[[80.2081,6.3721],[80.2079,6.3722]],[[80.2071,6.3724],[80.2065,6.3725]],[[80.2069,6.3716],[80.2068,6.3711]],[[80.2065,6.371],[80.2062,6.3708],[80.2065,6.3704]],[[80.2079,6.3673],[80.2078,6.3655],[80.2076,6.3648]],[[80.2069,6.3641],[80.2068,6.364]],[[80.2068,6.3635],[80.2068,6.3624]],[[80.2074,6.3612],[80.2077,6.3606],[80.2078,6.3601]],[[80.2077,6.36],[80.2073,6.3599]],[[80.2066,6.3599],[80.2052,6.3596]],[[80.205,6.3595],[80.2047,6.3594],[80.2028,6.3594]],[[80.2019,6.3586],[80.2017,6.3582]],[[80.2002,6.3579],[80.1985,6.3581]],[[80.1961,6.358],[80.195,6.3577],[80.192,6.3559]],[[80.1903,6.3547],[80.1897,6.3546]],[[80.1896,6.3546],[80.1891,6.3548]],[[80.1888,6.3551],[80.1887,6.3553],[80.1888,6.3563],[80.1887,6.3564]],[[80.1884,6.3569],[80.1876,6.3576]],[[80.1871,6.3579],[80.1868,6.3581]],[[80.1861,6.3584],[80.1849,6.3586]],[[80.181,6.3593],[80.1795,6.3596]],[[80.1758,6.3595],[80.1752,6.3595]],[[80.1743,6.3596],[80.1736,6.3597]],[[80.1718,6.3599],[80.171,6.3598]],[[80.1663,6.3621],[80.1655,6.3628],[80.165,6.3631],[80.1645,6.3631]],[[80.1619,6.3637],[80.1598,6.3648],[80.1577,6.3656]],[[80.157,6.3659],[80.1566,6.3661]],[[80.1558,6.3668],[80.1552,6.3675],[80.1546,6.3677],[80.1538,6.3678],[80.1525,6.3674]]]}},{"type":"Feature","properties":{"osm_id":"29339391","code":8101,"fclass":"river","width":0,"name":null},"geometry":{"type":"MultiLineString","coordinates":[[[80.0927,6.4752],[80.0924,6.4745],[80.0921,6.4724],[80.0916,6.4713],[80.0917,6.4698],[80.0914,6.4679],[80.0915,6.4676],[80.0923,6.4671],[80.0922,6.4668],[80.0909,6.4661],[80.089,6.4646],[80.0887,6.4643],[80.0889,6.4603],[80.0892,6.4588],[80.0888,6.4578],[80.0884,6.4576],[80.0887,6.4568],[80.0876,6.457],[80.0867,6.4568],[80.0848,6.4553],[80.0848,6.455],[80.085,6.4549],[80.0862,6.4546],[80.0868,6.4539],[80.0866,6.4533],[80.0869,6.4529],[80.0867,6.4523],[80.0863,6.4521],[80.0854,6.4521],[80.0851,6.4516],[80.0852,6.4513],[80.0864,6.4511],[80.0867,6.4506],[80.0861,6.449],[80.0866,6.4474],[80.0863,6.4461],[80.086,6.4453],[80.085,6.4447],[80.0842,6.4445],[80.0834,6.4446],[80.082,6.4428],[80.082,6.4425],[80.084,6.4421],[80.0867,6.4406],[80.0867,6.4397],[80.0864,6.4391],[80.0862,6.4389],[80.0858,6.4389],[80.0846,6.4395],[80.0843,6.4395],[80.0826,6.4382],[80.0818,6.4373],[80.0806,6.4344],[80.0798,6.4312],[80.0793,6.4306],[80.0782,6.4287],[80.0774,6.4278],[80.0766,6.4275],[80.0737,6.424],[80.0732,6.4219],[80.0723,6.4203],[80.0708,6.4196],[80.0694,6.4187],[80.0682,6.4169],[80.0671,6.4143],[80.0663,6.4133],[80.065,6.4127],[80.0618,6.4126],[80.0604,6.4115],[80.0594,6.4087]]]}},{"type":"Feature","properties":{"osm_id":"29396267","code":8101,"fclass":"river","width":0,"name":null},"geometry":{"type":"MultiLineString","coordinates":[[[80.0394,6.6179],[80.0386,6.6181],[80.0379,6.6186],[80.0377,6.6197],[80.0357,6.6205],[80.0349,6.6206],[80.0344,6.6205],[80.033,6.6194],[80.0324,6.6193],[80.0287,6.62],[80.0284,6.6202],[80.0278,6.6208]]]}},{"type":"Feature","properties":{"osm_id":"49047163","code":8101,"fclass":"river","width":0,"name":"Weras Ganga"},"geometry":{"type":"MultiLineString","coordinates":[[[79.8918,6.8439],[79.8891,6.8429],[79.8893,6.8415],[79.89,6.84],[79.8911,6.8382],[79.8914,6.8373],[79.8927,6.836],[79.8947,6.8346],[79.8954,6.8337],[79.8964,6.8314],[79.897,6.829],[79.8979,6.827],[79.8978,6.824],[79.8975,6.8231],[79.8976,6.8214],[79.8981,6.8199],[79.8997,6.8162]]]}},{"type":"Feature","properties":{"osm_id":"52372727","code":8101,"fclass":"river","width":0,"name":null},"geometry":{"type":"MultiLineString","coordinates":[[[80.0106,6.9149],[80.0101,6.9146],[80.0099,6.9147],[80.0104,6.9152],[80.0109,6.9162],[80.0108,6.9168],[80.011,6.9184],[80.0114,6.9191],[80.0117,6.9204],[80.0121,6.921],[80.0122,6.9215],[80.0121,6.9219],[80.0115,6.9222],[80.0116,6.9231],[80.0115,6.9237],[80.0116,6.9242],[80.0114,6.9245],[80.0116,6.9249],[80.0111,6.9257],[80.0105,6.926],[80.0094,6.9256],[80.0089,6.9258],[80.0086,6.9262],[80.0079,6.9264],[80.0074,6.9264],[80.0071,6.9267],[80.0067,6.9265],[80.006,6.9268],[80.0049,6.9269],[80.0043,6.9274],[80.0039,6.9273],[80.0038,6.9276],[80.0035,6.9277],[80.0031,6.928],[80.0027,6.9279],[80.0022,6.9283],[80.0018,6.9281],[80.0014,6.9282],[80.0005,6.928],[79.9999,6.9283],[79.9995,6.9286],[79.999,6.9284],[79.9984,6.9286],[79.9978,6.9292],[79.9978,6.9295],[79.9975,6.9297],[79.9975,6.9302],[79.997,6.9302],[79.9965,6.9303],[79.9961,6.9306],[79.9961,6.9308],[79.9954,6.9311],[79.9954,6.9316],[79.995,6.9315],[79.9949,6.9313],[79.9945,6.9313],[79.9941,6.9315],[79.9933,6.9314],[79.9933,6.9319],[79.9928,6.932],[79.9925,6.9323],[79.9926,6.9329],[79.9932,6.9333],[79.9927,6.9335],[79.9926,6.9341],[79.9925,6.9342],[79.9918,6.934],[79.9917,6.9346],[79.9915,6.9346],[79.9908,6.9338],[79.9904,6.9343],[79.9901,6.9341],[79.9898,6.9335],[79.9894,6.9335],[79.9892,6.9338],[79.9891,6.9353],[79.9889,6.9354],[79.9881,6.9348],[79.9878,6.9349],[79.9875,6.9356],[79.9874,6.9355],[79.987,6.9349],[79.9864,6.9349],[79.9861,6.9354]]]}},{"type":"Feature","properties":{"osm_id":"98391468","code":8101,"fclass":"river","width":20,"name":null},"geometry":{"type":"MultiLineString","coordinates":[[[79.9193,6.757],[79.9197,6.7561],[79.9224,6.7527],[79.923,6.7515],[79.9232,6.7508],[79.9239,6.7493],[79.9244,6.7486],[79.9268,6.7475],[79.9291,6.7473],[79.935,6.7477],[79.9363,6.7471],[79.9399,6.7477],[79.9422,6.7469],[79.9471,6.7427],[79.9481,6.7423],[79.9524,6.7448],[79.9558,6.7454],[79.9573,6.745],[79.9587,6.7444],[79.9605,6.743],[79.9614,6.7409],[79.962,6.7401],[79.9623,6.739],[79.9624,6.7358],[79.9628,6.7338],[79.9631,6.7326],[79.965,6.7286],[79.9654,6.7272],[79.9654,6.7259],[79.9658,6.7242],[79.9679,6.7219],[79.9696,6.7195],[79.9705,6.7181],[79.972,6.7172],[79.9722,6.7169],[79.9726,6.7162],[79.9728,6.7153],[79.9726,6.7141],[79.9723,6.713],[79.9716,6.7116],[79.9687,6.7085],[79.9676,6.7068],[79.9678,6.7056],[79.9681,6.705],[79.9689,6.7045],[79.9716,6.7031],[79.9723,6.7021],[79.9725,6.701],[79.9724,6.7],[79.9721,6.6988],[79.9712,6.6982],[79.9701,6.6967],[79.9693,6.695],[79.9691,6.694]]]}},{"type":"Feature","properties":{"osm_id":"98400134","code":8101,"fclass":"river","width":0,"name":null},"geometry":{"type":"MultiLineString","coordinates":[[[79.9919,6.4416],[79.9924,6.4427],[79.9919,6.4454],[79.991,6.4471],[79.9901,6.4484],[79.9892,6.4492],[79.988,6.4495],[79.9877,6.4499],[79.9877,6.4503],[79.9882,6.4509],[79.9881,6.4531],[79.9878,6.4535],[79.9875,6.4535],[79.9869,6.4532],[79.9865,6.4532],[79.9864,6.4535],[79.9865,6.4541],[79.987,6.4545],[79.9872,6.4559],[79.987,6.4562],[79.9863,6.4561],[79.9862,6.4566],[79.9869,6.4567],[79.988,6.4572],[79.9902,6.4569],[79.9914,6.4565],[79.9924,6.4567],[79.9935,6.4565],[79.9943,6.4567],[79.9949,6.4564],[79.9954,6.4564],[79.9965,6.4569],[79.9974,6.4564],[79.9982,6.4562],[79.9983,6.4564],[79.9984,6.4568],[79.9986,6.4569],[79.9986,6.4573],[79.9989,6.4575],[80.0005,6.4573],[80.0011,6.4566],[80.0025,6.4576],[80.0026,6.458],[80.0024,6.4592],[80.003,6.4597],[80.0033,6.4602],[80.0017,6.4625],[80.0008,6.4629],[80.0003,6.4628],[79.9997,6.463],[80.0001,6.4641],[79.9996,6.4645],[79.9993,6.4643],[79.9988,6.4645],[79.9987,6.4648],[79.9992,6.4654],[79.9988,6.4655],[79.9987,6.4658],[79.9988,6.4661],[79.9994,6.4664],[79.9992,6.467],[80.0005,6.4681],[80.0007,6.4685],[80.0007,6.4688],[80.0009,6.469],[80.0028,6.4694],[80.0035,6.47],[80.0039,6.4701],[80.0048,6.4699],[80.005,6.47],[80.0063,6.4716],[80.0067,6.4718],[80.0073,6.4726],[80.0083,6.4731],[80.0087,6.4735],[80.0093,6.4734],[80.0099,6.4729],[80.0103,6.4728],[80.0107,6.4733],[80.0116,6.4737],[80.0121,6.4746],[80.0138,6.4758],[80.0144,6.476],[80.0167,6.4758],[80.0178,6.4762],[80.0181,6.4765],[80.0183,6.4771],[80.0182,6.4782],[80.0186,6.4792],[80.0188,6.4812],[80.0186,6.4818],[80.0178,6.483],[80.0177,6.4838],[80.0185,6.4845],[80.0199,6.4847],[80.0205,6.486],[80.021,6.486],[80.0212,6.4862],[80.021,6.4867],[80.0211,6.4877],[80.0204,6.4883],[80.0203,6.4886],[80.0208,6.4896],[80.0207,6.4899],[80.02,6.4904],[80.0199,6.4907],[80.0204,6.4911],[80.0213,6.4909],[80.0218,6.4922],[80.0219,6.4937],[80.0212,6.4941],[80.0211,6.4944],[80.0212,6.4951],[80.0208,6.4962],[80.0211,6.4969]]]}},{"type":"Feature","properties":{"osm_id":"108188388","code":8101,"fclass":"river","width":0,"name":"Attanagalu Oya"},"geometry":{"type":"MultiLineString","coordinates":[[[80.1859,7.1033],[80.1854,7.1035],[80.1846,7.1055],[80.1839,7.1061],[80.1836,7.1063],[80.1821,7.1061],[80.1811,7.1063],[80.1811,7.1075],[80.1807,7.1086],[80.1803,7.1089],[80.1792,7.109],[80.1789,7.1096],[80.1788,7.1108],[80.1785,7.1112],[80.178,7.1115],[80.1776,7.1121],[80.1765,7.113],[80.1757,7.1133],[80.1748,7.113],[80.1738,7.1125],[80.1718,7.1119],[80.1688,7.1113],[80.1671,7.1118],[80.1657,7.1117],[80.1629,7.1124],[80.1623,7.1121],[80.1619,7.1112],[80.1605,7.1112],[80.1584,7.1107],[80.1558,7.1117],[80.1555,7.1116],[80.1557,7.1111],[80.1554,7.1108],[80.1541,7.1103],[80.1527,7.1091],[80.1523,7.1089],[80.1514,7.1089],[80.15,7.108],[80.1509,7.106],[80.1509,7.1057],[80.1502,7.1059],[80.1491,7.1058],[80.1481,7.1046],[80.1478,7.1047],[80.1474,7.1052],[80.1476,7.1069],[80.1471,7.1077],[80.147,7.1082],[80.1472,7.1091],[80.1452,7.1108],[80.1445,7.1122],[80.1441,7.1127],[80.143,7.1125],[80.1416,7.1126],[80.1407,7.1136],[80.1388,7.1134],[80.1379,7.1132],[80.1373,7.1127],[80.1372,7.1114],[80.1373,7.1106],[80.1362,7.1089],[80.1361,7.1083],[80.1363,7.1077],[80.1361,7.106],[80.1356,7.1048],[80.1341,7.1036],[80.1329,7.1036],[80.1327,7.104],[80.1328,7.1044],[80.1341,7.1053],[80.1341,7.1061],[80.1337,7.1063],[80.1329,7.1062],[80.1319,7.1068],[80.1315,7.1069],[80.1302,7.106],[80.1294,7.1058],[80.1291,7.1052],[80.1292,7.1048],[80.129,7.1045],[80.1279,7.1051],[80.1273,7.105],[80.126,7.1041],[80.1257,7.1027],[80.1238,7.1029],[80.1234,7.1026],[80.1229,7.1028],[80.1218,7.1037],[80.1213,7.1045],[80.1211,7.1046],[80.1208,7.1044],[80.1206,7.104],[80.1206,7.1025],[80.12,7.1007],[80.1197,7.1003],[80.119,7.1005],[80.1191,7.1014],[80.1186,7.1018],[80.1183,7.1018],[80.1177,7.1009],[80.1166,7.1011],[80.1161,7.1003],[80.1161,7.0993],[80.1157,7.099],[80.1148,7.0989],[80.1146,7.0991],[80.115,7.0999],[80.1148,7.1002],[80.1133,7.1003]]]}},{"type":"Feature","properties":{"osm_id":"114095635","code":8101,"fclass":"river","width":0,"name":null},"geometry":{"type":"MultiLineString","coordinates":[[[80.0119,7.1139],[80.0112,7.1141],[80.0112,7.1132],[80.011,7.1129],[80.0106,7.1127],[80.0094,7.1126],[80.0092,7.1121],[80.0089,7.1121],[80.0089,7.1118],[80.0084,7.1112],[80.0083,7.1113],[80.008,7.111],[80.0077,7.1111],[80.0073,7.1108],[80.007,7.1108],[80.0064,7.111],[80.0055,7.1107]]]}},{"type":"Feature","properties":{"osm_id":"154344383","code":8101,"fclass":"river","width":0,"name":null},"geometry":{"type":"MultiLineString","coordinates":[[[79.9984,6.6396],[79.9983,6.6394],[79.9984,6.6391],[79.999,6.639],[79.9994,6.6391],[79.9997,6.6395]]]}},{"type":"Feature","properties":{"osm_id":"154344385","code":8101,"fclass":"river","width":0,"name":null},"geometry":{"type":"MultiLineString","coordinates":[[[79.9721,6.6988],[79.9725,6.6963],[79.9725,6.6946],[79.9742,6.6933],[79.9748,6.6924],[79.9756,6.6917],[79.9762,6.6905],[79.9763,6.689],[79.9768,6.6879],[79.9782,6.687],[79.9808,6.6864],[79.9812,6.6861],[79.9814,6.6857],[79.9815,6.6843],[79.9818,6.6829],[79.9827,6.6823],[79.9831,6.6816],[79.9833,6.6789],[79.9831,6.6782],[79.9836,6.6775],[79.9855,6.6759],[79.986,6.6749],[79.9862,6.6739],[79.9862,6.6724],[79.9866,6.6708],[79.9873,6.6688],[79.9866,6.6669],[79.9864,6.6657],[79.9864,6.6639],[79.9868,6.6616],[79.9875,6.6602],[79.9885,6.6571],[79.9898,6.6543],[79.9902,6.6525],[79.9918,6.6506],[79.9922,6.6499],[79.9925,6.6478],[79.9939,6.645],[79.9964,6.6411],[79.9974,6.64],[79.9984,6.6396],[79.9997,6.6395],[80.0006,6.6398],[80.0012,6.6397],[80.0022,6.6388],[80.0027,6.6378],[80.0037,6.6378],[80.0051,6.6373],[80.0057,6.6374],[80.0064,6.638],[80.0077,6.6387],[80.0086,6.639],[80.0092,6.6389],[80.0098,6.6364],[80.0099,6.6355]]]}},{"type":"Feature","properties":{"osm_id":"175763662","code":8101,"fclass":"river","width":0,"name":null},"geometry":{"type":"MultiLineString","coordinates":[[[80.1737,6.8914],[80.1729,6.8908],[80.173,6.8903],[80.1728,6.89],[80.173,6.8886],[80.1734,6.8883],[80.1735,6.8878],[80.1733,6.8876],[80.1728,6.8877],[80.173,6.8874],[80.1726,6.887],[80.1725,6.8863],[80.1721,6.8856],[80.1715,6.8853],[80.1712,6.8847],[80.1712,6.8836],[80.1711,6.8834],[80.1706,6.8834],[80.1702,6.8829],[80.1702,6.8816],[80.1697,6.8798],[80.1699,6.8791],[80.1697,6.8786],[80.1697,6.8773],[80.1695,6.8769],[80.1697,6.876],[80.1696,6.875],[80.1705,6.8732],[80.1709,6.8727],[80.1711,6.872],[80.1704,6.872],[80.1702,6.8714],[80.1703,6.8701],[80.1695,6.8693],[80.1695,6.8688],[80.1699,6.8682],[80.1695,6.8672],[80.1696,6.8649],[80.1694,6.8639],[80.1684,6.863],[80.1683,6.8623]]]}},{"type":"Feature","properties":{"osm_id":"175858309","code":8101,"fclass":"river","width":0,"name":null},"geometry":{"type":"MultiLineString","coordinates":[[[80.2066,6.3598],[80.2065,6.3599]]]}},{"type":"Feature","properties":{"osm_id":"198592211","code":8101,"fclass":"river","width":8,"name":"Wakoya"},"geometry":{"type":"MultiLineString","coordinates":[[[80.1767,6.8533],[80.1762,6.854],[80.1755,6.8545],[80.1741,6.8552],[80.1739,6.8554],[80.1741,6.8562],[80.1739,6.8566],[80.1727,6.8572],[80.1723,6.8578],[80.1719,6.858],[80.1711,6.8578],[80.1705,6.8579],[80.1697,6.8584],[80.1693,6.8596],[80.1691,6.8606],[80.1692,6.8609],[80.169,6.8611],[80.1691,6.8615],[80.1688,6.8622],[80.1683,6.8623],[80.1682,6.8622],[80.1674,6.8621],[80.1664,6.8625],[80.1654,6.8627],[80.1644,6.8626],[80.1641,6.8625],[80.164,6.8618],[80.1635,6.8616],[80.1634,6.8619],[80.1597,6.8652],[80.1587,6.8654],[80.1571,6.8654],[80.154,6.8647],[80.1538,6.8648],[80.1538,6.865],[80.1545,6.8656],[80.1549,6.8662],[80.155,6.8665],[80.1546,6.867],[80.1543,6.8671],[80.1538,6.8667],[80.152,6.8661],[80.1516,6.8658],[80.1501,6.8668],[80.1493,6.8667],[80.1488,6.8673],[80.1483,6.8694],[80.1475,6.8701],[80.1472,6.8714],[80.1467,6.8716],[80.1464,6.8722],[80.1462,6.8748],[80.1448,6.8753],[80.1432,6.8762],[80.143,6.8768],[80.1428,6.8783],[80.1426,6.8785],[80.1422,6.8785],[80.1417,6.8778],[80.1414,6.8778],[80.1395,6.8789],[80.1384,6.88],[80.1366,6.88],[80.136,6.8805],[80.1354,6.8815],[80.1348,6.8817],[80.1338,6.8819],[80.1332,6.8828],[80.1304,6.8845],[80.1269,6.8862],[80.1261,6.8882],[80.1249,6.8884],[80.1246,6.8887],[80.1242,6.8901],[80.1243,6.8909],[80.1254,6.8929],[80.1251,6.8936],[80.1246,6.8942],[80.1236,6.8973],[80.123,6.8976],[80.1226,6.8985],[80.1229,6.8995],[80.1228,6.9],[80.1214,6.9031],[80.1211,6.9037],[80.1206,6.9038],[80.1198,6.903],[80.1181,6.9026],[80.115,6.9029],[80.1146,6.9027],[80.114,6.9016],[80.1135,6.9016],[80.1129,6.902],[80.1128,6.9025],[80.1139,6.9032],[80.1138,6.9035],[80.1121,6.9046],[80.112,6.9048],[80.1122,6.9057],[80.1118,6.9078],[80.1114,6.9091],[80.1112,6.9092],[80.11,6.9092],[80.1096,6.9097],[80.1095,6.911],[80.1082,6.9112],[80.1067,6.9111],[80.1057,6.9107],[80.1054,6.9108],[80.1049,6.9118],[80.1045,6.9118],[80.1026,6.9124],[80.1011,6.9118],[80.1009,6.9122],[80.1011,6.9127],[80.1016,6.9126],[80.1026,6.9134],[80.1026,6.9144],[80.1024,6.9146],[80.1018,6.9147],[80.101,6.9152],[80.1004,6.9154],[80.1002,6.9156],[80.1004,6.9165],[80.0992,6.9169],[80.0987,6.9175],[80.0983,6.9175],[80.0978,6.917],[80.0976,6.9163],[80.098,6.9159],[80.0981,6.9155],[80.098,6.9152],[80.0967,6.9148],[80.0965,6.9145],[80.0964,6.9139],[80.0958,6.9137],[80.0949,6.9138],[80.0942,6.9141],[80.0936,6.9141]]]}},{"type":"Feature","properties":{"osm_id":"205596181","code":8101,"fclass":"river","width":0,"name":null},"geometry":{"type":"MultiLineString","coordinates":[[[79.8609,7.1078],[79.8608,7.1083],[79.861,7.1088],[79.8616,7.1094],[79.8624,7.1097],[79.8629,7.1106],[79.8628,7.1108],[79.8616,7.1114],[79.8608,7.1122],[79.861,7.1124],[79.8621,7.1124],[79.8627,7.1127],[79.863,7.113],[79.8629,7.1133],[79.8624,7.1138],[79.8609,7.1145],[79.8605,7.1155],[79.86,7.1158],[79.8598,7.1162],[79.8598,7.1166],[79.8606,7.1173],[79.8608,7.1178],[79.8605,7.1195],[79.8606,7.1201],[79.8616,7.121],[79.8617,7.1214],[79.8619,7.1232],[79.8622,7.1241],[79.8624,7.1251],[79.8621,7.1255]]]}},{"type":"Feature","properties":{"osm_id":"233569962","code":8101,"fclass":"river","width":0,"name":"Maguru Ganga"},"geometry":{"type":"MultiLineString","coordinates":[[[80.2527,6.471],[80.2523,6.4726],[80.2523,6.4747],[80.2521,6.4753],[80.2509,6.4766],[80.2491,6.4781],[80.2489,6.4796],[80.2476,6.4804],[80.2476,6.4807],[80.2482,6.4808],[80.2484,6.481],[80.2488,6.483],[80.2476,6.4843],[80.2477,6.4847],[80.2476,6.4851],[80.2466,6.4859],[80.2466,6.4862],[80.2469,6.4866],[80.2467,6.487],[80.2458,6.4875],[80.2451,6.4876],[80.2448,6.488],[80.2447,6.4885],[80.2448,6.49],[80.2447,6.4926],[80.2442,6.4929],[80.2435,6.4931],[80.2432,6.4935],[80.243,6.4942],[80.2423,6.4951],[80.2419,6.4969],[80.2421,6.4982],[80.242,6.499],[80.2429,6.4991],[80.2432,6.4992],[80.2443,6.5008],[80.2439,6.5018],[80.2439,6.5028],[80.2434,6.5032],[80.2426,6.5053],[80.2428,6.5066],[80.243,6.5071],[80.2439,6.5077],[80.244,6.5081],[80.244,6.5088],[80.2437,6.5094],[80.2437,6.5098],[80.244,6.5103],[80.2438,6.5112],[80.2425,6.5114],[80.2424,6.512],[80.2437,6.5121],[80.244,6.5122],[80.2438,6.5134],[80.2442,6.5138],[80.2459,6.5145],[80.2474,6.5159],[80.2474,6.5163],[80.2472,6.5165],[80.2465,6.5168],[80.2464,6.5171],[80.2462,6.5184],[80.2463,6.5191],[80.2474,6.5216],[80.2479,6.522],[80.2501,6.5225],[80.2504,6.5233],[80.2503,6.5239],[80.2496,6.5253],[80.2489,6.5271],[80.2491,6.5277],[80.25,6.5278],[80.2501,6.5281],[80.2494,6.5297],[80.2488,6.5299],[80.2485,6.5304],[80.2471,6.5334],[80.246,6.5352],[80.2444,6.5355],[80.244,6.5358],[80.2438,6.5366],[80.2438,6.5387],[80.2434,6.5392],[80.2424,6.5397],[80.2419,6.5406],[80.2418,6.5407],[80.2411,6.5401],[80.241,6.5405],[80.2407,6.5408],[80.2404,6.5406],[80.2396,6.5413],[80.2393,6.5413],[80.2385,6.541],[80.2381,6.5412],[80.2352,6.5438],[80.2331,6.5441],[80.2326,6.5446],[80.2324,6.5454],[80.2325,6.5468],[80.2317,6.5476],[80.2315,6.5492],[80.2303,6.5511],[80.2299,6.5532],[80.2293,6.5536],[80.2291,6.5548],[80.2285,6.5555],[80.2284,6.5565],[80.2287,6.5596],[80.2285,6.56],[80.2261,6.5626],[80.225,6.5632],[80.2237,6.5641],[80.2235,6.5644],[80.2237,6.5646],[80.224,6.5649],[80.2246,6.5649],[80.2241,6.5669],[80.2229,6.5686],[80.2216,6.5699],[80.2212,6.5723],[80.2199,6.5735],[80.2203,6.5743],[80.2212,6.5751],[80.221,6.5753],[80.2198,6.5745],[80.2194,6.5744],[80.2187,6.5745],[80.2178,6.5753],[80.2179,6.5758],[80.2182,6.5763],[80.218,6.5769],[80.2174,6.5777],[80.2162,6.578],[80.2165,6.5807],[80.215,6.5816],[80.2144,6.5828],[80.2147,6.5843],[80.2141,6.5849],[80.2139,6.5856],[80.2138,6.5866],[80.214,6.5875],[80.2147,6.589],[80.2147,6.5894],[80.2129,6.5927],[80.213,6.5931],[80.2133,6.5932],[80.2144,6.5928],[80.2151,6.5929],[80.2167,6.5937],[80.2174,6.5943],[80.2175,6.5945],[80.2169,6.5951],[80.2167,6.5958],[80.2168,6.596],[80.2181,6.5966],[80.2186,6.5971],[80.2185,6.5976],[80.218,6.598],[80.2176,6.5987],[80.2175,6.5995],[80.2178,6.6013]]]}},{"type":"Feature","properties":{"osm_id":"240388647","code":8101,"fclass":"river","width":0,"name":null},"geometry":{"type":"MultiLineString","coordinates":[[[79.9582,6.666],[79.9587,6.666],[79.9589,6.6662],[79.9593,6.6668],[79.9593,6.6671],[79.9598,6.6676],[79.9608,6.6675],[79.9634,6.6678],[79.9644,6.6682],[79.9649,6.6687],[79.9654,6.6695],[79.9658,6.6698]]]}},{"type":"Feature","properties":{"osm_id":"240388654","code":8101,"fclass":"river","width":0,"name":null},"geometry":{"type":"MultiLineString","coordinates":[[[79.9683,6.6835],[79.9622,6.6753],[79.958,6.6657],[79.9573,6.6648],[79.9571,6.6635],[79.9564,6.6626],[79.9555,6.6618],[79.9549,6.6608],[79.9546,6.6602],[79.954,6.6598],[79.9537,6.6588],[79.9522,6.6565],[79.9515,6.6546],[79.9511,6.6542],[79.9493,6.6529],[79.9486,6.6511],[79.9478,6.65],[79.9486,6.6477],[79.9489,6.6447],[79.9489,6.6434],[79.9493,6.642],[79.9494,6.6413],[79.9501,6.6407],[79.9549,6.6391],[79.9563,6.6382],[79.9566,6.6375],[79.9573,6.6348],[79.9573,6.6326]]]}},{"type":"Feature","properties":{"osm_id":"287035817","code":8101,"fclass":"river","width":15,"name":"Pussali oya"},"geometry":{"type":"MultiLineString","coordinates":[[[80.0956,6.8443],[80.0953,6.8444],[80.095,6.8439],[80.0946,6.8444],[80.094,6.8442],[80.0935,6.8443],[80.0932,6.8446],[80.0927,6.8442],[80.0929,6.8438],[80.0926,6.8436],[80.0918,6.8442],[80.0916,6.8442],[80.0911,6.8446],[80.0903,6.8449],[80.0895,6.8449],[80.0892,6.8455],[80.0889,6.8455],[80.0877,6.845],[80.0877,6.8447],[80.0885,6.8445],[80.0885,6.8443],[80.088,6.8442],[80.0856,6.8444],[80.0852,6.8443],[80.085,6.8439],[80.0847,6.8441],[80.0848,6.8444],[80.0846,6.8444]]]}},{"type":"Feature","properties":{"osm_id":"287247224","code":8101,"fclass":"river","width":0,"name":null},"geometry":{"type":"MultiLineString","coordinates":[[[80.0034,6.8079],[80.0034,6.8073],[80.0027,6.807],[80.0025,6.8064],[80.0021,6.806],[80.0025,6.8058],[80.0024,6.8055],[80.0018,6.8051],[80.0016,6.8052],[80.0014,6.8049],[80.0012,6.8036],[80.0007,6.8029],[80.0003,6.8015],[80.0003,6.8008],[80.0006,6.7997],[80.0002,6.7987],[79.9988,6.7977],[79.9983,6.7971],[79.9968,6.7968],[79.996,6.7968],[79.9956,6.797],[79.9953,6.7968],[79.9949,6.7969],[79.9948,6.7966],[79.9939,6.7964],[79.9931,6.7968],[79.9923,6.7975],[79.9913,6.7978]]]}},{"type":"Feature","properties":{"osm_id":"287420422","code":8101,"fclass":"river","width":0,"name":null},"geometry":{"type":"MultiLineString","coordinates":[[[80.0152,6.9925],[80.0144,6.9925],[80.0137,6.9921],[80.0136,6.9911],[80.0132,6.991],[80.0129,6.9903],[80.0127,6.9902],[80.0121,6.9902],[80.0116,6.9894],[80.0113,6.9894],[80.011,6.9889],[80.0108,6.9883],[80.0099,6.988],[80.0099,6.9877],[80.0096,6.9872],[80.0088,6.9868],[80.0086,6.9863],[80.0081,6.9858],[80.0072,6.9854],[80.0068,6.9848],[80.0062,6.9847],[80.0057,6.9842],[80.0057,6.9838],[80.0046,6.983],[80.0045,6.9825],[80.0034,6.9813],[80.0032,6.9806],[80.0028,6.9805],[80.0023,6.98],[80.0013,6.9775],[80.0008,6.9772],[80.0004,6.9761],[79.9996,6.9754],[79.999,6.9745],[79.9987,6.9736],[79.9987,6.9728],[79.9978,6.9715],[79.9967,6.9703],[79.9967,6.9699],[79.9963,6.9697],[79.9959,6.9684],[79.9959,6.9671],[79.9962,6.9658],[79.9956,6.9649],[79.9953,6.9649],[79.9949,6.9645],[79.995,6.9641],[79.9948,6.9637],[79.9945,6.9636],[79.9947,6.9629],[79.9942,6.9626],[79.994,6.9624],[79.9937,6.9623],[79.9936,6.9619],[79.9934,6.9619],[79.9932,6.9623],[79.9929,6.9621],[79.9928,6.9616],[79.9932,6.9608],[79.9932,6.9601],[79.9931,6.9598],[79.9933,6.9598],[79.9935,6.9594],[79.9928,6.9579],[79.9918,6.9574],[79.9917,6.9568],[79.9914,6.9568],[79.9911,6.9563],[79.9908,6.9552],[79.9912,6.9551],[79.9913,6.9548],[79.9906,6.9547],[79.9907,6.9543],[79.9903,6.954],[79.9897,6.9544],[79.9892,6.9543],[79.9883,6.9544],[79.9883,6.9547],[79.9891,6.9547],[79.9889,6.9552],[79.9886,6.9554],[79.9889,6.9562],[79.9879,6.9562],[79.9878,6.9567]]]}},{"type":"Feature","properties":{"osm_id":"287420424","code":8101,"fclass":"river","width":0,"name":null},"geometry":{"type":"MultiLineString","coordinates":[[[79.9878,6.9567],[79.9877,6.957],[79.9873,6.957],[79.9857,6.9576],[79.9855,6.9575]]]}},{"type":"Feature","properties":{"osm_id":"287420615","code":8101,"fclass":"river","width":0,"name":null},"geometry":{"type":"MultiLineString","coordinates":[[[79.9855,6.9575],[79.9852,6.9571],[79.984,6.9568],[79.9833,6.957],[79.9826,6.9575],[79.982,6.9575],[79.9818,6.9576],[79.9789,6.9561],[79.9778,6.9562],[79.978,6.9556],[79.9773,6.9553],[79.9771,6.9542],[79.9776,6.9536]]]}},{"type":"Feature","properties":{"osm_id":"287473998","code":8101,"fclass":"river","width":0,"name":null},"geometry":{"type":"MultiLineString","coordinates":[[[79.9913,6.7978],[79.991,6.7981],[79.9901,6.7976],[79.989,6.7977],[79.9889,6.7975],[79.9886,6.7974],[79.9884,6.7976],[79.9883,6.7972],[79.9879,6.7972],[79.9876,6.7975],[79.987,6.7976],[79.9866,6.7973],[79.9864,6.7968],[79.9855,6.7973]]]}},{"type":"Feature","properties":{"osm_id":"287474004","code":8101,"fclass":"river","width":0,"name":null},"geometry":{"type":"MultiLineString","coordinates":[[[79.9855,6.7973],[79.9846,6.7977],[79.9844,6.797],[79.9835,6.7965],[79.9835,6.795],[79.9832,6.7944],[79.9834,6.7937]]]}},{"type":"Feature","properties":{"osm_id":"287474006","code":8101,"fclass":"river","width":0,"name":null},"geometry":{"type":"MultiLineString","coordinates":[[[79.9834,6.7937],[79.983,6.7933],[79.9829,6.7925],[79.9825,6.7922],[79.9818,6.7888],[79.9806,6.7884],[79.9804,6.7881]]]}},{"type":"Feature","properties":{"osm_id":"287474009","code":8101,"fclass":"river","width":0,"name":null},"geometry":{"type":"MultiLineString","coordinates":[[[79.9804,6.7881],[79.98,6.7874],[79.9802,6.7868],[79.98,6.7864],[79.9801,6.7859],[79.9798,6.7844]]]}},{"type":"Feature","properties":{"osm_id":"287474011","code":8101,"fclass":"river","width":0,"name":null},"geometry":{"type":"MultiLineString","coordinates":[[[79.9798,6.7844],[79.9795,6.7825],[79.9792,6.7823],[79.979,6.7819],[79.979,6.7816],[79.9795,6.7812],[79.9794,6.7805],[79.9798,6.7798],[79.9798,6.7783]]]}},{"type":"Feature","properties":{"osm_id":"287474013","code":8101,"fclass":"river","width":0,"name":null},"geometry":{"type":"MultiLineString","coordinates":[[[79.9798,6.7783],[79.9788,6.7765],[79.9783,6.7762],[79.9782,6.7759],[79.978,6.7751],[79.9781,6.7745],[79.9778,6.7735],[79.978,6.7724],[79.9776,6.772],[79.9777,6.7715],[79.9768,6.7711],[79.9767,6.7706],[79.9764,6.7703],[79.9761,6.7698],[79.9761,6.7692],[79.9749,6.769],[79.9743,6.7686]]]}},{"type":"Feature","properties":{"osm_id":"287474015","code":8101,"fclass":"river","width":0,"name":null},"geometry":{"type":"MultiLineString","coordinates":[[[79.9743,6.7686],[79.9712,6.769],[79.9702,6.7681],[79.968,6.7682]]]}},{"type":"Feature","properties":{"osm_id":"287474017","code":8101,"fclass":"river","width":0,"name":null},"geometry":{"type":"MultiLineString","coordinates":[[[79.968,6.7682],[79.9655,6.7691],[79.9648,6.7695],[79.963,6.7691],[79.9617,6.7693],[79.961,6.7691],[79.9608,6.7679],[79.9595,6.7678],[79.9579,6.7671]]]}},{"type":"Feature","properties":{"osm_id":"287474019","code":8101,"fclass":"river","width":0,"name":null},"geometry":{"type":"MultiLineString","coordinates":[[[79.9579,6.7671],[79.9576,6.7667],[79.9569,6.7666],[79.9569,6.7661],[79.9568,6.766],[79.9564,6.766],[79.956,6.7665],[79.9558,6.7666],[79.9554,6.7657],[79.9549,6.7653],[79.9543,6.7662],[79.9534,6.7665],[79.9532,6.7663],[79.9528,6.7651],[79.9522,6.7641],[79.9501,6.7633],[79.9489,6.7625]]]}},{"type":"Feature","properties":{"osm_id":"287474021","code":8101,"fclass":"river","width":0,"name":null},"geometry":{"type":"MultiLineString","coordinates":[[[79.9489,6.7625],[79.9484,6.7579],[79.9482,6.7571],[79.9472,6.7557],[79.9473,6.7531],[79.9472,6.7526],[79.9466,6.7522],[79.9458,6.7498],[79.9455,6.7495],[79.945,6.7494],[79.9444,6.7495],[79.9436,6.7491],[79.9426,6.7493],[79.9419,6.7492],[79.939,6.7485],[79.9386,6.7481],[79.9384,6.7474]]]}},{"type":"Feature","properties":{"osm_id":"308675857","code":8101,"fclass":"river","width":4,"name":null},"geometry":{"type":"MultiLineString","coordinates":[[[80.2229,6.9439],[80.2229,6.9441]],[[80.2227,6.9447],[80.2226,6.9449]],[[80.2227,6.9455],[80.2229,6.9457]],[[80.2226,6.9478],[80.2228,6.948]],[[80.2229,6.9484],[80.223,6.9486]],[[80.223,6.9495],[80.223,6.9496]],[[80.2222,6.9512],[80.2222,6.9514]],[[80.2209,6.9521],[80.2209,6.9521]]]}},{"type":"Feature","properties":{"osm_id":"342752977","code":8101,"fclass":"river","width":40,"name":"Ma Oya"},"geometry":{"type":"MultiLineString","coordinates":[[[80.1517,7.298],[80.1512,7.2983]],[[80.1465,7.3005],[80.1452,7.3021]],[[80.1438,7.3034],[80.1437,7.3036]],[[80.1432,7.3044],[80.1432,7.3045]],[[80.1467,7.3087],[80.1479,7.3099],[80.1486,7.311],[80.149,7.312]],[[80.1487,7.3129],[80.1479,7.3137],[80.1467,7.3142]],[[80.1457,7.3148],[80.1453,7.3151]],[[80.1452,7.3152],[80.144,7.3165]],[[80.1431,7.3175],[80.1427,7.3178]],[[80.1394,7.323],[80.1319,7.3274]],[[80.1311,7.3278],[80.1271,7.3293]],[[80.1268,7.3295],[80.1244,7.3303]],[[80.1242,7.3303],[80.1239,7.3302],[80.1233,7.3298],[80.1217,7.3277],[80.1201,7.3266]],[[80.1198,7.3263],[80.1185,7.3256]],[[80.1142,7.3242],[80.1136,7.3241]],[[80.1101,7.3226],[80.108,7.3213],[80.107,7.3205],[80.1059,7.3191]],[[80.1055,7.3187],[80.1045,7.3175],[80.1038,7.3168]],[[80.1035,7.3152],[80.1035,7.3146],[80.1033,7.3144]],[[80.1012,7.3123],[80.1008,7.312],[80.0997,7.3123]],[[80.0984,7.3115],[80.0978,7.3109]],[[80.0961,7.3096],[80.0953,7.3084]],[[80.0914,7.3064],[80.0903,7.3057]],[[80.0874,7.3036],[80.0872,7.3035]],[[80.087,7.3036],[80.0869,7.3036]],[[80.084,7.3048],[80.0839,7.3047]],[[80.083,7.3037],[80.0825,7.3024],[80.0829,7.3004],[80.0825,7.2991]],[[80.0815,7.2976],[80.0815,7.2976]],[[80.079,7.2962],[80.0757,7.2938]],[[80.0613,7.2848],[80.0609,7.2846]],[[80.0599,7.2841],[80.0593,7.2838]],[[80.0534,7.2873],[80.0535,7.2891],[80.0534,7.29],[80.0531,7.2908],[80.0496,7.2935]],[[80.0475,7.2953],[80.0473,7.2955]],[[80.0471,7.2972],[80.0474,7.2985]],[[80.0474,7.2986],[80.0473,7.2992]],[[80.0454,7.2999],[80.0435,7.3001]],[[80.0434,7.3001],[80.0427,7.3003],[80.0391,7.3032]],[[80.036,7.3034],[80.0341,7.3026],[80.0328,7.3018],[80.0319,7.3016],[80.0314,7.302]],[[80.03,7.307],[80.0298,7.308]],[[80.0294,7.309],[80.029,7.3096]],[[80.028,7.3103],[80.028,7.3104]],[[80.0247,7.3128],[80.0248,7.3138]],[[80.027,7.3157],[80.0274,7.3163]],[[80.0248,7.3177],[80.0241,7.3175]],[[80.0217,7.3177],[80.0215,7.3177]],[[80.0213,7.3177],[80.0202,7.3175]],[[80.02,7.3174],[80.0183,7.3164],[80.017,7.3151],[80.0161,7.3145]],[[80.0148,7.315],[80.0144,7.3167],[80.0121,7.3171]],[[80.0092,7.3203],[80.0091,7.3209],[80.0087,7.3215],[80.0071,7.3214]],[[80.0056,7.3201],[80.0055,7.3184],[80.0049,7.316]],[[80.0044,7.315],[80.0042,7.3146],[80.0037,7.3146]],[[80.0007,7.3148],[79.9995,7.3145],[79.9979,7.3134],[79.9961,7.3107],[79.9953,7.3099],[79.9942,7.3094],[79.9903,7.3085],[79.9891,7.3079],[79.9884,7.3069],[79.9884,7.3057],[79.989,7.3052],[79.9896,7.3051]],[[79.9909,7.3051],[79.9918,7.3052]],[[79.9944,7.3054],[79.9949,7.3047],[79.9949,7.3043],[79.9939,7.3033]],[[79.9935,7.3031],[79.9918,7.3035],[79.99,7.3034],[79.989,7.3032],[79.9877,7.3019],[79.9867,7.3015],[79.9856,7.3014]],[[79.9846,7.3015],[79.983,7.3017],[79.9819,7.3015],[79.9805,7.3002],[79.9796,7.2988],[79.9792,7.2977],[79.9783,7.2938],[79.978,7.2932],[79.9772,7.2926]],[[79.9762,7.2923],[79.9757,7.2923],[79.9736,7.2931],[79.9728,7.2932],[79.9721,7.2929],[79.971,7.2917]],[[79.9701,7.2905],[79.9691,7.2896],[79.9682,7.2893],[79.9666,7.2894],[79.9657,7.2895],[79.9648,7.29]],[[79.9639,7.2907],[79.9628,7.292]],[[79.9605,7.2936],[79.9603,7.2937]],[[79.959,7.294],[79.9574,7.2941],[79.9567,7.2938],[79.9566,7.2932],[79.9572,7.2914],[79.957,7.2907]],[[79.9525,7.2903],[79.9518,7.2903],[79.9511,7.2899],[79.9507,7.2888],[79.9508,7.288],[79.9512,7.2874],[79.9513,7.2866],[79.9516,7.2858],[79.9528,7.2846],[79.9542,7.284]],[[79.9547,7.2838],[79.9559,7.2833],[79.956,7.2829]],[[79.9506,7.2809],[79.9493,7.281],[79.9481,7.2805],[79.9469,7.279]],[[79.9469,7.279],[79.9468,7.2784],[79.9471,7.2775],[79.9478,7.2767],[79.9477,7.2763],[79.947,7.2759],[79.9467,7.2752],[79.9466,7.2745],[79.9462,7.2741]],[[79.9383,7.2808],[79.9375,7.2806],[79.937,7.2798],[79.9361,7.2789]],[[79.9254,7.2843],[79.9249,7.2845]],[[79.9245,7.2846],[79.9238,7.2844],[79.9234,7.284],[79.9232,7.2836],[79.9232,7.2822],[79.925,7.2789],[79.9279,7.2758],[79.9286,7.2745],[79.9287,7.2735],[79.9286,7.2729],[79.9284,7.2725],[79.9279,7.2725],[79.927,7.2717]],[[79.927,7.2717],[79.9263,7.2713],[79.9258,7.2712]],[[79.9255,7.2712],[79.9254,7.2712]],[[79.9234,7.2783],[79.9221,7.2779]],[[79.9213,7.2775],[79.9205,7.2769]],[[79.9159,7.277],[79.9156,7.277],[79.9148,7.2753],[79.9149,7.2744]],[[79.9154,7.2736],[79.9162,7.2727],[79.9166,7.2721],[79.9167,7.2716],[79.9165,7.2703],[79.9157,7.2693],[79.9149,7.2685],[79.9131,7.2677],[79.9105,7.267],[79.9084,7.2652],[79.9077,7.2651],[79.9069,7.2653],[79.9061,7.2657],[79.9058,7.2662]],[[79.9054,7.2667],[79.9054,7.2667]],[[79.9067,7.2802],[79.9066,7.2795],[79.907,7.278],[79.9071,7.2762]],[[79.907,7.2758],[79.9069,7.2749],[79.9063,7.2742],[79.9055,7.2738],[79.905,7.2737],[79.9038,7.2742],[79.9035,7.2744]],[[79.9024,7.2757],[79.9021,7.2767]],[[79.9005,7.2811],[79.8999,7.2813],[79.8994,7.2813],[79.8989,7.281],[79.8987,7.2802],[79.899,7.2777],[79.8992,7.2771],[79.8992,7.2766],[79.899,7.2759],[79.8985,7.2753],[79.8978,7.275]],[[79.8947,7.2744],[79.8938,7.2743]],[[79.8832,7.2763],[79.8823,7.2774],[79.8818,7.2787]],[[79.8807,7.2805],[79.8805,7.2807]],[[79.8742,7.2827],[79.8723,7.2819]],[[79.8718,7.2815],[79.8717,7.2815]],[[79.8701,7.2777],[79.8701,7.2766]],[[79.8695,7.2752],[79.8685,7.2731]],[[79.8676,7.2719],[79.8673,7.2716]],[[79.8667,7.2711],[79.8661,7.2709],[79.8655,7.2708]],[[79.8639,7.2707],[79.8609,7.27]],[[79.8602,7.2699],[79.8592,7.2701],[79.8582,7.2711]],[[79.8578,7.272],[79.8576,7.2723]],[[79.8566,7.2752],[79.8564,7.2755]],[[79.856,7.276],[79.8559,7.2761]],[[79.8524,7.2747],[79.8528,7.2741],[79.8527,7.2735],[79.8524,7.2729],[79.8517,7.2725],[79.8499,7.2722]],[[79.8477,7.2722],[79.8437,7.2725],[79.8425,7.2719]]]}},{"type":"Feature","properties":{"osm_id":"354982379","code":8101,"fclass":"river","width":0,"name":null},"geometry":{"type":"MultiLineString","coordinates":[[[79.9778,6.9533],[79.9783,6.9533],[79.978,6.9526],[79.9782,6.9519],[79.9778,6.9512],[79.978,6.9503],[79.9784,6.9498],[79.979,6.9482],[79.9793,6.948],[79.9792,6.9476],[79.9782,6.9474],[79.9775,6.9471],[79.977,6.9477],[79.9767,6.9477],[79.9762,6.9469],[79.9767,6.9463],[79.9766,6.9459],[79.9768,6.9455],[79.9764,6.9449],[79.9764,6.9445],[79.9761,6.944],[79.976,6.9436],[79.9755,6.9433],[79.9756,6.9425],[79.9752,6.9426],[79.9748,6.9423],[79.9745,6.9417],[79.974,6.9417],[79.9734,6.9412],[79.9722,6.9416],[79.9719,6.9416],[79.9716,6.9412],[79.9718,6.9408],[79.9715,6.9404],[79.9712,6.9404],[79.9713,6.9407],[79.971,6.9407],[79.97,6.9401],[79.9706,6.9396],[79.9704,6.9393],[79.9697,6.9393],[79.9695,6.9398],[79.9692,6.9398],[79.9692,6.9388],[79.9688,6.9383]]]}},{"type":"Feature","properties":{"osm_id":"358218709","code":8101,"fclass":"river","width":0,"name":"Bentota"},"geometry":{"type":"MultiLineString","coordinates":[[[80.1055,6.3904],[80.1054,6.3904]]]}},{"type":"Feature","properties":{"osm_id":"358218710","code":8101,"fclass":"river","width":0,"name":"Bentota"},"geometry":{"type":"MultiLineString","coordinates":[[[80.1054,6.3904],[80.1035,6.3912]],[[80.1014,6.3924],[80.0989,6.3938]],[[80.0987,6.3939],[80.0951,6.3956]],[[80.095,6.3957],[80.0928,6.3976]],[[80.0907,6.3992],[80.0898,6.3997]],[[80.0805,6.4017],[80.0801,6.4016]],[[80.0784,6.4007],[80.0782,6.4006],[80.0779,6.3999]],[[80.0755,6.3982],[80.0752,6.3981]],[[80.0746,6.3979],[80.0722,6.3976],[80.0712,6.3976]],[[80.0696,6.398],[80.0681,6.3988]],[[80.0669,6.3997],[80.0659,6.4011]],[[80.0656,6.402],[80.0651,6.4039],[80.0647,6.4044]],[[80.0625,6.4074],[80.0621,6.4077]],[[80.0599,6.4085],[80.0594,6.4087],[80.0585,6.4084]],[[80.0564,6.4083],[80.0557,6.4085],[80.0526,6.4118]],[[80.0493,6.4143],[80.0488,6.4146],[80.048,6.4148]],[[80.0454,6.4153],[80.0427,6.4157],[80.0417,6.4161]],[[80.0412,6.4165],[80.0408,6.4172],[80.0391,6.4186]],[[80.0386,6.419],[80.0379,6.4196],[80.0364,6.4195],[80.0342,6.4199],[80.0306,6.4194]],[[80.0302,6.4195],[80.0293,6.4199]],[[80.0283,6.4206],[80.0277,6.4213]],[[80.0227,6.4315],[80.0212,6.4324]],[[80.0198,6.4332],[80.0147,6.4357]],[[80.0131,6.4365],[80.0129,6.4366]],[[80.0064,6.4362],[80.0059,6.4354]],[[80.0053,6.4343],[80.0048,6.4331],[80.0041,6.4294],[80.003,6.4279],[80.0019,6.4271]],[[79.9997,6.4264],[79.9972,6.4274],[79.9963,6.4285]],[[79.9955,6.4315],[79.9953,6.432]],[[79.9938,6.4359],[79.9938,6.436]],[[79.9905,6.441],[79.9903,6.4411]]]}},{"type":"Feature","properties":{"osm_id":"360008567","code":8101,"fclass":"river","width":0,"name":null},"geometry":{"type":"MultiLineString","coordinates":[[[79.892,6.9201],[79.8915,6.9208],[79.8911,6.921],[79.8911,6.9213],[79.8915,6.9214],[79.8914,6.9218],[79.8914,6.9224],[79.891,6.9236]]]}},{"type":"Feature","properties":{"osm_id":"362361136","code":8101,"fclass":"river","width":50,"name":"Kelani Ganga"},"geometry":{"type":"MultiLineString","coordinates":[[[79.8784,6.9631],[79.8792,6.9654],[79.8822,6.9687],[79.8835,6.9706],[79.8843,6.9722],[79.8849,6.9738],[79.885,6.9751],[79.8849,6.9764],[79.8843,6.978],[79.8834,6.9792],[79.8819,6.9805],[79.8805,6.9812],[79.8794,6.9814],[79.8772,6.9808],[79.874,6.9807],[79.8699,6.9791]]]}},{"type":"Feature","properties":{"osm_id":"368724844","code":8101,"fclass":"river","width":10,"name":"Arukwathu Oya"},"geometry":{"type":"MultiLineString","coordinates":[[[80.0846,6.8444],[80.0844,6.8441],[80.0843,6.8441],[80.0839,6.8445],[80.084,6.8447],[80.0838,6.8449],[80.0832,6.8452],[80.0829,6.8451],[80.0827,6.8452],[80.0826,6.8456],[80.0819,6.8461],[80.0809,6.8457],[80.0805,6.8459],[80.0793,6.8456],[80.0792,6.8458],[80.0795,6.8461],[80.0792,6.8465]]]}},{"type":"Feature","properties":{"osm_id":"368724845","code":8101,"fclass":"river","width":0,"name":"Pussweli Oya"},"geometry":{"type":"MultiLineString","coordinates":[[[80.0696,6.8233],[80.069,6.822],[80.0691,6.821],[80.07,6.8186],[80.07,6.8178],[80.0704,6.8169],[80.0703,6.8159],[80.0712,6.8145],[80.0713,6.8139],[80.072,6.8125],[80.0723,6.8121],[80.0727,6.8121],[80.0736,6.8124],[80.0747,6.813],[80.0747,6.8135],[80.075,6.8138],[80.0752,6.8146],[80.0757,6.815],[80.0761,6.8157],[80.0768,6.8161],[80.0772,6.816],[80.0794,6.8169],[80.0804,6.8168],[80.0805,6.817],[80.0813,6.8172],[80.0813,6.8175],[80.0819,6.8179],[80.082,6.8182],[80.0819,6.8187],[80.0816,6.8188],[80.0814,6.8191],[80.0814,6.8198],[80.0817,6.82],[80.0818,6.8205],[80.0816,6.8211],[80.0818,6.8214],[80.0815,6.8218],[80.0817,6.823],[80.0822,6.8233],[80.0822,6.8235],[80.0826,6.8237],[80.0831,6.8247],[80.0837,6.8251],[80.0839,6.8258],[80.0845,6.8268],[80.0845,6.827],[80.0846,6.8272],[80.0846,6.8276],[80.0849,6.8286],[80.0843,6.8287],[80.0844,6.8291],[80.0849,6.8307],[80.0847,6.8312],[80.0848,6.8314],[80.0851,6.8318],[80.0849,6.8326],[80.0849,6.8337],[80.0846,6.8338],[80.0843,6.8344],[80.0845,6.8346],[80.0844,6.8351],[80.0848,6.8351],[80.0841,6.8373],[80.0837,6.8377],[80.0832,6.8379],[80.0825,6.8393],[80.0822,6.8394],[80.0818,6.8393],[80.0816,6.8394],[80.081,6.8411],[80.0814,6.8415],[80.0812,6.8418],[80.0812,6.8421],[80.0806,6.8425],[80.0806,6.8427],[80.0803,6.8427],[80.0802,6.8428],[80.0803,6.8432],[80.0798,6.8433],[80.0798,6.844],[80.0795,6.8439],[80.0793,6.844],[80.0791,6.8446],[80.0793,6.8449],[80.0786,6.8455],[80.0785,6.8458],[80.0793,6.8467],[80.0792,6.8469],[80.0786,6.8471],[80.0785,6.8473],[80.0787,6.8484],[80.0784,6.849],[80.0782,6.8501],[80.0788,6.8515],[80.0786,6.8528],[80.0789,6.854],[80.08,6.8551],[80.08,6.8553],[80.08,6.8556],[80.0795,6.8563],[80.0797,6.8569],[80.0795,6.8572],[80.0787,6.8575],[80.0787,6.8582],[80.0784,6.8587],[80.0791,6.8586],[80.0795,6.8596],[80.0794,6.8608],[80.0792,6.8615],[80.0795,6.8621],[80.0799,6.8623],[80.0801,6.8626],[80.0797,6.8631],[80.08,6.864],[80.0798,6.8644],[80.0801,6.865],[80.08,6.8658],[80.0797,6.8661],[80.079,6.8663],[80.0788,6.8665],[80.0779,6.869],[80.0755,6.8726],[80.0747,6.8741],[80.0742,6.8735],[80.0738,6.8737],[80.0737,6.874],[80.0738,6.8745],[80.0733,6.8747],[80.073,6.8754],[80.0734,6.876],[80.0732,6.877],[80.0725,6.877],[80.0722,6.8773],[80.0723,6.8777],[80.0728,6.8779],[80.0727,6.8783],[80.0729,6.879],[80.0728,6.8791],[80.0722,6.8795],[80.0722,6.8799],[80.0717,6.8809],[80.072,6.8818],[80.0721,6.8836],[80.0728,6.884],[80.0729,6.8843],[80.0728,6.8849],[80.0723,6.8852],[80.0714,6.885],[80.0711,6.8852],[80.0705,6.8873],[80.0707,6.8883],[80.07,6.8885],[80.0699,6.8894],[80.0706,6.8899],[80.0706,6.8908],[80.0709,6.8913],[80.0703,6.8915],[80.0696,6.8923],[80.0694,6.8927],[80.0699,6.8931],[80.0694,6.8933],[80.0695,6.8939],[80.0691,6.8945],[80.0694,6.8954],[80.0692,6.8959],[80.0696,6.8964],[80.0694,6.8968],[80.0687,6.8971],[80.0683,6.8976],[80.0686,6.898],[80.0681,6.8981],[80.0681,6.8983],[80.0686,6.8988],[80.0678,6.8986],[80.068,6.8993],[80.0676,6.9],[80.0677,6.9001],[80.0682,6.8999],[80.0686,6.8999],[80.0682,6.9005],[80.0682,6.9011],[80.0678,6.9012],[80.0676,6.9011],[80.0673,6.9005],[80.0672,6.9004],[80.0669,6.9008],[80.067,6.9014],[80.0672,6.9015],[80.0679,6.9016],[80.0679,6.9018],[80.0675,6.9019],[80.0667,6.9018],[80.0664,6.902],[80.0667,6.9028],[80.0673,6.9032],[80.0673,6.9034],[80.0669,6.9037],[80.0659,6.9032],[80.0658,6.9034],[80.0661,6.9041],[80.0657,6.9048],[80.0662,6.9051],[80.0662,6.9055],[80.0657,6.9057],[80.0662,6.9065],[80.0663,6.9068],[80.0657,6.9074],[80.065,6.9086],[80.0643,6.9079],[80.0646,6.9074],[80.0646,6.9072],[80.0643,6.907],[80.064,6.907],[80.0632,6.9079],[80.0629,6.9077],[80.0622,6.908]]]}},{"type":"Feature","properties":{"osm_id":"369442869","code":8101,"fclass":"river","width":5,"name":null},"geometry":{"type":"MultiLineString","coordinates":[[[80.1631,6.9013],[80.1624,6.9016],[80.1616,6.9016],[80.1597,6.9012],[80.1589,6.9012],[80.1569,6.9019],[80.1551,6.902],[80.1531,6.9024],[80.1525,6.9022],[80.1522,6.9018],[80.1522,6.9007],[80.1517,6.8997],[80.1515,6.899],[80.1516,6.8982],[80.1519,6.8979],[80.1516,6.8974],[80.1519,6.8969],[80.1517,6.8931],[80.1519,6.8929],[80.1518,6.8925],[80.1514,6.8923],[80.1512,6.892],[80.1512,6.8911],[80.1509,6.8912],[80.1489,6.8909],[80.1481,6.8902],[80.1471,6.8898],[80.1463,6.8902],[80.1453,6.8911],[80.1452,6.8918],[80.1447,6.8921],[80.1447,6.8923],[80.1451,6.8923],[80.1452,6.8926],[80.1442,6.8928],[80.1438,6.8931],[80.1427,6.8931],[80.1424,6.8935],[80.142,6.8937],[80.1417,6.8942],[80.141,6.8942],[80.1409,6.8947],[80.1403,6.8949],[80.1404,6.8964],[80.1399,6.8964],[80.1398,6.8967],[80.139,6.8965],[80.1375,6.8967],[80.1366,6.8973],[80.1346,6.8978],[80.1341,6.8985],[80.1333,6.8989],[80.1317,6.8991],[80.1308,6.8995],[80.1309,6.9005],[80.1311,6.9011],[80.131,6.9015],[80.1311,6.9019],[80.1307,6.9022],[80.1308,6.9028],[80.1304,6.9034],[80.1307,6.904],[80.1306,6.9048],[80.1309,6.9049],[80.1312,6.9054],[80.1304,6.9066]]]}},{"type":"Feature","properties":{"osm_id":"369443316","code":8101,"fclass":"river","width":7,"name":null},"geometry":{"type":"MultiLineString","coordinates":[[[80.1304,6.9066],[80.1296,6.9068],[80.1288,6.9065],[80.1281,6.9067],[80.1277,6.9064],[80.1276,6.906],[80.1272,6.9059],[80.1274,6.9054],[80.127,6.9045],[80.1265,6.9047],[80.1258,6.9046],[80.1255,6.9042],[80.1253,6.9035],[80.1248,6.9037],[80.1246,6.9041],[80.1244,6.9038],[80.124,6.9036],[80.1231,6.9035],[80.1229,6.9031],[80.1224,6.9031],[80.1221,6.9035],[80.1214,6.9031]]]}},{"type":"Feature","properties":{"osm_id":"369779443","code":8101,"fclass":"river","width":0,"name":null},"geometry":{"type":"MultiLineString","coordinates":[[[80.0539,6.7612],[80.0532,6.761],[80.0529,6.7606],[80.0517,6.7603],[80.0511,6.7597],[80.0509,6.7594],[80.0509,6.7592],[80.0506,6.7591],[80.0505,6.7587],[80.0499,6.7585],[80.0501,6.758],[80.0498,6.758],[80.0496,6.7582],[80.0491,6.7578],[80.0492,6.7571],[80.0495,6.7563],[80.0492,6.7544],[80.0488,6.7537],[80.0489,6.753],[80.0486,6.7526],[80.0483,6.75],[80.0478,6.7488],[80.048,6.7486],[80.0478,6.7476],[80.0481,6.7473],[80.0479,6.7472],[80.0474,6.7464],[80.047,6.7463],[80.047,6.746],[80.0468,6.7458],[80.0467,6.7453],[80.0458,6.7442],[80.0458,6.7437],[80.0452,6.7432],[80.045,6.7423],[80.0447,6.7421],[80.0452,6.7408],[80.0451,6.7405],[80.0454,6.7403],[80.0454,6.7401],[80.0452,6.7398],[80.0452,6.7395],[80.0448,6.739],[80.0448,6.7381],[80.0453,6.737],[80.0448,6.735],[80.0448,6.7342],[80.0448,6.734],[80.0444,6.7341],[80.0438,6.7328],[80.0429,6.7319],[80.0427,6.7314],[80.043,6.7306],[80.0434,6.7304],[80.0435,6.7301],[80.0439,6.7299],[80.0439,6.7296],[80.0442,6.7289],[80.0439,6.7282],[80.0433,6.7282],[80.0424,6.7269],[80.042,6.7268],[80.0419,6.7263],[80.0419,6.7259],[80.0422,6.7258],[80.0422,6.7244],[80.0422,6.7242],[80.0418,6.7243],[80.0419,6.724],[80.0416,6.7232],[80.0431,6.7214],[80.0424,6.7202],[80.0425,6.7194],[80.0416,6.7192],[80.0415,6.7183],[80.0409,6.7175],[80.0408,6.7171],[80.0405,6.7168],[80.0402,6.7169],[80.04,6.7168],[80.0401,6.7161],[80.0398,6.7157],[80.0401,6.7154],[80.0397,6.7152],[80.0397,6.7151],[80.04,6.7149],[80.04,6.7147],[80.0397,6.7141],[80.0394,6.7139],[80.0392,6.7135],[80.0388,6.7135],[80.0387,6.7132],[80.0374,6.7127],[80.0369,6.7122],[80.0363,6.7123],[80.036,6.7126],[80.0354,6.7128],[80.0352,6.7131],[80.035,6.7132],[80.0344,6.7128],[80.0338,6.7127],[80.0333,6.7129],[80.0331,6.7132],[80.0328,6.713],[80.0321,6.7131],[80.0319,6.713],[80.0317,6.7131],[80.0312,6.713],[80.0303,6.7124],[80.0303,6.7121],[80.029,6.7116],[80.029,6.7112],[80.0283,6.711],[80.028,6.7107],[80.027,6.7104],[80.0272,6.7097],[80.0268,6.7087],[80.0272,6.7085],[80.0274,6.7087],[80.0275,6.7087],[80.0274,6.7083],[80.0278,6.7079],[80.0281,6.7079],[80.0282,6.7082],[80.0286,6.7081],[80.0288,6.7077],[80.0287,6.7075],[80.0282,6.7074],[80.0284,6.707],[80.0283,6.7068],[80.0285,6.7064],[80.0284,6.7059],[80.0291,6.706],[80.0289,6.7057],[80.029,6.7049],[80.0284,6.7048],[80.0282,6.7044],[80.0284,6.7042],[80.0275,6.7032],[80.0269,6.7032],[80.0266,6.7036],[80.0264,6.7031],[80.0259,6.7028],[80.0257,6.7025],[80.0257,6.7021],[80.026,6.7019],[80.0259,6.7017],[80.0253,6.7015],[80.0252,6.7011],[80.0252,6.701],[80.0255,6.7012],[80.0257,6.701],[80.0249,6.7004],[80.0247,6.6993],[80.0242,6.6992],[80.0221,6.6979],[80.0219,6.698],[80.0217,6.6987],[80.0219,6.699],[80.0218,6.6991],[80.0212,6.6989],[80.0204,6.6984],[80.0196,6.6972],[80.02,6.6965],[80.0195,6.6959],[80.0194,6.6958],[80.0189,6.6961],[80.0187,6.696],[80.0179,6.6956],[80.0177,6.6957],[80.0177,6.6961],[80.0175,6.6961],[80.0175,6.6954],[80.017,6.6946],[80.0165,6.6946],[80.0162,6.6953],[80.0159,6.6954],[80.0154,6.6962],[80.0148,6.696],[80.0133,6.6961],[80.0132,6.6966],[80.0128,6.697],[80.0127,6.6974],[80.0125,6.6976],[80.0122,6.6976],[80.0119,6.6974],[80.0117,6.6976],[80.0122,6.6983],[80.0118,6.6988],[80.0115,6.6988],[80.0115,6.6984],[80.0112,6.6983],[80.0108,6.699],[80.01,6.6993],[80.0098,6.6992],[80.0094,6.6985],[80.0084,6.6984],[80.0078,6.6978],[80.0072,6.6978],[80.0071,6.6976],[80.0071,6.6968],[80.0063,6.6962],[80.0049,6.6962],[80.0042,6.6961],[80.0035,6.6965],[80.0027,6.6967],[80.0015,6.6963],[80.001,6.6963],[80.0005,6.696],[79.9997,6.6944],[79.9989,6.6939],[79.9981,6.6938],[79.9978,6.6935],[79.9976,6.6929],[79.9968,6.6915],[79.9967,6.6904],[79.9943,6.6894],[79.9935,6.6889],[79.9931,6.6885],[79.9929,6.6869],[79.9927,6.6865],[79.9923,6.6861],[79.9911,6.6858],[79.9904,6.6845],[79.9901,6.6843],[79.9895,6.6843],[79.9892,6.6849],[79.9887,6.6854],[79.9877,6.6853],[79.9866,6.6842],[79.9861,6.6838],[79.9858,6.6828],[79.9856,6.6826],[79.9849,6.6825],[79.9845,6.6821],[79.9841,6.6823],[79.9835,6.6821],[79.9827,6.6823]]]}},{"type":"Feature","properties":{"osm_id":"370807456","code":8101,"fclass":"river","width":0,"name":"Mawak Oya"},"geometry":{"type":"MultiLineString","coordinates":[[[80.1661,6.813],[80.1655,6.814],[80.1652,6.8149],[80.1645,6.8152],[80.1641,6.8158],[80.1643,6.8162],[80.1644,6.8176],[80.1642,6.8181],[80.1643,6.8195],[80.1635,6.8193],[80.1633,6.8194],[80.1626,6.8214],[80.1622,6.8221],[80.1622,6.8224],[80.1617,6.8225],[80.1588,6.8242],[80.1583,6.8244],[80.1569,6.8245],[80.1563,6.8241],[80.155,6.8224],[80.1543,6.8221],[80.1544,6.8213],[80.1535,6.8206],[80.1539,6.819],[80.1538,6.8186],[80.1533,6.8182],[80.1535,6.8177],[80.1531,6.8175],[80.1531,6.8173],[80.1536,6.8172],[80.1539,6.8167],[80.1538,6.8164],[80.1536,6.8164],[80.1535,6.8162],[80.1534,6.8155],[80.1535,6.8144],[80.1537,6.8141],[80.1533,6.8134],[80.1535,6.8129],[80.1533,6.8128],[80.1529,6.8128],[80.1528,6.8127],[80.1528,6.8118],[80.1522,6.8114],[80.1522,6.8111],[80.152,6.8109],[80.1515,6.8111],[80.1508,6.81],[80.1505,6.8099],[80.1506,6.8095],[80.15,6.8086],[80.1495,6.8082],[80.149,6.8068],[80.1481,6.8067],[80.147,6.8059],[80.1461,6.8045],[80.1452,6.8037],[80.1451,6.8024],[80.1449,6.8023],[80.1446,6.8024],[80.1444,6.8022],[80.1441,6.8014],[80.1438,6.8013],[80.1428,6.8001],[80.1426,6.7994],[80.1406,6.7978],[80.1406,6.7976],[80.1409,6.7969],[80.1402,6.7967],[80.1401,6.7953],[80.1387,6.7946],[80.1389,6.7943],[80.1394,6.7942],[80.1395,6.7939],[80.1393,6.7938],[80.1385,6.794],[80.1381,6.7935],[80.138,6.7933],[80.1385,6.7926],[80.1378,6.7924],[80.137,6.7919],[80.1365,6.7903],[80.1363,6.79],[80.1356,6.7898],[80.135,6.7894],[80.1344,6.7896],[80.1338,6.7893],[80.1341,6.7884],[80.1341,6.7876],[80.1345,6.7859],[80.1342,6.7843],[80.1342,6.7835],[80.1338,6.782],[80.1339,6.7815],[80.1348,6.7801],[80.1347,6.7798],[80.1343,6.7794],[80.1329,6.7788],[80.1314,6.7786],[80.131,6.7778],[80.1304,6.7777],[80.1297,6.7771],[80.1296,6.7763],[80.1299,6.7759],[80.13,6.7748],[80.1294,6.7732],[80.128,6.7721],[80.1274,6.7708],[80.1276,6.7696],[80.1271,6.7692],[80.1272,6.7684],[80.1255,6.7665],[80.1244,6.7659],[80.124,6.7655],[80.1233,6.7653],[80.1229,6.7646],[80.1221,6.7641],[80.1216,6.7627],[80.1213,6.7623],[80.1207,6.762],[80.1206,6.7616],[80.1209,6.7607],[80.12,6.7603],[80.1197,6.759],[80.1187,6.7577],[80.1174,6.7574],[80.1171,6.757],[80.117,6.7566],[80.1154,6.7556],[80.1143,6.7557],[80.1135,6.7554],[80.1126,6.7553],[80.1118,6.7548],[80.1105,6.7548],[80.1102,6.7546],[80.11,6.7543],[80.1101,6.7534],[80.1097,6.753],[80.1089,6.7527],[80.1085,6.7509],[80.1077,6.7498],[80.1067,6.7488],[80.1067,6.7482],[80.1077,6.7475],[80.1078,6.7468],[80.1077,6.7462],[80.108,6.7456],[80.1082,6.7443],[80.1081,6.7433],[80.1085,6.743],[80.1089,6.7419],[80.1088,6.741],[80.1084,6.7402],[80.1083,6.7393],[80.1083,6.7387],[80.1089,6.7381],[80.1089,6.7376],[80.1085,6.737],[80.1088,6.7363],[80.1105,6.7351],[80.1117,6.7329],[80.1113,6.7303],[80.1115,6.7298],[80.1119,6.7292],[80.112,6.7267],[80.1116,6.7253],[80.1109,6.7249],[80.1103,6.7249],[80.1099,6.7243],[80.109,6.7239],[80.1081,6.7227],[80.1082,6.7215],[80.109,6.7204],[80.1094,6.7196],[80.1099,6.7175],[80.1095,6.7153],[80.1096,6.7149],[80.1094,6.7145],[80.109,6.7142],[80.1086,6.7129],[80.1088,6.7121],[80.1105,6.7099],[80.1102,6.709],[80.1103,6.7077],[80.111,6.7059],[80.1112,6.7057],[80.1112,6.7054],[80.1111,6.705],[80.1108,6.705],[80.1095,6.7052],[80.1092,6.7051],[80.1087,6.7046]]]}},{"type":"Feature","properties":{"osm_id":"377436885","code":8101,"fclass":"river","width":0,"name":"Dadugan Oya"},"geometry":{"type":"MultiLineString","coordinates":[[[79.917,7.1461],[79.9137,7.1454],[79.9125,7.1458],[79.9114,7.1458],[79.9094,7.1454],[79.909,7.1455],[79.908,7.1461],[79.9076,7.1461],[79.9075,7.1458],[79.9076,7.1455],[79.9083,7.1454],[79.9085,7.1451],[79.9083,7.1449],[79.9076,7.1447],[79.9065,7.1464],[79.9065,7.1472],[79.907,7.1484],[79.9069,7.1489],[79.9062,7.1497],[79.9056,7.15],[79.9048,7.15],[79.904,7.1496],[79.9036,7.15],[79.9029,7.1524],[79.9029,7.1529],[79.9035,7.1537],[79.9031,7.1543],[79.9025,7.1545],[79.9013,7.154],[79.9009,7.1535],[79.9009,7.1527],[79.9006,7.1523],[79.9004,7.1522],[79.8987,7.1531],[79.8963,7.155],[79.896,7.1556],[79.8963,7.1561],[79.8976,7.1572],[79.898,7.1581],[79.898,7.1586],[79.8979,7.1591],[79.8975,7.1595],[79.8971,7.1592],[79.8964,7.1585],[79.8961,7.1584],[79.8955,7.1588],[79.895,7.1594],[79.895,7.1613],[79.8952,7.1618],[79.8948,7.1623],[79.8945,7.1624],[79.8906,7.1616],[79.888,7.1603],[79.8848,7.1589],[79.8844,7.1582],[79.8855,7.1566],[79.8858,7.1546],[79.887,7.1521],[79.887,7.1505],[79.8866,7.1494],[79.8868,7.1488],[79.8873,7.1485],[79.8895,7.1479],[79.8907,7.1471],[79.8912,7.1466],[79.8915,7.1461],[79.8915,7.1423],[79.8922,7.1402],[79.893,7.1385],[79.8924,7.138],[79.8906,7.1375],[79.8902,7.1371],[79.8902,7.1332],[79.8903,7.1326],[79.8908,7.1319],[79.8932,7.1298],[79.894,7.129],[79.894,7.1282],[79.8934,7.1261],[79.8932,7.1259],[79.891,7.1246],[79.8888,7.122],[79.8883,7.1219],[79.888,7.1221],[79.8873,7.1231],[79.8864,7.1238],[79.8846,7.1237],[79.8833,7.1231],[79.8828,7.1227],[79.882,7.1202],[79.8819,7.1182],[79.8821,7.1156],[79.883,7.1119],[79.883,7.1104],[79.882,7.1094],[79.8803,7.1087],[79.8793,7.1073],[79.8788,7.107],[79.8781,7.1069],[79.8764,7.1075],[79.8749,7.1077],[79.8728,7.1073],[79.8724,7.1074],[79.8717,7.1089],[79.8662,7.1082],[79.8647,7.1082],[79.8609,7.1078],[79.8598,7.1074],[79.8599,7.1066],[79.8593,7.1048],[79.8585,7.1033],[79.858,7.1031],[79.8575,7.1032],[79.856,7.1049],[79.8554,7.1057],[79.8548,7.1069]]]}},{"type":"Feature","properties":{"osm_id":"379491784","code":8101,"fclass":"river","width":0,"name":null},"geometry":{"type":"MultiLineString","coordinates":[[[80.0557,6.6461],[80.0556,6.6458],[80.0552,6.6456],[80.0551,6.6452],[80.0556,6.6443],[80.0565,6.644],[80.0583,6.644],[80.0593,6.6442],[80.0601,6.6447],[80.0607,6.6447],[80.062,6.645],[80.0651,6.6449],[80.0668,6.6453],[80.0671,6.6449],[80.0676,6.6447],[80.0682,6.6429],[80.0681,6.6419],[80.0687,6.6412],[80.0682,6.6397],[80.0682,6.6374],[80.0678,6.6364],[80.0675,6.6348],[80.0666,6.6349],[80.066,6.6346],[80.066,6.6344],[80.0661,6.6342],[80.0664,6.6343],[80.0666,6.6337],[80.0663,6.6326],[80.0663,6.6317],[80.066,6.6313],[80.0656,6.6311],[80.0656,6.6301],[80.065,6.6285],[80.064,6.6289],[80.0628,6.6286],[80.0619,6.6287],[80.0615,6.6291],[80.0601,6.6298],[80.0583,6.6297],[80.058,6.6299],[80.0579,6.6307],[80.0576,6.6312],[80.0571,6.6314],[80.056,6.6307],[80.0557,6.6293],[80.0561,6.6284],[80.0559,6.6282],[80.0552,6.6281],[80.0545,6.6276],[80.0547,6.627],[80.0535,6.6264],[80.0532,6.6268],[80.0525,6.627],[80.0514,6.6259],[80.051,6.6252],[80.0506,6.6247],[80.0503,6.6238],[80.0504,6.6228],[80.0496,6.6217],[80.0497,6.6205],[80.0494,6.6198],[80.0482,6.6208],[80.0475,6.621],[80.0472,6.6209],[80.0467,6.6199],[80.0463,6.6196],[80.0456,6.6195],[80.0451,6.619],[80.0441,6.6191],[80.0437,6.6189],[80.0421,6.6188],[80.0416,6.6187],[80.041,6.6182],[80.0399,6.6179],[80.0394,6.6179]]]}},{"type":"Feature","properties":{"osm_id":"380866201","code":8101,"fclass":"river","width":0,"name":null},"geometry":{"type":"MultiLineString","coordinates":[[[80.0559,7.1449],[80.056,7.1447],[80.0559,7.1442],[80.056,7.1437],[80.0554,7.1425],[80.0551,7.1421],[80.0546,7.142],[80.0541,7.1414],[80.0537,7.1413]]]}},{"type":"Feature","properties":{"osm_id":"380866202","code":8101,"fclass":"river","width":0,"name":null},"geometry":{"type":"MultiLineString","coordinates":[[[80.0537,7.1413],[80.0535,7.1414]]]}},{"type":"Feature","properties":{"osm_id":"381335220","code":8101,"fclass":"river","width":0,"name":null},"geometry":{"type":"MultiLineString","coordinates":[[[80.0557,7.1465],[80.0556,7.1462],[80.0556,7.1453],[80.0559,7.1449]]]}},{"type":"Feature","properties":{"osm_id":"381408774","code":8101,"fclass":"river","width":0,"name":null},"geometry":{"type":"MultiLineString","coordinates":[[[80.0134,7.1137],[80.0131,7.1134],[80.013,7.1131],[80.0125,7.1131],[80.0126,7.1127],[80.0123,7.1127],[80.0124,7.1121],[80.012,7.1121],[80.0121,7.1117],[80.0117,7.1118],[80.0111,7.1112],[80.0115,7.1111],[80.0118,7.1102],[80.0115,7.1097],[80.0115,7.1093],[80.0119,7.1099],[80.0123,7.1101],[80.013,7.1097],[80.0134,7.1098]]]}},{"type":"Feature","properties":{"osm_id":"381767511","code":8101,"fclass":"river","width":0,"name":"digan ela"},"geometry":{"type":"MultiLineString","coordinates":[[[79.9132,7.1076],[79.9131,7.1072],[79.9136,7.1051],[79.9132,7.1036]]]}},{"type":"Feature","properties":{"osm_id":"381767518","code":8101,"fclass":"river","width":0,"name":null},"geometry":{"type":"MultiLineString","coordinates":[[[79.9091,7.1048],[79.9095,7.1045],[79.9113,7.1041],[79.9125,7.1034],[79.9128,7.1034],[79.9132,7.1036]]]}},{"type":"Feature","properties":{"osm_id":"384782818","code":8101,"fclass":"river","width":0,"name":"Naran Oya"},"geometry":{"type":"MultiLineString","coordinates":[[[80.0452,7.0937],[80.0453,7.0929],[80.045,7.0928],[80.0449,7.0924],[80.0446,7.0924],[80.0443,7.0918],[80.0438,7.0918],[80.0436,7.092],[80.043,7.0918],[80.042,7.0921],[80.042,7.0916],[80.0415,7.0914]]]}},{"type":"Feature","properties":{"osm_id":"384844790","code":8101,"fclass":"river","width":0,"name":"Attanagalu Oya"},"geometry":{"type":"MultiLineString","coordinates":[[[80.0161,7.1194],[80.0159,7.1187],[80.0155,7.1182],[80.0139,7.1177],[80.012,7.1165],[80.0118,7.1161],[80.0119,7.1156],[80.0117,7.1146],[80.0113,7.1144],[80.0114,7.1143],[80.0121,7.1145],[80.0115,7.1131],[80.0117,7.1127],[80.0116,7.1125],[80.0113,7.1126],[80.0097,7.1117],[80.0096,7.1113],[80.0102,7.111],[80.0103,7.1108],[80.0099,7.1102],[80.0093,7.1101],[80.0091,7.1097],[80.0085,7.1097],[80.0078,7.1094],[80.0073,7.1088],[80.0071,7.1089],[80.0069,7.1098],[80.0061,7.11],[80.0055,7.1107]]]}},{"type":"Feature","properties":{"osm_id":"390373936","code":8101,"fclass":"river","width":0,"name":"Attanagalu Oya"},"geometry":{"type":"MultiLineString","coordinates":[[[79.8967,7.1622],[79.8963,7.1618],[79.896,7.162],[79.8955,7.1617],[79.8952,7.1618]]]}},{"type":"Feature","properties":{"osm_id":"397190056","code":8101,"fclass":"river","width":10,"name":"Dadugan Oya"},"geometry":{"type":"MultiLineString","coordinates":[[[79.9904,7.0972],[79.99,7.0963],[79.9889,7.0962],[79.9883,7.0956],[79.9861,7.095],[79.9856,7.0958],[79.9843,7.0963],[79.9836,7.096],[79.9822,7.0964],[79.9808,7.0989],[79.9794,7.0997],[79.9766,7.0985]]]}},{"type":"Feature","properties":{"osm_id":"401935830","code":8101,"fclass":"river","width":0,"name":null},"geometry":{"type":"MultiLineString","coordinates":[[[80.1935,6.7776],[80.1935,6.7775]],[[80.1924,6.7636],[80.1916,6.7621],[80.1913,6.7607],[80.19,6.7591],[80.188,6.7598],[80.1875,6.7595],[80.1873,6.7588],[80.1876,6.7569],[80.1882,6.7551],[80.1881,6.754],[80.1886,6.7538],[80.189,6.7534],[80.1896,6.7522],[80.1896,6.7514],[80.189,6.7499],[80.1891,6.7493],[80.1888,6.7486],[80.1888,6.7476],[80.1886,6.7463],[80.1884,6.7459],[80.1874,6.746],[80.1872,6.7454],[80.1862,6.7445],[80.186,6.7439],[80.1869,6.7413],[80.1877,6.7402],[80.1884,6.7379],[80.189,6.737],[80.1895,6.7352],[80.1899,6.7351],[80.1913,6.7355],[80.1918,6.7354],[80.193,6.7342],[80.1953,6.7331],[80.1986,6.7327],[80.1993,6.7313]]]}},{"type":"Feature","properties":{"osm_id":"404358946","code":8101,"fclass":"river","width":0,"name":"Attanagalu Oya"},"geometry":{"type":"MultiLineString","coordinates":[[[79.8717,7.1089],[79.87,7.1098],[79.8693,7.1096],[79.8682,7.1096],[79.8678,7.1094],[79.8673,7.1106],[79.8675,7.1117]]]}},{"type":"Feature","properties":{"osm_id":"404852216","code":8101,"fclass":"river","width":0,"name":null},"geometry":{"type":"MultiLineString","coordinates":[[[80.1057,6.8526],[80.1055,6.8523],[80.1055,6.8507],[80.1063,6.8503],[80.1064,6.8494],[80.1058,6.8488],[80.1056,6.8483],[80.1058,6.8478],[80.1057,6.8477],[80.1053,6.8477],[80.1049,6.8474],[80.1049,6.8469],[80.1044,6.8468],[80.1045,6.8466],[80.1042,6.8465],[80.1043,6.8462],[80.1043,6.846],[80.1033,6.8448],[80.103,6.8446],[80.1028,6.8441],[80.1016,6.8443],[80.1011,6.8437],[80.0981,6.843],[80.0979,6.8426],[80.097,6.8432],[80.0967,6.8436],[80.096,6.8436],[80.0958,6.8442],[80.0956,6.8443]]]}},{"type":"Feature","properties":{"osm_id":"419283017","code":8101,"fclass":"river","width":0,"name":null},"geometry":{"type":"MultiLineString","coordinates":[[[80.1999,6.9077],[80.1981,6.9078],[80.1955,6.9082],[80.1942,6.9086],[80.1929,6.9093],[80.1923,6.9092],[80.1912,6.9093],[80.1909,6.9086],[80.19,6.9086],[80.189,6.91],[80.1883,6.9104],[80.1873,6.9117],[80.1846,6.9125],[80.1859,6.9137],[80.1863,6.9143],[80.188,6.9147],[80.1873,6.9174],[80.1875,6.918],[80.1881,6.9182],[80.1887,6.9191],[80.1889,6.9196],[80.1887,6.9212],[80.1899,6.9216],[80.19,6.9218],[80.1899,6.9225],[80.1911,6.9224],[80.1914,6.9226],[80.1919,6.9226],[80.1922,6.923],[80.1922,6.9237],[80.1915,6.9247],[80.1914,6.9254],[80.1911,6.9254],[80.191,6.9256],[80.1908,6.9289],[80.1906,6.9301],[80.1907,6.9305],[80.1912,6.9305],[80.1916,6.9318],[80.1921,6.9322],[80.1921,6.9328],[80.192,6.9331],[80.1915,6.9336],[80.1911,6.9334],[80.1909,6.9336],[80.1908,6.933],[80.1904,6.9327],[80.1892,6.9333],[80.1877,6.9332],[80.1872,6.9337],[80.1869,6.9342],[80.1861,6.9347],[80.1857,6.9348],[80.1851,6.9346],[80.1838,6.9348],[80.1829,6.9355],[80.1818,6.9354],[80.1816,6.935],[80.181,6.9345],[80.1798,6.9348],[80.1794,6.9346],[80.179,6.9347],[80.1787,6.9349],[80.1786,6.9352],[80.1782,6.9354],[80.1777,6.9351],[80.1774,6.9354],[80.1772,6.9373],[80.1769,6.9378],[80.1779,6.9394],[80.1778,6.9398],[80.1784,6.9414],[80.1782,6.9419],[80.1782,6.9436],[80.1777,6.944],[80.1779,6.945],[80.1777,6.9452],[80.1776,6.9462],[80.1774,6.9465],[80.1779,6.9474],[80.1779,6.948],[80.1776,6.9487],[80.1779,6.9492],[80.1776,6.9511],[80.178,6.9514],[80.1786,6.9523],[80.1783,6.953],[80.1785,6.9534],[80.1787,6.9541],[80.1785,6.9546],[80.1788,6.955],[80.1784,6.9556],[80.1784,6.9562],[80.178,6.9568],[80.178,6.9575],[80.1769,6.9586],[80.1773,6.9589],[80.1767,6.9602],[80.1771,6.9611],[80.1768,6.9618],[80.1771,6.9631],[80.1769,6.9635],[80.177,6.9638],[80.1766,6.965],[80.1766,6.9659],[80.1764,6.9664],[80.1761,6.9668],[80.1761,6.9676],[80.1756,6.968],[80.1756,6.9684],[80.1761,6.9691],[80.1757,6.9696],[80.1756,6.9707],[80.1752,6.9716],[80.1753,6.972],[80.1751,6.9724],[80.1753,6.9726],[80.1753,6.9741],[80.1749,6.9766],[80.1752,6.9776],[80.1749,6.9786]]]}},{"type":"Feature","properties":{"osm_id":"419295398","code":8101,"fclass":"river","width":0,"name":null},"geometry":{"type":"MultiLineString","coordinates":[[[80.0454,6.9762],[80.0453,6.9753],[80.0456,6.9751],[80.0458,6.9746],[80.0454,6.9736],[80.0456,6.9732],[80.0455,6.9729],[80.0457,6.973],[80.0459,6.9728],[80.0457,6.9718],[80.0461,6.971],[80.046,6.9706],[80.0457,6.9701],[80.0451,6.9697],[80.0446,6.9702],[80.0443,6.9688],[80.0441,6.9687],[80.0441,6.9684],[80.0438,6.9682],[80.0438,6.9673],[80.0436,6.967],[80.0439,6.9664],[80.0439,6.9653],[80.0436,6.9649],[80.0433,6.9649],[80.0429,6.9644],[80.0429,6.964],[80.0425,6.9633],[80.0425,6.963],[80.042,6.9621],[80.0428,6.9606],[80.0427,6.9601],[80.0432,6.9581],[80.0431,6.9575],[80.0433,6.957],[80.043,6.9549],[80.0431,6.9533],[80.0426,6.9521],[80.0422,6.9518],[80.0415,6.9518],[80.0411,6.951],[80.0408,6.9491],[80.0405,6.9488],[80.0389,6.9481],[80.0384,6.9482],[80.0376,6.9489],[80.0368,6.949],[80.0362,6.9488],[80.0355,6.9489],[80.0352,6.9486],[80.0353,6.9481],[80.035,6.948],[80.0346,6.9481],[80.0344,6.9479],[80.0346,6.9473],[80.0343,6.9469],[80.0329,6.947],[80.0324,6.9474],[80.032,6.9473],[80.0317,6.9474],[80.0315,6.9473],[80.0318,6.947],[80.0317,6.9468],[80.0311,6.9466],[80.0308,6.9468],[80.0301,6.9467],[80.0293,6.9464],[80.0291,6.9464],[80.0291,6.9473],[80.0286,6.9477],[80.0283,6.9477],[80.0274,6.9483],[80.0264,6.9482],[80.0262,6.9486],[80.0255,6.9489],[80.0252,6.9486],[80.0245,6.9489],[80.0244,6.9484],[80.0239,6.9486],[80.0237,6.9483],[80.0237,6.948],[80.0232,6.9479],[80.0229,6.9475],[80.0219,6.9471],[80.0215,6.9472],[80.0214,6.9468],[80.0205,6.947],[80.0202,6.9473],[80.0197,6.9466],[80.0193,6.9469],[80.0192,6.9472],[80.0196,6.9476],[80.0195,6.9478],[80.019,6.9478],[80.0181,6.9483],[80.0178,6.9476],[80.0175,6.9477],[80.0171,6.9475],[80.0162,6.9476],[80.0154,6.9472],[80.0153,6.9475],[80.0151,6.9475],[80.015,6.9468],[80.016,6.9459],[80.0158,6.9455],[80.0143,6.946]]]}},{"type":"Feature","properties":{"osm_id":"419898318","code":8101,"fclass":"river","width":0,"name":null},"geometry":{"type":"MultiLineString","coordinates":[[[79.9836,6.9153],[79.9838,6.9162],[79.9837,6.9176],[79.9834,6.9184],[79.9836,6.9188],[79.9849,6.9186],[79.9854,6.9186],[79.9861,6.9192],[79.9874,6.9193],[79.9878,6.9199],[79.9883,6.9199],[79.9886,6.9202],[79.9898,6.9204],[79.9901,6.9209],[79.9905,6.9211],[79.9911,6.9211],[79.9914,6.9213],[79.9915,6.9216],[79.9913,6.9221],[79.9916,6.9227],[79.9915,6.9231],[79.9911,6.9236],[79.9912,6.9239],[79.9919,6.9246],[79.9921,6.9246],[79.9921,6.9239],[79.9922,6.9236],[79.9924,6.9236],[79.9924,6.9241],[79.9934,6.9248],[79.9931,6.9252],[79.9935,6.9257],[79.9931,6.9264],[79.9934,6.9266],[79.9931,6.9271],[79.9934,6.9275],[79.993,6.9278],[79.9926,6.9289],[79.9932,6.9314]]]}},{"type":"Feature","properties":{"osm_id":"420113470","code":8101,"fclass":"river","width":50,"name":"Kelani Ganga"},"geometry":{"type":"MultiLineString","coordinates":[[[80.1793,6.9777],[80.1784,6.9784],[80.178,6.9786],[80.1761,6.9785],[80.1742,6.9787],[80.1707,6.9797],[80.1693,6.9794],[80.1688,6.9789],[80.1688,6.9766],[80.169,6.9736],[80.1689,6.9725],[80.1682,6.9716],[80.1668,6.9708],[80.1653,6.9707],[80.1633,6.971],[80.1617,6.9719],[80.1585,6.9727],[80.1544,6.9729],[80.1517,6.9741],[80.1479,6.9735],[80.1404,6.9746],[80.1359,6.9745],[80.1321,6.9752],[80.1276,6.9744],[80.1245,6.9746],[80.124,6.9743],[80.1235,6.9733],[80.1233,6.9718],[80.1221,6.968],[80.1219,6.9659],[80.1217,6.9654],[80.1199,6.9647],[80.1176,6.9643],[80.1158,6.9633],[80.1143,6.9628],[80.1116,6.9631],[80.1106,6.9631],[80.11,6.9629],[80.1097,6.9625],[80.1096,6.9621],[80.1104,6.9604],[80.1103,6.9596],[80.1092,6.9585],[80.1061,6.9541],[80.1054,6.9535],[80.1014,6.9533],[80.0986,6.9517],[80.0986,6.9478],[80.0982,6.9464],[80.0972,6.9444],[80.0938,6.9401],[80.0936,6.9392],[80.0937,6.9383],[80.0943,6.9366],[80.0951,6.9356],[80.0953,6.9345],[80.095,6.9322],[80.0944,6.9309],[80.0942,6.93],[80.0951,6.9259],[80.095,6.9248],[80.0934,6.9206],[80.0931,6.9184],[80.0936,6.9141],[80.0933,6.9124],[80.0926,6.9119],[80.092,6.912],[80.0898,6.9134],[80.0888,6.9137],[80.0884,6.9136],[80.0877,6.9123],[80.0868,6.9112],[80.0857,6.9103],[80.0846,6.91],[80.0832,6.91],[80.0803,6.9108],[80.0782,6.9112],[80.0775,6.9112],[80.077,6.9111],[80.0753,6.9086],[80.0737,6.9083],[80.0733,6.9083],[80.0722,6.9092],[80.0669,6.9124],[80.0657,6.9129],[80.0648,6.9131],[80.0642,6.9129],[80.0637,6.9123],[80.0631,6.9094],[80.0627,6.9085],[80.0615,6.9076],[80.0605,6.9071],[80.06,6.9071],[80.0584,6.9076],[80.0568,6.9076],[80.0561,6.9074],[80.0549,6.9075],[80.0544,6.9082],[80.0548,6.9097],[80.0547,6.9116],[80.0536,6.9128],[80.0524,6.9135],[80.0517,6.9138],[80.0508,6.9136],[80.0477,6.9137],[80.0452,6.9147],[80.0442,6.9152],[80.0423,6.9167],[80.0402,6.919],[80.0346,6.9211],[80.0327,6.9221],[80.0305,6.9238],[80.0278,6.9248],[80.0264,6.9251],[80.022,6.9247],[80.0203,6.9247],[80.0197,6.9256],[80.0192,6.9276],[80.0189,6.9302],[80.018,6.9328],[80.0167,6.935],[80.0144,6.9378],[80.0137,6.9394],[80.0134,6.9409],[80.0135,6.9418],[80.0142,6.9437],[80.0144,6.9455],[80.0142,6.9464],[80.0135,6.947],[80.0129,6.947],[80.009,6.945],[80.0047,6.944],[80.0026,6.9432],[80.001,6.9423],[79.9997,6.9424],[79.9956,6.9443],[79.9943,6.9444],[79.9934,6.944],[79.9911,6.9425],[79.9896,6.9411],[79.9873,6.9367],[79.9868,6.9358],[79.9861,6.9354],[79.9856,6.9354],[79.9853,6.9358],[79.9851,6.9367],[79.9845,6.9376],[79.9827,6.9386],[79.9805,6.939],[79.9774,6.9391],[79.9749,6.9386],[79.9714,6.9377],[79.9698,6.9377],[79.968,6.9389],[79.9652,6.9404],[79.9632,6.9412],[79.9598,6.9416],[79.9554,6.9431],[79.9539,6.9431],[79.9531,6.9426],[79.9516,6.9412],[79.9492,6.9398],[79.9457,6.9385],[79.9443,6.9384],[79.9437,6.9386],[79.9432,6.939],[79.9431,6.9395],[79.943,6.9406],[79.9433,6.9423],[79.9429,6.943],[79.9419,6.9438],[79.939,6.945],[79.9368,6.947],[79.9347,6.9502],[79.9339,6.9506],[79.9322,6.9508],[79.931,6.9506],[79.9279,6.9492],[79.9269,6.9492],[79.926,6.9494],[79.9256,6.9508],[79.9249,6.9516],[79.9233,6.9525],[79.9224,6.9525],[79.9211,6.9517],[79.9207,6.9512],[79.9205,6.9504],[79.9197,6.9484],[79.9188,6.9471],[79.9177,6.9462],[79.9162,6.9458],[79.9136,6.9463],[79.9127,6.9467],[79.9118,6.9475],[79.9113,6.9497],[79.9108,6.9503],[79.91,6.9504],[79.9044,6.9474],[79.9031,6.9472],[79.9003,6.9474],[79.8983,6.948],[79.8974,6.9488],[79.8968,6.9497],[79.8963,6.951],[79.8964,6.9516],[79.8968,6.9521],[79.8985,6.9525],[79.8998,6.9535],[79.9005,6.9545],[79.9003,6.9554],[79.8999,6.9559],[79.899,6.9562],[79.896,6.9562],[79.8942,6.9553],[79.8932,6.955],[79.8889,6.9545],[79.8863,6.9541],[79.8849,6.9541],[79.8825,6.9546],[79.8815,6.9552],[79.8802,6.9566],[79.8792,6.9583]]]}},{"type":"Feature","properties":{"osm_id":"420147517","code":8101,"fclass":"river","width":0,"name":null},"geometry":{"type":"MultiLineString","coordinates":[[[80.173,6.9856],[80.1731,6.9845],[80.1734,6.9838],[80.1732,6.9829],[80.1734,6.9823],[80.1737,6.9819],[80.1739,6.9805],[80.1737,6.9801],[80.1731,6.9796],[80.1729,6.9791]]]}},{"type":"Feature","properties":{"osm_id":"421086820","code":8101,"fclass":"river","width":0,"name":null},"geometry":{"type":"MultiLineString","coordinates":[[[79.9585,7.1582],[79.9589,7.158],[79.9594,7.1572],[79.9601,7.1569],[79.9604,7.1562],[79.9611,7.1568],[79.9618,7.1566],[79.962,7.1572],[79.9626,7.1576],[79.9635,7.1578],[79.9641,7.1572]]]}},{"type":"Feature","properties":{"osm_id":"421101906","code":8101,"fclass":"river","width":0,"name":null},"geometry":{"type":"MultiLineString","coordinates":[[[79.9734,7.1556],[79.9733,7.1554],[79.973,7.1554],[79.9728,7.1551],[79.9725,7.1548],[79.9722,7.1549],[79.972,7.1546],[79.9717,7.1545],[79.9707,7.1549],[79.9699,7.1559],[79.9694,7.1556]]]}},{"type":"Feature","properties":{"osm_id":"421105994","code":8101,"fclass":"river","width":0,"name":null},"geometry":{"type":"MultiLineString","coordinates":[[[79.9969,7.1548],[79.9961,7.1552],[79.9954,7.1548],[79.9953,7.155],[79.9945,7.1551],[79.9938,7.1555],[79.9934,7.1553],[79.9928,7.1554],[79.9921,7.1553],[79.9913,7.1558],[79.9918,7.1563],[79.9916,7.1568],[79.9913,7.157],[79.9909,7.1571],[79.9891,7.1566],[79.988,7.1566],[79.9875,7.1563],[79.9877,7.1558],[79.9869,7.1559],[79.9867,7.1557],[79.9868,7.1555],[79.9866,7.1555],[79.9863,7.1559],[79.986,7.1558],[79.9859,7.1561],[79.9857,7.156],[79.9856,7.1557],[79.9853,7.1559],[79.9851,7.1556],[79.9845,7.1563],[79.9846,7.1566],[79.9839,7.1563],[79.9835,7.1567],[79.983,7.1563],[79.9831,7.1556],[79.9826,7.1557],[79.9826,7.1554]]]}},{"type":"Feature","properties":{"osm_id":"421237850","code":8101,"fclass":"river","width":0,"name":null},"geometry":{"type":"MultiLineString","coordinates":[[[79.9988,7.1554],[79.9989,7.1549],[79.9983,7.1549],[79.9974,7.1545],[79.9969,7.1548]]]}},{"type":"Feature","properties":{"osm_id":"421331354","code":8101,"fclass":"river","width":0,"name":null},"geometry":{"type":"MultiLineString","coordinates":[[[80.0188,7.1226],[80.0192,7.123],[80.019,7.1239],[80.0192,7.124],[80.0197,7.1247]]]}},{"type":"Feature","properties":{"osm_id":"421513604","code":8101,"fclass":"river","width":0,"name":null},"geometry":{"type":"MultiLineString","coordinates":[[[80.0876,6.9563],[80.0881,6.9559],[80.0885,6.9561],[80.0889,6.9557],[80.0896,6.9556]]]}},{"type":"Feature","properties":{"osm_id":"421744489","code":8101,"fclass":"river","width":0,"name":null},"geometry":{"type":"MultiLineString","coordinates":[[[79.8874,7.0543],[79.8875,7.055],[79.8886,7.0571],[79.889,7.0576],[79.8901,7.0581]]]}},{"type":"Feature","properties":{"osm_id":"430532271","code":8101,"fclass":"river","width":0,"name":null},"geometry":{"type":"MultiLineString","coordinates":[[[80.0213,7.1254],[80.0218,7.125],[80.0221,7.125]]]}},{"type":"Feature","properties":{"osm_id":"430532273","code":8101,"fclass":"river","width":0,"name":null},"geometry":{"type":"MultiLineString","coordinates":[[[80.0221,7.125],[80.0222,7.1249]]]}},{"type":"Feature","properties":{"osm_id":"430532292","code":8101,"fclass":"river","width":0,"name":null},"geometry":{"type":"MultiLineString","coordinates":[[[80.0222,7.1249],[80.0223,7.1248]]]}},{"type":"Feature","properties":{"osm_id":"430803619","code":8101,"fclass":"river","width":0,"name":null},"geometry":{"type":"MultiLineString","coordinates":[[[80.0275,7.1296],[80.0296,7.13],[80.0301,7.13],[80.031,7.1295]]]}},{"type":"Feature","properties":{"osm_id":"430806137","code":8101,"fclass":"river","width":0,"name":null},"geometry":{"type":"MultiLineString","coordinates":[[[80.0246,7.1281],[80.0254,7.1291]]]}},{"type":"Feature","properties":{"osm_id":"452804094","code":8101,"fclass":"river","width":20,"name":"Seethawaka River"},"geometry":{"type":"MultiLineString","coordinates":[[[80.2211,6.9533],[80.2207,6.9533]],[[80.2168,6.9754],[80.2164,6.9752],[80.2152,6.9742],[80.2149,6.9742]],[[80.2126,6.9766],[80.2118,6.9766]],[[80.2084,6.9784],[80.2081,6.9785]],[[80.2076,6.9786],[80.2074,6.9787]]]}},{"type":"Feature","properties":{"osm_id":"452810078","code":8101,"fclass":"river","width":0,"name":null},"geometry":{"type":"MultiLineString","coordinates":[[[80.2071,6.9198],[80.2068,6.9201],[80.2062,6.9203],[80.2062,6.921],[80.2058,6.9215],[80.2062,6.922],[80.2047,6.9224],[80.2049,6.9231],[80.2047,6.9236],[80.2045,6.9245],[80.2037,6.9249],[80.2039,6.9255],[80.2042,6.9256],[80.2042,6.9264],[80.2045,6.9266],[80.2048,6.9262],[80.2057,6.9266],[80.2062,6.927],[80.2064,6.9276],[80.2069,6.9275],[80.2071,6.9278],[80.2071,6.9283],[80.2068,6.9287],[80.207,6.9295],[80.2067,6.9302],[80.2068,6.9309],[80.2062,6.931],[80.206,6.9314],[80.2057,6.9313],[80.2056,6.9319],[80.2043,6.9323],[80.2039,6.9335],[80.2038,6.9341],[80.2039,6.9348],[80.2041,6.9349],[80.2043,6.9348],[80.2045,6.935],[80.2045,6.9357],[80.2048,6.9364],[80.2045,6.9373],[80.2045,6.9394],[80.2038,6.94],[80.2038,6.9416],[80.2036,6.9417],[80.2031,6.9412],[80.2023,6.9417],[80.202,6.9413],[80.2011,6.9412],[80.2008,6.9415],[80.2005,6.9424],[80.2003,6.9426],[80.1981,6.9427],[80.1977,6.943],[80.1972,6.9442],[80.1973,6.9449],[80.1976,6.9464],[80.1983,6.9473],[80.1981,6.9481],[80.1978,6.9482],[80.1977,6.9492],[80.198,6.9497],[80.1983,6.9509],[80.1997,6.9509],[80.1997,6.951],[80.1994,6.9513],[80.1995,6.9519],[80.2002,6.9525],[80.2005,6.9532],[80.2001,6.9532],[80.1997,6.9536],[80.1994,6.9537],[80.1997,6.954],[80.1995,6.956],[80.1991,6.9561],[80.1986,6.9557],[80.1978,6.9556],[80.1971,6.9573],[80.1964,6.9579],[80.1965,6.9582],[80.1974,6.9584],[80.1975,6.959],[80.197,6.9595],[80.1957,6.9601],[80.1954,6.9607],[80.1957,6.9612],[80.1965,6.9617],[80.1973,6.9629],[80.1978,6.963],[80.1982,6.9636],[80.1989,6.9637],[80.1998,6.9642],[80.2,6.9654],[80.1998,6.9662],[80.2003,6.9668],[80.201,6.9671],[80.2012,6.9676],[80.2016,6.9678],[80.2028,6.9673],[80.2037,6.9687],[80.2037,6.969],[80.2039,6.9702],[80.2042,6.9702],[80.2047,6.9697],[80.205,6.9698],[80.2048,6.9704],[80.2048,6.971],[80.2043,6.9721],[80.2043,6.9728],[80.2041,6.9734],[80.2043,6.9735],[80.2049,6.973],[80.2053,6.9732],[80.2054,6.9752],[80.2057,6.9759],[80.2053,6.9761],[80.2042,6.9754],[80.2039,6.9757],[80.2041,6.9762],[80.204,6.9766],[80.2028,6.9771]]]}},{"type":"Feature","properties":{"osm_id":"454436273","code":8101,"fclass":"river","width":0,"name":"Basnagoda Oya"},"geometry":{"type":"MultiLineString","coordinates":[[[80.1861,7.0967],[80.1864,7.0973],[80.1864,7.0984],[80.1866,7.0988]],[[80.187,7.1001],[80.1869,7.1005]],[[80.1868,7.101],[80.1866,7.1012]],[[80.1866,7.1013],[80.1861,7.1026]],[[80.1859,7.1032],[80.1859,7.1033]]]}},{"type":"Feature","properties":{"osm_id":"454436733","code":8101,"fclass":"river","width":0,"name":null},"geometry":{"type":"MultiLineString","coordinates":[[[80.1864,7.0949],[80.1864,7.0952]],[[80.1864,7.0956],[80.1861,7.0967]]]}},{"type":"Feature","properties":{"osm_id":"490244091","code":8101,"fclass":"river","width":0,"name":"Kaluganga"},"geometry":{"type":"MultiLineString","coordinates":[[[80.2007,6.7313],[80.2004,6.7313]],[[80.1991,6.7293],[80.1992,6.7284]],[[80.1992,6.7266],[80.199,6.7256],[80.1984,6.7253],[80.1972,6.7252],[80.1936,6.726],[80.1916,6.7259],[80.1867,6.725],[80.1811,6.7232],[80.1793,6.7246],[80.1779,6.725],[80.1741,6.7239],[80.1706,6.7234],[80.1637,6.723],[80.1581,6.7238],[80.1546,6.7236],[80.1517,6.7242],[80.1448,6.7238],[80.1449,6.7232],[80.1458,6.7218],[80.1459,6.7212],[80.1456,6.721],[80.1446,6.7213],[80.1442,6.721],[80.1431,6.7181],[80.1413,6.7154],[80.1398,6.7148],[80.139,6.715],[80.138,6.716],[80.1374,6.7161],[80.1368,6.7152],[80.1368,6.7128],[80.1365,6.7118],[80.1353,6.711],[80.1341,6.7098],[80.1335,6.7084],[80.1316,6.7057],[80.1305,6.7044],[80.1283,6.7026],[80.1256,6.7009],[80.1216,6.6991],[80.1204,6.699],[80.1187,6.6992],[80.1156,6.7004],[80.1087,6.7046]]]}},{"type":"Feature","properties":{"osm_id":"490245290","code":8101,"fclass":"river","width":0,"name":"Kaluganga"},"geometry":{"type":"MultiLineString","coordinates":[[[80.1087,6.7046],[80.1079,6.704],[80.1074,6.7032],[80.1071,6.7002],[80.1054,6.6979],[80.1025,6.6957],[80.1019,6.695],[80.1012,6.6911],[80.1006,6.6892],[80.099,6.6869],[80.0985,6.6864],[80.0979,6.6861],[80.0971,6.686],[80.0958,6.6863],[80.0952,6.6862],[80.0947,6.6859],[80.0947,6.6856],[80.0949,6.6846],[80.0949,6.684],[80.0946,6.6835],[80.094,6.6831],[80.0931,6.6836],[80.0923,6.6834],[80.0911,6.6827],[80.0907,6.6822],[80.0929,6.6793],[80.0935,6.6774],[80.0937,6.6764],[80.0937,6.676],[80.0934,6.6754],[80.093,6.6753],[80.0925,6.6761],[80.0913,6.6761],[80.0902,6.6756],[80.0894,6.6748],[80.089,6.6742],[80.0893,6.6731],[80.0891,6.6723],[80.0888,6.6712],[80.0877,6.6694],[80.0878,6.6684],[80.0889,6.6661],[80.0909,6.664],[80.0912,6.6626],[80.0908,6.6617],[80.091,6.6612],[80.0917,6.6603],[80.0926,6.6596],[80.0936,6.6582],[80.0945,6.6547],[80.0943,6.6522]]]}},{"type":"Feature","properties":{"osm_id":"490245389","code":8101,"fclass":"river","width":0,"name":"Kaluganga"},"geometry":{"type":"MultiLineString","coordinates":[[[80.0943,6.6522],[80.0933,6.65],[80.0924,6.6492],[80.0918,6.6488],[80.0908,6.6488],[80.0901,6.6486],[80.0892,6.6481],[80.0877,6.6471],[80.0844,6.6435],[80.084,6.6434],[80.0813,6.6401],[80.081,6.6392],[80.0813,6.6355],[80.0806,6.6341],[80.0797,6.6307],[80.0787,6.6286],[80.0773,6.6269],[80.0737,6.6247],[80.0716,6.6237],[80.0673,6.6213],[80.0625,6.6181],[80.0614,6.6168],[80.061,6.6155],[80.0606,6.6129],[80.0559,6.6004],[80.0539,6.5929],[80.0532,6.5916],[80.0521,6.59],[80.05,6.5883],[80.0482,6.5883],[80.0473,6.5886],[80.0469,6.5892],[80.046,6.5914],[80.0454,6.5919],[80.0448,6.5921],[80.0443,6.5919],[80.0435,6.5905],[80.0428,6.5902],[80.0425,6.5903],[80.0392,6.5936],[80.0368,6.5969],[80.0354,6.5977],[80.0345,6.5977],[80.0333,6.5972],[80.0328,6.5976],[80.0284,6.6021],[80.0281,6.6129],[80.0271,6.6182],[80.0273,6.6219],[80.0268,6.6233],[80.0252,6.6256],[80.0241,6.6265],[80.0226,6.627],[80.0198,6.6265],[80.019,6.6265],[80.0185,6.6267],[80.0163,6.6287],[80.0146,6.6298],[80.013,6.6315],[80.012,6.633],[80.0106,6.6344],[80.0094,6.6348],[80.0088,6.6344],[80.0088,6.634],[80.0091,6.6322],[80.009,6.6315],[80.0085,6.6309],[80.0048,6.6285],[80.0036,6.6281],[80.0004,6.6281],[79.996,6.6284],[79.9932,6.6284],[79.9915,6.6281],[79.9906,6.6276],[79.99,6.6268],[79.9898,6.6262],[79.9898,6.624],[79.9894,6.6225],[79.9891,6.6219],[79.9884,6.6212],[79.9878,6.6209],[79.9873,6.621],[79.9854,6.6216],[79.9842,6.6216],[79.9826,6.6207],[79.9822,6.6199],[79.981,6.6158],[79.9802,6.6142],[79.9796,6.6134],[79.9774,6.6114],[79.9759,6.6069],[79.975,6.6052],[79.9727,6.6031],[79.9713,6.6015],[79.9705,6.5987],[79.9701,6.598],[79.9666,6.5953],[79.9653,6.5939],[79.9647,6.5928],[79.9635,6.5919],[79.9615,6.5898],[79.9602,6.5888],[79.9581,6.5879],[79.9579,6.5882],[79.957,6.5883],[79.9563,6.5881],[79.9561,6.5879]]]}},{"type":"Feature","properties":{"osm_id":"490249066","code":8101,"fclass":"river","width":0,"name":"Kaluganga"},"geometry":{"type":"MultiLineString","coordinates":[[[79.9639,6.5922],[79.9609,6.5918],[79.9587,6.5909],[79.9576,6.59],[79.9565,6.5889],[79.9563,6.5881]]]}},{"type":"Feature","properties":{"osm_id":"496334711","code":8101,"fclass":"river","width":0,"name":null},"geometry":{"type":"MultiLineString","coordinates":[[[80.0014,6.6244],[79.9997,6.6243],[79.995,6.6252],[79.9942,6.6251],[79.9929,6.6246],[79.9921,6.6239]]]}},{"type":"Feature","properties":{"osm_id":"496334712","code":8101,"fclass":"river","width":0,"name":null},"geometry":{"type":"MultiLineString","coordinates":[[[80.0001,6.6197],[79.9949,6.6226],[79.9921,6.6239],[79.9908,6.6235],[79.9896,6.6236]]]}},{"type":"Feature","properties":{"osm_id":"496334770","code":8101,"fclass":"river","width":0,"name":null},"geometry":{"type":"MultiLineString","coordinates":[[[79.9873,6.6163],[79.9874,6.6165],[79.9874,6.6169],[79.9866,6.6175],[79.9862,6.6183],[79.9859,6.6184],[79.9853,6.6184],[79.9846,6.6175],[79.9849,6.6159],[79.9848,6.6155],[79.9838,6.6144],[79.9827,6.6137],[79.9825,6.6137],[79.982,6.6142],[79.9819,6.6147],[79.9806,6.6151]]]}},{"type":"Feature","properties":{"osm_id":"512880196","code":8101,"fclass":"river","width":0,"name":null},"geometry":{"type":"MultiLineString","coordinates":[[[80.1383,6.3951],[80.1375,6.3954],[80.1357,6.3949],[80.1348,6.3949],[80.1344,6.3947],[80.1334,6.3937],[80.1337,6.3926],[80.1337,6.3921],[80.1342,6.3912],[80.134,6.3908],[80.1341,6.3904],[80.1345,6.3904],[80.1346,6.3901],[80.1345,6.3899],[80.1347,6.3895],[80.1344,6.3884],[80.1346,6.3879],[80.1345,6.3868],[80.1342,6.3868],[80.134,6.3856],[80.1337,6.3852],[80.1341,6.3844],[80.1339,6.3839],[80.1341,6.3837],[80.1342,6.3823],[80.1339,6.3819],[80.1338,6.3815],[80.1334,6.3814],[80.1333,6.3802],[80.1329,6.3788],[80.1325,6.3785],[80.1325,6.378],[80.1329,6.3753],[80.1337,6.3739],[80.1337,6.3737],[80.1332,6.3734],[80.1329,6.3724],[80.133,6.3718],[80.1336,6.3713],[80.133,6.3704],[80.1328,6.368]]]}},{"type":"Feature","properties":{"osm_id":"523420870","code":8101,"fclass":"river","width":0,"name":"Bentota"},"geometry":{"type":"MultiLineString","coordinates":[[[80.1525,6.3674],[80.1517,6.3677],[80.1509,6.3677],[80.1471,6.3675],[80.146,6.3676],[80.1447,6.3675],[80.1413,6.3666],[80.1403,6.367]],[[80.1402,6.3671],[80.1396,6.3674]],[[80.1387,6.3678],[80.138,6.3676]],[[80.1374,6.3673],[80.1365,6.3665],[80.1359,6.3663]],[[80.1358,6.3671],[80.1358,6.3672]],[[80.1356,6.3674],[80.135,6.3676]]]}},{"type":"Feature","properties":{"osm_id":"523420878","code":8101,"fclass":"river","width":0,"name":"Bentota"},"geometry":{"type":"MultiLineString","coordinates":[[[80.135,6.3676],[80.1346,6.3676]],[[80.1338,6.3678],[80.1336,6.3678]],[[80.1328,6.368],[80.1328,6.368]],[[80.1321,6.3678],[80.132,6.3667]],[[80.132,6.3666],[80.1314,6.3658]],[[80.1314,6.3658],[80.1307,6.3658],[80.1298,6.367]],[[80.1281,6.3697],[80.1277,6.3698]],[[80.1266,6.3698],[80.126,6.3696]],[[80.1248,6.3698],[80.123,6.3704]],[[80.1217,6.372],[80.1204,6.3741]],[[80.1192,6.3782],[80.1192,6.3783]],[[80.1188,6.379],[80.1177,6.3809],[80.1169,6.3818]],[[80.1169,6.3819],[80.1157,6.3829]],[[80.113,6.3856],[80.112,6.3865],[80.1094,6.3883]]]}},{"type":"Feature","properties":{"osm_id":"530477891","code":8101,"fclass":"river","width":0,"name":null},"geometry":{"type":"MultiLineString","coordinates":[[[80.3156,6.5293],[80.3131,6.5283],[80.3101,6.528],[80.3093,6.5274],[80.309,6.5269],[80.3089,6.5265],[80.3091,6.5259],[80.3081,6.5239],[80.3076,6.5236],[80.3065,6.5236],[80.3046,6.5229],[80.3043,6.523],[80.3038,6.5243],[80.3006,6.5277],[80.3001,6.5285],[80.299,6.5292],[80.2983,6.5302],[80.2972,6.5305],[80.2966,6.5317],[80.2953,6.5323],[80.2939,6.5346],[80.2934,6.5351],[80.2927,6.5354],[80.2911,6.5375],[80.2901,6.5382],[80.289,6.5395],[80.2885,6.5398],[80.2876,6.5412],[80.2867,6.5419],[80.2864,6.543],[80.2862,6.5433],[80.2846,6.5444],[80.2837,6.5448],[80.2833,6.5448],[80.2815,6.544],[80.2796,6.5436],[80.2783,6.543],[80.2769,6.5433],[80.2747,6.5429],[80.2739,6.543],[80.2734,6.5428],[80.2732,6.5422],[80.2727,6.5417],[80.2715,6.541],[80.2708,6.5404],[80.2703,6.5404],[80.2702,6.541],[80.2712,6.5426],[80.2702,6.5439],[80.2699,6.5454],[80.2695,6.5462],[80.2692,6.5465],[80.2679,6.5468],[80.2664,6.5481],[80.2656,6.5485],[80.2652,6.5486],[80.2639,6.5482],[80.2617,6.5488],[80.2617,6.5491],[80.2627,6.5496],[80.263,6.5501],[80.2624,6.5515],[80.2601,6.5534],[80.2601,6.5541],[80.2608,6.5548],[80.2607,6.5554],[80.26,6.556],[80.26,6.5566],[80.2598,6.5569],[80.2593,6.5573],[80.2582,6.5578],[80.2578,6.5581],[80.2577,6.5607],[80.2571,6.5617],[80.2562,6.5621],[80.2558,6.5631],[80.2548,6.5631],[80.2544,6.5634],[80.2541,6.5639],[80.2541,6.5642],[80.2549,6.5646],[80.2555,6.5658],[80.2555,6.5663],[80.2551,6.5667],[80.2549,6.5674],[80.2553,6.5685],[80.2555,6.5693],[80.2542,6.5701],[80.2532,6.5717],[80.2524,6.5716],[80.2518,6.5711],[80.2511,6.5712],[80.2507,6.5726],[80.2499,6.5729]]]}},{"type":"Feature","properties":{"osm_id":"578212404","code":8101,"fclass":"river","width":0,"name":null},"geometry":{"type":"MultiLineString","coordinates":[[[79.8992,6.8102],[79.9015,6.8099]]]}},{"type":"Feature","properties":{"osm_id":"578215396","code":8101,"fclass":"river","width":0,"name":null},"geometry":{"type":"MultiLineString","coordinates":[[[79.8951,6.8082],[79.8975,6.81],[79.8992,6.8102]]]}},{"type":"Feature","properties":{"osm_id":"580169424","code":8101,"fclass":"river","width":0,"name":null},"geometry":{"type":"MultiLineString","coordinates":[[[79.9146,6.823],[79.9139,6.8228],[79.9137,6.8232],[79.9133,6.8234],[79.912,6.8226],[79.9105,6.8223],[79.9098,6.8219],[79.9086,6.8205],[79.907,6.8199],[79.9063,6.82],[79.9059,6.8204],[79.905,6.8203],[79.9047,6.8193],[79.9051,6.8188],[79.904,6.8178],[79.9029,6.8175],[79.902,6.8177],[79.9005,6.8176],[79.9004,6.8178],[79.8991,6.8174]]]}},{"type":"Feature","properties":{"osm_id":"629038517","code":8101,"fclass":"river","width":0,"name":null},"geometry":{"type":"MultiLineString","coordinates":[[[80.0364,6.5611],[80.0366,6.5615],[80.0371,6.5617],[80.0371,6.562],[80.0367,6.5627],[80.0375,6.5634],[80.0374,6.564],[80.0377,6.5646],[80.0371,6.5653],[80.0373,6.5656],[80.0378,6.5659],[80.0373,6.5675],[80.0375,6.5682],[80.0372,6.5688],[80.0377,6.5687],[80.0381,6.5692],[80.0382,6.5707],[80.0384,6.5712],[80.0384,6.5725],[80.0379,6.5729],[80.0378,6.5735],[80.0383,6.574],[80.0387,6.5752],[80.0386,6.5764],[80.0384,6.5766],[80.0386,6.5769],[80.0381,6.5771],[80.0384,6.5776],[80.0381,6.578],[80.0389,6.5784],[80.0387,6.579],[80.0398,6.5801],[80.0402,6.5809],[80.0405,6.5819],[80.0409,6.5824],[80.0411,6.5832],[80.0418,6.583],[80.0424,6.5832],[80.0425,6.584],[80.0431,6.5857],[80.0434,6.5859],[80.0439,6.5856],[80.044,6.5857],[80.0437,6.5865],[80.0426,6.5868],[80.0443,6.5879],[80.0447,6.5889],[80.0445,6.5891],[80.044,6.5892],[80.0432,6.5887],[80.0429,6.5886],[80.0428,6.5902]]]}},{"type":"Feature","properties":{"osm_id":"638780516","code":8101,"fclass":"river","width":3,"name":null},"geometry":{"type":"MultiLineString","coordinates":[[[80.1525,6.3674],[80.1525,6.3674]]]}},{"type":"Feature","properties":{"osm_id":"713922019","code":8101,"fclass":"river","width":5,"name":null},"geometry":{"type":"MultiLineString","coordinates":[[[80.186,6.8554],[80.183,6.8558],[80.1806,6.8565],[80.1792,6.8565],[80.1779,6.8572],[80.1759,6.8578]],[[80.1756,6.8578],[80.1754,6.8576],[80.1753,6.8574],[80.1756,6.857],[80.1759,6.8569],[80.1761,6.8566],[80.1762,6.8564],[80.1759,6.8559],[80.1753,6.8555],[80.1739,6.8554]]]}},{"type":"Feature","properties":{"osm_id":"724198116","code":8101,"fclass":"river","width":0,"name":null},"geometry":{"type":"MultiLineString","coordinates":[[[79.9928,6.9268],[79.9931,6.927]]]}},{"type":"Feature","properties":{"osm_id":"740142663","code":8101,"fclass":"river","width":5,"name":"Natha Ela"},"geometry":{"type":"MultiLineString","coordinates":[[[79.9528,6.9635],[79.9524,6.9636],[79.9521,6.9633],[79.951,6.9632],[79.9494,6.9626],[79.9485,6.9621],[79.9467,6.9604],[79.944,6.9605],[79.9429,6.961],[79.9414,6.9633],[79.9408,6.9638],[79.9393,6.9644],[79.9368,6.9667],[79.9353,6.9667],[79.9346,6.9671],[79.9339,6.9686],[79.9344,6.9705],[79.9332,6.9722],[79.9326,6.9733],[79.9311,6.9729],[79.9293,6.972],[79.9268,6.9701],[79.9259,6.9701],[79.9252,6.9703],[79.9243,6.9704],[79.9235,6.9696],[79.9231,6.9695],[79.9228,6.9686],[79.9218,6.9676],[79.9217,6.967],[79.9213,6.9663],[79.9208,6.966],[79.9199,6.9662],[79.9193,6.9667],[79.9186,6.9664],[79.9173,6.9665],[79.9168,6.9667],[79.9165,6.9675],[79.9165,6.9678],[79.9169,6.968],[79.9169,6.9683],[79.9167,6.9686],[79.916,6.9689],[79.9155,6.9694],[79.9149,6.9696],[79.9147,6.9693],[79.9142,6.9693],[79.9139,6.9687],[79.9134,6.9685],[79.9132,6.9686],[79.913,6.9691],[79.9116,6.9685],[79.9113,6.9685],[79.9107,6.9702],[79.9099,6.971]]]}},{"type":"Feature","properties":{"osm_id":"746524794","code":8101,"fclass":"river","width":0,"name":"Dadugan Oya"},"geometry":{"type":"MultiLineString","coordinates":[[[79.9233,7.115],[79.9233,7.1151]]]}},{"type":"Feature","properties":{"osm_id":"746524795","code":8101,"fclass":"river","width":0,"name":"Dadugan Oya"},"geometry":{"type":"MultiLineString","coordinates":[[[79.9361,7.1094],[79.935,7.1095],[79.9341,7.1103],[79.9333,7.1108],[79.9322,7.11],[79.9307,7.1109],[79.9301,7.1108],[79.9294,7.1109],[79.9287,7.1114],[79.9278,7.1125],[79.9277,7.114],[79.9273,7.1141],[79.9266,7.1132],[79.9261,7.1127],[79.9257,7.1126],[79.9255,7.1127],[79.9257,7.1138],[79.9254,7.114],[79.9244,7.1137],[79.9241,7.114],[79.9239,7.1148],[79.9233,7.115]]]}},{"type":"Feature","properties":{"osm_id":"771096645","code":8101,"fclass":"river","width":0,"name":null},"geometry":{"type":"MultiLineString","coordinates":[[[80.1793,6.8657],[80.1768,6.866],[80.175,6.866],[80.1747,6.866],[80.1744,6.8664],[80.1735,6.8665],[80.1719,6.8657],[80.1713,6.8656],[80.1716,6.8649],[80.1715,6.8646],[80.1713,6.8645],[80.1701,6.8653],[80.1696,6.8655]]]}},{"type":"Feature","properties":{"osm_id":"788562014","code":8101,"fclass":"river","width":0,"name":null},"geometry":{"type":"MultiLineString","coordinates":[[[80.1159,6.5754],[80.1142,6.5757],[80.1137,6.5766],[80.1137,6.5772],[80.1141,6.5774],[80.1145,6.5782],[80.1142,6.579],[80.1142,6.5794],[80.1145,6.5798],[80.1145,6.5805],[80.1144,6.5824],[80.1141,6.5834],[80.1143,6.5848],[80.1143,6.586],[80.114,6.5865],[80.1143,6.5868],[80.1142,6.5879],[80.1146,6.5878],[80.1147,6.588],[80.1145,6.5896],[80.1143,6.5899],[80.1144,6.5919],[80.1147,6.593],[80.1146,6.5936],[80.1148,6.5938],[80.1141,6.596]]]}},{"type":"Feature","properties":{"osm_id":"817249189","code":8101,"fclass":"river","width":0,"name":null},"geometry":{"type":"MultiLineString","coordinates":[[[80.0685,6.6479],[80.0673,6.6473],[80.0678,6.6452],[80.0676,6.6447]]]}},{"type":"Feature","properties":{"osm_id":"822802258","code":8101,"fclass":"river","width":0,"name":null},"geometry":{"type":"MultiLineString","coordinates":[[[80.285,6.5989],[80.2844,6.5998],[80.2839,6.6],[80.2832,6.602],[80.2832,6.6038],[80.2821,6.6049],[80.2808,6.6074],[80.2803,6.6088],[80.2794,6.61],[80.2784,6.6106],[80.2778,6.6118],[80.277,6.6125],[80.2763,6.6138],[80.2754,6.6149],[80.275,6.6161],[80.2742,6.6173]]]}},{"type":"Feature","properties":{"osm_id":"822811612","code":8101,"fclass":"river","width":0,"name":null},"geometry":{"type":"MultiLineString","coordinates":[[[80.2095,6.7116],[80.2094,6.7117]],[[80.2085,6.7133],[80.2084,6.7133]],[[80.2083,6.713],[80.2082,6.7129]],[[80.2078,6.7128],[80.2075,6.7128],[80.2073,6.713]],[[80.2069,6.7137],[80.2067,6.7136],[80.2067,6.7138],[80.2071,6.714]],[[80.2065,6.7155],[80.2062,6.716]],[[80.2028,6.7209],[80.2028,6.721]],[[80.204,6.7222],[80.2039,6.7222],[80.2032,6.7231]],[[80.2012,6.7266],[80.1996,6.726],[80.1991,6.7256],[80.199,6.7256]]]}},{"type":"Feature","properties":{"osm_id":"823750455","code":8101,"fclass":"river","width":50,"name":"Kelani Ganga"},"geometry":{"type":"MultiLineString","coordinates":[[[79.8792,6.9583],[79.8787,6.9593],[79.8786,6.96],[79.8784,6.9631]]]}},{"type":"Feature","properties":{"osm_id":"826264081","code":8101,"fclass":"river","width":0,"name":null},"geometry":{"type":"MultiLineString","coordinates":[[[80.1576,6.8335],[80.158,6.8322],[80.1578,6.8309],[80.1586,6.8306],[80.1587,6.8303],[80.1579,6.8297],[80.1576,6.8293],[80.157,6.8291],[80.157,6.8287],[80.1566,6.8286],[80.1565,6.8282]]]}},{"type":"Feature","properties":{"osm_id":"838148970","code":8101,"fclass":"river","width":0,"name":null},"geometry":{"type":"MultiLineString","coordinates":[[[80.2139,6.7003],[80.2136,6.7007]],[[80.2133,6.7012],[80.2124,6.7029]],[[80.2117,6.7042],[80.2114,6.7047]],[[80.2105,6.7077],[80.2104,6.708],[80.2107,6.7083]]]}},{"type":"Feature","properties":{"osm_id":"849865095","code":8101,"fclass":"river","width":0,"name":null},"geometry":{"type":"MultiLineString","coordinates":[[[80.0425,6.7271],[80.0426,6.7265],[80.0422,6.7258]]]}},{"type":"Feature","properties":{"osm_id":"875403974","code":8101,"fclass":"river","width":0,"name":null},"geometry":{"type":"MultiLineString","coordinates":[[[80.1481,6.8617],[80.1482,6.8619],[80.1478,6.8622],[80.1477,6.8624],[80.1477,6.8629],[80.1479,6.8631]]]}},{"type":"Feature","properties":{"osm_id":"875403977","code":8101,"fclass":"river","width":0,"name":null},"geometry":{"type":"MultiLineString","coordinates":[[[80.1592,6.8505],[80.1586,6.8513],[80.1578,6.8515],[80.1572,6.8519],[80.1571,6.8522],[80.1566,6.852],[80.1556,6.8524],[80.1551,6.8524],[80.1549,6.8527],[80.155,6.8531],[80.1546,6.854],[80.1546,6.8549],[80.1542,6.8556],[80.1539,6.8569],[80.1539,6.8573],[80.1545,6.8577],[80.1544,6.8587],[80.154,6.8594],[80.1522,6.8602],[80.1522,6.8613],[80.152,6.862],[80.1511,6.8618],[80.1502,6.8622],[80.1499,6.8628],[80.1494,6.8629],[80.1487,6.8627],[80.1486,6.8629],[80.1481,6.8629],[80.1479,6.8631],[80.1479,6.8634],[80.1474,6.8635],[80.1474,6.8637],[80.1478,6.8641],[80.1486,6.8637],[80.149,6.8637],[80.1492,6.865],[80.1491,6.8655],[80.1498,6.8667]]]}},{"type":"Feature","properties":{"osm_id":"875546539","code":8101,"fclass":"river","width":0,"name":null},"geometry":{"type":"MultiLineString","coordinates":[[[80.1639,6.9124],[80.1637,6.9117],[80.1639,6.9114],[80.1639,6.9111],[80.1633,6.9102],[80.1634,6.9097],[80.1633,6.9091],[80.1634,6.9089],[80.1629,6.9081],[80.163,6.9074],[80.1631,6.9072],[80.1629,6.9059],[80.163,6.9053],[80.1626,6.9048],[80.1626,6.9042],[80.1622,6.9038],[80.1622,6.9035],[80.1623,6.9032],[80.162,6.903],[80.1622,6.9027],[80.1619,6.9023],[80.1621,6.9016]]]}},{"type":"Feature","properties":{"osm_id":"875546557","code":8101,"fclass":"river","width":0,"name":null},"geometry":{"type":"MultiLineString","coordinates":[[[80.1739,6.8737],[80.1736,6.8739],[80.1735,6.8746],[80.1731,6.8749]]]}},{"type":"Feature","properties":{"osm_id":"875546558","code":8101,"fclass":"river","width":0,"name":null},"geometry":{"type":"MultiLineString","coordinates":[[[80.1729,6.8797],[80.1731,6.8793],[80.1728,6.879],[80.1728,6.8787],[80.173,6.8787],[80.1728,6.8776],[80.1733,6.8763],[80.1737,6.8762],[80.1736,6.8758],[80.1731,6.8749],[80.1721,6.8749],[80.172,6.8743],[80.1709,6.8726]]]}},{"type":"Feature","properties":{"osm_id":"875694691","code":8101,"fclass":"river","width":0,"name":null},"geometry":{"type":"MultiLineString","coordinates":[[[80.1809,6.9042],[80.1817,6.9046],[80.1823,6.9058],[80.1826,6.9085],[80.1841,6.9115],[80.1846,6.9119],[80.1845,6.9123],[80.1846,6.9125]]]}},{"type":"Feature","properties":{"osm_id":"877384310","code":8101,"fclass":"river","width":0,"name":null},"geometry":{"type":"MultiLineString","coordinates":[[[80.2089,6.9669],[80.2087,6.9678],[80.2082,6.9682],[80.2076,6.9681],[80.2073,6.9684],[80.2066,6.9682],[80.2062,6.9684],[80.206,6.9691],[80.2058,6.9692],[80.2055,6.9697],[80.2051,6.9699]]]}},{"type":"Feature","properties":{"osm_id":"888713170","code":8101,"fclass":"river","width":0,"name":null},"geometry":{"type":"MultiLineString","coordinates":[[[80.1916,6.684],[80.1915,6.6848],[80.1921,6.6854],[80.1919,6.6867],[80.1908,6.6883],[80.1901,6.6902],[80.1893,6.6913],[80.1892,6.6917],[80.1876,6.695],[80.1873,6.6954],[80.1868,6.6966],[80.1866,6.6971],[80.1859,6.6976],[80.1854,6.6984],[80.1851,6.6996],[80.1842,6.7008],[80.1837,6.7031],[80.1836,6.7033],[80.1827,6.7035],[80.1824,6.704],[80.1825,6.7045],[80.1833,6.705],[80.1832,6.7053],[80.1826,6.7057],[80.1824,6.7064],[80.183,6.7068],[80.182,6.7077],[80.181,6.7082],[80.1811,6.7087],[80.1805,6.7087],[80.1805,6.709],[80.1801,6.7096],[80.1792,6.7102],[80.1788,6.7109],[80.178,6.7105],[80.178,6.7108],[80.1784,6.7113],[80.1784,6.7118],[80.1789,6.7123],[80.1789,6.7129],[80.1787,6.7135],[80.179,6.7139],[80.179,6.7149],[80.1785,6.7157],[80.1785,6.7162],[80.1775,6.7169],[80.1775,6.7172],[80.1771,6.7176],[80.1771,6.7188],[80.1764,6.7191],[80.1753,6.7192],[80.1751,6.72],[80.1753,6.7208],[80.1752,6.7214],[80.1744,6.722],[80.1741,6.7227],[80.1735,6.7233],[80.1732,6.7238]]]}},{"type":"Feature","properties":{"osm_id":"889410860","code":8101,"fclass":"river","width":50,"name":"Kelani Ganga"},"geometry":{"type":"MultiLineString","coordinates":[[[80.2073,6.9787],[80.2061,6.9784]],[[80.2031,6.9773],[80.2029,6.9772]],[[80.2015,6.9764],[80.2013,6.9763]],[[80.1994,6.9762],[80.198,6.9767]],[[80.1948,6.9772],[80.1935,6.9776]],[[80.191,6.9785],[80.191,6.9785]],[[80.1907,6.9786],[80.1896,6.9784],[80.1873,6.976],[80.187,6.9758]],[[80.1862,6.9754],[80.1859,6.9754]],[[80.1859,6.9753],[80.185,6.9752]],[[80.1847,6.9752],[80.1838,6.9751]],[[80.1808,6.977],[80.1807,6.977]],[[80.1793,6.9776],[80.1793,6.9777]]]}},{"type":"Feature","properties":{"osm_id":"894689710","code":8101,"fclass":"river","width":0,"name":null},"geometry":{"type":"MultiLineString","coordinates":[[[80.0684,6.5691],[80.0706,6.569],[80.0716,6.5685],[80.0722,6.5683],[80.0727,6.5684],[80.0733,6.5687],[80.0751,6.5686],[80.0762,6.5691],[80.0766,6.5689],[80.0777,6.5688],[80.0781,6.569],[80.0793,6.5682]]]}},{"type":"Feature","properties":{"osm_id":"904699276","code":8101,"fclass":"river","width":0,"name":null},"geometry":{"type":"MultiLineString","coordinates":[[[79.8945,6.7964],[79.8945,6.7966]]]}},{"type":"Feature","properties":{"osm_id":"904699277","code":8101,"fclass":"river","width":0,"name":null},"geometry":{"type":"MultiLineString","coordinates":[[[79.8945,6.7966],[79.8946,6.7967]]]}},{"type":"Feature","properties":{"osm_id":"933807407","code":8101,"fclass":"river","width":0,"name":null},"geometry":{"type":"MultiLineString","coordinates":[[[80.1445,6.7082],[80.1449,6.7074],[80.1448,6.7071],[80.1452,6.7062]]]}},{"type":"Feature","properties":{"osm_id":"933807408","code":8101,"fclass":"river","width":0,"name":null},"geometry":{"type":"MultiLineString","coordinates":[[[80.1437,6.7082],[80.145,6.7058],[80.1453,6.7056]]]}},{"type":"Feature","properties":{"osm_id":"948131120","code":8101,"fclass":"river","width":0,"name":null},"geometry":{"type":"MultiLineString","coordinates":[[[79.9785,6.9575],[79.9778,6.9568],[79.9776,6.9564],[79.9778,6.9562]]]}},{"type":"Feature","properties":{"osm_id":"950067526","code":8101,"fclass":"river","width":0,"name":null},"geometry":{"type":"MultiLineString","coordinates":[[[79.9814,6.7787],[79.9809,6.7783],[79.9805,6.7775],[79.98,6.777],[79.9793,6.776],[79.9795,6.7746],[79.9793,6.7731],[79.979,6.7728],[79.978,6.7725]]]}},{"type":"Feature","properties":{"osm_id":"951258486","code":8101,"fclass":"river","width":0,"name":null},"geometry":{"type":"MultiLineString","coordinates":[[[80.0311,6.7753],[80.0306,6.7753],[80.0296,6.7747],[80.0278,6.7732],[80.0277,6.7729],[80.0273,6.773],[80.0266,6.7725],[80.0256,6.7723],[80.0248,6.7718],[80.0234,6.7715],[80.0229,6.7715],[80.0221,6.7713],[80.0218,6.771],[80.0209,6.7706],[80.02,6.7706],[80.0187,6.7695],[80.0178,6.7692],[80.0168,6.7686],[80.0162,6.7685],[80.0159,6.7681],[80.0149,6.7679],[80.0136,6.767],[80.0122,6.7664],[80.0101,6.766],[80.0087,6.7651],[80.0084,6.7646],[80.0075,6.7643],[80.0065,6.7636],[80.0062,6.7636],[80.0062,6.7631],[80.0058,6.7629],[80.0059,6.7622],[80.0051,6.7616],[80.0044,6.7615],[80.0039,6.7611],[80.0036,6.7611],[80.0034,6.7614],[80.0033,6.7608],[80.0027,6.7609],[80.0027,6.7602],[80.0024,6.7599],[80.0017,6.7602],[80.0015,6.7598],[80.0005,6.7596],[79.9996,6.7588],[79.9964,6.7587],[79.9958,6.7584],[79.9951,6.7585],[79.9949,6.7583],[79.994,6.7583],[79.9939,6.7579],[79.9904,6.7571],[79.9902,6.7569],[79.9903,6.7561],[79.9899,6.7559],[79.9899,6.7555],[79.9892,6.7553],[79.9879,6.7542],[79.987,6.7542],[79.9868,6.7532],[79.9857,6.7535],[79.9846,6.7533],[79.9846,6.753],[79.9839,6.7527],[79.9833,6.7528],[79.9827,6.7538],[79.9824,6.754],[79.9819,6.754],[79.9812,6.7549],[79.9812,6.7554],[79.9806,6.7554],[79.9802,6.7551],[79.9798,6.7557],[79.9791,6.7557],[79.979,6.7563],[79.9784,6.7564],[79.9784,6.7568],[79.9777,6.7579],[79.9773,6.7582],[79.9761,6.7582],[79.9758,6.758],[79.9752,6.7586],[79.9747,6.7586],[79.9744,6.7591],[79.9736,6.7598],[79.9732,6.7595],[79.9728,6.7595],[79.9725,6.7591],[79.9717,6.7592],[79.9707,6.7598],[79.9696,6.7597],[79.9689,6.7595],[79.9685,6.7597],[79.9686,6.7602],[79.9679,6.7607],[79.9675,6.7606],[79.9672,6.7607],[79.9668,6.7605],[79.9666,6.7601],[79.9662,6.7602],[79.9652,6.7602],[79.9647,6.7604],[79.9643,6.7604],[79.9631,6.7607],[79.9629,6.761],[79.9622,6.7613],[79.9614,6.762],[79.961,6.762],[79.9612,6.7626],[79.9605,6.7633],[79.9606,6.7637],[79.9611,6.7638],[79.9611,6.7642],[79.9608,6.7641],[79.9604,6.7646],[79.96,6.7647],[79.9596,6.7642],[79.9593,6.7647],[79.959,6.7648],[79.9589,6.765],[79.9582,6.765],[79.9581,6.7654],[79.9579,6.7656],[79.9577,6.7654],[79.9574,6.7656],[79.9569,6.7655],[79.9568,6.766]]]}},{"type":"Feature","properties":{"osm_id":"951477869","code":8101,"fclass":"river","width":0,"name":null},"geometry":{"type":"MultiLineString","coordinates":[[[79.9635,6.7571],[79.963,6.7572],[79.9624,6.7569],[79.9612,6.7571],[79.9609,6.7569],[79.9603,6.7569],[79.9599,6.757],[79.9586,6.7569],[79.9562,6.7578],[79.9561,6.758],[79.9554,6.7584],[79.9552,6.7589],[79.9538,6.7588]]]}},{"type":"Feature","properties":{"osm_id":"951477870","code":8101,"fclass":"river","width":0,"name":null},"geometry":{"type":"MultiLineString","coordinates":[[[79.9535,6.76],[79.9538,6.7578],[79.9533,6.7576],[79.953,6.7573],[79.9529,6.7568],[79.9515,6.7559],[79.9512,6.7555],[79.9498,6.7555],[79.9494,6.7551],[79.9473,6.7544]]]}},{"type":"Feature","properties":{"osm_id":"965656007","code":8101,"fclass":"river","width":0,"name":"Dadugan Oya"},"geometry":{"type":"MultiLineString","coordinates":[[[80.0055,7.1107],[80.0047,7.1107],[80.0038,7.1111],[80.0035,7.1109],[80.0029,7.1109],[80.0021,7.1105],[80.0015,7.1109],[80.0002,7.1105],[80.0003,7.1101],[80.001,7.1096],[80.001,7.1091],[79.9997,7.1077],[79.999,7.1075],[79.9987,7.1068],[79.9974,7.1062],[79.997,7.1052],[79.997,7.1048],[79.9972,7.1043],[79.9969,7.1039]]]}},{"type":"Feature","properties":{"osm_id":"965656008","code":8101,"fclass":"river","width":10,"name":"Dadugan Oya"},"geometry":{"type":"MultiLineString","coordinates":[[[79.9969,7.1039],[79.9961,7.1031],[79.9959,7.1026],[79.9958,7.1018],[79.9953,7.101],[79.9934,7.0997],[79.993,7.098],[79.9922,7.0981],[79.9914,7.0972],[79.991,7.0969],[79.9906,7.0973],[79.9904,7.0972]]]}},{"type":"Feature","properties":{"osm_id":"965656009","code":8101,"fclass":"river","width":10,"name":"Dadugan Oya"},"geometry":{"type":"MultiLineString","coordinates":[[[79.9766,7.0985],[79.9756,7.0971],[79.9743,7.0959],[79.9739,7.0953],[79.9734,7.0955],[79.9731,7.0954],[79.973,7.0944],[79.9721,7.0927],[79.9718,7.0925],[79.9709,7.0928],[79.9695,7.093],[79.9679,7.0939],[79.9677,7.0942],[79.9681,7.0949],[79.9678,7.0951],[79.9667,7.0949],[79.9642,7.0949],[79.9638,7.0954],[79.9636,7.0965],[79.9632,7.0969],[79.9621,7.0967],[79.9609,7.0971],[79.9607,7.097],[79.9601,7.0955]]]}},{"type":"Feature","properties":{"osm_id":"965656010","code":8101,"fclass":"river","width":10,"name":"Dadugan Oya"},"geometry":{"type":"MultiLineString","coordinates":[[[79.9601,7.0955],[79.9598,7.0955],[79.9571,7.0971],[79.9564,7.0973],[79.9561,7.097],[79.9557,7.0972],[79.9537,7.0992],[79.953,7.1002],[79.9518,7.0996],[79.9515,7.1005],[79.9518,7.1011],[79.952,7.1028],[79.9506,7.1041],[79.9503,7.1046],[79.9504,7.1053],[79.9502,7.1058],[79.9488,7.1067],[79.9481,7.1064],[79.9469,7.1067],[79.9462,7.1076],[79.9459,7.1086],[79.945,7.1087],[79.9447,7.1092],[79.943,7.1089],[79.9425,7.1098],[79.9421,7.11],[79.9398,7.1106],[79.939,7.1105],[79.938,7.111],[79.9376,7.1109],[79.9371,7.1104],[79.9371,7.1099],[79.9361,7.1094]]]}},{"type":"Feature","properties":{"osm_id":"965656011","code":8101,"fclass":"river","width":0,"name":"Dadugan Oya"},"geometry":{"type":"MultiLineString","coordinates":[[[79.9233,7.1151],[79.9226,7.1158],[79.9213,7.1156]]]}},{"type":"Feature","properties":{"osm_id":"965656012","code":8101,"fclass":"river","width":0,"name":"Dadugan Oya"},"geometry":{"type":"MultiLineString","coordinates":[[[79.9213,7.1156],[79.921,7.1157],[79.9206,7.1167],[79.9209,7.1186],[79.9216,7.1198],[79.9231,7.1208],[79.9239,7.1217],[79.9242,7.1219],[79.9243,7.1221],[79.9241,7.1239],[79.924,7.1241],[79.9236,7.1243],[79.9232,7.1235],[79.9228,7.1236],[79.9223,7.1245],[79.9218,7.125],[79.9208,7.1253],[79.9199,7.1264],[79.9189,7.1269],[79.9182,7.1268],[79.9174,7.1283],[79.9174,7.1289],[79.9187,7.1293],[79.9192,7.1298],[79.9185,7.1313],[79.9183,7.1321],[79.9179,7.1326],[79.9179,7.133],[79.9169,7.1348],[79.917,7.1354],[79.9172,7.1356],[79.9178,7.1356],[79.918,7.1358],[79.9179,7.1363],[79.9171,7.1366],[79.9171,7.1371],[79.9175,7.1377],[79.9178,7.1384],[79.9189,7.1394],[79.9189,7.1396],[79.9185,7.1402],[79.9171,7.1405],[79.9172,7.1426],[79.9177,7.144],[79.9177,7.1444],[79.9173,7.1453],[79.918,7.1454],[79.9181,7.1456],[79.9177,7.1459],[79.917,7.1461]]]}},{"type":"Feature","properties":{"osm_id":"965656013","code":8101,"fclass":"river","width":40,"name":"Ma Oya"},"geometry":{"type":"MultiLineString","coordinates":[[[80.1865,7.2615],[80.1861,7.2613]],[[80.1782,7.2713],[80.1781,7.2714]],[[80.1731,7.2787],[80.1723,7.2791]],[[80.1694,7.282],[80.1693,7.2823]],[[80.1681,7.2861],[80.1676,7.2865]],[[80.1615,7.2903],[80.1606,7.2902],[80.1593,7.2904]],[[80.1551,7.2943],[80.1549,7.2949]]]}},{"type":"Feature","properties":{"osm_id":"967641488","code":8101,"fclass":"river","width":0,"name":null},"geometry":{"type":"MultiLineString","coordinates":[[[80.1979,6.7051],[80.1974,6.7061],[80.1965,6.7069],[80.1964,6.7074],[80.1966,6.7076],[80.1957,6.7099],[80.1957,6.7106],[80.1968,6.7115],[80.1982,6.7131],[80.199,6.7135],[80.1996,6.7134],[80.2,6.7139],[80.2002,6.7143],[80.2001,6.7146],[80.1993,6.7159],[80.1993,6.7162],[80.1996,6.7163],[80.1999,6.7159],[80.2004,6.7158],[80.2013,6.7149]]]}},{"type":"Feature","properties":{"osm_id":"967641493","code":8101,"fclass":"river","width":0,"name":null},"geometry":{"type":"MultiLineString","coordinates":[[[80.2105,6.709],[80.2104,6.7094]]]}},{"type":"Feature","properties":{"osm_id":"983747803","code":8101,"fclass":"river","width":0,"name":"Galthata Oya"},"geometry":{"type":"MultiLineString","coordinates":[[[80.048,7.0989],[80.0472,7.0981],[80.046,7.0979],[80.0447,7.0974],[80.0447,7.0965],[80.0442,7.0961],[80.0438,7.0961]]]}},{"type":"Feature","properties":{"osm_id":"998695034","code":8101,"fclass":"river","width":0,"name":null},"geometry":{"type":"MultiLineString","coordinates":[[[80.1657,6.8225],[80.1657,6.8225]]]}},{"type":"Feature","properties":{"osm_id":"998695035","code":8101,"fclass":"river","width":0,"name":null},"geometry":{"type":"MultiLineString","coordinates":[[[80.1665,6.8222],[80.1657,6.8225]]]}},{"type":"Feature","properties":{"osm_id":"998695045","code":8101,"fclass":"river","width":0,"name":null},"geometry":{"type":"MultiLineString","coordinates":[[[80.1657,6.8225],[80.1654,6.8224],[80.165,6.8218],[80.1639,6.821],[80.1637,6.8206],[80.163,6.8203]]]}},{"type":"Feature","properties":{"osm_id":"1005722067","code":8101,"fclass":"river","width":0,"name":null},"geometry":{"type":"MultiLineString","coordinates":[[[80.1589,6.9111],[80.1587,6.9112],[80.1578,6.9119],[80.1577,6.9123],[80.1575,6.9124],[80.1565,6.9122],[80.1562,6.9116],[80.1557,6.9113]]]}},{"type":"Feature","properties":{"osm_id":"1006168901","code":8101,"fclass":"river","width":0,"name":null},"geometry":{"type":"MultiLineString","coordinates":[[[80.0794,6.6024],[80.0794,6.6022],[80.0799,6.602],[80.0799,6.6017],[80.0803,6.6016],[80.0804,6.6013],[80.0803,6.601],[80.0806,6.6005],[80.0803,6.6004],[80.0802,6.5999],[80.0806,6.5992],[80.0811,6.5991],[80.0815,6.5976],[80.0814,6.5974],[80.0817,6.5972],[80.0817,6.5969],[80.0823,6.5959],[80.0833,6.5947],[80.0835,6.5939],[80.0842,6.5939],[80.0851,6.5934],[80.0854,6.5934],[80.0856,6.5932],[80.0868,6.5913],[80.0871,6.591],[80.089,6.5882]]]}},{"type":"Feature","properties":{"osm_id":"1006168902","code":8101,"fclass":"river","width":0,"name":null},"geometry":{"type":"MultiLineString","coordinates":[[[80.0794,6.6024],[80.0787,6.6036],[80.0788,6.6043],[80.0784,6.6047],[80.0782,6.6046],[80.0778,6.6052],[80.0773,6.6048],[80.0771,6.6051],[80.0772,6.6061],[80.0775,6.6063],[80.0774,6.6066],[80.0763,6.6083],[80.0751,6.6086],[80.0748,6.6085],[80.0742,6.6089],[80.0739,6.6089],[80.0737,6.6093],[80.0732,6.6093],[80.0733,6.6097],[80.0729,6.61],[80.0722,6.6099],[80.0721,6.61],[80.0722,6.6114],[80.0718,6.6124],[80.0712,6.6125],[80.0713,6.6129],[80.0711,6.6131],[80.071,6.6137],[80.0712,6.6142],[80.0704,6.6145],[80.0701,6.6149],[80.0701,6.6155],[80.0698,6.6158],[80.0696,6.616],[80.0693,6.6157],[80.0683,6.6164],[80.0681,6.6161],[80.0681,6.6165],[80.0679,6.6167],[80.0678,6.6166]]]}},{"type":"Feature","properties":{"osm_id":"1006168903","code":8101,"fclass":"river","width":0,"name":null},"geometry":{"type":"MultiLineString","coordinates":[[[80.0678,6.6166],[80.0678,6.6163],[80.0673,6.6161],[80.0672,6.6158],[80.0671,6.6158],[80.0669,6.6165],[80.0667,6.616],[80.0665,6.616],[80.0665,6.6164],[80.0661,6.6166],[80.0659,6.6162],[80.0657,6.6162]]]}},{"type":"Feature","properties":{"osm_id":"1006168904","code":8101,"fclass":"river","width":0,"name":null},"geometry":{"type":"MultiLineString","coordinates":[[[80.0657,6.6162],[80.0644,6.6166],[80.0644,6.617],[80.0637,6.6166],[80.0625,6.617]]]}},{"type":"Feature","properties":{"osm_id":"1009537494","code":8101,"fclass":"river","width":0,"name":null},"geometry":{"type":"MultiLineString","coordinates":[[[79.9029,6.8175],[79.9008,6.8166],[79.9011,6.8162]]]}},{"type":"Feature","properties":{"osm_id":"1030456235","code":8101,"fclass":"river","width":0,"name":null},"geometry":{"type":"MultiLineString","coordinates":[[[80.1778,6.7776],[80.1781,6.7774],[80.1782,6.777],[80.1787,6.7737],[80.1791,6.7729],[80.1812,6.7712],[80.1827,6.7708],[80.1851,6.7692],[80.1854,6.7688],[80.1857,6.7681],[80.187,6.7672],[80.1887,6.7653],[80.1893,6.7653],[80.1896,6.7649],[80.1914,6.7642],[80.1916,6.7631],[80.1919,6.7625]]]}},{"type":"Feature","properties":{"osm_id":"1030456256","code":8101,"fclass":"river","width":0,"name":null},"geometry":{"type":"MultiLineString","coordinates":[[[80.1671,6.7602],[80.1672,6.7601]]]}},{"type":"Feature","properties":{"osm_id":"1030456257","code":8101,"fclass":"river","width":0,"name":null},"geometry":{"type":"MultiLineString","coordinates":[[[80.1705,6.7694],[80.1693,6.7679],[80.1689,6.7677],[80.1683,6.7678],[80.1678,6.7675],[80.1669,6.7672],[80.1664,6.7674],[80.1662,6.767],[80.1656,6.7666],[80.1654,6.7662],[80.165,6.766],[80.165,6.7658],[80.1659,6.7641],[80.166,6.7633],[80.1668,6.7616],[80.1671,6.7602]]]}},{"type":"Feature","properties":{"osm_id":"1030456262","code":8101,"fclass":"river","width":0,"name":null},"geometry":{"type":"MultiLineString","coordinates":[[[80.1672,6.7601],[80.1679,6.7589],[80.1678,6.7585],[80.1674,6.7585],[80.1673,6.7584],[80.1681,6.757],[80.1679,6.7566],[80.1679,6.7552],[80.1681,6.7548],[80.168,6.7543],[80.1684,6.7535],[80.1685,6.7526],[80.1688,6.7517],[80.1687,6.7511],[80.1689,6.7499],[80.1688,6.7486],[80.1691,6.747],[80.1692,6.7469],[80.1704,6.747],[80.1706,6.7469],[80.1709,6.7463],[80.1717,6.744],[80.1717,6.7436],[80.1723,6.7429],[80.1721,6.7422],[80.1717,6.7418],[80.1722,6.7416],[80.1723,6.7414],[80.1721,6.7401],[80.1728,6.7387],[80.1729,6.7376],[80.1728,6.7367],[80.1735,6.7364],[80.1737,6.736],[80.1735,6.7351],[80.1728,6.7349],[80.172,6.7341],[80.171,6.7336],[80.1706,6.7329],[80.1704,6.7321],[80.1703,6.732],[80.1703,6.7317],[80.1708,6.7316],[80.1715,6.7311],[80.172,6.7301],[80.1719,6.7295],[80.1715,6.7293],[80.171,6.7293],[80.1698,6.7288],[80.1696,6.7282],[80.1692,6.7279],[80.1689,6.7278],[80.1685,6.7271],[80.1677,6.7271],[80.1675,6.7267],[80.1674,6.726],[80.1675,6.7255],[80.1685,6.7247],[80.1687,6.7244],[80.1697,6.7238],[80.1702,6.7234]]]}},{"type":"Feature","properties":{"osm_id":"1040121132","code":8101,"fclass":"river","width":0,"name":null},"geometry":{"type":"MultiLineString","coordinates":[[[80.1825,6.7971],[80.1825,6.7969]],[[80.1829,6.7956],[80.1831,6.7951]],[[80.1834,6.7948],[80.1851,6.7936],[80.1863,6.7931]]]}},{"type":"Feature","properties":{"osm_id":"1056569622","code":8101,"fclass":"river","width":0,"name":null},"geometry":{"type":"MultiLineString","coordinates":[[[80.1026,6.7838],[80.1028,6.7834],[80.1028,6.7827],[80.1032,6.7821],[80.1028,6.7815],[80.1036,6.7812],[80.1038,6.7806],[80.1043,6.7807],[80.1043,6.7801],[80.105,6.7791],[80.1047,6.7783],[80.1052,6.7778],[80.1053,6.7773],[80.1059,6.7764],[80.1058,6.776],[80.1063,6.7756],[80.1068,6.775],[80.1069,6.7746],[80.1079,6.774],[80.1081,6.7733],[80.1087,6.7728],[80.1089,6.7724],[80.109,6.7718],[80.1093,6.7712],[80.1096,6.7712],[80.1098,6.7708],[80.1103,6.7706],[80.1099,6.7703],[80.11,6.7697],[80.1104,6.7693],[80.1105,6.7689],[80.1109,6.7686],[80.1112,6.7676],[80.1119,6.767],[80.112,6.7664],[80.1122,6.7662],[80.1122,6.7658],[80.1119,6.7657],[80.112,6.7644],[80.1123,6.7638],[80.1123,6.7631],[80.1128,6.7623],[80.1129,6.7615],[80.1135,6.7607],[80.1133,6.7604],[80.1135,6.7601],[80.1135,6.7598],[80.1136,6.7596],[80.1133,6.7594],[80.1134,6.7592],[80.1133,6.7589],[80.1134,6.757],[80.1132,6.7567],[80.1126,6.7564],[80.1129,6.7561],[80.113,6.7554]]]}},{"type":"Feature","properties":{"osm_id":"1097541803","code":8101,"fclass":"river","width":0,"name":null},"geometry":{"type":"MultiLineString","coordinates":[[[80.1604,6.8309],[80.1606,6.8294],[80.1605,6.8292],[80.1601,6.8286],[80.1597,6.8284],[80.1593,6.8271],[80.1585,6.8261],[80.1578,6.8256],[80.1576,6.8258],[80.157,6.8256],[80.1568,6.8248],[80.157,6.8246],[80.1569,6.8245]]]}},{"type":"Feature","properties":{"osm_id":"1107354629","code":8101,"fclass":"river","width":0,"name":null},"geometry":{"type":"MultiLineString","coordinates":[[[80.0986,7.2072],[80.0985,7.2073]]]}},{"type":"Feature","properties":{"osm_id":"1107354630","code":8101,"fclass":"river","width":0,"name":null},"geometry":{"type":"MultiLineString","coordinates":[[[80.0985,7.2073],[80.0978,7.2074]]]}},{"type":"Feature","properties":{"osm_id":"1165606793","code":8101,"fclass":"river","width":0,"name":null},"geometry":{"type":"MultiLineString","coordinates":[[[80.356,6.4543],[80.3573,6.455],[80.3577,6.4554],[80.3597,6.4563],[80.3602,6.4563],[80.3606,6.4566],[80.3611,6.4567],[80.3616,6.4573],[80.362,6.4574]]]}},{"type":"Feature","properties":{"osm_id":"1165645556","code":8101,"fclass":"river","width":0,"name":null},"geometry":{"type":"MultiLineString","coordinates":[[[80.3353,6.468],[80.3321,6.4745],[80.3324,6.476],[80.333,6.4774],[80.333,6.4779],[80.3311,6.4813]]]}},{"type":"Feature","properties":{"osm_id":"1165705153","code":8101,"fclass":"river","width":0,"name":null},"geometry":{"type":"MultiLineString","coordinates":[[[80.3396,6.4619],[80.3389,6.4631],[80.3391,6.464],[80.3385,6.4651],[80.3382,6.4653],[80.3375,6.465],[80.3373,6.4652],[80.3353,6.468]]]}},{"type":"Feature","properties":{"osm_id":"1165705158","code":8101,"fclass":"river","width":0,"name":null},"geometry":{"type":"MultiLineString","coordinates":[[[80.3396,6.4619],[80.3413,6.4615],[80.3436,6.4579],[80.3443,6.4572],[80.3448,6.4576],[80.3448,6.4584],[80.3455,6.4588],[80.3459,6.4594],[80.3465,6.4619],[80.3472,6.463],[80.3477,6.4635],[80.3486,6.4637],[80.3497,6.4633]]]}},{"type":"Feature","properties":{"osm_id":"1165705159","code":8101,"fclass":"river","width":0,"name":null},"geometry":{"type":"MultiLineString","coordinates":[[[80.3499,6.4633],[80.3509,6.4629],[80.3519,6.4613],[80.3525,6.4608],[80.3529,6.4602],[80.3529,6.4595],[80.3539,6.4583],[80.3545,6.4579]]]}},{"type":"Feature","properties":{"osm_id":"1165705160","code":8101,"fclass":"river","width":0,"name":null},"geometry":{"type":"MultiLineString","coordinates":[[[80.3497,6.4633],[80.3499,6.4633]]]}},{"type":"Feature","properties":{"osm_id":"1182289744","code":8101,"fclass":"river","width":0,"name":null},"geometry":{"type":"MultiLineString","coordinates":[[[80.1288,6.552],[80.1292,6.5522],[80.1303,6.553],[80.1305,6.5536],[80.1323,6.555],[80.1343,6.5551]]]}},{"type":"Feature","properties":{"osm_id":"1183702944","code":8101,"fclass":"river","width":0,"name":null},"geometry":{"type":"MultiLineString","coordinates":[[[79.9196,6.7362],[79.9194,6.7371],[79.9195,6.7376],[79.9198,6.7381],[79.9204,6.7384]]]}},{"type":"Feature","properties":{"osm_id":"1183919567","code":8101,"fclass":"river","width":0,"name":null},"geometry":{"type":"MultiLineString","coordinates":[[[80.1701,6.5276],[80.1687,6.5301],[80.169,6.5304],[80.1688,6.5304],[80.1685,6.5314],[80.1681,6.5314],[80.1678,6.5322],[80.1669,6.5328],[80.167,6.5331],[80.1676,6.5332],[80.1675,6.5334],[80.1675,6.5338]]]}},{"type":"Feature","properties":{"osm_id":"1183923731","code":8101,"fclass":"river","width":0,"name":null},"geometry":{"type":"MultiLineString","coordinates":[[[80.1592,6.5191],[80.1589,6.5199],[80.1592,6.52],[80.1593,6.5206],[80.159,6.5207],[80.1575,6.5239],[80.157,6.5242],[80.1567,6.5247],[80.156,6.5248],[80.156,6.525]]]}},{"type":"Feature","properties":{"osm_id":"1184847078","code":8101,"fclass":"river","width":0,"name":null},"geometry":{"type":"MultiLineString","coordinates":[[[80.0519,6.6195],[80.0514,6.6191],[80.0494,6.6198]]]}},{"type":"Feature","properties":{"osm_id":"1186013034","code":8101,"fclass":"river","width":0,"name":null},"geometry":{"type":"MultiLineString","coordinates":[[[80.1526,6.5337],[80.152,6.5347],[80.1519,6.5357],[80.1515,6.5358],[80.1513,6.5362],[80.1521,6.5373]]]}},{"type":"Feature","properties":{"osm_id":"1186021118","code":8101,"fclass":"river","width":0,"name":null},"geometry":{"type":"MultiLineString","coordinates":[[[79.9701,6.7571],[79.9695,6.7572],[79.9687,6.7567],[79.9674,6.7566],[79.9668,6.7566],[79.9662,6.7565],[79.9648,6.757],[79.9635,6.7571]]]}},{"type":"Feature","properties":{"osm_id":"1186068853","code":8101,"fclass":"river","width":0,"name":null},"geometry":{"type":"MultiLineString","coordinates":[[[80.0082,6.4766],[80.008,6.4781],[80.0102,6.482],[80.0115,6.486],[80.0114,6.4862],[80.0107,6.4873],[80.0101,6.4876],[80.0099,6.4879]]]}},{"type":"Feature","properties":{"osm_id":"1186068854","code":8101,"fclass":"river","width":0,"name":null},"geometry":{"type":"MultiLineString","coordinates":[[[80.0066,6.4931],[80.0058,6.4939],[80.0053,6.4941],[80.0049,6.4947],[80.0049,6.4952],[80.0043,6.4963],[80.0042,6.4969],[80.0039,6.497],[80.0036,6.4976]]]}},{"type":"Feature","properties":{"osm_id":"1186068855","code":8101,"fclass":"river","width":0,"name":null},"geometry":{"type":"MultiLineString","coordinates":[[[80.0066,6.493],[80.0066,6.4931]]]}},{"type":"Feature","properties":{"osm_id":"1186073349","code":8101,"fclass":"river","width":0,"name":null},"geometry":{"type":"MultiLineString","coordinates":[[[79.9449,6.6778],[79.9442,6.6772],[79.9441,6.6767],[79.9444,6.6759],[79.9449,6.6752],[79.9459,6.6749],[79.9461,6.6746],[79.9474,6.675],[79.9477,6.675],[79.9499,6.6742],[79.9512,6.6741],[79.9515,6.6747],[79.9525,6.6752],[79.9525,6.6755],[79.9515,6.6755],[79.9506,6.6763],[79.9505,6.6766],[79.9509,6.6774],[79.9515,6.6777],[79.9516,6.6787],[79.9519,6.6787],[79.9525,6.6786],[79.9531,6.6797]]]}},{"type":"Feature","properties":{"osm_id":"1186087349","code":8101,"fclass":"river","width":0,"name":null},"geometry":{"type":"MultiLineString","coordinates":[[[80.1805,6.5067],[80.18,6.5073],[80.1798,6.5078],[80.1785,6.5097],[80.178,6.5118]]]}},{"type":"Feature","properties":{"osm_id":"1186087350","code":8101,"fclass":"river","width":0,"name":null},"geometry":{"type":"MultiLineString","coordinates":[[[80.1817,6.5048],[80.1805,6.5067]]]}},{"type":"Feature","properties":{"osm_id":"1186087351","code":8101,"fclass":"river","width":0,"name":null},"geometry":{"type":"MultiLineString","coordinates":[[[80.1825,6.5034],[80.1818,6.5044],[80.1817,6.5048]]]}},{"type":"Feature","properties":{"osm_id":"1186087352","code":8101,"fclass":"river","width":0,"name":null},"geometry":{"type":"MultiLineString","coordinates":[[[80.183,6.5022],[80.1825,6.5034]]]}},{"type":"Feature","properties":{"osm_id":"1186087353","code":8101,"fclass":"river","width":0,"name":null},"geometry":{"type":"MultiLineString","coordinates":[[[80.1836,6.501],[80.183,6.5022]]]}},{"type":"Feature","properties":{"osm_id":"1186087356","code":8101,"fclass":"river","width":0,"name":null},"geometry":{"type":"MultiLineString","coordinates":[[[80.1837,6.5009],[80.1838,6.5005],[80.1846,6.4998]]]}},{"type":"Feature","properties":{"osm_id":"1186087357","code":8101,"fclass":"river","width":0,"name":null},"geometry":{"type":"MultiLineString","coordinates":[[[80.1846,6.4998],[80.1849,6.4994]]]}},{"type":"Feature","properties":{"osm_id":"1186983522","code":8101,"fclass":"river","width":0,"name":null},"geometry":{"type":"MultiLineString","coordinates":[[[79.9185,6.7125],[79.9217,6.7142],[79.9266,6.7189],[79.9266,6.7199],[79.926,6.7217],[79.9245,6.7242],[79.9233,6.7252],[79.9226,6.7262],[79.9222,6.7272],[79.922,6.7287]]]}},{"type":"Feature","properties":{"osm_id":"1186993135","code":8101,"fclass":"river","width":0,"name":null},"geometry":{"type":"MultiLineString","coordinates":[[[80.1184,6.4632],[80.1174,6.463],[80.1161,6.4633],[80.116,6.464],[80.1152,6.4642],[80.1135,6.4669],[80.1129,6.4676],[80.1113,6.468],[80.1101,6.468],[80.1091,6.4691],[80.1083,6.4695],[80.1073,6.4704],[80.106,6.4732],[80.1056,6.4732],[80.1051,6.4728],[80.1048,6.4729],[80.1043,6.4736],[80.1038,6.4737],[80.1029,6.4735],[80.1022,6.4736],[80.1014,6.4739],[80.101,6.4744],[80.1003,6.4748],[80.1,6.4745],[80.0991,6.4741],[80.0982,6.474],[80.0957,6.4731],[80.0951,6.473],[80.0945,6.4734],[80.0937,6.4746],[80.0927,6.4752]]]}},{"type":"Feature","properties":{"osm_id":"1187699637","code":8101,"fclass":"river","width":0,"name":null},"geometry":{"type":"MultiLineString","coordinates":[[[79.9475,6.6536],[79.9483,6.6533],[79.9493,6.6531]]]}},{"type":"Feature","properties":{"osm_id":"1187842554","code":8101,"fclass":"river","width":0,"name":null},"geometry":{"type":"MultiLineString","coordinates":[[[79.978,6.6615],[79.979,6.6611]]]}},{"type":"Feature","properties":{"osm_id":"1187842555","code":8101,"fclass":"river","width":0,"name":null},"geometry":{"type":"MultiLineString","coordinates":[[[79.979,6.6611],[79.9803,6.6608],[79.9811,6.6612],[79.9813,6.6611],[79.9815,6.6603],[79.9812,6.6597],[79.9819,6.6588],[79.9821,6.658],[79.9824,6.6575],[79.983,6.6576],[79.9832,6.6572],[79.984,6.6575],[79.9853,6.6585],[79.9866,6.6603],[79.9864,6.6611],[79.9868,6.6616]]]}},{"type":"Feature","properties":{"osm_id":"1188165905","code":8101,"fclass":"river","width":0,"name":null},"geometry":{"type":"MultiLineString","coordinates":[[[79.9801,6.6779],[79.9802,6.6776],[79.9806,6.6772]]]}},{"type":"Feature","properties":{"osm_id":"1188165906","code":8101,"fclass":"river","width":0,"name":null},"geometry":{"type":"MultiLineString","coordinates":[[[79.9787,6.6866],[79.9786,6.6862],[79.9788,6.685],[79.9791,6.6842],[79.9794,6.6821],[79.9798,6.6813],[79.9794,6.6809]]]}},{"type":"Feature","properties":{"osm_id":"1188275439","code":8101,"fclass":"river","width":0,"name":null},"geometry":{"type":"MultiLineString","coordinates":[[[80.1478,6.4365],[80.1468,6.4347],[80.1456,6.4342],[80.1454,6.4342],[80.1452,6.4348],[80.1448,6.435],[80.1437,6.4352],[80.143,6.4346],[80.142,6.435],[80.1418,6.4362],[80.1411,6.4373],[80.1407,6.4375],[80.1408,6.4368],[80.1407,6.4367],[80.1399,6.437],[80.1395,6.4374],[80.1392,6.4383],[80.1389,6.4385],[80.1387,6.439],[80.1384,6.4391],[80.1384,6.4396],[80.1386,6.4399],[80.1382,6.4403],[80.1381,6.4408],[80.1357,6.4413],[80.1355,6.4419],[80.1351,6.4421],[80.135,6.4425],[80.1345,6.4428],[80.1339,6.444],[80.1338,6.4441],[80.1334,6.4438],[80.1331,6.444],[80.1329,6.4447],[80.1318,6.4452],[80.1317,6.4456],[80.1308,6.4463],[80.1309,6.4466],[80.1307,6.4469],[80.1298,6.4473],[80.1287,6.4483],[80.1286,6.4488],[80.1287,6.4493],[80.1282,6.4498],[80.1269,6.4501],[80.1257,6.4514],[80.1253,6.4515],[80.1239,6.4535],[80.1229,6.4542],[80.1221,6.4562],[80.1216,6.4566],[80.1212,6.4566],[80.1204,6.4574],[80.1201,6.4581],[80.1204,6.4585],[80.1203,6.4587],[80.1201,6.4589],[80.1199,6.4596],[80.1195,6.4598],[80.1185,6.4612],[80.1182,6.462],[80.1177,6.4621],[80.1177,6.463]]]}},{"type":"Feature","properties":{"osm_id":"1188562558","code":8101,"fclass":"river","width":0,"name":null},"geometry":{"type":"MultiLineString","coordinates":[[[80.2981,6.539],[80.2977,6.539],[80.2973,6.5398],[80.2969,6.5398]]]}},{"type":"Feature","properties":{"osm_id":"1188562559","code":8101,"fclass":"river","width":0,"name":null},"geometry":{"type":"MultiLineString","coordinates":[[[80.2969,6.5398],[80.2968,6.5398]]]}},{"type":"Feature","properties":{"osm_id":"1188562560","code":8101,"fclass":"river","width":0,"name":null},"geometry":{"type":"MultiLineString","coordinates":[[[80.2968,6.5398],[80.2963,6.54],[80.2941,6.5394],[80.294,6.54],[80.2938,6.5403],[80.2928,6.5393],[80.2914,6.5384],[80.2912,6.538],[80.2907,6.5377]]]}},{"type":"Feature","properties":{"osm_id":"1189115485","code":8101,"fclass":"river","width":0,"name":"Galwak Ella"},"geometry":{"type":"MultiLineString","coordinates":[[[80.1458,6.5755],[80.1475,6.5773],[80.1482,6.5778],[80.1488,6.5788],[80.1495,6.5787],[80.1498,6.579],[80.1508,6.5792],[80.1513,6.5798],[80.1512,6.5802],[80.1507,6.5802],[80.1511,6.5812],[80.1509,6.5816],[80.1503,6.5821],[80.1504,6.5826],[80.1502,6.5831],[80.1502,6.5844],[80.1501,6.5846],[80.1497,6.5842],[80.1495,6.5844]]]}},{"type":"Feature","properties":{"osm_id":"1193995336","code":8101,"fclass":"river","width":0,"name":null},"geometry":{"type":"MultiLineString","coordinates":[[[80.0211,6.4969],[80.0217,6.4969],[80.0222,6.4974],[80.0223,6.4988]]]}},{"type":"Feature","properties":{"osm_id":"1196079451","code":8101,"fclass":"river","width":0,"name":null},"geometry":{"type":"MultiLineString","coordinates":[[[79.9715,6.7563],[79.971,6.7565],[79.9704,6.7573],[79.9705,6.757],[79.9701,6.7571]]]}},{"type":"Feature","properties":{"osm_id":"1196379217","code":8101,"fclass":"river","width":0,"name":null},"geometry":{"type":"MultiLineString","coordinates":[[[80.0098,6.488],[80.0094,6.4883],[80.0091,6.4892],[80.0088,6.4893],[80.0084,6.4902],[80.0076,6.4914],[80.0072,6.4923],[80.0066,6.493]]]}},{"type":"Feature","properties":{"osm_id":"1196379218","code":8101,"fclass":"river","width":0,"name":null},"geometry":{"type":"MultiLineString","coordinates":[[[80.0099,6.4879],[80.0098,6.488]]]}},{"type":"Feature","properties":{"osm_id":"1198109410","code":8101,"fclass":"river","width":0,"name":null},"geometry":{"type":"MultiLineString","coordinates":[[[79.9866,6.6131],[79.9865,6.6151],[79.9873,6.6158],[79.9873,6.6162]]]}},{"type":"Feature","properties":{"osm_id":"1198109411","code":8101,"fclass":"river","width":0,"name":null},"geometry":{"type":"MultiLineString","coordinates":[[[79.9873,6.6162],[79.9873,6.6163]]]}},{"type":"Feature","properties":{"osm_id":"1204246097","code":8101,"fclass":"river","width":0,"name":null},"geometry":{"type":"MultiLineString","coordinates":[[[80.0001,6.4985],[80.0,6.4985]]]}},{"type":"Feature","properties":{"osm_id":"1204246217","code":8101,"fclass":"river","width":0,"name":null},"geometry":{"type":"MultiLineString","coordinates":[[[80.0036,6.4976],[80.0035,6.4977]]]}},{"type":"Feature","properties":{"osm_id":"1204246218","code":8101,"fclass":"river","width":0,"name":null},"geometry":{"type":"MultiLineString","coordinates":[[[80.0035,6.4977],[80.0019,6.4981],[80.0005,6.4982],[80.0001,6.4985]]]}},{"type":"Feature","properties":{"osm_id":"1209184150","code":8101,"fclass":"river","width":0,"name":null},"geometry":{"type":"MultiLineString","coordinates":[[[79.9506,6.6763],[79.9503,6.6756],[79.9509,6.6749]]]}},{"type":"Feature","properties":{"osm_id":"1209184151","code":8101,"fclass":"river","width":0,"name":null},"geometry":{"type":"MultiLineString","coordinates":[[[79.9503,6.6756],[79.9501,6.6753]]]}},{"type":"Feature","properties":{"osm_id":"1209184152","code":8101,"fclass":"river","width":0,"name":null},"geometry":{"type":"MultiLineString","coordinates":[[[79.9504,6.6761],[79.9496,6.6759],[79.9492,6.6761]]]}},{"type":"Feature","properties":{"osm_id":"1209184153","code":8101,"fclass":"river","width":0,"name":null},"geometry":{"type":"MultiLineString","coordinates":[[[79.945,6.6775],[79.9454,6.677]]]}},{"type":"Feature","properties":{"osm_id":"1209184154","code":8101,"fclass":"river","width":0,"name":null},"geometry":{"type":"MultiLineString","coordinates":[[[79.9492,6.6761],[79.9466,6.676],[79.9461,6.6763],[79.9455,6.6764],[79.9453,6.6765],[79.9454,6.6769],[79.9459,6.678]]]}},{"type":"Feature","properties":{"osm_id":"1209387414","code":8101,"fclass":"river","width":0,"name":null},"geometry":{"type":"MultiLineString","coordinates":[[[79.9834,6.5465],[79.9823,6.5469],[79.981,6.5477],[79.9796,6.5476],[79.9795,6.5471],[79.9793,6.5438],[79.9785,6.543],[79.9762,6.5425],[79.9755,6.5416]]]}},{"type":"Feature","properties":{"osm_id":"1214374384","code":8101,"fclass":"river","width":0,"name":null},"geometry":{"type":"MultiLineString","coordinates":[[[79.9474,6.6537],[79.9475,6.6536]]]}},{"type":"Feature","properties":{"osm_id":"1215807795","code":8101,"fclass":"river","width":0,"name":null},"geometry":{"type":"MultiLineString","coordinates":[[[80.1675,6.5338],[80.1673,6.5341],[80.1665,6.5341],[80.1655,6.5349],[80.1653,6.5359],[80.1655,6.5361],[80.1651,6.5364],[80.165,6.5372],[80.1646,6.5373],[80.1643,6.5383],[80.1639,6.5384],[80.1636,6.5388],[80.1637,6.5395],[80.1631,6.5397],[80.1629,6.5402],[80.162,6.5407],[80.1615,6.5419],[80.161,6.5419],[80.1608,6.5423],[80.1599,6.5432],[80.1595,6.5432],[80.1589,6.5437],[80.158,6.5457],[80.1576,6.5461],[80.1576,6.5467],[80.1572,6.5471],[80.1574,6.5473],[80.1576,6.5477],[80.1572,6.5481],[80.1568,6.5481],[80.1565,6.549],[80.1567,6.5493],[80.1565,6.5502],[80.1568,6.5506],[80.1568,6.5508],[80.1564,6.5507],[80.1569,6.5518],[80.1564,6.552],[80.1562,6.5528],[80.1558,6.5532],[80.156,6.5536],[80.1554,6.554],[80.1555,6.5554],[80.1559,6.5555],[80.1561,6.5557],[80.1556,6.5565],[80.1561,6.5571],[80.1558,6.5582],[80.1554,6.5584],[80.1551,6.559],[80.1546,6.5588],[80.1544,6.5591],[80.1545,6.5608],[80.1539,6.5618],[80.1539,6.5626],[80.1535,6.5634],[80.1536,6.5647],[80.1535,6.565],[80.1531,6.5653],[80.1528,6.5674],[80.153,6.5677],[80.1529,6.5689],[80.1528,6.569],[80.1523,6.569],[80.152,6.5714],[80.1522,6.5723],[80.1518,6.5725],[80.1522,6.573],[80.1519,6.5733],[80.152,6.5742]]]}},{"type":"Feature","properties":{"osm_id":"1215809760","code":8101,"fclass":"river","width":0,"name":null},"geometry":{"type":"MultiLineString","coordinates":[[[80.1352,6.6102],[80.1344,6.6109]]]}},{"type":"Feature","properties":{"osm_id":"1215812025","code":8101,"fclass":"river","width":0,"name":null},"geometry":{"type":"MultiLineString","coordinates":[[[80.1588,6.5891],[80.158,6.5899]]]}},{"type":"Feature","properties":{"osm_id":"1215812026","code":8101,"fclass":"river","width":0,"name":null},"geometry":{"type":"MultiLineString","coordinates":[[[80.1744,6.5813],[80.1737,6.5825],[80.1736,6.5831],[80.1724,6.5836],[80.1717,6.5842],[80.1715,6.5846],[80.1712,6.5847],[80.1712,6.585],[80.1708,6.5855],[80.1705,6.5866],[80.1701,6.5874],[80.1693,6.588],[80.169,6.5881],[80.1687,6.5878],[80.167,6.5886],[80.1662,6.5886],[80.1652,6.589],[80.1649,6.5888],[80.1642,6.5892],[80.1634,6.5885],[80.1628,6.5884]]]}},{"type":"Feature","properties":{"osm_id":"1217136280","code":8101,"fclass":"river","width":0,"name":null},"geometry":{"type":"MultiLineString","coordinates":[[[80.1562,6.5254],[80.1558,6.5265],[80.1558,6.5272],[80.1555,6.5283],[80.1547,6.5299],[80.154,6.5321],[80.1519,6.5363],[80.1519,6.5366]]]}},{"type":"Feature","properties":{"osm_id":"1217136281","code":8101,"fclass":"river","width":0,"name":null},"geometry":{"type":"MultiLineString","coordinates":[[[80.1521,6.5373],[80.1519,6.5376]]]}},{"type":"Feature","properties":{"osm_id":"1217136282","code":8101,"fclass":"river","width":0,"name":null},"geometry":{"type":"MultiLineString","coordinates":[[[80.1519,6.5366],[80.152,6.5373]]]}},{"type":"Feature","properties":{"osm_id":"1217136283","code":8101,"fclass":"river","width":0,"name":null},"geometry":{"type":"MultiLineString","coordinates":[[[80.156,6.525],[80.1559,6.5252],[80.1556,6.5253],[80.1557,6.5258],[80.1549,6.5267],[80.1549,6.5273],[80.1547,6.5277],[80.1548,6.5288],[80.1543,6.5298],[80.1536,6.5301],[80.1537,6.5303],[80.1535,6.5305],[80.1537,6.5307],[80.1533,6.5317],[80.1529,6.5322],[80.1529,6.533],[80.1526,6.5337]]]}},{"type":"Feature","properties":{"osm_id":"1217136286","code":8101,"fclass":"river","width":0,"name":null},"geometry":{"type":"MultiLineString","coordinates":[[[80.1519,6.5376],[80.1517,6.5377],[80.1518,6.539],[80.1512,6.5397],[80.1513,6.5402],[80.1512,6.5422],[80.151,6.5426],[80.1511,6.5433],[80.1523,6.544],[80.1539,6.5446],[80.1546,6.5457],[80.155,6.5474],[80.1568,6.5484]]]}},{"type":"Feature","properties":{"osm_id":"1217745528","code":8101,"fclass":"river","width":0,"name":null},"geometry":{"type":"MultiLineString","coordinates":[[[79.9755,6.5416],[79.9754,6.5412],[79.9756,6.54]]]}},{"type":"Feature","properties":{"osm_id":"1218240021","code":8101,"fclass":"river","width":0,"name":null},"geometry":{"type":"MultiLineString","coordinates":[[[79.9444,6.6344],[79.9445,6.6344],[79.9444,6.6344]]]}},{"type":"Feature","properties":{"osm_id":"1244832202","code":8101,"fclass":"river","width":0,"name":"digan ela"},"geometry":{"type":"MultiLineString","coordinates":[[[79.9132,7.1077],[79.9132,7.1076]]]}},{"type":"Feature","properties":{"osm_id":"1244832203","code":8101,"fclass":"river","width":0,"name":"digan ela"},"geometry":{"type":"MultiLineString","coordinates":[[[79.9152,7.1099],[79.9137,7.1095],[79.9132,7.1077]]]}}]}