{"type":"FeatureCollection","name":"water_bodies","crs":{"type":"name","properties":{"name":"urn:ogc:def:crs:OGC:1.3:CRS84"}},"features":[{"type":"Feature","properties":{"osm_id":"23190543","code":8200,"fclass":"water","name":null},"geometry":{"type":"MultiPolygon","coordinates":[[[[79.8559,6.8786],[79.8617,6.8803],[79.8647,6.8825],[79.8723,6.886],[79.8752,6.888],[79.8792,6.889],[79.8812,6.8888],[79.8825,6.888],[79.8849,6.8843],[79.8891,6.8837],[79.8925,6.884],[79.8953,6.8917],[79.8966,6.8926],[79.901,6.898],[79.9019,6.9035],[79.9035,6.9064],[79.9022,6.9035],[79.9022,6.9016],[79.9008,6.8966],[79.8956,6.8914],[79.8924,6.8813],[79.8924,6.8833],[79.8919,6.8833],[79.8919,6.8826],[79.8911,6.8821],[79.8921,6.8812],[79.8918,6.8793],[79.8915,6.8815],[79.8909,6.8821],[79.8918,6.8827],[79.8917,6.8831],[79.8849,6.884],[79.8823,6.8878],[79.8796,6.8888],[79.8753,6.8878],[79.8713,6.8851],[79.8647,6.8823],[79.8621,6.8802],[79.8559,6.8786]]]]}},{"type":"Feature","properties":{"osm_id":"23494552","code":8200,"fclass":"water","name":"Beira Lake"},"geometry":{"type":"MultiPolygon","coordinates":[[[[79.842,6.9286],[79.8415,6.9285],[79.8417,6.9296],[79.8428,6.9305],[79.8461,6.9308],[79.848,6.9267],[79.8478,6.9259],[79.8469,6.9257],[79.8468,6.925],[79.8485,6.924],[79.8499,6.9183],[79.8484,6.9236],[79.8472,6.9239],[79.8463,6.9249],[79.8463,6.9259],[79.8471,6.9269],[79.8456,6.9299],[79.8425,6.9297],[79.842,6.9286]]]]}},{"type":"Feature","properties":{"osm_id":"23494553","code":8200,"fclass":"water","name":"Beira Lake (East)"},"geometry":{"type":"MultiPolygon","coordinates":[[[[79.8478,6.9314],[79.8479,6.932],[79.8487,6.932],[79.8535,6.9313],[79.8541,6.9332],[79.8538,6.9336],[79.8573,6.9325],[79.8569,6.9322],[79.8542,6.933],[79.8542,6.9333],[79.854,6.9325],[79.8555,6.9317],[79.854,6.932],[79.8537,6.9312],[79.8546,6.9308],[79.8581,6.9261],[79.8585,6.9262],[79.8611,6.9207],[79.8599,6.9212],[79.8593,6.9224],[79.8582,6.9227],[79.8573,6.9241],[79.8563,6.924],[79.8568,6.9251],[79.8563,6.9258],[79.8553,6.9247],[79.8538,6.9261],[79.8553,6.9255],[79.8559,6.9263],[79.8547,6.9276],[79.8547,6.9284],[79.8503,6.9293],[79.8478,6.9314]]]]}},{"type":"Feature","properties":{"osm_id":"23661434","code":8200,"fclass":"water","name":"Kasbewa Tank"},"geometry":{"type":"MultiPolygon","coordinates":[[[[79.938,6.7934],[79.9387,6.7953],[79.9385,6.7959],[79.9401,6.796],[79.9399,6.7934],[79.9383,6.793],[79.938,6.7934]]]]}},{"type":"Feature","properties":{"osm_id":"24255930","code":8221,"fclass":"wetland","name":"Bird Sanctuary"},"geometry":{"type":"MultiPolygon","coordinates":[[[[79.8829,6.8994],[79.8833,6.8999],[79.8857,6.8999],[79.8857,6.9012],[79.8872,6.904],[79.8871,6.9048],[79.8927,6.9048],[79.8922,6.9048],[79.8925,6.9042],[79.8912,6.9032],[79.8925,6.9019],[79.8915,6.9014],[79.8916,6.9001],[79.8911,6.8994],[79.8904,6.8992],[79.8889,6.9014],[79.8873,6.9013],[79.8871,6.8992],[79.8839,6.899],[79.8846,6.8976],[79.8839,6.8966],[79.8829,6.8994]]]]}},{"type":"Feature","properties":{"osm_id":"29010308","code":8200,"fclass":"water","name":null},"geometry":{"type":"MultiPolygon","coordinates":[[[[79.8782,6.8371],[79.8787,6.8403],[79.8792,6.8398],[79.8805,6.8399],[79.8782,6.8371]]]]}},{"type":"Feature","properties":{"osm_id":"29481988","code":8202,"fclass":"riverbank","name":null},"geometry":{"type":"MultiPolygon","coordinates":[[[[79.8696,6.9797],[79.8704,6.9805],[79.8742,6.9816],[79.8743,6.982],[79.8766,6.9812],[79.8797,6.9821],[79.882,6.9813],[79.8841,6.9794],[79.8857,6.9759],[79.8854,6.9719],[79.8793,6.964],[79.879,6.9619],[79.8795,6.9589],[79.8814,6.956],[79.8847,6.9546],[79.8936,6.9555],[79.8963,6.9566],[79.8995,6.9567],[79.9006,6.9558],[79.9007,6.9541],[79.8997,6.9528],[79.8972,6.952],[79.8966,6.9508],[79.8977,6.949],[79.8988,6.9482],[79.9014,6.9476],[79.9036,6.9478],[79.9104,6.9508],[79.9116,6.95],[79.9125,6.9472],[79.9152,6.9461],[79.917,6.9461],[79.9189,6.9476],[79.9203,6.9503],[79.9202,6.9515],[79.9226,6.953],[79.9248,6.9523],[79.9262,6.9498],[79.927,6.9496],[79.9321,6.9512],[79.9345,6.9508],[79.9385,6.946],[79.9432,6.9431],[79.9436,6.9423],[79.9434,6.9397],[79.9442,6.9389],[79.9466,6.9391],[79.9488,6.94],[79.9518,6.9418],[79.9529,6.9432],[79.9543,6.9437],[79.965,6.941],[79.9701,6.9381],[79.9772,6.9395],[79.9811,6.9394],[79.9845,6.938],[79.9857,6.9357],[79.9872,6.9372],[79.989,6.9412],[79.9938,6.9447],[79.9958,6.9447],[80.0005,6.9426],[80.0038,6.9443],[80.0091,6.9456],[80.0133,6.9474],[80.0141,6.9471],[80.0147,6.946],[80.0146,6.9437],[80.0138,6.9413],[80.014,6.9394],[80.0187,6.9324],[80.02,6.9256],[80.0204,6.9251],[80.0266,6.9256],[80.0301,6.9244],[80.0352,6.9213],[80.0399,6.9198],[80.0433,6.9165],[80.0464,6.9146],[80.0489,6.914],[80.0517,6.9142],[80.0531,6.9136],[80.0552,6.912],[80.0547,6.9086],[80.0554,6.9079],[80.0584,6.9081],[80.0599,6.9074],[80.0614,6.9079],[80.0626,6.9093],[80.0633,6.9125],[80.064,6.9133],[80.0667,6.9131],[80.0738,6.9085],[80.0754,6.9092],[80.077,6.9115],[80.078,6.9117],[80.078,6.9109],[80.077,6.9107],[80.0757,6.9082],[80.0737,6.908],[80.0669,6.9121],[80.0647,6.9128],[80.0641,6.9122],[80.0629,6.9079],[80.0601,6.9067],[80.0575,6.9073],[80.0546,6.9071],[80.0541,6.908],[80.0544,6.9094],[80.0541,6.9117],[80.0531,6.9129],[80.0515,6.9135],[80.0477,6.9133],[80.0445,6.9145],[80.0399,6.9188],[80.0348,6.9205],[80.0284,6.9243],[80.0257,6.9247],[80.0212,6.9243],[80.0197,6.9245],[80.0178,6.9326],[80.0132,6.939],[80.0131,6.9419],[80.0139,6.9453],[80.0133,6.9467],[80.0092,6.9445],[80.0041,6.9434],[80.0014,6.9419],[79.9993,6.9422],[79.995,6.944],[79.9935,6.9438],[79.9907,6.9417],[79.9894,6.9401],[79.9874,6.9361],[79.9857,6.935],[79.9842,6.9373],[79.9824,6.9383],[79.9774,6.9387],[79.97,6.9373],[79.9641,6.9405],[79.9544,6.9427],[79.9536,6.9427],[79.9507,6.9401],[79.9471,6.9384],[79.9435,6.938],[79.9425,6.939],[79.9431,6.9419],[79.9427,6.9428],[79.9391,6.9445],[79.9366,6.9465],[79.9344,6.95],[79.9317,6.9505],[79.9282,6.949],[79.9263,6.9489],[79.9255,6.9493],[79.9255,6.9503],[79.9249,6.9511],[79.9227,6.9522],[79.9213,6.9515],[79.9199,6.9478],[79.9173,6.9455],[79.9163,6.9453],[79.9125,6.9465],[79.9114,6.9474],[79.911,6.9496],[79.9103,6.9501],[79.9046,6.9471],[79.9023,6.9468],[79.8991,6.9473],[79.8967,6.9492],[79.8959,6.9514],[79.8962,6.9522],[79.8984,6.953],[79.8998,6.9541],[79.8999,6.9551],[79.8994,6.9557],[79.8962,6.9559],[79.8929,6.9545],[79.8841,6.9536],[79.8822,6.9542],[79.8787,6.9579],[79.8779,6.9601],[79.8781,6.9648],[79.8823,6.9702],[79.8842,6.9747],[79.8836,6.9777],[79.8824,6.9792],[79.8792,6.9807],[79.8773,6.9801],[79.8744,6.9801],[79.873,6.9795],[79.8701,6.9761],[79.8699,6.9767],[79.8706,6.9778],[79.872,6.9782],[79.8714,6.9788],[79.8703,6.9785],[79.8696,6.9797]]]]}},{"type":"Feature","properties":{"osm_id":"30621291","code":8200,"fclass":"water","name":"South Bolgoda Lake (Dikwella Lake)"},"geometry":{"type":"MultiPolygon","coordinates":[[[[79.9388,6.692],[79.9394,6.6928],[79.9416,6.6931],[79.9425,6.6947],[79.9453,6.6929],[79.9475,6.6928],[79.9477,6.6917],[79.9493,6.6907],[79.9506,6.6905],[79.9551,6.6922],[79.9558,6.6916],[79.9579,6.6917],[79.9583,6.6915],[79.9577,6.6899],[79.9585,6.6896],[79.9604,6.6899],[79.9611,6.6915],[79.9619,6.692],[79.9634,6.6915],[79.9646,6.6918],[79.966,6.6909],[79.9673,6.6912],[79.9691,6.694],[79.9706,6.6912],[79.9719,6.6916],[79.9716,6.6906],[79.9725,6.6887],[79.9691,6.685],[79.9697,6.6825],[79.9694,6.6795],[79.9677,6.6806],[79.9691,6.6818],[79.9682,6.6841],[79.9683,6.688],[79.966,6.6901],[79.9647,6.6904],[79.964,6.6896],[79.9639,6.6874],[79.9631,6.6869],[79.9624,6.687],[79.962,6.686],[79.9606,6.6855],[79.9604,6.6848],[79.9589,6.6844],[79.9585,6.6838],[79.9589,6.683],[79.9585,6.6827],[79.9574,6.6826],[79.9571,6.6832],[79.9576,6.6839],[79.9568,6.6841],[79.9536,6.6836],[79.9512,6.6824],[79.9503,6.6828],[79.9507,6.6832],[79.9503,6.6836],[79.9475,6.6837],[79.944,6.6863],[79.9422,6.6861],[79.9401,6.688],[79.9403,6.6886],[79.9394,6.6895],[79.9388,6.692]]]]}},{"type":"Feature","properties":{"osm_id":"34695095","code":8200,"fclass":"water","name":null},"geometry":{"type":"MultiPolygon","coordinates":[[[[79.8801,6.9489],[79.8808,6.9491],[79.8821,6.9478],[79.8827,6.948],[79.8827,6.9488],[79.8842,6.9444],[79.8836,6.945],[79.8828,6.9478],[79.882,6.9477],[79.8801,6.9489]]]]}},{"type":"Feature","properties":{"osm_id":"47015059","code":8201,"fclass":"reservoir","name":"Boralesgamuwa Wewa"},"geometry":{"type":"MultiPolygon","coordinates":[[[[79.9147,6.8437],[79.9151,6.8454],[79.918,6.8461],[79.9192,6.8472],[79.9192,6.846],[79.9213,6.8458],[79.917,6.8447],[79.9164,6.8439],[79.9172,6.8426],[79.9147,6.8437]]]]}},{"type":"Feature","properties":{"osm_id":"50175238","code":8200,"fclass":"water","name":null},"geometry":{"type":"MultiPolygon","coordinates":[[[[79.9416,7.0206],[79.9419,7.0214],[79.9426,7.0217],[79.9432,7.0204],[79.9424,7.0199],[79.9416,7.0206]]]]}},{"type":"Feature","properties":{"osm_id":"50175569","code":8200,"fclass":"water","name":"Galwala Lake"},"geometry":{"type":"MultiPolygon","coordinates":[[[[79.9414,7.0311],[79.9421,7.0317],[79.9435,7.0301],[79.942,7.03],[79.9414,7.0311]]]]}},{"type":"Feature","properties":{"osm_id":"50633767","code":8200,"fclass":"water","name":null},"geometry":{"type":"MultiPolygon","coordinates":[[[[79.8861,6.9171],[79.8862,6.9175],[79.8868,6.9172],[79.8867,6.9167],[79.8861,6.9171]]]]}},{"type":"Feature","properties":{"osm_id":"51133936","code":8200,"fclass":"water","name":"Lunawa Lagoon (Blue Lagoon)"},"geometry":{"type":"MultiPolygon","coordinates":[[[[79.8737,6.7953],[79.8742,6.7962],[79.875,6.7965],[79.8744,6.7956],[79.8747,6.7948],[79.8751,6.7944],[79.8759,6.7946],[79.8786,6.7918],[79.8792,6.7898],[79.8801,6.7895],[79.8795,6.7878],[79.8808,6.7873],[79.8826,6.7835],[79.8824,6.7823],[79.88,6.7855],[79.8776,6.7922],[79.8757,6.7937],[79.8744,6.7939],[79.8737,6.7953]]]]}},{"type":"Feature","properties":{"osm_id":"51801480","code":8200,"fclass":"water","name":null},"geometry":{"type":"MultiPolygon","coordinates":[[[[79.8642,7.0174],[79.8646,7.018],[79.8653,7.0174],[79.8667,7.0177],[79.8654,7.0172],[79.8658,7.0163],[79.8655,7.0159],[79.8642,7.0174]]]]}},{"type":"Feature","properties":{"osm_id":"53095391","code":8200,"fclass":"water","name":null},"geometry":{"type":"MultiPolygon","coordinates":[[[[79.9349,6.879],[79.9359,6.879],[79.9351,6.8786],[79.9349,6.879]]]]}},{"type":"Feature","properties":{"osm_id":"60762732","code":8200,"fclass":"water","name":null},"geometry":{"type":"MultiPolygon","coordinates":[[[[79.8682,6.9963],[79.869,6.9973],[79.8686,6.9977],[79.8696,6.9982],[79.8692,6.9968],[79.8686,6.9961],[79.8682,6.9963]]]]}},{"type":"Feature","properties":{"osm_id":"97913246","code":8200,"fclass":"water","name":"Peralanda Lake"},"geometry":{"type":"MultiPolygon","coordinates":[[[[79.913,7.0374],[79.9138,7.037],[79.9137,7.0361],[79.9148,7.0352],[79.9153,7.0333],[79.9144,7.0343],[79.9144,7.0352],[79.9135,7.0357],[79.913,7.0374]]]]}},{"type":"Feature","properties":{"osm_id":"97913253","code":8200,"fclass":"water","name":"Kapuwa Wawe"},"geometry":{"type":"MultiPolygon","coordinates":[[[[79.9219,7.0375],[79.924,7.0389],[79.9242,7.038],[79.922,7.0372],[79.9219,7.0375]]]]}},{"type":"Feature","properties":{"osm_id":"99405502","code":8201,"fclass":"reservoir","name":"Kalatuwawa Tank"},"geometry":{"type":"MultiPolygon","coordinates":[[[[80.19,6.854],[80.1913,6.8535],[80.1901,6.8532],[80.1894,6.8538],[80.1896,6.8542],[80.19,6.854]]],[[[80.1926,6.8529],[80.1942,6.8519],[80.1938,6.8478],[80.1931,6.8467],[80.1917,6.8486],[80.1928,6.8488],[80.1929,6.8505],[80.1921,6.8527],[80.1921,6.8532],[80.1926,6.8529]]]]}},{"type":"Feature","properties":{"osm_id":"99452362","code":8202,"fclass":"riverbank","name":null},"geometry":{"type":"MultiPolygon","coordinates":[[[[80.078,6.9109],[80.078,6.9117],[80.084,6.9103],[80.0852,6.9105],[80.0867,6.9117],[80.0882,6.9141],[80.0901,6.9137],[80.0919,6.9123],[80.0928,6.9124],[80.0932,6.9141],[80.0928,6.9174],[80.0929,6.9206],[80.0947,6.9252],[80.0939,6.93],[80.0949,6.9344],[80.0934,6.9381],[80.0932,6.9398],[80.0976,6.9458],[80.0984,6.9519],[80.1015,6.9537],[80.1056,6.9541],[80.1099,6.9594],[80.1094,6.9628],[80.1099,6.9632],[80.1139,6.9631],[80.118,6.9648],[80.1216,6.9656],[80.1217,6.968],[80.1233,6.9741],[80.1245,6.975],[80.1259,6.9749],[80.1263,6.9759],[80.1264,6.9748],[80.1293,6.9751],[80.1296,6.9744],[80.1278,6.9739],[80.1242,6.9741],[80.1237,6.9731],[80.1219,6.9651],[80.1146,6.9626],[80.1105,6.9627],[80.1098,6.962],[80.1109,6.9601],[80.1063,6.9538],[80.1056,6.9533],[80.1016,6.9532],[80.0997,6.9522],[80.0989,6.9507],[80.099,6.9476],[80.0986,6.9461],[80.0978,6.9444],[80.0962,6.9428],[80.094,6.9394],[80.0958,6.9342],[80.0945,6.93],[80.0956,6.926],[80.0934,6.9184],[80.0941,6.9143],[80.0937,6.9122],[80.093,6.9116],[80.0919,6.9117],[80.0891,6.9134],[80.0883,6.913],[80.0866,6.9103],[80.0845,6.9096],[80.078,6.9109]]]]}},{"type":"Feature","properties":{"osm_id":"102652288","code":8200,"fclass":"water","name":null},"geometry":{"type":"MultiPolygon","coordinates":[[[[79.8849,6.8161],[79.8864,6.817],[79.8868,6.8167],[79.8866,6.8157],[79.8856,6.8151],[79.8849,6.8161]]]]}},{"type":"Feature","properties":{"osm_id":"122738391","code":8200,"fclass":"water","name":"Ihalagama Lake"},"geometry":{"type":"MultiPolygon","coordinates":[[[[79.9299,7.0317],[79.9304,7.0336],[79.9312,7.0337],[79.9311,7.0317],[79.9306,7.0321],[79.9299,7.0317]]]]}},{"type":"Feature","properties":{"osm_id":"122738400","code":8200,"fclass":"water","name":null},"geometry":{"type":"MultiPolygon","coordinates":[[[[79.9344,7.0363],[79.9358,7.036],[79.9344,7.0363]]]]}},{"type":"Feature","properties":{"osm_id":"131520395","code":8200,"fclass":"water","name":null},"geometry":{"type":"MultiPolygon","coordinates":[[[[79.949,6.8905],[79.9496,6.8904],[79.9493,6.8901],[79.949,6.8905]]]]}},{"type":"Feature","properties":{"osm_id":"139976147","code":8200,"fclass":"water","name":null},"geometry":{"type":"MultiPolygon","coordinates":[[[[79.8787,6.8405],[79.8789,6.8422],[79.8815,6.8455],[79.8808,6.8443],[79.8809,6.8435],[79.8817,6.8436],[79.8829,6.845],[79.8821,6.8454],[79.8837,6.845],[79.8812,6.8424],[79.8805,6.8399],[79.8806,6.8416],[79.879,6.8419],[79.8787,6.8405]]]]}},{"type":"Feature","properties":{"osm_id":"148446948","code":8200,"fclass":"water","name":null},"geometry":{"type":"MultiPolygon","coordinates":[[[[79.9884,6.4421],[79.9878,6.4424],[79.9882,6.4428],[79.9884,6.4421]]]]}},{"type":"Feature","properties":{"osm_id":"155999523","code":8200,"fclass":"water","name":null},"geometry":{"type":"MultiPolygon","coordinates":[[[[79.8598,6.8626],[79.8624,6.8626],[79.8648,6.8644],[79.8643,6.8658],[79.8656,6.868],[79.8653,6.8695],[79.866,6.8714],[79.8676,6.8717],[79.8711,6.8736],[79.8725,6.8737],[79.8692,6.8728],[79.8676,6.8716],[79.8663,6.8715],[79.8655,6.8697],[79.8658,6.8679],[79.8644,6.8659],[79.8646,6.865],[79.8651,6.8647],[79.8649,6.8643],[79.8625,6.8623],[79.8598,6.8626]]]]}},{"type":"Feature","properties":{"osm_id":"168395855","code":8200,"fclass":"water","name":"Walgama Wewa"},"geometry":{"type":"MultiPolygon","coordinates":[[[[79.9941,6.7256],[79.9967,6.7263],[79.9971,6.7247],[79.9955,6.7235],[79.9944,6.7234],[79.9941,6.7256]]]]}},{"type":"Feature","properties":{"osm_id":"173577604","code":8201,"fclass":"reservoir","name":"Waduwegama Reservoir"},"geometry":{"type":"MultiPolygon","coordinates":[[[[80.0077,6.9702],[80.0089,6.9705],[80.0092,6.9691],[80.0077,6.9702]]]]}},{"type":"Feature","properties":{"osm_id":"187886676","code":8200,"fclass":"water","name":null},"geometry":{"type":"MultiPolygon","coordinates":[[[[79.9318,6.8843],[79.9322,6.8847],[79.9328,6.884],[79.9324,6.8836],[79.9318,6.8843]]]]}},{"type":"Feature","properties":{"osm_id":"200134062","code":8200,"fclass":"water","name":null},"geometry":{"type":"MultiPolygon","coordinates":[[[[79.8912,6.8786],[79.8912,6.8786]]]]}},{"type":"Feature","properties":{"osm_id":"219546390","code":8203,"fclass":"dock","name":"Dock No.1 and 2"},"geometry":{"type":"MultiPolygon","coordinates":[[[[79.8576,6.9567],[79.8604,6.9566],[79.8576,6.9567]]]]}},{"type":"Feature","properties":{"osm_id":"219546391","code":8203,"fclass":"dock","name":"Dock No.3"},"geometry":{"type":"MultiPolygon","coordinates":[[[[79.8563,6.955],[79.8574,6.955],[79.8563,6.955]]]]}},{"type":"Feature","properties":{"osm_id":"222088601","code":8203,"fclass":"dock","name":"Dock No.4"},"geometry":{"type":"MultiPolygon","coordinates":[[[[79.8547,6.9539],[79.8547,6.9544],[79.8571,6.9541],[79.8571,6.9537],[79.8547,6.9539]]]]}},{"type":"Feature","properties":{"osm_id":"231385190","code":8200,"fclass":"water","name":null},"geometry":{"type":"MultiPolygon","coordinates":[[[[79.9756,6.4633],[79.9756,6.4633]]]]}},{"type":"Feature","properties":{"osm_id":"232606406","code":8200,"fclass":"water","name":null},"geometry":{"type":"MultiPolygon","coordinates":[[[[79.8694,6.9129],[79.8694,6.9129]]]]}},{"type":"Feature","properties":{"osm_id":"240388639","code":8200,"fclass":"water","name":null},"geometry":{"type":"MultiPolygon","coordinates":[[[[79.9583,6.6203],[79.9587,6.6202],[79.9583,6.6203]]]]}},{"type":"Feature","properties":{"osm_id":"240388644","code":8200,"fclass":"water","name":null},"geometry":{"type":"MultiPolygon","coordinates":[[[[79.9586,6.6258],[79.9597,6.6259],[79.9586,6.6258]]]]}},{"type":"Feature","properties":{"osm_id":"12863276","code":8221,"fclass":"wetland","name":null},"geometry":{"type":"MultiPolygon","coordinates":[[[[79.9572,6.6278],[79.9574,6.629],[79.9586,6.6301],[79.959,6.6303],[79.9601,6.6294],[79.9608,6.6294],[79.9607,6.629],[79.9599,6.6287],[79.9604,6.6252],[79.9592,6.6244],[79.9604,6.6224],[79.9593,6.622],[79.96,6.6205],[79.9589,6.62],[79.9573,6.6247],[79.9572,6.6278]],[[79.958,6.6269],[79.9591,6.6269],[79.9587,6.6273],[79.958,6.6269]],[[79.9586,6.6258],[79.9597,6.6259],[79.9586,6.6258]]]]}},{"type":"Feature","properties":{"osm_id":"240388661","code":8200,"fclass":"water","name":null},"geometry":{"type":"MultiPolygon","coordinates":[[[[79.958,6.6269],[79.9587,6.6273],[79.9591,6.6269],[79.958,6.6269]]]]}},{"type":"Feature","properties":{"osm_id":"3344837","code":8200,"fclass":"water","name":null},"geometry":{"type":"MultiPolygon","coordinates":[[[[79.9485,6.6835],[79.9532,6.6801],[79.9538,6.6792],[79.9557,6.6799],[79.9585,6.6797],[79.9618,6.6775],[79.9625,6.6754],[79.9645,6.674],[79.965,6.6732],[79.9654,6.6711],[79.9676,6.6682],[79.969,6.6671],[79.9704,6.6667],[79.9731,6.667],[79.9734,6.6676],[79.9747,6.6679],[79.9774,6.6679],[79.9753,6.6676],[79.9765,6.6643],[79.9774,6.6635],[79.978,6.6616],[79.9773,6.6619],[79.9769,6.664],[79.9753,6.6634],[79.9748,6.6641],[79.9727,6.6637],[79.972,6.6643],[79.9726,6.6658],[79.9723,6.6664],[79.9698,6.6663],[79.9676,6.6673],[79.9651,6.6707],[79.9643,6.6736],[79.9622,6.6753],[79.9615,6.6775],[79.9579,6.6796],[79.9559,6.6797],[79.9537,6.6789],[79.9529,6.68],[79.9485,6.6835]],[[79.9723,6.6643],[79.9729,6.6638],[79.9748,6.6643],[79.9751,6.6635],[79.9764,6.6642],[79.9751,6.6676],[79.9737,6.6674],[79.9725,6.6665],[79.9728,6.6658],[79.9723,6.6643]]]]}},{"type":"Feature","properties":{"osm_id":"250255256","code":8200,"fclass":"water","name":"Maha Vala"},"geometry":{"type":"MultiPolygon","coordinates":[[[[80.0164,6.9233],[80.0166,6.9237],[80.0171,6.9234],[80.0167,6.9229],[80.0164,6.9233]]]]}},{"type":"Feature","properties":{"osm_id":"250479666","code":8200,"fclass":"water","name":"Olupattawa Lake"},"geometry":{"type":"MultiPolygon","coordinates":[[[[79.9639,6.8034],[79.9641,6.8056],[79.9645,6.8057],[79.966,6.8041],[79.965,6.8032],[79.9639,6.8034]]]]}},{"type":"Feature","properties":{"osm_id":"255688974","code":8200,"fclass":"water","name":null},"geometry":{"type":"MultiPolygon","coordinates":[[[[79.9949,6.891],[79.995,6.8923],[79.9953,6.8922],[79.9949,6.891]]]]}},{"type":"Feature","properties":{"osm_id":"255688976","code":8200,"fclass":"water","name":null},"geometry":{"type":"MultiPolygon","coordinates":[[[[79.9921,6.8902],[79.9925,6.8905],[79.9926,6.8902],[79.9921,6.8897],[79.9921,6.8902]]]]}},{"type":"Feature","properties":{"osm_id":"256014448","code":8200,"fclass":"water","name":null},"geometry":{"type":"MultiPolygon","coordinates":[[[[79.9261,6.9148],[79.9264,6.9158],[79.927,6.9156],[79.9269,6.9146],[79.9261,6.9148]]]]}},{"type":"Feature","properties":{"osm_id":"258735650","code":8221,"fclass":"wetland","name":null},"geometry":{"type":"MultiPolygon","coordinates":[[[[79.9449,6.649],[79.9454,6.6504],[79.9481,6.6512],[79.9479,6.6533],[79.9483,6.6537],[79.9494,6.6527],[79.9507,6.6538],[79.9513,6.6535],[79.9504,6.6527],[79.9505,6.652],[79.9523,6.6526],[79.9524,6.652],[79.9503,6.6511],[79.95,6.6496],[79.9506,6.6483],[79.9516,6.6481],[79.9527,6.6491],[79.9557,6.6502],[79.9569,6.6483],[79.957,6.646],[79.9554,6.6452],[79.9545,6.644],[79.9522,6.643],[79.9517,6.6443],[79.9509,6.6444],[79.9503,6.6434],[79.9511,6.6421],[79.9483,6.6412],[79.9473,6.6423],[79.948,6.6473],[79.9471,6.6486],[79.9449,6.649]]]]}},{"type":"Feature","properties":{"osm_id":"258885994","code":8200,"fclass":"water","name":null},"geometry":{"type":"MultiPolygon","coordinates":[[[[79.968,6.6498],[79.9689,6.6506],[79.968,6.6498]]]]}},{"type":"Feature","properties":{"osm_id":"262520933","code":8200,"fclass":"water","name":null},"geometry":{"type":"MultiPolygon","coordinates":[[[[79.9797,6.4983],[79.9812,6.4992],[79.981,6.4998],[79.9834,6.5005],[79.9835,6.4995],[79.9868,6.4984],[79.9849,6.4977],[79.9841,6.499],[79.9811,6.4989],[79.9798,6.498],[79.9797,6.4983]]]]}},{"type":"Feature","properties":{"osm_id":"268564914","code":8200,"fclass":"water","name":"Pin Wala"},"geometry":{"type":"MultiPolygon","coordinates":[[[[80.074,6.9134],[80.0747,6.9137],[80.074,6.9134]]]]}},{"type":"Feature","properties":{"osm_id":"286531285","code":8200,"fclass":"water","name":null},"geometry":{"type":"MultiPolygon","coordinates":[[[[80.0134,7.0706],[80.0139,7.0705],[80.0134,7.0706]]]]}},{"type":"Feature","properties":{"osm_id":"287244319","code":8200,"fclass":"water","name":null},"geometry":{"type":"MultiPolygon","coordinates":[[[[80.0096,7.0594],[80.0099,7.0595],[80.0096,7.0594]]]]}},{"type":"Feature","properties":{"osm_id":"287419088","code":8201,"fclass":"reservoir","name":null},"geometry":{"type":"MultiPolygon","coordinates":[[[[80.0072,6.9608],[80.0075,6.961],[80.008,6.9602],[80.0077,6.96],[80.0072,6.9608]]]]}},{"type":"Feature","properties":{"osm_id":"287419088","code":8200,"fclass":"water","name":null},"geometry":{"type":"MultiPolygon","coordinates":[[[[80.0072,6.9608],[80.0075,6.961],[80.008,6.9602],[80.0077,6.96],[80.0072,6.9608]]]]}},{"type":"Feature","properties":{"osm_id":"287419090","code":8201,"fclass":"reservoir","name":null},"geometry":{"type":"MultiPolygon","coordinates":[[[[80.0069,6.9606],[80.0072,6.9608],[80.0076,6.96],[80.0073,6.9598],[80.0069,6.9606]]]]}},{"type":"Feature","properties":{"osm_id":"287419090","code":8200,"fclass":"water","name":null},"geometry":{"type":"MultiPolygon","coordinates":[[[[80.0069,6.9606],[80.0072,6.9608],[80.0076,6.96],[80.0073,6.9598],[80.0069,6.9606]]]]}},{"type":"Feature","properties":{"osm_id":"287477051","code":8202,"fclass":"riverbank","name":null},"geometry":{"type":"MultiPolygon","coordinates":[[[[80.074,6.4538],[80.0742,6.4553],[80.0755,6.4572],[80.0747,6.4577],[80.0758,6.4572],[80.0744,6.4552],[80.0741,6.4538],[80.0755,6.4503],[80.0769,6.4499],[80.077,6.4492],[80.0767,6.4497],[80.0754,6.4501],[80.074,6.4538]]]]}},{"type":"Feature","properties":{"osm_id":"288254461","code":8200,"fclass":"water","name":null},"geometry":{"type":"MultiPolygon","coordinates":[[[[79.9847,7.0965],[79.9862,7.0964],[79.9862,7.096],[79.9847,7.0965]]]]}},{"type":"Feature","properties":{"osm_id":"288281688","code":8202,"fclass":"riverbank","name":null},"geometry":{"type":"MultiPolygon","coordinates":[[[[79.9815,6.5104],[79.9829,6.511],[79.9809,6.5159],[79.9812,6.5166],[79.981,6.5157],[79.9818,6.5145],[79.9825,6.5151],[79.9821,6.5191],[79.9806,6.5234],[79.9811,6.5246],[79.98,6.5265],[79.9798,6.5293],[79.9786,6.5336],[79.9756,6.54],[79.9786,6.5336],[79.9796,6.5303],[79.9802,6.5263],[79.9812,6.5246],[79.9806,6.5234],[79.9823,6.519],[79.9827,6.5159],[79.9827,6.515],[79.9818,6.5142],[79.983,6.511],[79.9826,6.5104],[79.9815,6.5104]]]]}},{"type":"Feature","properties":{"osm_id":"288308016","code":8200,"fclass":"water","name":"Kadawala wala"},"geometry":{"type":"MultiPolygon","coordinates":[[[[79.9978,6.7992],[79.9986,6.7991],[79.9978,6.7992]]]]}},{"type":"Feature","properties":{"osm_id":"307706623","code":8221,"fclass":"wetland","name":null},"geometry":{"type":"MultiPolygon","coordinates":[[[[79.9494,6.9023],[79.9501,6.9026],[79.9494,6.9023]]]]}},{"type":"Feature","properties":{"osm_id":"307823713","code":8200,"fclass":"water","name":"Dickowita Fishery Harbour"},"geometry":{"type":"MultiPolygon","coordinates":[[[[79.8676,7.002],[79.867,7.0038],[79.8673,7.0051],[79.868,7.002],[79.8676,7.002]]],[[[79.867,7.0052],[79.8669,7.0064],[79.867,7.0052]]],[[[79.8667,7.0064],[79.8656,7.0086],[79.8662,7.0086],[79.8667,7.0064]]]]}},{"type":"Feature","properties":{"osm_id":"313911809","code":8200,"fclass":"water","name":null},"geometry":{"type":"MultiPolygon","coordinates":[[[[79.9111,7.1207],[79.9112,7.1213],[79.9122,7.1214],[79.9115,7.1206],[79.9111,7.1207]]]]}},{"type":"Feature","properties":{"osm_id":"5910640","code":8202,"fclass":"riverbank","name":null},"geometry":{"type":"MultiPolygon","coordinates":[[[[80.1794,6.9779],[80.1794,6.9775],[80.1829,6.9754],[80.1842,6.9751],[80.1869,6.9757],[80.19,6.9786],[80.2002,6.9761],[80.207,6.9788],[80.2073,6.9785],[80.2023,6.9762],[80.1993,6.9759],[80.1901,6.9783],[80.1865,6.9751],[80.1842,6.9747],[80.1833,6.9748],[80.1813,6.9766],[80.1793,6.9774],[80.1781,6.9784],[80.1749,6.9782],[80.1705,6.9792],[80.1694,6.9786],[80.169,6.9774],[80.1694,6.9725],[80.1672,6.9704],[80.1658,6.9703],[80.1628,6.9706],[80.1591,6.9724],[80.1545,6.9725],[80.1518,6.9736],[80.148,6.9733],[80.1404,6.9743],[80.132,6.9747],[80.1296,6.9744],[80.1293,6.9751],[80.1321,6.9757],[80.1357,6.9749],[80.1403,6.975],[80.1469,6.9738],[80.1515,6.9744],[80.1555,6.9731],[80.1601,6.973],[80.1641,6.9713],[80.166,6.9711],[80.1672,6.9713],[80.1686,6.9729],[80.1682,6.9788],[80.1687,6.9797],[80.1712,6.9801],[80.1745,6.979],[80.1783,6.9787],[80.1794,6.9779]]]]}},{"type":"Feature","properties":{"osm_id":"318329144","code":8200,"fclass":"water","name":null},"geometry":{"type":"MultiPolygon","coordinates":[[[[79.9281,6.873],[79.9287,6.8729],[79.9283,6.8725],[79.9281,6.873]]]]}},{"type":"Feature","properties":{"osm_id":"321985999","code":8200,"fclass":"water","name":null},"geometry":{"type":"MultiPolygon","coordinates":[[[[79.9798,6.4601],[79.9802,6.4595],[79.9798,6.4601]]]]}},{"type":"Feature","properties":{"osm_id":"2348219","code":8202,"fclass":"riverbank","name":null},"geometry":{"type":"MultiPolygon","coordinates":[[[[80.0368,6.4194],[80.0309,6.4193],[80.0281,6.4207],[80.0263,6.4232],[80.0239,6.43],[80.0228,6.4314],[80.0142,6.436],[80.0112,6.437],[80.009,6.4372],[80.0065,6.4363],[80.0051,6.4335],[80.0046,6.4291],[80.0037,6.4281],[80.0008,6.4267],[79.9991,6.4263],[79.9984,6.4263],[79.9981,6.4268],[79.9978,6.4265],[79.9966,6.4275],[79.993,6.4382],[79.991,6.4407],[79.9885,6.4423],[79.9919,6.4416],[79.993,6.4402],[79.9974,6.4288],[79.9985,6.4275],[79.9988,6.4273],[79.9996,6.4282],[80.0012,6.4282],[80.0021,6.4287],[80.0034,6.4311],[80.0046,6.4372],[80.0056,6.4387],[80.0086,6.4392],[80.0091,6.4388],[80.0108,6.44],[80.0138,6.4384],[80.0167,6.4356],[80.0241,6.4317],[80.0247,6.4304],[80.0252,6.4302],[80.0251,6.4296],[80.026,6.4292],[80.0265,6.4283],[80.026,6.4258],[80.027,6.4239],[80.0305,6.4202],[80.0332,6.4201],[80.0358,6.4212],[80.0381,6.4211],[80.039,6.4206],[80.0388,6.4202],[80.0375,6.4209],[80.037,6.4203],[80.0374,6.4194],[80.0368,6.4194]],[[80.0347,6.4201],[80.0362,6.4197],[80.0369,6.4205],[80.0362,6.4209],[80.0347,6.4201]]]]}},{"type":"Feature","properties":{"osm_id":"329840416","code":8200,"fclass":"water","name":null},"geometry":{"type":"MultiPolygon","coordinates":[[[[80.2111,6.4631],[80.2111,6.4631]]]]}},{"type":"Feature","properties":{"osm_id":"330092958","code":8200,"fclass":"water","name":null},"geometry":{"type":"MultiPolygon","coordinates":[[[[79.9427,6.9357],[79.9461,6.9356],[79.9446,6.9357],[79.9436,6.9349],[79.945,6.9349],[79.9452,6.9353],[79.9461,6.9355],[79.9461,6.9344],[79.943,6.9339],[79.9431,6.9353],[79.9427,6.9357]]]]}},{"type":"Feature","properties":{"osm_id":"330094058","code":8200,"fclass":"water","name":null},"geometry":{"type":"MultiPolygon","coordinates":[[[[79.9557,6.9467],[79.9559,6.9471],[79.9561,6.9469],[79.9557,6.9467]]]]}},{"type":"Feature","properties":{"osm_id":"330094059","code":8200,"fclass":"water","name":null},"geometry":{"type":"MultiPolygon","coordinates":[[[[79.9553,6.9472],[79.9559,6.9473],[79.9553,6.9472]]]]}},{"type":"Feature","properties":{"osm_id":"330094909","code":8200,"fclass":"water","name":null},"geometry":{"type":"MultiPolygon","coordinates":[[[[79.9086,6.9127],[79.9094,6.9133],[79.9103,6.9124],[79.9121,6.9127],[79.9123,6.912],[79.9096,6.9111],[79.9088,6.9116],[79.9086,6.9127]]]]}},{"type":"Feature","properties":{"osm_id":"330681029","code":8221,"fclass":"wetland","name":null},"geometry":{"type":"MultiPolygon","coordinates":[[[[79.9246,7.28],[79.9262,7.2809],[79.9265,7.28],[79.928,7.2804],[79.9299,7.2782],[79.9299,7.2774],[79.9294,7.2773],[79.9291,7.2764],[79.9306,7.2761],[79.9312,7.2752],[79.9314,7.2759],[79.9319,7.2759],[79.9321,7.2735],[79.9307,7.2727],[79.9312,7.2723],[79.9311,7.271],[79.9322,7.2708],[79.9321,7.2686],[79.9309,7.2668],[79.93,7.2665],[79.9298,7.2674],[79.9292,7.2676],[79.9285,7.2671],[79.9276,7.2676],[79.928,7.2701],[79.9267,7.2712],[79.9288,7.2723],[79.9291,7.2741],[79.9246,7.28]]]]}},{"type":"Feature","properties":{"osm_id":"340474722","code":8200,"fclass":"water","name":null},"geometry":{"type":"MultiPolygon","coordinates":[[[[79.9726,7.0552],[79.9726,7.0552]]]]}},{"type":"Feature","properties":{"osm_id":"347529394","code":8221,"fclass":"wetland","name":null},"geometry":{"type":"MultiPolygon","coordinates":[[[[79.9744,6.9044],[79.9766,6.9019],[79.9788,6.9023],[79.9801,6.9077],[79.9806,6.9082],[79.9798,6.909],[79.9785,6.9093],[79.979,6.9099],[79.9785,6.9104],[79.9804,6.9102],[79.9807,6.911],[79.9792,6.9111],[79.9796,6.9118],[79.9807,6.9117],[79.981,6.9126],[79.9823,6.9121],[79.9821,6.907],[79.9831,6.9053],[79.9831,6.9044],[79.9819,6.9045],[79.9812,6.9038],[79.9819,6.9019],[79.981,6.9007],[79.9804,6.901],[79.9799,6.9006],[79.9791,6.8966],[79.9793,6.8954],[79.9777,6.8952],[79.9778,6.8956],[79.9769,6.896],[79.9754,6.8956],[79.9779,6.8965],[79.9782,6.8981],[79.977,6.8988],[79.9747,6.8984],[79.9746,6.8987],[79.9783,6.8994],[79.9786,6.9005],[79.9782,6.9017],[79.9766,6.9015],[79.9754,6.9021],[79.9744,6.9044]]]]}},{"type":"Feature","properties":{"osm_id":"351298483","code":8200,"fclass":"water","name":null},"geometry":{"type":"MultiPolygon","coordinates":[[[[79.9245,6.8952],[79.9251,6.8962],[79.9257,6.8956],[79.9251,6.8946],[79.9245,6.8952]]]]}},{"type":"Feature","properties":{"osm_id":"351303722","code":8200,"fclass":"water","name":null},"geometry":{"type":"MultiPolygon","coordinates":[[[[79.9331,6.8754],[79.9335,6.8756],[79.9331,6.8771],[79.9348,6.8779],[79.9345,6.8767],[79.9348,6.8761],[79.9342,6.8753],[79.9331,6.8754]]]]}},{"type":"Feature","properties":{"osm_id":"353502774","code":8200,"fclass":"water","name":null},"geometry":{"type":"MultiPolygon","coordinates":[[[[79.8668,6.9236],[79.8673,6.9241],[79.8674,6.9237],[79.8668,6.9236]]]]}},{"type":"Feature","properties":{"osm_id":"354994696","code":8221,"fclass":"wetland","name":null},"geometry":{"type":"MultiPolygon","coordinates":[[[[79.9752,6.9638],[79.9756,6.9638],[79.9771,6.9598],[79.9784,6.9577],[79.9798,6.958],[79.9805,6.9594],[79.9813,6.9593],[79.9811,6.9584],[79.9801,6.9574],[79.9806,6.957],[79.9822,6.9584],[79.9836,6.9576],[79.9853,6.9575],[79.9856,6.9579],[79.9851,6.9597],[79.9857,6.9599],[79.9861,6.9585],[79.9876,6.9578],[79.9894,6.956],[79.9904,6.9559],[79.9917,6.9575],[79.9931,6.9582],[79.9939,6.9579],[79.9938,6.9572],[79.9925,6.9557],[79.9925,6.9552],[79.9909,6.9545],[79.9912,6.954],[79.9905,6.9536],[79.9879,6.9544],[79.9871,6.9567],[79.9846,6.9557],[79.9839,6.9566],[79.9823,6.9571],[79.9798,6.9563],[79.9792,6.9553],[79.9792,6.9542],[79.9803,6.9531],[79.9805,6.9527],[79.9798,6.9521],[79.9805,6.9516],[79.9808,6.95],[79.9816,6.9498],[79.9832,6.9505],[79.9834,6.9501],[79.983,6.9494],[79.9806,6.9484],[79.9794,6.9506],[79.9776,6.9512],[79.9752,6.9638]]]]}},{"type":"Feature","properties":{"osm_id":"355229913","code":8202,"fclass":"riverbank","name":"Beira Lake"},"geometry":{"type":"MultiPolygon","coordinates":[[[[79.8473,6.9379],[79.8478,6.938],[79.8482,6.9333],[79.8491,6.9327],[79.8479,6.9327],[79.8473,6.9379]]]]}},{"type":"Feature","properties":{"osm_id":"360000336","code":8221,"fclass":"wetland","name":null},"geometry":{"type":"MultiPolygon","coordinates":[[[[79.8979,6.9224],[79.8982,6.9232],[79.8984,6.9227],[79.8979,6.9224]]]]}},{"type":"Feature","properties":{"osm_id":"360000340","code":8221,"fclass":"wetland","name":null},"geometry":{"type":"MultiPolygon","coordinates":[[[[79.8941,6.923],[79.8943,6.9237],[79.8948,6.9235],[79.8946,6.9224],[79.8941,6.923]]]]}},{"type":"Feature","properties":{"osm_id":"360000342","code":8221,"fclass":"wetland","name":null},"geometry":{"type":"MultiPolygon","coordinates":[[[[79.9008,6.9238],[79.9014,6.926],[79.9011,6.9271],[79.9018,6.928],[79.903,6.9277],[79.9039,6.9267],[79.9033,6.9259],[79.9036,6.925],[79.9033,6.924],[79.9038,6.9238],[79.9047,6.9246],[79.9048,6.9255],[79.9054,6.9262],[79.9056,6.9238],[79.9061,6.9236],[79.9081,6.9243],[79.9088,6.9234],[79.9075,6.9228],[79.908,6.9214],[79.907,6.9215],[79.9059,6.9228],[79.9042,6.9224],[79.9038,6.9206],[79.9026,6.9213],[79.903,6.9216],[79.903,6.9225],[79.9018,6.9223],[79.9008,6.9238]]]]}},{"type":"Feature","properties":{"osm_id":"360000348","code":8221,"fclass":"wetland","name":null},"geometry":{"type":"MultiPolygon","coordinates":[[[[79.8974,6.9179],[79.898,6.9188],[79.8987,6.9186],[79.8979,6.9176],[79.8974,6.9179]]]]}},{"type":"Feature","properties":{"osm_id":"360000349","code":8221,"fclass":"wetland","name":null},"geometry":{"type":"MultiPolygon","coordinates":[[[[79.8841,6.8905],[79.8849,6.892],[79.8855,6.891],[79.8866,6.8911],[79.886,6.8906],[79.8864,6.8903],[79.8841,6.8905]]]]}},{"type":"Feature","properties":{"osm_id":"360000350","code":8221,"fclass":"wetland","name":null},"geometry":{"type":"MultiPolygon","coordinates":[[[[79.8861,6.922],[79.8864,6.9239],[79.8872,6.9239],[79.889,6.9232],[79.8908,6.9233],[79.8915,6.9214],[79.891,6.9212],[79.8903,6.9224],[79.8895,6.9223],[79.8903,6.9213],[79.8898,6.9208],[79.8896,6.9213],[79.8895,6.9206],[79.8885,6.9203],[79.8868,6.9211],[79.8861,6.922]]]]}},{"type":"Feature","properties":{"osm_id":"360000353","code":8221,"fclass":"wetland","name":null},"geometry":{"type":"MultiPolygon","coordinates":[[[[79.8996,6.9143],[79.8998,6.9161],[79.9004,6.9165],[79.9011,6.9162],[79.9017,6.9172],[79.9029,6.9173],[79.9034,6.9187],[79.9037,6.9173],[79.9065,6.9165],[79.9078,6.9174],[79.9095,6.9157],[79.9071,6.9155],[79.9071,6.9145],[79.9089,6.9137],[79.9085,6.9131],[79.9068,6.914],[79.9061,6.9139],[79.9047,6.9151],[79.9038,6.9119],[79.9046,6.9107],[79.9043,6.9105],[79.9025,6.9115],[79.9015,6.9135],[79.8996,6.9143]]]]}},{"type":"Feature","properties":{"osm_id":"360000354","code":8221,"fclass":"wetland","name":null},"geometry":{"type":"MultiPolygon","coordinates":[[[[79.8907,6.9261],[79.8918,6.9271],[79.8936,6.9253],[79.8969,6.9244],[79.8975,6.9249],[79.8973,6.9257],[79.8997,6.9254],[79.8989,6.925],[79.8994,6.9246],[79.8987,6.9235],[79.8961,6.9241],[79.8915,6.9239],[79.8907,6.9261]]]]}},{"type":"Feature","properties":{"osm_id":"5358978","code":8200,"fclass":"water","name":null},"geometry":{"type":"MultiPolygon","coordinates":[[[[79.8938,6.9238],[79.8958,6.9237],[79.8963,6.9233],[79.8974,6.9236],[79.8962,6.9228],[79.8957,6.9236],[79.8949,6.9234],[79.8946,6.9223],[79.8938,6.9238]],[[79.8941,6.923],[79.8946,6.9224],[79.8948,6.9235],[79.8943,6.9237],[79.8941,6.923]]]]}},{"type":"Feature","properties":{"osm_id":"5358975","code":8200,"fclass":"water","name":null},"geometry":{"type":"MultiPolygon","coordinates":[[[[79.8978,6.9234],[79.8996,6.9231],[79.9005,6.9219],[79.8997,6.9207],[79.9003,6.9196],[79.8988,6.9194],[79.8998,6.9187],[79.8987,6.9194],[79.8999,6.9197],[79.9001,6.9203],[79.8995,6.9206],[79.9005,6.9217],[79.8994,6.923],[79.8985,6.9229],[79.8979,6.9222],[79.8978,6.9234]],[[79.8979,6.9224],[79.8984,6.9227],[79.8982,6.9232],[79.8979,6.9224]]]]}},{"type":"Feature","properties":{"osm_id":"5358976","code":8202,"fclass":"riverbank","name":null},"geometry":{"type":"MultiPolygon","coordinates":[[[[79.8905,6.9262],[79.8914,6.9265],[79.8918,6.9273],[79.8922,6.9267],[79.8929,6.9266],[79.8937,6.9255],[79.897,6.9246],[79.8974,6.925],[79.897,6.9261],[79.8992,6.9255],[79.9001,6.9258],[79.8991,6.925],[79.8995,6.9247],[79.8987,6.9232],[79.896,6.9238],[79.8913,6.9235],[79.8905,6.9262]],[[79.8907,6.9261],[79.8915,6.9239],[79.8961,6.9241],[79.8987,6.9235],[79.8994,6.9246],[79.8989,6.925],[79.8997,6.9254],[79.8973,6.9257],[79.8975,6.9249],[79.8969,6.9244],[79.8936,6.9253],[79.8918,6.9271],[79.8907,6.9261]]]]}},{"type":"Feature","properties":{"osm_id":"5358977","code":8202,"fclass":"riverbank","name":null},"geometry":{"type":"MultiPolygon","coordinates":[[[[79.8988,6.9164],[79.9009,6.9213],[79.9008,6.9229],[79.899,6.9233],[79.8992,6.9239],[79.9003,6.9239],[79.9004,6.9243],[79.9009,6.9266],[79.9006,6.9276],[79.9012,6.9273],[79.9017,6.9281],[79.9026,6.9277],[79.9044,6.9281],[79.9035,6.9273],[79.904,6.9267],[79.9034,6.9258],[79.9037,6.9251],[79.9034,6.924],[79.9046,6.9246],[79.9047,6.9256],[79.9056,6.9265],[79.9058,6.9239],[79.9071,6.924],[79.9082,6.9248],[79.9089,6.9236],[79.9088,6.9231],[79.9076,6.9226],[79.9083,6.9215],[79.907,6.9215],[79.9061,6.9226],[79.905,6.9225],[79.9042,6.9222],[79.9039,6.9203],[79.9033,6.921],[79.9023,6.9212],[79.903,6.9218],[79.9029,6.9223],[79.9017,6.9222],[79.9011,6.9195],[79.8994,6.9164],[79.8994,6.9146],[79.899,6.9146],[79.8988,6.9164]],[[79.9008,6.9238],[79.9018,6.9223],[79.903,6.9225],[79.903,6.9216],[79.9026,6.9213],[79.9038,6.9206],[79.9042,6.9224],[79.9059,6.9228],[79.907,6.9215],[79.908,6.9214],[79.9075,6.9228],[79.9088,6.9234],[79.9081,6.9243],[79.9061,6.9236],[79.9056,6.9238],[79.9054,6.9262],[79.9048,6.9255],[79.9047,6.9246],[79.9038,6.9238],[79.9033,6.924],[79.9036,6.925],[79.9033,6.9259],[79.9039,6.9267],[79.903,6.9277],[79.9018,6.928],[79.9011,6.9271],[79.9014,6.926],[79.9008,6.9238]],[[79.9032,6.9275],[79.9036,6.9277],[79.9032,6.9275]],[[79.9036,6.9278],[79.9044,6.928],[79.9036,6.9278]]]]}},{"type":"Feature","properties":{"osm_id":"360008544","code":8221,"fclass":"wetland","name":null},"geometry":{"type":"MultiPolygon","coordinates":[[[[79.8899,6.9202],[79.8905,6.9205],[79.8906,6.9198],[79.8899,6.9202]]]]}},{"type":"Feature","properties":{"osm_id":"5359074","code":8200,"fclass":"water","name":null},"geometry":{"type":"MultiPolygon","coordinates":[[[[79.886,6.9225],[79.8863,6.9245],[79.8892,6.9235],[79.891,6.9237],[79.8915,6.9214],[79.8911,6.921],[79.892,6.9201],[79.891,6.9207],[79.891,6.9196],[79.8898,6.9187],[79.8893,6.9205],[79.8886,6.9201],[79.8868,6.9208],[79.886,6.9225]],[[79.8861,6.922],[79.8868,6.9211],[79.8885,6.9203],[79.8895,6.9206],[79.8896,6.9213],[79.8898,6.9208],[79.8903,6.9213],[79.8895,6.9223],[79.8903,6.9224],[79.891,6.9212],[79.8915,6.9214],[79.8908,6.9233],[79.889,6.9232],[79.8872,6.9239],[79.8864,6.9239],[79.8861,6.922]],[[79.8899,6.9202],[79.8906,6.9198],[79.8905,6.9205],[79.8899,6.9202]]]]}},{"type":"Feature","properties":{"osm_id":"5359488","code":8200,"fclass":"water","name":null},"geometry":{"type":"MultiPolygon","coordinates":[[[[79.896,6.9939],[79.8963,6.9949],[79.8969,6.9931],[79.8979,6.9928],[79.9006,6.9939],[79.902,6.9936],[79.9033,6.9952],[79.904,6.9984],[79.9042,6.9986],[79.9042,6.9977],[79.9049,6.998],[79.9049,6.9998],[79.9045,7.0009],[79.9037,7.0012],[79.9024,7.0028],[79.9021,7.0039],[79.9025,7.0028],[79.9046,7.0012],[79.905,7.0004],[79.9053,6.9974],[79.9037,6.9971],[79.9036,6.9952],[79.9018,6.9925],[79.9016,6.9933],[79.9007,6.9935],[79.8987,6.9926],[79.8972,6.9925],[79.896,6.9939]]]]}},{"type":"Feature","properties":{"osm_id":"360023742","code":8221,"fclass":"wetland","name":null},"geometry":{"type":"MultiPolygon","coordinates":[[[[79.9064,6.9936],[79.9077,6.996],[79.9089,6.9956],[79.9102,6.996],[79.9127,6.9993],[79.9135,6.9998],[79.9143,6.9994],[79.9147,6.9981],[79.9129,6.9968],[79.9115,6.9953],[79.9114,6.9945],[79.9106,6.9941],[79.9106,6.9934],[79.9115,6.993],[79.9114,6.9921],[79.9108,6.9921],[79.9095,6.9944],[79.909,6.9943],[79.9086,6.9929],[79.908,6.9939],[79.9064,6.9936]]]]}},{"type":"Feature","properties":{"osm_id":"360023749","code":8221,"fclass":"wetland","name":null},"geometry":{"type":"MultiPolygon","coordinates":[[[[79.8917,7.0096],[79.8938,7.0074],[79.8965,7.0062],[79.8941,7.0057],[79.8947,7.0034],[79.8949,6.9981],[79.8952,6.9977],[79.8957,6.9978],[79.8961,6.9985],[79.8974,6.9989],[79.898,6.9982],[79.896,6.9976],[79.8951,6.9968],[79.8947,6.998],[79.8936,6.9965],[79.8946,6.9988],[79.8945,7.0034],[79.8917,7.0096]]]]}},{"type":"Feature","properties":{"osm_id":"5647279","code":8201,"fclass":"reservoir","name":null},"geometry":{"type":"MultiPolygon","coordinates":[[[[79.9326,6.8849],[79.9345,6.8885],[79.9344,6.8873],[79.9352,6.8873],[79.9354,6.8866],[79.9341,6.8845],[79.9332,6.8842],[79.9326,6.8849]],[[79.9336,6.8856],[79.934,6.8854],[79.9344,6.8865],[79.9336,6.8856]]]]}},{"type":"Feature","properties":{"osm_id":"367075854","code":8221,"fclass":"wetland","name":null},"geometry":{"type":"MultiPolygon","coordinates":[[[[79.9171,6.9932],[79.9184,6.9945],[79.9193,6.9938],[79.9187,6.9921],[79.9171,6.9932]]]]}},{"type":"Feature","properties":{"osm_id":"367076087","code":8221,"fclass":"wetland","name":null},"geometry":{"type":"MultiPolygon","coordinates":[[[[79.9136,6.99],[79.9146,6.9905],[79.9159,6.9929],[79.9169,6.9933],[79.9175,6.9926],[79.9166,6.9912],[79.9174,6.9911],[79.9191,6.9898],[79.9184,6.9888],[79.9175,6.9887],[79.9181,6.9899],[79.9172,6.9905],[79.9167,6.9901],[79.9175,6.989],[79.9172,6.9887],[79.9157,6.9899],[79.9147,6.9893],[79.9144,6.99],[79.9142,6.9896],[79.9136,6.99]]]]}},{"type":"Feature","properties":{"osm_id":"367076226","code":8221,"fclass":"wetland","name":null},"geometry":{"type":"MultiPolygon","coordinates":[[[[79.9079,6.9904],[79.9092,6.9914],[79.9089,6.9903],[79.9102,6.9898],[79.9109,6.9889],[79.9115,6.9893],[79.9113,6.9901],[79.9101,6.9899],[79.9105,6.9909],[79.9118,6.991],[79.9114,6.9905],[79.9118,6.9904],[79.9129,6.9907],[79.9136,6.9903],[79.9126,6.9897],[79.9124,6.9884],[79.9118,6.9891],[79.9113,6.9888],[79.909,6.9891],[79.9079,6.9904]]]]}},{"type":"Feature","properties":{"osm_id":"367076325","code":8221,"fclass":"wetland","name":null},"geometry":{"type":"MultiPolygon","coordinates":[[[[79.9069,6.9883],[79.9081,6.9883],[79.9091,6.9891],[79.9105,6.9874],[79.9092,6.9869],[79.9093,6.9863],[79.9106,6.9863],[79.9107,6.9858],[79.9082,6.9857],[79.9089,6.9876],[79.9085,6.988],[79.9075,6.9876],[79.9069,6.9883]]]]}},{"type":"Feature","properties":{"osm_id":"369443332","code":8200,"fclass":"water","name":null},"geometry":{"type":"MultiPolygon","coordinates":[[[[80.1238,6.903],[80.1247,6.9027],[80.1249,6.902],[80.1244,6.9002],[80.1238,6.903]]]]}},{"type":"Feature","properties":{"osm_id":"370275845","code":8200,"fclass":"water","name":null},"geometry":{"type":"MultiPolygon","coordinates":[[[[80.1039,6.9227],[80.1043,6.9223],[80.1039,6.9227]]]]}},{"type":"Feature","properties":{"osm_id":"370276022","code":8202,"fclass":"riverbank","name":null},"geometry":{"type":"MultiPolygon","coordinates":[[[[80.094,6.914],[80.096,6.9138],[80.0967,6.9149],[80.098,6.9152],[80.0976,6.9165],[80.0983,6.9176],[80.1,6.9167],[80.098,6.9173],[80.0976,6.9163],[80.0982,6.9156],[80.0966,6.9146],[80.0966,6.9139],[80.0957,6.9136],[80.094,6.914]]]]}},{"type":"Feature","properties":{"osm_id":"370394927","code":8200,"fclass":"water","name":null},"geometry":{"type":"MultiPolygon","coordinates":[[[[80.1759,7.2652],[80.1768,7.2654],[80.1771,7.2634],[80.1764,7.2638],[80.1759,7.2652]]]]}},{"type":"Feature","properties":{"osm_id":"371385712","code":8202,"fclass":"riverbank","name":null},"geometry":{"type":"MultiPolygon","coordinates":[[[[79.9039,6.9101],[79.9045,6.91],[79.9053,6.9083],[79.9049,6.9081],[79.9039,6.9101]]]]}},{"type":"Feature","properties":{"osm_id":"371387585","code":8202,"fclass":"riverbank","name":null},"geometry":{"type":"MultiPolygon","coordinates":[[[[79.899,6.9146],[79.9015,6.9135],[79.9025,6.9115],[79.9042,6.9101],[79.9026,6.911],[79.9012,6.9132],[79.8994,6.9139],[79.899,6.9146]]]]}},{"type":"Feature","properties":{"osm_id":"371445489","code":8200,"fclass":"water","name":null},"geometry":{"type":"MultiPolygon","coordinates":[[[[79.9921,6.8877],[79.9921,6.8881],[79.9933,6.8881],[79.9921,6.8877]]]]}},{"type":"Feature","properties":{"osm_id":"372780310","code":8200,"fclass":"water","name":null},"geometry":{"type":"MultiPolygon","coordinates":[[[[79.9567,6.9444],[79.9569,6.9449],[79.9574,6.9446],[79.9571,6.9441],[79.9567,6.9444]]]]}},{"type":"Feature","properties":{"osm_id":"374662910","code":8200,"fclass":"water","name":null},"geometry":{"type":"MultiPolygon","coordinates":[[[[79.9042,6.9636],[79.9047,6.9645],[79.9055,6.9632],[79.9042,6.9636]]]]}},{"type":"Feature","properties":{"osm_id":"376183252","code":8200,"fclass":"water","name":null},"geometry":{"type":"MultiPolygon","coordinates":[[[[80.0105,7.1048],[80.0109,7.1049],[80.0105,7.1048]]]]}},{"type":"Feature","properties":{"osm_id":"376322849","code":8200,"fclass":"water","name":null},"geometry":{"type":"MultiPolygon","coordinates":[[[[79.9826,7.0674],[79.9829,7.0679],[79.9832,7.0675],[79.9826,7.0674]]]]}},{"type":"Feature","properties":{"osm_id":"376336002","code":8200,"fclass":"water","name":null},"geometry":{"type":"MultiPolygon","coordinates":[[[[79.9948,7.0584],[79.9956,7.0585],[79.9948,7.0584]]]]}},{"type":"Feature","properties":{"osm_id":"376336090","code":8200,"fclass":"water","name":null},"geometry":{"type":"MultiPolygon","coordinates":[[[[80.0134,7.1137],[80.014,7.1144],[80.0151,7.1144],[80.0141,7.1144],[80.0134,7.1137]]]]}},{"type":"Feature","properties":{"osm_id":"376336091","code":8221,"fclass":"wetland","name":null},"geometry":{"type":"MultiPolygon","coordinates":[[[[80.0153,7.1139],[80.017,7.1148],[80.0157,7.1146],[80.0162,7.1156],[80.017,7.1156],[80.0167,7.1152],[80.0191,7.1163],[80.018,7.1146],[80.0163,7.1146],[80.0153,7.1139]]]]}},{"type":"Feature","properties":{"osm_id":"376338324","code":8221,"fclass":"wetland","name":null},"geometry":{"type":"MultiPolygon","coordinates":[[[[80.019,7.1175],[80.0193,7.1175],[80.0192,7.1169],[80.019,7.1175]]]]}},{"type":"Feature","properties":{"osm_id":"376485959","code":8200,"fclass":"water","name":null},"geometry":{"type":"MultiPolygon","coordinates":[[[[80.0278,7.1009],[80.0284,7.1013],[80.0283,7.1024],[80.0285,7.1013],[80.028,7.101],[80.0284,7.0991],[80.0294,7.0995],[80.0302,7.099],[80.0304,7.0995],[80.0314,7.0992],[80.0318,7.0997],[80.0328,7.0992],[80.0344,7.0994],[80.0342,7.1012],[80.0351,7.1015],[80.0367,7.1005],[80.037,7.0985],[80.0395,7.0982],[80.0369,7.0982],[80.0366,7.1005],[80.0351,7.1014],[80.0343,7.1012],[80.0345,7.0992],[80.0324,7.099],[80.0317,7.0996],[80.0314,7.0991],[80.0306,7.0995],[80.0302,7.0988],[80.0293,7.0993],[80.0283,7.0991],[80.0278,7.1009]]]]}},{"type":"Feature","properties":{"osm_id":"376622966","code":8202,"fclass":"riverbank","name":null},"geometry":{"type":"MultiPolygon","coordinates":[[[[79.9339,7.1103],[79.936,7.1095],[79.9369,7.11],[79.9373,7.1109],[79.9368,7.1108],[79.9374,7.1114],[79.9391,7.1106],[79.9414,7.1105],[79.9427,7.1099],[79.9431,7.109],[79.9447,7.1093],[79.945,7.1088],[79.946,7.1087],[79.947,7.1068],[79.9479,7.1065],[79.9491,7.1068],[79.9503,7.1058],[79.9505,7.1044],[79.9522,7.1027],[79.9518,7.0997],[79.953,7.1004],[79.9556,7.0974],[79.9572,7.0971],[79.9558,7.0969],[79.953,7.1001],[79.9517,7.0994],[79.9513,7.1004],[79.9519,7.1028],[79.9503,7.1042],[79.9502,7.1056],[79.9488,7.1067],[79.948,7.1062],[79.9469,7.1066],[79.9457,7.1086],[79.945,7.1084],[79.9445,7.1091],[79.9429,7.1088],[79.9423,7.1098],[79.9398,7.1105],[79.9389,7.1104],[79.938,7.1109],[79.9373,7.1104],[79.9371,7.1097],[79.936,7.1092],[79.9346,7.1095],[79.9339,7.1103]]]]}},{"type":"Feature","properties":{"osm_id":"376624250","code":8200,"fclass":"water","name":null},"geometry":{"type":"MultiPolygon","coordinates":[[[[79.9548,7.0851],[79.9557,7.084],[79.9561,7.0846],[79.9569,7.0845],[79.9588,7.0815],[79.9597,7.081],[79.9592,7.0803],[79.9602,7.0793],[79.9605,7.08],[79.9613,7.0801],[79.9615,7.081],[79.9624,7.0814],[79.9622,7.0819],[79.9629,7.0819],[79.963,7.0828],[79.9633,7.0824],[79.9638,7.0826],[79.9644,7.0842],[79.9661,7.084],[79.968,7.0828],[79.9705,7.0825],[79.9716,7.0799],[79.9725,7.0792],[79.9715,7.0795],[79.9711,7.0812],[79.9704,7.0822],[79.9678,7.0826],[79.9653,7.0838],[79.9644,7.0836],[79.964,7.0825],[79.9627,7.0811],[79.9616,7.0809],[79.9614,7.0798],[79.9606,7.0799],[79.9611,7.079],[79.9602,7.079],[79.959,7.0801],[79.9596,7.0809],[79.9587,7.0814],[79.9581,7.0827],[79.9584,7.082],[79.958,7.0819],[79.9578,7.0829],[79.9564,7.0844],[79.9556,7.0837],[79.9548,7.0851]]]]}},{"type":"Feature","properties":{"osm_id":"376625342","code":8202,"fclass":"riverbank","name":"Dee Elle Oya"},"geometry":{"type":"MultiPolygon","coordinates":[[[[79.9572,7.0971],[79.96,7.0955],[79.9608,7.0973],[79.962,7.0968],[79.9628,7.0974],[79.9628,7.097],[79.9637,7.0968],[79.9642,7.0951],[79.9648,7.095],[79.964,7.0948],[79.9633,7.0968],[79.9621,7.0965],[79.9609,7.097],[79.9602,7.0954],[79.9587,7.0945],[79.959,7.0956],[79.9589,7.0947],[79.9598,7.0953],[79.9572,7.0971]]]]}},{"type":"Feature","properties":{"osm_id":"377572538","code":8221,"fclass":"wetland","name":null},"geometry":{"type":"MultiPolygon","coordinates":[[[[79.8784,7.0742],[79.8793,7.0745],[79.8796,7.0741],[79.8784,7.0742]]]]}},{"type":"Feature","properties":{"osm_id":"377572539","code":8221,"fclass":"wetland","name":null},"geometry":{"type":"MultiPolygon","coordinates":[[[[79.8797,7.0743],[79.8807,7.0746],[79.8797,7.0743]]]]}},{"type":"Feature","properties":{"osm_id":"377572540","code":8221,"fclass":"wetland","name":null},"geometry":{"type":"MultiPolygon","coordinates":[[[[79.8793,7.0763],[79.8799,7.0769],[79.8803,7.0757],[79.8796,7.0756],[79.8793,7.0763]]]]}},{"type":"Feature","properties":{"osm_id":"377572541","code":8221,"fclass":"wetland","name":null},"geometry":{"type":"MultiPolygon","coordinates":[[[[79.8797,7.0741],[79.8811,7.0739],[79.8797,7.0736],[79.8797,7.0741]]]]}},{"type":"Feature","properties":{"osm_id":"377573078","code":8200,"fclass":"water","name":null},"geometry":{"type":"MultiPolygon","coordinates":[[[[79.8735,7.1938],[79.8739,7.1939],[79.8742,7.1924],[79.8735,7.1938]]]]}},{"type":"Feature","properties":{"osm_id":"377573079","code":8200,"fclass":"water","name":null},"geometry":{"type":"MultiPolygon","coordinates":[[[[79.8747,7.1918],[79.8761,7.1914],[79.8766,7.1905],[79.8747,7.1918]]]]}},{"type":"Feature","properties":{"osm_id":"377580992","code":8221,"fclass":"wetland","name":null},"geometry":{"type":"MultiPolygon","coordinates":[[[[79.8788,7.0714],[79.8793,7.0715],[79.8794,7.0708],[79.8789,7.0707],[79.8788,7.0714]]]]}},{"type":"Feature","properties":{"osm_id":"377580993","code":8221,"fclass":"wetland","name":null},"geometry":{"type":"MultiPolygon","coordinates":[[[[79.8788,7.0701],[79.8816,7.0711],[79.8816,7.0693],[79.8809,7.0691],[79.8812,7.0689],[79.8809,7.0683],[79.879,7.0682],[79.8788,7.0701]]]]}},{"type":"Feature","properties":{"osm_id":"377580994","code":8221,"fclass":"wetland","name":null},"geometry":{"type":"MultiPolygon","coordinates":[[[[79.8786,7.0732],[79.8796,7.0736],[79.8795,7.0725],[79.8788,7.0724],[79.8786,7.0732]]]]}},{"type":"Feature","properties":{"osm_id":"377582129","code":8221,"fclass":"wetland","name":null},"geometry":{"type":"MultiPolygon","coordinates":[[[[79.8792,7.184],[79.8797,7.1843],[79.8799,7.1837],[79.8795,7.1835],[79.8792,7.184]]]]}},{"type":"Feature","properties":{"osm_id":"377583751","code":8200,"fclass":"water","name":null},"geometry":{"type":"MultiPolygon","coordinates":[[[[79.9794,7.0642],[79.9799,7.0644],[79.9797,7.064],[79.9794,7.0642]]]]}},{"type":"Feature","properties":{"osm_id":"377734853","code":8200,"fclass":"water","name":null},"geometry":{"type":"MultiPolygon","coordinates":[[[[80.0768,6.4692],[80.0768,6.4692]]]]}},{"type":"Feature","properties":{"osm_id":"377734854","code":8200,"fclass":"water","name":null},"geometry":{"type":"MultiPolygon","coordinates":[[[[80.0768,6.4691],[80.0768,6.4691]]]]}},{"type":"Feature","properties":{"osm_id":"377820199","code":8200,"fclass":"water","name":null},"geometry":{"type":"MultiPolygon","coordinates":[[[[79.8719,7.1295],[79.8742,7.1302],[79.8746,7.1308],[79.875,7.1305],[79.8719,7.1295]]]]}},{"type":"Feature","properties":{"osm_id":"377820296","code":8200,"fclass":"water","name":null},"geometry":{"type":"MultiPolygon","coordinates":[[[[79.872,7.1325],[79.8725,7.1327],[79.8726,7.1322],[79.8721,7.1319],[79.872,7.1325]]]]}},{"type":"Feature","properties":{"osm_id":"377820297","code":8200,"fclass":"water","name":null},"geometry":{"type":"MultiPolygon","coordinates":[[[[79.8734,7.132],[79.8734,7.132]]]]}},{"type":"Feature","properties":{"osm_id":"377820298","code":8200,"fclass":"water","name":null},"geometry":{"type":"MultiPolygon","coordinates":[[[[79.8733,7.1323],[79.8733,7.1323]]]]}},{"type":"Feature","properties":{"osm_id":"377820299","code":8200,"fclass":"water","name":null},"geometry":{"type":"MultiPolygon","coordinates":[[[[79.8718,7.1331],[79.8722,7.1329],[79.8718,7.1331]]]]}},{"type":"Feature","properties":{"osm_id":"377820300","code":8200,"fclass":"water","name":null},"geometry":{"type":"MultiPolygon","coordinates":[[[[79.8714,7.1329],[79.8717,7.1326],[79.8714,7.1329]]]]}},{"type":"Feature","properties":{"osm_id":"377820301","code":8200,"fclass":"water","name":null},"geometry":{"type":"MultiPolygon","coordinates":[[[[79.8728,7.1317],[79.8732,7.1316],[79.8728,7.1317]]]]}},{"type":"Feature","properties":{"osm_id":"377820302","code":8200,"fclass":"water","name":null},"geometry":{"type":"MultiPolygon","coordinates":[[[[79.8723,7.1315],[79.8727,7.1315],[79.8723,7.1315]]]]}},{"type":"Feature","properties":{"osm_id":"377820303","code":8200,"fclass":"water","name":null},"geometry":{"type":"MultiPolygon","coordinates":[[[[79.8718,7.1314],[79.8723,7.1313],[79.8718,7.1314]]]]}},{"type":"Feature","properties":{"osm_id":"377820304","code":8200,"fclass":"water","name":null},"geometry":{"type":"MultiPolygon","coordinates":[[[[79.8742,7.132],[79.8749,7.1323],[79.8749,7.1316],[79.8742,7.1314],[79.8742,7.132]]]]}},{"type":"Feature","properties":{"osm_id":"377820305","code":8200,"fclass":"water","name":null},"geometry":{"type":"MultiPolygon","coordinates":[[[[79.8713,7.1324],[79.872,7.1325],[79.872,7.1319],[79.8716,7.1317],[79.8713,7.1324]]]]}},{"type":"Feature","properties":{"osm_id":"377926277","code":8200,"fclass":"water","name":null},"geometry":{"type":"MultiPolygon","coordinates":[[[[79.8711,7.1795],[79.8713,7.1793],[79.8711,7.1795]]]]}},{"type":"Feature","properties":{"osm_id":"377936891","code":8202,"fclass":"riverbank","name":null},"geometry":{"type":"MultiPolygon","coordinates":[[[[79.9885,7.083],[79.9896,7.083],[79.9928,7.0811],[79.9927,7.0802],[79.9931,7.0806],[79.9947,7.0803],[79.995,7.0807],[79.9978,7.0797],[79.9982,7.0819],[80.0006,7.081],[80.0039,7.0781],[80.0052,7.078],[80.0062,7.0744],[80.0068,7.0734],[80.0076,7.0731],[80.0086,7.0711],[80.0094,7.0714],[80.0102,7.0702],[80.0135,7.0696],[80.0101,7.0701],[80.0101,7.0706],[80.0093,7.0709],[80.0094,7.0714],[80.0085,7.071],[80.0075,7.0732],[80.0067,7.0734],[80.006,7.0745],[80.0051,7.0779],[80.0038,7.078],[80.0017,7.0802],[79.9982,7.0817],[79.9978,7.0796],[79.995,7.0806],[79.9947,7.0802],[79.993,7.0804],[79.9927,7.08],[79.9924,7.0806],[79.9928,7.081],[79.9904,7.082],[79.9906,7.0824],[79.9895,7.0829],[79.9885,7.083]]]]}},{"type":"Feature","properties":{"osm_id":"377942272","code":8221,"fclass":"wetland","name":null},"geometry":{"type":"MultiPolygon","coordinates":[[[[79.8729,7.1947],[79.8732,7.195],[79.8737,7.1941],[79.8733,7.1939],[79.8729,7.1947]]]]}},{"type":"Feature","properties":{"osm_id":"377943945","code":8221,"fclass":"wetland","name":null},"geometry":{"type":"MultiPolygon","coordinates":[[[[79.8754,7.1942],[79.8757,7.1939],[79.8754,7.1942]]]]}},{"type":"Feature","properties":{"osm_id":"377943946","code":8221,"fclass":"wetland","name":null},"geometry":{"type":"MultiPolygon","coordinates":[[[[79.8755,7.1937],[79.8758,7.1936],[79.8755,7.1937]]]]}},{"type":"Feature","properties":{"osm_id":"378108554","code":8221,"fclass":"wetland","name":null},"geometry":{"type":"MultiPolygon","coordinates":[[[[79.8871,7.1946],[79.888,7.1948],[79.8878,7.1944],[79.8871,7.1946]]]]}},{"type":"Feature","properties":{"osm_id":"378108555","code":8221,"fclass":"wetland","name":null},"geometry":{"type":"MultiPolygon","coordinates":[[[[79.889,7.1936],[79.8892,7.1939],[79.8898,7.1937],[79.889,7.1936]]]]}},{"type":"Feature","properties":{"osm_id":"378109970","code":8221,"fclass":"wetland","name":null},"geometry":{"type":"MultiPolygon","coordinates":[[[[79.8873,7.1984],[79.8876,7.1988],[79.8873,7.1984]]]]}},{"type":"Feature","properties":{"osm_id":"378112507","code":8221,"fclass":"wetland","name":null},"geometry":{"type":"MultiPolygon","coordinates":[[[[79.8863,7.1995],[79.8871,7.1997],[79.8876,7.1991],[79.8863,7.1995]]]]}},{"type":"Feature","properties":{"osm_id":"378116691","code":8200,"fclass":"water","name":null},"geometry":{"type":"MultiPolygon","coordinates":[[[[79.8818,7.1066],[79.8818,7.1066]]]]}},{"type":"Feature","properties":{"osm_id":"378252130","code":8200,"fclass":"water","name":null},"geometry":{"type":"MultiPolygon","coordinates":[[[[80.0621,7.107],[80.0627,7.1082],[80.0629,7.1073],[80.0626,7.1079],[80.0623,7.1066],[80.0621,7.107]]]]}},{"type":"Feature","properties":{"osm_id":"378258261","code":8200,"fclass":"water","name":null},"geometry":{"type":"MultiPolygon","coordinates":[[[[80.0343,7.0781],[80.0344,7.0785],[80.0349,7.0785],[80.0343,7.0781]]]]}},{"type":"Feature","properties":{"osm_id":"378271814","code":8200,"fclass":"water","name":null},"geometry":{"type":"MultiPolygon","coordinates":[[[[80.0524,7.1],[80.0531,7.101],[80.0537,7.1007],[80.0532,7.0999],[80.0538,7.0984],[80.0524,7.1]]]]}},{"type":"Feature","properties":{"osm_id":"378441020","code":8221,"fclass":"wetland","name":null},"geometry":{"type":"MultiPolygon","coordinates":[[[[79.9073,7.0698],[79.9079,7.0696],[79.9078,7.0689],[79.9073,7.0698]]]]}},{"type":"Feature","properties":{"osm_id":"3486296","code":8202,"fclass":"riverbank","name":"Beira Lake (South-West)"},"geometry":{"type":"MultiPolygon","coordinates":[[[[79.8498,6.9182],[79.852,6.9184],[79.8535,6.9194],[79.8555,6.916],[79.8548,6.9158],[79.853,6.9166],[79.8511,6.9167],[79.8498,6.9182]],[[79.8528,6.9175],[79.8536,6.9178],[79.8531,6.918],[79.8528,6.9175]],[[79.8544,6.9171],[79.8548,6.9168],[79.8544,6.9171]]]]}},{"type":"Feature","properties":{"osm_id":"379695505","code":8221,"fclass":"wetland","name":null},"geometry":{"type":"MultiPolygon","coordinates":[[[[79.8653,7.1864],[79.8657,7.1864],[79.8653,7.1864]]]]}},{"type":"Feature","properties":{"osm_id":"379699232","code":8221,"fclass":"wetland","name":null},"geometry":{"type":"MultiPolygon","coordinates":[[[[79.884,7.0771],[79.8852,7.0766],[79.8847,7.0754],[79.884,7.0771]]]]}},{"type":"Feature","properties":{"osm_id":"380527303","code":8221,"fclass":"wetland","name":null},"geometry":{"type":"MultiPolygon","coordinates":[[[[79.9012,7.0686],[79.9021,7.07],[79.9031,7.0698],[79.9016,7.0684],[79.9012,7.0686]]]]}},{"type":"Feature","properties":{"osm_id":"380552549","code":8200,"fclass":"water","name":null},"geometry":{"type":"MultiPolygon","coordinates":[[[[79.979,7.0677],[79.979,7.0677]]]]}},{"type":"Feature","properties":{"osm_id":"380552550","code":8200,"fclass":"water","name":null},"geometry":{"type":"MultiPolygon","coordinates":[[[[79.9788,7.068],[79.9788,7.068]]]]}},{"type":"Feature","properties":{"osm_id":"380869523","code":8201,"fclass":"reservoir","name":null},"geometry":{"type":"MultiPolygon","coordinates":[[[[80.0503,7.1373],[80.0514,7.1378],[80.0516,7.1375],[80.0508,7.1369],[80.0503,7.1373]]]]}},{"type":"Feature","properties":{"osm_id":"380894860","code":8200,"fclass":"water","name":null},"geometry":{"type":"MultiPolygon","coordinates":[[[[80.0798,7.1047],[80.0801,7.1045],[80.0798,7.1047]]]]}},{"type":"Feature","properties":{"osm_id":"380894883","code":8200,"fclass":"water","name":null},"geometry":{"type":"MultiPolygon","coordinates":[[[[80.0797,7.1035],[80.0797,7.1035]]]]}},{"type":"Feature","properties":{"osm_id":"381408768","code":8200,"fclass":"water","name":null},"geometry":{"type":"MultiPolygon","coordinates":[[[[80.0119,7.1234],[80.0121,7.1245],[80.0128,7.1246],[80.013,7.1234],[80.0121,7.123],[80.0119,7.1234]]]]}},{"type":"Feature","properties":{"osm_id":"382180968","code":8200,"fclass":"water","name":null},"geometry":{"type":"MultiPolygon","coordinates":[[[[80.0404,7.0373],[80.0409,7.0371],[80.0404,7.0373]]]]}},{"type":"Feature","properties":{"osm_id":"382219780","code":8200,"fclass":"water","name":null},"geometry":{"type":"MultiPolygon","coordinates":[[[[79.9629,7.0977],[79.9671,7.0988],[79.9679,7.0999],[79.9689,7.0987],[79.9689,7.0979],[79.9677,7.0969],[79.9638,7.0969],[79.9629,7.0977]]]]}},{"type":"Feature","properties":{"osm_id":"382366262","code":8200,"fclass":"water","name":null},"geometry":{"type":"MultiPolygon","coordinates":[[[[79.9416,6.8819],[79.942,6.8822],[79.9428,6.882],[79.9416,6.8819]]]]}},{"type":"Feature","properties":{"osm_id":"382388873","code":8200,"fclass":"water","name":null},"geometry":{"type":"MultiPolygon","coordinates":[[[[79.97,7.0606],[79.97,7.0606]]]]}},{"type":"Feature","properties":{"osm_id":"12512493","code":8202,"fclass":"riverbank","name":null},"geometry":{"type":"MultiPolygon","coordinates":[[[[80.1953,7.2587],[80.196,7.258],[80.1953,7.2587]]]]}},{"type":"Feature","properties":{"osm_id":"382774405","code":8202,"fclass":"riverbank","name":null},"geometry":{"type":"MultiPolygon","coordinates":[[[[80.1827,7.2673],[80.1833,7.266],[80.1834,7.2632],[80.1847,7.2612],[80.1864,7.2614],[80.1885,7.2635],[80.19,7.2638],[80.1948,7.2591],[80.1933,7.26],[80.1902,7.2635],[80.1893,7.2636],[80.1875,7.2616],[80.1862,7.261],[80.1848,7.2609],[80.1842,7.2618],[80.1834,7.2619],[80.1832,7.2659],[80.1827,7.2673]]]]}},{"type":"Feature","properties":{"osm_id":"382774876","code":8202,"fclass":"riverbank","name":null},"geometry":{"type":"MultiPolygon","coordinates":[[[[80.177,7.273],[80.1786,7.2709],[80.1826,7.2674],[80.1787,7.2706],[80.177,7.273]]]]}},{"type":"Feature","properties":{"osm_id":"382774972","code":8202,"fclass":"riverbank","name":null},"geometry":{"type":"MultiPolygon","coordinates":[[[[80.163,7.29],[80.1644,7.289],[80.163,7.29]]],[[[80.1659,7.2875],[80.1677,7.2865],[80.1686,7.2853],[80.1698,7.2809],[80.1747,7.2772],[80.1769,7.2731],[80.1743,7.2774],[80.1715,7.279],[80.1695,7.2808],[80.1686,7.2849],[80.1659,7.2875]]]]}},{"type":"Feature","properties":{"osm_id":"382775010","code":8202,"fclass":"riverbank","name":null},"geometry":{"type":"MultiPolygon","coordinates":[[[[80.1549,7.2949],[80.155,7.2934],[80.1576,7.2916],[80.1551,7.2932],[80.1549,7.2949]]],[[[80.1581,7.291],[80.1594,7.2903],[80.163,7.29],[80.1595,7.2897],[80.1581,7.291]]]]}},{"type":"Feature","properties":{"osm_id":"382972271","code":8200,"fclass":"water","name":null},"geometry":{"type":"MultiPolygon","coordinates":[[[[79.8863,6.9407],[79.8864,6.9413],[79.8876,6.9403],[79.8872,6.9395],[79.8868,6.9398],[79.887,6.9406],[79.8863,6.9407]]]]}},{"type":"Feature","properties":{"osm_id":"383296298","code":8200,"fclass":"water","name":null},"geometry":{"type":"MultiPolygon","coordinates":[[[[79.93,6.8665],[79.9304,6.8677],[79.9309,6.8675],[79.9311,6.8668],[79.93,6.8665]]]]}},{"type":"Feature","properties":{"osm_id":"383406286","code":8200,"fclass":"water","name":null},"geometry":{"type":"MultiPolygon","coordinates":[[[[79.9411,7.0931],[79.9426,7.0926],[79.9425,7.0917],[79.9437,7.0911],[79.9459,7.0885],[79.9542,7.0874],[79.9551,7.0866],[79.9551,7.0852],[79.9546,7.0865],[79.9541,7.0869],[79.9458,7.088],[79.9434,7.0908],[79.9423,7.0915],[79.9425,7.0925],[79.9411,7.0931]]]]}},{"type":"Feature","properties":{"osm_id":"384149159","code":8200,"fclass":"water","name":"Moda Ela"},"geometry":{"type":"MultiPolygon","coordinates":[[[[79.9718,7.0924],[79.9727,7.0917],[79.974,7.0917],[79.9744,7.0924],[79.9743,7.0918],[79.9751,7.0921],[79.9753,7.0916],[79.9735,7.0914],[79.9732,7.0918],[79.9721,7.0918],[79.9721,7.0906],[79.973,7.0893],[79.972,7.0905],[79.9718,7.0924]]]]}},{"type":"Feature","properties":{"osm_id":"384155949","code":8221,"fclass":"wetland","name":null},"geometry":{"type":"MultiPolygon","coordinates":[[[[80.0194,7.1176],[80.0194,7.1176]]]]}},{"type":"Feature","properties":{"osm_id":"384274185","code":8202,"fclass":"riverbank","name":null},"geometry":{"type":"MultiPolygon","coordinates":[[[[79.9823,7.0791],[79.9835,7.08],[79.9835,7.0811],[79.9846,7.0818],[79.9845,7.0828],[79.9854,7.0836],[79.9866,7.0829],[79.9885,7.083],[79.9868,7.0828],[79.9856,7.0835],[79.985,7.0832],[79.9845,7.0827],[79.9847,7.0818],[79.9835,7.0809],[79.9836,7.08],[79.9823,7.0791]]]]}},{"type":"Feature","properties":{"osm_id":"384281835","code":8200,"fclass":"water","name":null},"geometry":{"type":"MultiPolygon","coordinates":[[[[79.9695,7.0986],[79.9695,7.0986]]]]}},{"type":"Feature","properties":{"osm_id":"384285426","code":8200,"fclass":"water","name":"Poromaruwa Lake"},"geometry":{"type":"MultiPolygon","coordinates":[[[[80.0442,7.1011],[80.0444,7.1015],[80.0447,7.1012],[80.0442,7.1011]]]]}},{"type":"Feature","properties":{"osm_id":"384298908","code":8200,"fclass":"water","name":"Galthata oya"},"geometry":{"type":"MultiPolygon","coordinates":[[[[80.0362,7.0932],[80.037,7.0922],[80.0362,7.0932]]]]}},{"type":"Feature","properties":{"osm_id":"384684904","code":8200,"fclass":"water","name":null},"geometry":{"type":"MultiPolygon","coordinates":[[[[80.0052,7.0803],[80.0057,7.0801],[80.006,7.0791],[80.0052,7.0803]]]]}},{"type":"Feature","properties":{"osm_id":"384792896","code":8200,"fclass":"water","name":null},"geometry":{"type":"MultiPolygon","coordinates":[[[[79.9656,7.0909],[79.9656,7.0909]]]]}},{"type":"Feature","properties":{"osm_id":"384794893","code":8200,"fclass":"water","name":null},"geometry":{"type":"MultiPolygon","coordinates":[[[[79.9657,7.0903],[79.966,7.0902],[79.9657,7.0903]]]]}},{"type":"Feature","properties":{"osm_id":"384794895","code":8200,"fclass":"water","name":"Panagoda oya"},"geometry":{"type":"MultiPolygon","coordinates":[[[[79.9661,7.0902],[79.9669,7.0907],[79.9677,7.0895],[79.9693,7.0895],[79.9675,7.0891],[79.9669,7.0906],[79.9661,7.0902]]]]}},{"type":"Feature","properties":{"osm_id":"384802191","code":8200,"fclass":"water","name":"Anguruwala wetland"},"geometry":{"type":"MultiPolygon","coordinates":[[[[79.9796,7.0878],[79.9808,7.0887],[79.9806,7.0892],[79.981,7.0886],[79.9815,7.0888],[79.9799,7.088],[79.98,7.0867],[79.9796,7.0878]]]]}},{"type":"Feature","properties":{"osm_id":"384803172","code":8200,"fclass":"water","name":"Iriyagahawala"},"geometry":{"type":"MultiPolygon","coordinates":[[[[79.9702,7.0904],[79.9703,7.0908],[79.9702,7.0904]]]]}},{"type":"Feature","properties":{"osm_id":"384805990","code":8200,"fclass":"water","name":null},"geometry":{"type":"MultiPolygon","coordinates":[[[[79.9669,7.0926],[79.9669,7.0926]]]]}},{"type":"Feature","properties":{"osm_id":"384810986","code":8200,"fclass":"water","name":null},"geometry":{"type":"MultiPolygon","coordinates":[[[[79.9693,7.0897],[79.9696,7.0898],[79.9693,7.0897]]]]}},{"type":"Feature","properties":{"osm_id":"385067131","code":8221,"fclass":"wetland","name":null},"geometry":{"type":"MultiPolygon","coordinates":[[[[79.9642,7.0827],[79.9644,7.0831],[79.9662,7.0828],[79.9674,7.082],[79.9676,7.0805],[79.967,7.0795],[79.9665,7.0793],[79.9661,7.0802],[79.966,7.0824],[79.9642,7.0827]]]]}},{"type":"Feature","properties":{"osm_id":"385070451","code":8200,"fclass":"water","name":null},"geometry":{"type":"MultiPolygon","coordinates":[[[[79.9724,7.079],[79.9756,7.0785],[79.9757,7.0791],[79.976,7.0787],[79.9747,7.0784],[79.9724,7.079]]]]}},{"type":"Feature","properties":{"osm_id":"385070524","code":8200,"fclass":"water","name":null},"geometry":{"type":"MultiPolygon","coordinates":[[[[79.9619,7.0816],[79.9623,7.0817],[79.9619,7.0816]]]]}},{"type":"Feature","properties":{"osm_id":"385070526","code":8200,"fclass":"water","name":null},"geometry":{"type":"MultiPolygon","coordinates":[[[[79.9622,7.0857],[79.9639,7.0859],[79.9643,7.0867],[79.9641,7.0856],[79.9622,7.0857]]]]}},{"type":"Feature","properties":{"osm_id":"385071575","code":8202,"fclass":"riverbank","name":null},"geometry":{"type":"MultiPolygon","coordinates":[[[[79.9755,7.0792],[79.9765,7.0796],[79.9807,7.0786],[79.9825,7.0791],[79.9808,7.0785],[79.9766,7.0794],[79.9755,7.0792]]]]}},{"type":"Feature","properties":{"osm_id":"385196767","code":8200,"fclass":"water","name":null},"geometry":{"type":"MultiPolygon","coordinates":[[[[79.9725,7.0946],[79.9725,7.0946]]]]}},{"type":"Feature","properties":{"osm_id":"385204023","code":8200,"fclass":"water","name":null},"geometry":{"type":"MultiPolygon","coordinates":[[[[80.0265,7.105],[80.0265,7.105]]]]}},{"type":"Feature","properties":{"osm_id":"385204026","code":8200,"fclass":"water","name":null},"geometry":{"type":"MultiPolygon","coordinates":[[[[80.0263,7.1041],[80.0271,7.1025],[80.0263,7.1041]]]]}},{"type":"Feature","properties":{"osm_id":"385214710","code":8221,"fclass":"wetland","name":null},"geometry":{"type":"MultiPolygon","coordinates":[[[[79.9323,7.1098],[79.9332,7.1106],[79.9339,7.1102],[79.9331,7.1095],[79.9323,7.1098]]]]}},{"type":"Feature","properties":{"osm_id":"385215398","code":8221,"fclass":"wetland","name":null},"geometry":{"type":"MultiPolygon","coordinates":[[[[79.9741,7.0752],[79.9773,7.0766],[79.9741,7.0752]]]]}},{"type":"Feature","properties":{"osm_id":"385215407","code":8202,"fclass":"riverbank","name":null},"geometry":{"type":"MultiPolygon","coordinates":[[[[79.9718,7.0766],[79.9725,7.0783],[79.9724,7.079],[79.9727,7.079],[79.9732,7.0785],[79.973,7.0776],[79.9726,7.0781],[79.9723,7.0777],[79.9725,7.0764],[79.9741,7.0752],[79.9738,7.0751],[79.9718,7.0766]]]]}},{"type":"Feature","properties":{"osm_id":"385231146","code":8200,"fclass":"water","name":null},"geometry":{"type":"MultiPolygon","coordinates":[[[[79.9598,7.0884],[79.9618,7.0886],[79.9598,7.0884]]]]}},{"type":"Feature","properties":{"osm_id":"385359187","code":8221,"fclass":"wetland","name":null},"geometry":{"type":"MultiPolygon","coordinates":[[[[79.9849,7.0818],[79.985,7.0821],[79.9849,7.0818]]]]}},{"type":"Feature","properties":{"osm_id":"385359188","code":8221,"fclass":"wetland","name":null},"geometry":{"type":"MultiPolygon","coordinates":[[[[79.9898,7.0873],[79.9901,7.0873],[79.9898,7.0873]]]]}},{"type":"Feature","properties":{"osm_id":"385362301","code":8200,"fclass":"water","name":null},"geometry":{"type":"MultiPolygon","coordinates":[[[[80.0055,7.104],[80.0058,7.1036],[80.0055,7.104]]]]}},{"type":"Feature","properties":{"osm_id":"385362302","code":8200,"fclass":"water","name":null},"geometry":{"type":"MultiPolygon","coordinates":[[[[80.0054,7.1037],[80.0054,7.1037]]]]}},{"type":"Feature","properties":{"osm_id":"385362304","code":8200,"fclass":"water","name":null},"geometry":{"type":"MultiPolygon","coordinates":[[[[80.0055,7.1035],[80.0055,7.1035]]]]}},{"type":"Feature","properties":{"osm_id":"385362305","code":8200,"fclass":"water","name":null},"geometry":{"type":"MultiPolygon","coordinates":[[[[80.0073,7.1036],[80.0077,7.1034],[80.0073,7.1036]]]]}},{"type":"Feature","properties":{"osm_id":"385521380","code":8200,"fclass":"water","name":null},"geometry":{"type":"MultiPolygon","coordinates":[[[[79.9047,7.1191],[79.9049,7.1186],[79.9047,7.1191]]]]}},{"type":"Feature","properties":{"osm_id":"385795646","code":8200,"fclass":"water","name":null},"geometry":{"type":"MultiPolygon","coordinates":[[[[80.0192,7.0898],[80.0195,7.0895],[80.0192,7.0898]]]]}},{"type":"Feature","properties":{"osm_id":"385839486","code":8221,"fclass":"wetland","name":null},"geometry":{"type":"MultiPolygon","coordinates":[[[[79.8809,6.9165],[79.8816,6.9169],[79.8819,6.9165],[79.8809,6.9165]]]]}},{"type":"Feature","properties":{"osm_id":"386281456","code":8200,"fclass":"water","name":null},"geometry":{"type":"MultiPolygon","coordinates":[[[[79.9424,7.1104],[79.9437,7.1109],[79.9431,7.1101],[79.9424,7.1104]]]]}},{"type":"Feature","properties":{"osm_id":"387080794","code":8200,"fclass":"water","name":null},"geometry":{"type":"MultiPolygon","coordinates":[[[[79.9277,7.114],[79.9297,7.1154],[79.9299,7.1181],[79.9324,7.1174],[79.933,7.1165],[79.9325,7.1156],[79.9315,7.1158],[79.9308,7.1154],[79.9304,7.1145],[79.9293,7.1142],[79.9289,7.1147],[79.9288,7.114],[79.9277,7.114]]]]}},{"type":"Feature","properties":{"osm_id":"387304193","code":8200,"fclass":"water","name":null},"geometry":{"type":"MultiPolygon","coordinates":[[[[79.9912,7.0602],[79.9912,7.0602]]]]}},{"type":"Feature","properties":{"osm_id":"387313869","code":8200,"fclass":"water","name":null},"geometry":{"type":"MultiPolygon","coordinates":[[[[79.9395,7.2132],[79.94,7.2135],[79.9403,7.2131],[79.9395,7.2132]]]]}},{"type":"Feature","properties":{"osm_id":"387625332","code":8201,"fclass":"reservoir","name":"Remuna Lake"},"geometry":{"type":"MultiPolygon","coordinates":[[[[80.0607,6.6838],[80.0609,6.6844],[80.0621,6.6844],[80.0632,6.6851],[80.0634,6.6859],[80.0626,6.688],[80.0629,6.6884],[80.0648,6.6858],[80.0661,6.685],[80.0651,6.6825],[80.0638,6.6833],[80.0609,6.6832],[80.0607,6.6838]]]]}},{"type":"Feature","properties":{"osm_id":"387629496","code":8200,"fclass":"water","name":null},"geometry":{"type":"MultiPolygon","coordinates":[[[[80.106,6.7302],[80.107,6.7307],[80.1071,6.7301],[80.106,6.7302]]]]}},{"type":"Feature","properties":{"osm_id":"388282972","code":8202,"fclass":"riverbank","name":null},"geometry":{"type":"MultiPolygon","coordinates":[[[[80.1523,7.2975],[80.1542,7.2959],[80.1523,7.2975]]],[[[80.1547,7.2952],[80.1544,7.2957],[80.1547,7.2952]]]]}},{"type":"Feature","properties":{"osm_id":"388284312","code":8202,"fclass":"riverbank","name":null},"geometry":{"type":"MultiPolygon","coordinates":[[[[80.149,7.3121],[80.1489,7.3113],[80.1475,7.3093],[80.1432,7.3065],[80.143,7.305],[80.1436,7.3037],[80.147,7.2999],[80.1515,7.2982],[80.1522,7.2975],[80.1472,7.2995],[80.1428,7.3048],[80.143,7.3068],[80.1469,7.309],[80.1487,7.3115],[80.1486,7.3124],[80.1469,7.3142],[80.1481,7.3136],[80.149,7.3121]]]]}},{"type":"Feature","properties":{"osm_id":"388608849","code":8200,"fclass":"water","name":"Common Well"},"geometry":{"type":"MultiPolygon","coordinates":[[[[79.9929,7.0754],[79.9929,7.0754]]]]}},{"type":"Feature","properties":{"osm_id":"388813453","code":8200,"fclass":"water","name":null},"geometry":{"type":"MultiPolygon","coordinates":[[[[80.0082,7.0727],[80.0085,7.0723],[80.0082,7.0727]]]]}},{"type":"Feature","properties":{"osm_id":"388817707","code":8221,"fclass":"wetland","name":null},"geometry":{"type":"MultiPolygon","coordinates":[[[[79.9525,7.0875],[79.9542,7.0887],[79.9551,7.0866],[79.9542,7.0874],[79.9525,7.0875]]]]}},{"type":"Feature","properties":{"osm_id":"388961197","code":8200,"fclass":"water","name":null},"geometry":{"type":"MultiPolygon","coordinates":[[[[80.1021,6.7005],[80.1025,6.7004],[80.1021,6.7005]]]]}},{"type":"Feature","properties":{"osm_id":"388961298","code":8200,"fclass":"water","name":null},"geometry":{"type":"MultiPolygon","coordinates":[[[[80.1031,6.7012],[80.1031,6.7012]]]]}},{"type":"Feature","properties":{"osm_id":"388961654","code":8200,"fclass":"water","name":null},"geometry":{"type":"MultiPolygon","coordinates":[[[[80.1037,6.7007],[80.1037,6.7007]]]]}},{"type":"Feature","properties":{"osm_id":"388962017","code":8200,"fclass":"water","name":null},"geometry":{"type":"MultiPolygon","coordinates":[[[[80.1023,6.7009],[80.1023,6.7009]]]]}},{"type":"Feature","properties":{"osm_id":"388963981","code":8200,"fclass":"water","name":null},"geometry":{"type":"MultiPolygon","coordinates":[[[[80.1105,6.7299],[80.1105,6.7299]]]]}},{"type":"Feature","properties":{"osm_id":"389502567","code":8200,"fclass":"water","name":null},"geometry":{"type":"MultiPolygon","coordinates":[[[[80.0033,7.031],[80.0033,7.031]]]]}},{"type":"Feature","properties":{"osm_id":"389827141","code":8200,"fclass":"water","name":null},"geometry":{"type":"MultiPolygon","coordinates":[[[[80.0135,7.0696],[80.015,7.0696],[80.0154,7.07],[80.0164,7.0691],[80.0174,7.0694],[80.0172,7.0701],[80.0189,7.07],[80.0173,7.07],[80.0174,7.0693],[80.0162,7.0691],[80.0154,7.0699],[80.0151,7.0695],[80.0135,7.0696]]]]}},{"type":"Feature","properties":{"osm_id":"389846115","code":8200,"fclass":"water","name":null},"geometry":{"type":"MultiPolygon","coordinates":[[[[79.9064,7.1791],[79.9064,7.1791]]]]}},{"type":"Feature","properties":{"osm_id":"390175348","code":8221,"fclass":"wetland","name":null},"geometry":{"type":"MultiPolygon","coordinates":[[[[79.9073,7.1823],[79.9073,7.1823]]]]}},{"type":"Feature","properties":{"osm_id":"390192635","code":8200,"fclass":"water","name":null},"geometry":{"type":"MultiPolygon","coordinates":[[[[80.0541,7.0958],[80.0546,7.0954],[80.0541,7.0958]]]]}},{"type":"Feature","properties":{"osm_id":"390192636","code":8200,"fclass":"water","name":null},"geometry":{"type":"MultiPolygon","coordinates":[[[[80.0538,7.0964],[80.0545,7.0965],[80.0538,7.0964]]]]}},{"type":"Feature","properties":{"osm_id":"390753716","code":8200,"fclass":"water","name":null},"geometry":{"type":"MultiPolygon","coordinates":[[[[79.9435,7.1037],[79.9439,7.1036],[79.9441,7.1025],[79.9435,7.1037]]]]}},{"type":"Feature","properties":{"osm_id":"390754713","code":8200,"fclass":"water","name":null},"geometry":{"type":"MultiPolygon","coordinates":[[[[80.0534,7.0951],[80.0534,7.0951]]]]}},{"type":"Feature","properties":{"osm_id":"390760415","code":8200,"fclass":"water","name":null},"geometry":{"type":"MultiPolygon","coordinates":[[[[79.9277,7.1077],[79.928,7.1078],[79.9277,7.1077]]]]}},{"type":"Feature","properties":{"osm_id":"390761060","code":8200,"fclass":"water","name":null},"geometry":{"type":"MultiPolygon","coordinates":[[[[79.8764,7.1986],[79.8764,7.1986]]]]}},{"type":"Feature","properties":{"osm_id":"390941057","code":8200,"fclass":"water","name":null},"geometry":{"type":"MultiPolygon","coordinates":[[[[79.9369,7.0966],[79.9374,7.0974],[79.9398,7.0966],[79.9409,7.0945],[79.9411,7.0931],[79.9396,7.0964],[79.9375,7.0972],[79.9369,7.0966]]]]}},{"type":"Feature","properties":{"osm_id":"392043891","code":8200,"fclass":"water","name":null},"geometry":{"type":"MultiPolygon","coordinates":[[[[79.8864,7.2092],[79.8869,7.2097],[79.8864,7.2092]]]]}},{"type":"Feature","properties":{"osm_id":"392046175","code":8200,"fclass":"water","name":null},"geometry":{"type":"MultiPolygon","coordinates":[[[[79.8882,7.2062],[79.8889,7.2066],[79.8882,7.2062]]]]}},{"type":"Feature","properties":{"osm_id":"392137275","code":8200,"fclass":"water","name":null},"geometry":{"type":"MultiPolygon","coordinates":[[[[79.8687,6.9568],[79.8699,6.9596],[79.8698,6.9606],[79.8702,6.9608],[79.8704,6.9603],[79.8694,6.9583],[79.87,6.9581],[79.8707,6.9563],[79.8687,6.9568]]]]}},{"type":"Feature","properties":{"osm_id":"392160933","code":8200,"fclass":"water","name":null},"geometry":{"type":"MultiPolygon","coordinates":[[[[79.8648,6.9618],[79.8655,6.9618],[79.8651,6.9615],[79.8648,6.9618]]]]}},{"type":"Feature","properties":{"osm_id":"392160934","code":8200,"fclass":"water","name":null},"geometry":{"type":"MultiPolygon","coordinates":[[[[79.8644,6.9615],[79.8647,6.9618],[79.865,6.9614],[79.8644,6.9615]]]]}},{"type":"Feature","properties":{"osm_id":"392550048","code":8200,"fclass":"water","name":null},"geometry":{"type":"MultiPolygon","coordinates":[[[[79.9102,7.2026],[79.9102,7.2026]]]]}},{"type":"Feature","properties":{"osm_id":"392568643","code":8200,"fclass":"water","name":null},"geometry":{"type":"MultiPolygon","coordinates":[[[[79.9239,7.2018],[79.9243,7.2022],[79.9239,7.2018]]]]}},{"type":"Feature","properties":{"osm_id":"392726883","code":8200,"fclass":"water","name":null},"geometry":{"type":"MultiPolygon","coordinates":[[[[79.8767,7.1591],[79.8775,7.1575],[79.8767,7.1591]]]]}},{"type":"Feature","properties":{"osm_id":"392727096","code":8200,"fclass":"water","name":null},"geometry":{"type":"MultiPolygon","coordinates":[[[[79.8781,7.1558],[79.8795,7.1519],[79.8781,7.1558]]]]}},{"type":"Feature","properties":{"osm_id":"393122414","code":8200,"fclass":"water","name":null},"geometry":{"type":"MultiPolygon","coordinates":[[[[80.2103,6.947],[80.2107,6.9471],[80.2105,6.9467],[80.2103,6.947]]]]}},{"type":"Feature","properties":{"osm_id":"393164991","code":8200,"fclass":"water","name":null},"geometry":{"type":"MultiPolygon","coordinates":[[[[79.9946,6.7875],[79.9949,6.7876],[79.9947,6.7871],[79.9946,6.7875]]]]}},{"type":"Feature","properties":{"osm_id":"393180218","code":8221,"fclass":"wetland","name":null},"geometry":{"type":"MultiPolygon","coordinates":[[[[79.9828,6.6823],[79.9846,6.682],[79.9857,6.6826],[79.9879,6.6852],[79.9887,6.6852],[79.9901,6.6842],[79.9912,6.6858],[79.9927,6.6865],[79.9936,6.6887],[79.997,6.6906],[79.997,6.6915],[79.9977,6.6927],[79.9992,6.6919],[79.9973,6.6899],[79.9962,6.6898],[79.9947,6.6881],[79.9939,6.6881],[79.9937,6.6867],[79.9963,6.6882],[79.9985,6.6882],[79.9969,6.6868],[79.9959,6.6866],[79.9955,6.6853],[79.9961,6.6834],[79.9955,6.6836],[79.9953,6.6847],[79.994,6.6852],[79.9933,6.685],[79.9925,6.686],[79.9918,6.6859],[79.9912,6.6836],[79.99,6.683],[79.9886,6.6831],[79.9889,6.6822],[79.9884,6.6811],[79.9874,6.682],[79.9862,6.6816],[79.9844,6.6791],[79.9844,6.6776],[79.9852,6.6772],[79.9871,6.6803],[79.9878,6.6804],[79.9867,6.6786],[79.9863,6.6765],[79.9865,6.676],[79.9882,6.6768],[79.9873,6.6759],[79.988,6.6748],[79.9888,6.675],[79.9887,6.6736],[79.9901,6.6733],[79.9894,6.6731],[79.9892,6.6723],[79.9874,6.6733],[79.9869,6.6707],[79.9858,6.6756],[79.9833,6.6781],[79.9832,6.6817],[79.9828,6.6823]]]]}},{"type":"Feature","properties":{"osm_id":"393182025","code":8221,"fclass":"wetland","name":null},"geometry":{"type":"MultiPolygon","coordinates":[[[[79.9977,6.6927],[79.998,6.6935],[79.9997,6.6943],[80.0008,6.6961],[80.0031,6.6965],[80.0036,6.6939],[79.9994,6.6918],[79.9977,6.6927]]]]}},{"type":"Feature","properties":{"osm_id":"393182121","code":8221,"fclass":"wetland","name":null},"geometry":{"type":"MultiPolygon","coordinates":[[[[79.9967,6.6937],[79.9975,6.6943],[79.9978,6.6958],[79.9985,6.6963],[79.9989,6.6951],[80.0015,6.6977],[80.002,6.6979],[80.0031,6.6967],[80.0008,6.6964],[79.9995,6.6943],[79.9976,6.6934],[79.9975,6.6941],[79.9971,6.6936],[79.9975,6.6929],[79.9967,6.6937]]]]}},{"type":"Feature","properties":{"osm_id":"393183028","code":8221,"fclass":"wetland","name":null},"geometry":{"type":"MultiPolygon","coordinates":[[[[79.9657,6.7278],[79.9737,6.7156],[79.9775,6.7153],[79.9789,6.7156],[79.9825,6.7187],[79.9831,6.7179],[79.9853,6.7188],[79.986,6.7173],[79.9835,6.716],[79.9828,6.7149],[79.9841,6.7136],[79.9866,6.7138],[79.9862,6.7131],[79.9836,6.7127],[79.9812,6.7133],[79.9802,6.7122],[79.9782,6.7126],[79.9778,6.7116],[79.9793,6.7095],[79.9777,6.7089],[79.9764,6.7094],[79.9747,6.7084],[79.9726,6.7059],[79.9708,6.7063],[79.9696,6.7073],[79.9684,6.7069],[79.9702,6.7043],[79.972,6.7043],[79.9736,6.7017],[79.9748,6.7008],[79.9755,6.7012],[79.9747,6.7023],[79.9765,6.7031],[79.9782,6.7019],[79.9811,6.7026],[79.9825,6.7045],[79.983,6.7028],[79.9861,6.7043],[79.9891,6.7045],[79.9892,6.7056],[79.9885,6.7088],[79.9889,6.7089],[79.99,6.7049],[79.9915,6.7054],[79.9919,6.7045],[79.9905,6.703],[79.9892,6.7025],[79.9872,6.7025],[79.985,6.7013],[79.9847,6.7008],[79.9857,6.6985],[79.9852,6.6985],[79.9832,6.7],[79.9804,6.7002],[79.9777,6.6985],[79.9763,6.6963],[79.9778,6.6966],[79.9783,6.6959],[79.9782,6.6937],[79.9789,6.6931],[79.9785,6.69],[79.9802,6.6871],[79.9796,6.6884],[79.9797,6.6897],[79.9813,6.6897],[79.9814,6.6918],[79.9831,6.6909],[79.9831,6.6918],[79.9842,6.6928],[79.9866,6.6941],[79.9876,6.6928],[79.987,6.6922],[79.9871,6.6911],[79.9852,6.691],[79.9849,6.6903],[79.9856,6.6887],[79.984,6.6888],[79.9828,6.686],[79.9838,6.6858],[79.9833,6.6854],[79.9836,6.6848],[79.9852,6.6843],[79.9868,6.6851],[79.987,6.6863],[79.9886,6.6871],[79.9887,6.6878],[79.9899,6.6878],[79.9911,6.6886],[79.9903,6.6904],[79.9905,6.6911],[79.991,6.6913],[79.9925,6.6905],[79.9939,6.6909],[79.9942,6.6926],[79.9959,6.693],[79.9965,6.6939],[79.9974,6.693],[79.9966,6.6916],[79.9967,6.6909],[79.9946,6.6898],[79.9941,6.6904],[79.9949,6.6915],[79.9938,6.6913],[79.994,6.6909],[79.9911,6.6885],[79.9903,6.687],[79.9886,6.6855],[79.9889,6.6854],[79.9907,6.6878],[79.9938,6.6904],[79.9942,6.6896],[79.9928,6.6883],[79.9926,6.6868],[79.991,6.6859],[79.9901,6.6846],[79.9897,6.6844],[79.9889,6.6854],[79.988,6.6856],[79.9859,6.684],[79.9854,6.6828],[79.9845,6.6823],[79.9823,6.6827],[79.9818,6.6832],[79.9811,6.6863],[79.9781,6.6873],[79.9767,6.6882],[79.9758,6.6915],[79.9725,6.6948],[79.9723,6.7022],[79.9712,6.7037],[79.9685,6.7051],[79.9678,6.7064],[79.9694,6.7091],[79.9716,6.7112],[79.9727,6.7131],[79.9732,6.7162],[79.9725,6.7173],[79.9705,6.7185],[79.9682,6.7229],[79.9665,6.7238],[79.9657,6.7278]]]]}},{"type":"Feature","properties":{"osm_id":"394519940","code":8200,"fclass":"water","name":null},"geometry":{"type":"MultiPolygon","coordinates":[[[[79.9079,7.1962],[79.9079,7.1962]]]]}},{"type":"Feature","properties":{"osm_id":"395204842","code":8200,"fclass":"water","name":null},"geometry":{"type":"MultiPolygon","coordinates":[[[[79.8799,7.1506],[79.8801,7.1495],[79.8799,7.1506]]]]}},{"type":"Feature","properties":{"osm_id":"395216270","code":8200,"fclass":"water","name":null},"geometry":{"type":"MultiPolygon","coordinates":[[[[79.8795,7.1519],[79.8799,7.1507],[79.8795,7.1519]]]]}},{"type":"Feature","properties":{"osm_id":"395484869","code":8200,"fclass":"water","name":null},"geometry":{"type":"MultiPolygon","coordinates":[[[[79.8801,7.1494],[79.8817,7.1438],[79.8801,7.1494]]]]}},{"type":"Feature","properties":{"osm_id":"396588104","code":8200,"fclass":"water","name":null},"geometry":{"type":"MultiPolygon","coordinates":[[[[79.9774,6.7335],[79.9783,6.7339],[79.9782,6.7329],[79.9774,6.7335]]]]}},{"type":"Feature","properties":{"osm_id":"396588105","code":8200,"fclass":"water","name":null},"geometry":{"type":"MultiPolygon","coordinates":[[[[79.9756,6.7366],[79.9761,6.7368],[79.9771,6.7341],[79.9759,6.7343],[79.9756,6.7366]]]]}},{"type":"Feature","properties":{"osm_id":"396588481","code":8200,"fclass":"water","name":null},"geometry":{"type":"MultiPolygon","coordinates":[[[[79.9807,6.7317],[79.9822,6.7348],[79.983,6.735],[79.9833,6.7335],[79.9834,6.7339],[79.9838,6.7337],[79.9828,6.733],[79.9827,6.7313],[79.9807,6.7317]]]]}},{"type":"Feature","properties":{"osm_id":"397735548","code":8202,"fclass":"riverbank","name":null},"geometry":{"type":"MultiPolygon","coordinates":[[[[79.9022,7.0835],[79.9033,7.0844],[79.9066,7.0841],[79.9069,7.0847],[79.9077,7.0847],[79.9083,7.0857],[79.9108,7.0872],[79.9109,7.0882],[79.9118,7.089],[79.9125,7.0883],[79.9135,7.0896],[79.9154,7.0908],[79.9169,7.0947],[79.9159,7.0953],[79.9158,7.0961],[79.9168,7.0973],[79.9181,7.0976],[79.9179,7.0984],[79.9169,7.0993],[79.9172,7.0993],[79.9182,7.0976],[79.9169,7.0971],[79.916,7.096],[79.9161,7.0954],[79.9171,7.0947],[79.9162,7.0926],[79.9162,7.0915],[79.9154,7.0906],[79.9134,7.0893],[79.9126,7.0882],[79.9119,7.0888],[79.9111,7.0881],[79.9109,7.087],[79.9084,7.0855],[79.9077,7.0844],[79.907,7.0846],[79.9068,7.0838],[79.9032,7.0841],[79.9022,7.0835]]]]}},{"type":"Feature","properties":{"osm_id":"397738560","code":8200,"fclass":"water","name":null},"geometry":{"type":"MultiPolygon","coordinates":[[[[79.9658,7.0383],[79.9658,7.0383]]]]}},{"type":"Feature","properties":{"osm_id":"399613632","code":8200,"fclass":"water","name":"Flooding Areas"},"geometry":{"type":"MultiPolygon","coordinates":[[[[80.0188,7.0682],[80.0195,7.0685],[80.0188,7.0682]]]]}},{"type":"Feature","properties":{"osm_id":"399698093","code":8200,"fclass":"water","name":null},"geometry":{"type":"MultiPolygon","coordinates":[[[[79.8575,7.103],[79.8582,7.1031],[79.8598,7.101],[79.8589,7.1008],[79.8575,7.103]]]]}},{"type":"Feature","properties":{"osm_id":"399698094","code":8221,"fclass":"wetland","name":null},"geometry":{"type":"MultiPolygon","coordinates":[[[[79.8582,7.1031],[79.8593,7.1029],[79.8609,7.0996],[79.8611,7.0985],[79.8605,7.0975],[79.8608,7.0968],[79.8603,7.0968],[79.8599,7.0982],[79.8588,7.0991],[79.8584,7.1004],[79.8598,7.101],[79.8582,7.1031]]]]}},{"type":"Feature","properties":{"osm_id":"399698095","code":8202,"fclass":"riverbank","name":"Ja ela"},"geometry":{"type":"MultiPolygon","coordinates":[[[[79.8567,7.1038],[79.8585,7.0974],[79.8587,7.0914],[79.8593,7.089],[79.8608,7.0874],[79.8665,7.0845],[79.8682,7.0816],[79.8755,7.0776],[79.878,7.0768],[79.8893,7.0808],[79.8931,7.0802],[79.8947,7.0813],[79.8968,7.0813],[79.8972,7.0821],[79.8993,7.0825],[79.9,7.0835],[79.9022,7.0835],[79.9,7.0833],[79.8994,7.0824],[79.8973,7.0821],[79.8967,7.0811],[79.8948,7.0812],[79.8933,7.0801],[79.8894,7.0806],[79.8779,7.0765],[79.8755,7.0775],[79.8682,7.0815],[79.8663,7.0844],[79.8606,7.0872],[79.8592,7.0886],[79.8585,7.0912],[79.8584,7.0969],[79.8567,7.1038]]]]}},{"type":"Feature","properties":{"osm_id":"401194975","code":8200,"fclass":"water","name":"Jayanthi Pond Road"},"geometry":{"type":"MultiPolygon","coordinates":[[[[80.0234,7.0757],[80.0234,7.0757]]]]}},{"type":"Feature","properties":{"osm_id":"401374934","code":8200,"fclass":"water","name":"Mattegoda Wewa"},"geometry":{"type":"MultiPolygon","coordinates":[[[[79.9692,6.815],[79.9698,6.8167],[79.97,6.8149],[79.9692,6.815]]]]}},{"type":"Feature","properties":{"osm_id":"402860464","code":8200,"fclass":"water","name":null},"geometry":{"type":"MultiPolygon","coordinates":[[[[80.0241,7.0856],[80.0241,7.0856]]]]}},{"type":"Feature","properties":{"osm_id":"6040502","code":8200,"fclass":"water","name":null},"geometry":{"type":"MultiPolygon","coordinates":[[[[79.9969,7.1034],[79.9983,7.1043],[80.0003,7.1045],[80.0019,7.1056],[80.0018,7.1051],[80.0015,7.1055],[80.0003,7.1044],[80.0022,7.1042],[79.9994,7.1044],[79.9969,7.1034]]]]}},{"type":"Feature","properties":{"osm_id":"6040503","code":8200,"fclass":"water","name":"Athhtanagalu Oya"},"geometry":{"type":"MultiPolygon","coordinates":[[[[80.0018,7.1055],[80.006,7.1046],[80.0086,7.1072],[80.0106,7.1055],[80.0124,7.1051],[80.0129,7.1041],[80.0154,7.1061],[80.0163,7.1061],[80.017,7.1052],[80.0193,7.1056],[80.0224,7.1073],[80.0234,7.1062],[80.0255,7.1066],[80.0267,7.1064],[80.0276,7.1053],[80.0291,7.1048],[80.0294,7.1037],[80.029,7.1037],[80.0289,7.1026],[80.0284,7.1024],[80.0289,7.1029],[80.029,7.1047],[80.0277,7.1051],[80.0267,7.1062],[80.0252,7.1065],[80.0236,7.106],[80.0222,7.1071],[80.0197,7.1055],[80.017,7.1048],[80.0162,7.106],[80.0151,7.1059],[80.0127,7.1034],[80.0121,7.1037],[80.0123,7.1048],[80.0102,7.1055],[80.0087,7.107],[80.0075,7.106],[80.0071,7.105],[80.0039,7.1036],[80.002,7.1045],[80.0039,7.1038],[80.0048,7.1041],[80.0051,7.1047],[80.0018,7.1055]]]]}},{"type":"Feature","properties":{"osm_id":"403608352","code":8200,"fclass":"water","name":null},"geometry":{"type":"MultiPolygon","coordinates":[[[[79.8996,7.1908],[79.8999,7.191],[79.8996,7.1908]]]]}},{"type":"Feature","properties":{"osm_id":"403625317","code":8200,"fclass":"water","name":null},"geometry":{"type":"MultiPolygon","coordinates":[[[[79.9106,7.1152],[79.9111,7.1159],[79.9117,7.1158],[79.9106,7.1152]]]]}},{"type":"Feature","properties":{"osm_id":"403650456","code":8200,"fclass":"water","name":null},"geometry":{"type":"MultiPolygon","coordinates":[[[[80.0269,6.8645],[80.0274,6.8642],[80.0269,6.8645]]]]}},{"type":"Feature","properties":{"osm_id":"405278048","code":8221,"fclass":"wetland","name":null},"geometry":{"type":"MultiPolygon","coordinates":[[[[79.8873,7.103],[79.8886,7.1032],[79.8888,7.1027],[79.8892,7.1028],[79.8893,7.1019],[79.8905,7.1014],[79.8897,7.1004],[79.8904,7.1004],[79.8905,7.0997],[79.8895,7.0999],[79.8897,7.0994],[79.8906,7.0992],[79.8906,7.0969],[79.8898,7.0961],[79.8898,7.0956],[79.8905,7.0955],[79.89,7.0948],[79.8904,7.0941],[79.8901,7.0935],[79.8908,7.093],[79.8902,7.0924],[79.8906,7.0919],[79.8905,7.0892],[79.8899,7.0899],[79.8904,7.0906],[79.8898,7.0907],[79.8902,7.0911],[79.8894,7.0914],[79.8902,7.0915],[79.89,7.0922],[79.8894,7.0924],[79.89,7.0928],[79.8891,7.0929],[79.8895,7.0938],[79.8888,7.0951],[79.8897,7.0955],[79.8893,7.096],[79.8897,7.097],[79.8891,7.0975],[79.8896,7.0979],[79.8889,7.098],[79.8891,7.0987],[79.8884,7.1006],[79.889,7.1011],[79.8882,7.1011],[79.8873,7.103]]]]}},{"type":"Feature","properties":{"osm_id":"405641298","code":8200,"fclass":"water","name":null},"geometry":{"type":"MultiPolygon","coordinates":[[[[79.9058,7.0839],[79.9061,7.0835],[79.9058,7.0839]]]]}},{"type":"Feature","properties":{"osm_id":"405848832","code":8221,"fclass":"wetland","name":null},"geometry":{"type":"MultiPolygon","coordinates":[[[[79.8802,7.0923],[79.8822,7.0943],[79.8817,7.0951],[79.8822,7.0958],[79.8819,7.0964],[79.8812,7.0963],[79.881,7.0974],[79.8825,7.0973],[79.8821,7.0968],[79.883,7.0961],[79.8827,7.0957],[79.8843,7.0937],[79.8848,7.0939],[79.8852,7.0935],[79.8842,7.0931],[79.8834,7.0913],[79.8824,7.0911],[79.8821,7.0926],[79.8802,7.0923]]]]}},{"type":"Feature","properties":{"osm_id":"406118514","code":8200,"fclass":"water","name":null},"geometry":{"type":"MultiPolygon","coordinates":[[[[80.0263,6.8655],[80.0266,6.8652],[80.0263,6.8655]]]]}},{"type":"Feature","properties":{"osm_id":"406128009","code":8200,"fclass":"water","name":null},"geometry":{"type":"MultiPolygon","coordinates":[[[[79.9175,7.1808],[79.918,7.1813],[79.9185,7.181],[79.918,7.1805],[79.9175,7.1808]]]]}},{"type":"Feature","properties":{"osm_id":"406131786","code":8221,"fclass":"wetland","name":null},"geometry":{"type":"MultiPolygon","coordinates":[[[[79.8854,7.1096],[79.8855,7.1103],[79.8873,7.1095],[79.8881,7.1101],[79.888,7.109],[79.8885,7.1078],[79.8882,7.1076],[79.8893,7.105],[79.8893,7.1034],[79.8889,7.1039],[79.8886,7.1033],[79.8873,7.1035],[79.8875,7.1047],[79.8858,7.1074],[79.8862,7.1087],[79.8855,7.1088],[79.8854,7.1096]]]]}},{"type":"Feature","properties":{"osm_id":"406135208","code":8221,"fclass":"wetland","name":null},"geometry":{"type":"MultiPolygon","coordinates":[[[[79.8783,7.1046],[79.8783,7.1054],[79.8789,7.1054],[79.8788,7.1064],[79.8804,7.1075],[79.8812,7.1074],[79.8816,7.1068],[79.8815,7.1054],[79.8809,7.105],[79.8814,7.1039],[79.8827,7.1039],[79.8833,7.1031],[79.8816,7.1028],[79.8817,7.1022],[79.8829,7.1017],[79.8823,7.1013],[79.8823,7.1003],[79.8816,7.1001],[79.8818,7.0996],[79.8833,7.0995],[79.8833,7.0984],[79.8819,7.0977],[79.8822,7.0987],[79.8815,7.0994],[79.8788,7.1006],[79.8783,7.1046]]]]}},{"type":"Feature","properties":{"osm_id":"406136136","code":8221,"fclass":"wetland","name":"Muturajawela"},"geometry":{"type":"MultiPolygon","coordinates":[[[[79.8589,7.1038],[79.8593,7.1046],[79.8609,7.105],[79.8633,7.1043],[79.8662,7.0986],[79.8653,7.1015],[79.8658,7.1012],[79.866,7.1001],[79.8671,7.099],[79.8675,7.0993],[79.867,7.1004],[79.8671,7.1015],[79.8657,7.1033],[79.8658,7.1047],[79.8607,7.1066],[79.8597,7.1056],[79.86,7.1072],[79.8703,7.1079],[79.8717,7.1076],[79.8717,7.1071],[79.8729,7.1064],[79.8754,7.1072],[79.8757,7.1064],[79.8775,7.1058],[79.8775,7.0937],[79.8765,7.0932],[79.8755,7.0916],[79.8736,7.0911],[79.8719,7.0944],[79.8708,7.0948],[79.8702,7.0945],[79.8708,7.0921],[79.8689,7.0911],[79.8653,7.0919],[79.8664,7.0942],[79.8657,7.0945],[79.8629,7.0909],[79.8591,7.0909],[79.859,7.0942],[79.8598,7.0981],[79.8603,7.0967],[79.8609,7.0967],[79.8606,7.0975],[79.8612,7.0986],[79.8589,7.1038]]]]}},{"type":"Feature","properties":{"osm_id":"406534322","code":8201,"fclass":"reservoir","name":null},"geometry":{"type":"MultiPolygon","coordinates":[[[[79.9025,7.114],[79.9033,7.1141],[79.9035,7.1136],[79.9026,7.1134],[79.9025,7.114]]]]}},{"type":"Feature","properties":{"osm_id":"406534325","code":8201,"fclass":"reservoir","name":null},"geometry":{"type":"MultiPolygon","coordinates":[[[[79.9025,7.1152],[79.9034,7.1155],[79.9025,7.1152]]]]}},{"type":"Feature","properties":{"osm_id":"406534327","code":8200,"fclass":"water","name":null},"geometry":{"type":"MultiPolygon","coordinates":[[[[79.9088,7.116],[79.9105,7.1153],[79.91,7.1152],[79.9088,7.116]]]]}},{"type":"Feature","properties":{"osm_id":"406542581","code":8200,"fclass":"water","name":null},"geometry":{"type":"MultiPolygon","coordinates":[[[[79.9123,7.0672],[79.9126,7.0668],[79.9123,7.0672]]]]}},{"type":"Feature","properties":{"osm_id":"406706386","code":8200,"fclass":"water","name":null},"geometry":{"type":"MultiPolygon","coordinates":[[[[79.8928,7.0968],[79.8928,7.0968]]]]}},{"type":"Feature","properties":{"osm_id":"406726656","code":8221,"fclass":"wetland","name":null},"geometry":{"type":"MultiPolygon","coordinates":[[[[79.8827,7.0706],[79.8854,7.0701],[79.8869,7.0688],[79.8867,7.0685],[79.8857,7.0692],[79.8845,7.0691],[79.8829,7.07],[79.8827,7.0706]]]]}},{"type":"Feature","properties":{"osm_id":"406748968","code":8200,"fclass":"water","name":null},"geometry":{"type":"MultiPolygon","coordinates":[[[[79.904,7.1215],[79.9046,7.1215],[79.9045,7.1188],[79.904,7.1215]]]]}},{"type":"Feature","properties":{"osm_id":"406749906","code":8200,"fclass":"water","name":null},"geometry":{"type":"MultiPolygon","coordinates":[[[[79.9053,7.1145],[79.9059,7.1162],[79.9053,7.1145]]]]}},{"type":"Feature","properties":{"osm_id":"406906543","code":8221,"fclass":"wetland","name":null},"geometry":{"type":"MultiPolygon","coordinates":[[[[79.8787,7.0846],[79.8794,7.0864],[79.88,7.0865],[79.8809,7.0855],[79.8817,7.0855],[79.8817,7.086],[79.881,7.086],[79.8811,7.0866],[79.8816,7.0868],[79.8825,7.0862],[79.8828,7.0845],[79.8818,7.0839],[79.8829,7.0835],[79.8817,7.0835],[79.8807,7.0842],[79.88,7.0835],[79.8787,7.0846]]]]}},{"type":"Feature","properties":{"osm_id":"406906551","code":8221,"fclass":"wetland","name":null},"geometry":{"type":"MultiPolygon","coordinates":[[[[79.8789,7.0874],[79.8791,7.0888],[79.8795,7.0891],[79.8791,7.0895],[79.8799,7.0894],[79.8801,7.087],[79.8794,7.0868],[79.8789,7.0874]]]]}},{"type":"Feature","properties":{"osm_id":"406910417","code":8221,"fclass":"wetland","name":null},"geometry":{"type":"MultiPolygon","coordinates":[[[[79.8809,7.0898],[79.8816,7.0903],[79.8824,7.0889],[79.8824,7.0897],[79.8818,7.0904],[79.8835,7.0912],[79.884,7.0895],[79.885,7.0891],[79.8846,7.0886],[79.8845,7.0878],[79.8852,7.0879],[79.8856,7.0875],[79.8852,7.0849],[79.8846,7.0846],[79.8845,7.0839],[79.8858,7.0837],[79.8865,7.0829],[79.8831,7.0826],[79.883,7.0836],[79.8839,7.084],[79.8832,7.084],[79.8828,7.0852],[79.8841,7.0861],[79.884,7.0873],[79.883,7.0881],[79.881,7.0884],[79.8809,7.0898]]]]}},{"type":"Feature","properties":{"osm_id":"407875484","code":8200,"fclass":"water","name":null},"geometry":{"type":"MultiPolygon","coordinates":[[[[80.0487,6.8289],[80.0491,6.8293],[80.0492,6.8285],[80.0487,6.8289]]]]}},{"type":"Feature","properties":{"osm_id":"408214167","code":8200,"fclass":"water","name":null},"geometry":{"type":"MultiPolygon","coordinates":[[[[79.8975,7.1212],[79.8979,7.1212],[79.8975,7.1212]]]]}},{"type":"Feature","properties":{"osm_id":"408999397","code":8202,"fclass":"riverbank","name":null},"geometry":{"type":"MultiPolygon","coordinates":[[[[80.0783,6.8587],[80.0792,6.8588],[80.0784,6.8586],[80.0788,6.8575],[80.0796,6.8572],[80.08,6.8558],[80.0788,6.8532],[80.08,6.8555],[80.0795,6.8572],[80.0788,6.8574],[80.0783,6.8587]]]]}},{"type":"Feature","properties":{"osm_id":"411273302","code":8221,"fclass":"wetland","name":null},"geometry":{"type":"MultiPolygon","coordinates":[[[[79.9251,7.1977],[79.9255,7.1975],[79.9251,7.1977]]]]}},{"type":"Feature","properties":{"osm_id":"411630950","code":8221,"fclass":"wetland","name":null},"geometry":{"type":"MultiPolygon","coordinates":[[[[79.8657,7.0737],[79.866,7.0747],[79.8667,7.0748],[79.869,7.0739],[79.8696,7.0767],[79.8707,7.0786],[79.8719,7.0786],[79.8767,7.0756],[79.8772,7.0709],[79.8765,7.0648],[79.8785,7.0592],[79.8781,7.0587],[79.8757,7.0586],[79.8757,7.0573],[79.8746,7.0562],[79.8738,7.054],[79.8748,7.0521],[79.8733,7.052],[79.8729,7.0505],[79.8719,7.051],[79.8716,7.0503],[79.87,7.0501],[79.8699,7.0495],[79.8685,7.0497],[79.867,7.0487],[79.8659,7.0495],[79.8662,7.0514],[79.8673,7.0513],[79.8672,7.0501],[79.8676,7.05],[79.87,7.0507],[79.8709,7.0515],[79.8687,7.0528],[79.869,7.0536],[79.8683,7.0532],[79.8673,7.0537],[79.8681,7.056],[79.8675,7.0573],[79.8668,7.0573],[79.8668,7.0579],[79.8677,7.0595],[79.8668,7.0619],[79.8669,7.0654],[79.8662,7.0678],[79.8677,7.0678],[79.868,7.0693],[79.8662,7.0719],[79.8657,7.0737]]]]}},{"type":"Feature","properties":{"osm_id":"411948382","code":8200,"fclass":"water","name":null},"geometry":{"type":"MultiPolygon","coordinates":[[[[80.1696,6.893],[80.1703,6.8931],[80.1706,6.8939],[80.1718,6.8923],[80.1696,6.893]]]]}},{"type":"Feature","properties":{"osm_id":"411957027","code":8200,"fclass":"water","name":null},"geometry":{"type":"MultiPolygon","coordinates":[[[[80.1705,6.8942],[80.1708,6.8944],[80.1709,6.894],[80.1705,6.8942]]]]}},{"type":"Feature","properties":{"osm_id":"411957028","code":8200,"fclass":"water","name":null},"geometry":{"type":"MultiPolygon","coordinates":[[[[80.1707,6.8948],[80.1711,6.8946],[80.1707,6.8948]]]]}},{"type":"Feature","properties":{"osm_id":"413272457","code":8200,"fclass":"water","name":null},"geometry":{"type":"MultiPolygon","coordinates":[[[[79.9184,7.1871],[79.9195,7.1869],[79.9197,7.1864],[79.9184,7.1871]]]]}},{"type":"Feature","properties":{"osm_id":"413504727","code":8200,"fclass":"water","name":null},"geometry":{"type":"MultiPolygon","coordinates":[[[[79.9031,7.1231],[79.9034,7.123],[79.904,7.1214],[79.9031,7.1231]]]]}},{"type":"Feature","properties":{"osm_id":"415397767","code":8200,"fclass":"water","name":null},"geometry":{"type":"MultiPolygon","coordinates":[[[[79.8683,7.1158],[79.8696,7.1128],[79.8708,7.112],[79.8727,7.1115],[79.8732,7.1118],[79.8734,7.1112],[79.876,7.1108],[79.8762,7.1113],[79.8757,7.1111],[79.8749,7.1117],[79.8758,7.1113],[79.8782,7.113],[79.8811,7.1095],[79.8782,7.1129],[79.8759,7.1107],[79.8728,7.1111],[79.8703,7.1121],[79.8699,7.1119],[79.8683,7.1158]]]]}},{"type":"Feature","properties":{"osm_id":"416927745","code":8221,"fclass":"wetland","name":null},"geometry":{"type":"MultiPolygon","coordinates":[[[[79.8844,7.1127],[79.8845,7.1137],[79.8859,7.1134],[79.8859,7.1128],[79.8867,7.1137],[79.8872,7.1132],[79.8869,7.1124],[79.8859,7.1118],[79.8845,7.1118],[79.8844,7.1127]]]]}},{"type":"Feature","properties":{"osm_id":"418530492","code":8200,"fclass":"water","name":null},"geometry":{"type":"MultiPolygon","coordinates":[[[[79.9008,7.1381],[79.9008,7.1381]]]]}},{"type":"Feature","properties":{"osm_id":"418887859","code":8202,"fclass":"riverbank","name":"Attanagalu Oya"},"geometry":{"type":"MultiPolygon","coordinates":[[[[79.9168,7.1348],[79.9179,7.136],[79.917,7.1366],[79.917,7.1372],[79.9181,7.1389],[79.9189,7.1393],[79.9171,7.1369],[79.9181,7.1362],[79.917,7.1348],[79.9174,7.1342],[79.9186,7.1342],[79.9182,7.1331],[79.9183,7.1342],[79.9174,7.134],[79.9179,7.1338],[79.9193,7.1298],[79.9186,7.1291],[79.9175,7.1288],[79.9176,7.128],[79.9183,7.1269],[79.9195,7.1268],[79.9223,7.1247],[79.923,7.1236],[79.9235,7.1244],[79.9243,7.1238],[79.9237,7.1241],[79.9233,7.1234],[79.9229,7.1234],[79.92,7.1262],[79.918,7.127],[79.9172,7.1289],[79.9191,7.1298],[79.9168,7.1348]]]]}},{"type":"Feature","properties":{"osm_id":"418901260","code":8221,"fclass":"wetland","name":null},"geometry":{"type":"MultiPolygon","coordinates":[[[[79.9214,7.1221],[79.9214,7.1221]]]]}},{"type":"Feature","properties":{"osm_id":"418901261","code":8202,"fclass":"riverbank","name":null},"geometry":{"type":"MultiPolygon","coordinates":[[[[79.9163,7.1147],[79.9171,7.1157],[79.9203,7.1163],[79.921,7.1191],[79.9241,7.122],[79.9243,7.1234],[79.9243,7.1216],[79.9215,7.1195],[79.9207,7.1169],[79.9211,7.1157],[79.923,7.116],[79.9233,7.1151],[79.9242,7.1147],[79.9243,7.1138],[79.9259,7.1139],[79.9262,7.1135],[79.9258,7.113],[79.9254,7.113],[79.9255,7.1138],[79.9241,7.1136],[79.9239,7.1147],[79.9225,7.1158],[79.9212,7.1154],[79.9207,7.116],[79.92,7.1155],[79.9187,7.1157],[79.9163,7.1147]]]]}},{"type":"Feature","properties":{"osm_id":"418901264","code":8221,"fclass":"wetland","name":null},"geometry":{"type":"MultiPolygon","coordinates":[[[[79.9211,7.1222],[79.9211,7.1225],[79.9214,7.1222],[79.9211,7.1222]]]]}},{"type":"Feature","properties":{"osm_id":"418901267","code":8221,"fclass":"wetland","name":null},"geometry":{"type":"MultiPolygon","coordinates":[[[[79.917,7.1156],[79.9183,7.1172],[79.9202,7.1164],[79.917,7.1156]]]]}},{"type":"Feature","properties":{"osm_id":"418901273","code":8221,"fclass":"wetland","name":null},"geometry":{"type":"MultiPolygon","coordinates":[[[[79.9184,7.1265],[79.9192,7.1267],[79.9224,7.1242],[79.9212,7.1237],[79.9196,7.1263],[79.9184,7.1265]]]]}},{"type":"Feature","properties":{"osm_id":"418901277","code":8202,"fclass":"riverbank","name":null},"geometry":{"type":"MultiPolygon","coordinates":[[[[79.924,7.1235],[79.9244,7.1236],[79.924,7.1235]]]]}},{"type":"Feature","properties":{"osm_id":"418901279","code":8200,"fclass":"water","name":null},"geometry":{"type":"MultiPolygon","coordinates":[[[[79.922,7.1217],[79.9224,7.1217],[79.9223,7.1223],[79.9228,7.1221],[79.9227,7.1216],[79.9235,7.1215],[79.9227,7.1208],[79.922,7.1217]]]]}},{"type":"Feature","properties":{"osm_id":"418908279","code":8221,"fclass":"wetland","name":null},"geometry":{"type":"MultiPolygon","coordinates":[[[[79.9232,7.1215],[79.9241,7.1225],[79.9241,7.122],[79.9232,7.1215]]]]}},{"type":"Feature","properties":{"osm_id":"418908280","code":8221,"fclass":"wetland","name":null},"geometry":{"type":"MultiPolygon","coordinates":[[[[79.9222,7.12],[79.9246,7.1218],[79.9249,7.1207],[79.9222,7.12]]]]}},{"type":"Feature","properties":{"osm_id":"418911781","code":8221,"fclass":"wetland","name":null},"geometry":{"type":"MultiPolygon","coordinates":[[[[79.9216,7.1207],[79.9223,7.1213],[79.922,7.1204],[79.9216,7.1207]]]]}},{"type":"Feature","properties":{"osm_id":"418934891","code":8221,"fclass":"wetland","name":null},"geometry":{"type":"MultiPolygon","coordinates":[[[[79.9174,7.1286],[79.9193,7.1298],[79.9179,7.1336],[79.9183,7.1336],[79.9182,7.1331],[79.9186,7.1336],[79.9194,7.1336],[79.9194,7.1331],[79.9207,7.1325],[79.9217,7.1336],[79.9221,7.1334],[79.9221,7.1323],[79.9208,7.1313],[79.9208,7.1296],[79.922,7.1296],[79.9219,7.129],[79.921,7.129],[79.9208,7.1281],[79.9176,7.1282],[79.9174,7.1286]]]]}},{"type":"Feature","properties":{"osm_id":"418934892","code":8221,"fclass":"wetland","name":null},"geometry":{"type":"MultiPolygon","coordinates":[[[[79.9146,7.1297],[79.915,7.1304],[79.9163,7.1307],[79.9165,7.1316],[79.9159,7.133],[79.917,7.1337],[79.9172,7.1326],[79.9181,7.1321],[79.919,7.1296],[79.9174,7.1291],[79.9173,7.1281],[79.9167,7.1282],[79.9168,7.1298],[79.9162,7.1302],[79.9146,7.1297]]]]}},{"type":"Feature","properties":{"osm_id":"419395964","code":8200,"fclass":"water","name":null},"geometry":{"type":"MultiPolygon","coordinates":[[[[79.9557,6.9451],[79.9561,6.9451],[79.9558,6.9446],[79.9557,6.9451]]]]}},{"type":"Feature","properties":{"osm_id":"419454674","code":8200,"fclass":"water","name":null},"geometry":{"type":"MultiPolygon","coordinates":[[[[79.9161,6.9662],[79.9166,6.9663],[79.9166,6.9658],[79.9161,6.9662]]]]}},{"type":"Feature","properties":{"osm_id":"419461956","code":8200,"fclass":"water","name":null},"geometry":{"type":"MultiPolygon","coordinates":[[[[79.9001,6.9511],[79.9008,6.9505],[79.9003,6.9504],[79.9001,6.9511]]]]}},{"type":"Feature","properties":{"osm_id":"419462357","code":8200,"fclass":"water","name":null},"geometry":{"type":"MultiPolygon","coordinates":[[[[79.9216,6.9594],[79.9224,6.9603],[79.9222,6.9588],[79.9216,6.9594]]]]}},{"type":"Feature","properties":{"osm_id":"419484013","code":8200,"fclass":"water","name":null},"geometry":{"type":"MultiPolygon","coordinates":[[[[79.9096,6.943],[79.9099,6.9432],[79.9096,6.943]]]]}},{"type":"Feature","properties":{"osm_id":"419485635","code":8200,"fclass":"water","name":null},"geometry":{"type":"MultiPolygon","coordinates":[[[[79.9055,6.9496],[79.9055,6.9496]]]]}},{"type":"Feature","properties":{"osm_id":"419485636","code":8200,"fclass":"water","name":null},"geometry":{"type":"MultiPolygon","coordinates":[[[[79.9045,6.9502],[79.905,6.9506],[79.9055,6.9503],[79.9049,6.9499],[79.9051,6.9496],[79.9045,6.9502]]]]}},{"type":"Feature","properties":{"osm_id":"419487957","code":8221,"fclass":"wetland","name":null},"geometry":{"type":"MultiPolygon","coordinates":[[[[79.9021,7.0989],[79.9038,7.1013],[79.9083,7.1012],[79.9065,7.0991],[79.905,7.0992],[79.9051,7.0981],[79.9031,7.0981],[79.9027,7.0977],[79.9022,7.0981],[79.9021,7.0989]]]]}},{"type":"Feature","properties":{"osm_id":"419489152","code":8200,"fclass":"water","name":null},"geometry":{"type":"MultiPolygon","coordinates":[[[[79.9081,6.9419],[79.9096,6.9427],[79.91,6.9417],[79.9088,6.9407],[79.9081,6.9419]]]]}},{"type":"Feature","properties":{"osm_id":"419492356","code":8200,"fclass":"water","name":null},"geometry":{"type":"MultiPolygon","coordinates":[[[[79.939,6.9545],[79.9394,6.9544],[79.939,6.9545]]]]}},{"type":"Feature","properties":{"osm_id":"419500166","code":8221,"fclass":"wetland","name":null},"geometry":{"type":"MultiPolygon","coordinates":[[[[79.9108,6.9322],[79.9119,6.9327],[79.9118,6.9346],[79.9128,6.9337],[79.9131,6.9351],[79.9142,6.9349],[79.9138,6.9341],[79.9142,6.9338],[79.9155,6.9351],[79.9159,6.9347],[79.9144,6.9328],[79.9146,6.9324],[79.9127,6.9314],[79.9134,6.9301],[79.9146,6.9297],[79.9146,6.9287],[79.9137,6.9288],[79.9121,6.9306],[79.9123,6.932],[79.9108,6.9322]]]]}},{"type":"Feature","properties":{"osm_id":"419512570","code":8200,"fclass":"water","name":null},"geometry":{"type":"MultiPolygon","coordinates":[[[[79.9375,6.9337],[79.9378,6.9338],[79.9378,6.9333],[79.9375,6.9337]]]]}},{"type":"Feature","properties":{"osm_id":"419512571","code":8200,"fclass":"water","name":null},"geometry":{"type":"MultiPolygon","coordinates":[[[[79.9397,6.9361],[79.9422,6.9358],[79.9429,6.9338],[79.9405,6.9343],[79.9408,6.9354],[79.9397,6.9361]]]]}},{"type":"Feature","properties":{"osm_id":"419513735","code":8200,"fclass":"water","name":"Lion Pond"},"geometry":{"type":"MultiPolygon","coordinates":[[[[79.9516,6.9468],[79.9525,6.9469],[79.9522,6.9464],[79.9516,6.9468]]]]}},{"type":"Feature","properties":{"osm_id":"419513737","code":8200,"fclass":"water","name":null},"geometry":{"type":"MultiPolygon","coordinates":[[[[79.9527,6.9474],[79.9527,6.9474]]]]}},{"type":"Feature","properties":{"osm_id":"419513738","code":8200,"fclass":"water","name":null},"geometry":{"type":"MultiPolygon","coordinates":[[[[79.9526,6.9472],[79.9529,6.947],[79.9526,6.9472]]]]}},{"type":"Feature","properties":{"osm_id":"419525409","code":8200,"fclass":"water","name":null},"geometry":{"type":"MultiPolygon","coordinates":[[[[79.9297,6.9627],[79.9297,6.9627]]]]}},{"type":"Feature","properties":{"osm_id":"419527451","code":8200,"fclass":"water","name":null},"geometry":{"type":"MultiPolygon","coordinates":[[[[79.9529,6.9506],[79.9529,6.9506]]]]}},{"type":"Feature","properties":{"osm_id":"419573404","code":8200,"fclass":"water","name":null},"geometry":{"type":"MultiPolygon","coordinates":[[[[79.905,6.9628],[79.9053,6.9631],[79.906,6.963],[79.9055,6.9614],[79.905,6.9628]]]]}},{"type":"Feature","properties":{"osm_id":"419582243","code":8200,"fclass":"water","name":null},"geometry":{"type":"MultiPolygon","coordinates":[[[[79.9085,6.962],[79.9086,6.9624],[79.9102,6.9619],[79.9085,6.962]]]]}},{"type":"Feature","properties":{"osm_id":"419586719","code":8221,"fclass":"wetland","name":null},"geometry":{"type":"MultiPolygon","coordinates":[[[[79.8981,6.9723],[79.899,6.9725],[79.8988,6.9721],[79.8981,6.9723]]]]}},{"type":"Feature","properties":{"osm_id":"419586720","code":8221,"fclass":"wetland","name":null},"geometry":{"type":"MultiPolygon","coordinates":[[[[79.8986,6.9698],[79.9008,6.9703],[79.8998,6.9713],[79.901,6.9704],[79.9015,6.9705],[79.9018,6.9731],[79.9025,6.9735],[79.902,6.9731],[79.9017,6.9705],[79.9065,6.9714],[79.9101,6.9711],[79.907,6.9711],[79.903,6.9705],[79.9032,6.9681],[79.9028,6.9703],[79.8986,6.9698]]]]}},{"type":"Feature","properties":{"osm_id":"419658103","code":8200,"fclass":"water","name":null},"geometry":{"type":"MultiPolygon","coordinates":[[[[79.9015,6.9396],[79.9017,6.9393],[79.9015,6.9396]]]]}},{"type":"Feature","properties":{"osm_id":"419664631","code":8200,"fclass":"water","name":null},"geometry":{"type":"MultiPolygon","coordinates":[[[[79.8687,6.9697],[79.8687,6.9697]]]]}},{"type":"Feature","properties":{"osm_id":"419664634","code":8200,"fclass":"water","name":null},"geometry":{"type":"MultiPolygon","coordinates":[[[[79.869,6.9696],[79.869,6.9696]]]]}},{"type":"Feature","properties":{"osm_id":"419727114","code":8200,"fclass":"water","name":null},"geometry":{"type":"MultiPolygon","coordinates":[[[[79.8853,6.9441],[79.8897,6.9519],[79.89,6.9542],[79.8899,6.9517],[79.8855,6.944],[79.8864,6.9446],[79.8869,6.9441],[79.888,6.9442],[79.8884,6.9437],[79.8883,6.9425],[79.89,6.9419],[79.8904,6.941],[79.8911,6.9416],[79.8927,6.9406],[79.8949,6.9413],[79.8957,6.9403],[79.8969,6.9405],[79.8968,6.9385],[79.8973,6.9381],[79.8973,6.9371],[79.8986,6.9351],[79.8978,6.9334],[79.8976,6.9311],[79.8986,6.929],[79.8976,6.9294],[79.8973,6.9309],[79.8974,6.9332],[79.8985,6.9351],[79.8972,6.9369],[79.8972,6.938],[79.8964,6.9384],[79.8968,6.9403],[79.8957,6.9401],[79.8948,6.9411],[79.8928,6.9404],[79.891,6.9414],[79.8904,6.9409],[79.8896,6.9418],[79.8882,6.9423],[79.8879,6.9441],[79.8871,6.9438],[79.8863,6.9444],[79.8856,6.9437],[79.8853,6.9441]]]]}},{"type":"Feature","properties":{"osm_id":"419749764","code":8201,"fclass":"reservoir","name":null},"geometry":{"type":"MultiPolygon","coordinates":[[[[79.9705,6.9413],[79.9709,6.9414],[79.9705,6.9413]]]]}},{"type":"Feature","properties":{"osm_id":"419749765","code":8201,"fclass":"reservoir","name":null},"geometry":{"type":"MultiPolygon","coordinates":[[[[79.9704,6.9408],[79.9704,6.9408]]]]}},{"type":"Feature","properties":{"osm_id":"419785527","code":8200,"fclass":"water","name":null},"geometry":{"type":"MultiPolygon","coordinates":[[[[80.0595,6.9049],[80.0595,6.9049]]]]}},{"type":"Feature","properties":{"osm_id":"419792244","code":8221,"fclass":"wetland","name":null},"geometry":{"type":"MultiPolygon","coordinates":[[[[79.9993,6.9565],[80.0003,6.9565],[80.0003,6.9559],[79.9993,6.9565]]]]}},{"type":"Feature","properties":{"osm_id":"419792256","code":8201,"fclass":"reservoir","name":null},"geometry":{"type":"MultiPolygon","coordinates":[[[[80.0014,6.9557],[80.0017,6.9567],[80.0029,6.9564],[80.0034,6.957],[80.0037,6.9568],[80.003,6.9559],[80.0014,6.9557]]]]}},{"type":"Feature","properties":{"osm_id":"419792257","code":8201,"fclass":"reservoir","name":null},"geometry":{"type":"MultiPolygon","coordinates":[[[[80.0033,6.9572],[80.0038,6.9581],[80.0052,6.9589],[80.0043,6.9572],[80.0039,6.9569],[80.0033,6.9572]]]]}},{"type":"Feature","properties":{"osm_id":"419792264","code":8201,"fclass":"reservoir","name":null},"geometry":{"type":"MultiPolygon","coordinates":[[[[80.006,6.9594],[80.006,6.9594]]]]}},{"type":"Feature","properties":{"osm_id":"419792264","code":8200,"fclass":"water","name":null},"geometry":{"type":"MultiPolygon","coordinates":[[[[80.006,6.9594],[80.006,6.9594]]]]}},{"type":"Feature","properties":{"osm_id":"419792266","code":8201,"fclass":"reservoir","name":null},"geometry":{"type":"MultiPolygon","coordinates":[[[[80.006,6.96],[80.006,6.96]]]]}},{"type":"Feature","properties":{"osm_id":"419792266","code":8200,"fclass":"water","name":null},"geometry":{"type":"MultiPolygon","coordinates":[[[[80.006,6.96],[80.006,6.96]]]]}},{"type":"Feature","properties":{"osm_id":"419792267","code":8201,"fclass":"reservoir","name":null},"geometry":{"type":"MultiPolygon","coordinates":[[[[80.0062,6.9602],[80.0062,6.9602]]]]}},{"type":"Feature","properties":{"osm_id":"419792267","code":8200,"fclass":"water","name":null},"geometry":{"type":"MultiPolygon","coordinates":[[[[80.0062,6.9602],[80.0062,6.9602]]]]}},{"type":"Feature","properties":{"osm_id":"419792268","code":8201,"fclass":"reservoir","name":null},"geometry":{"type":"MultiPolygon","coordinates":[[[[80.006,6.9601],[80.006,6.9601]]]]}},{"type":"Feature","properties":{"osm_id":"419792268","code":8200,"fclass":"water","name":null},"geometry":{"type":"MultiPolygon","coordinates":[[[[80.006,6.9601],[80.006,6.9601]]]]}},{"type":"Feature","properties":{"osm_id":"419793532","code":8200,"fclass":"water","name":null},"geometry":{"type":"MultiPolygon","coordinates":[[[[79.993,6.9619],[79.993,6.9619]]]]}},{"type":"Feature","properties":{"osm_id":"419801437","code":8200,"fclass":"water","name":null},"geometry":{"type":"MultiPolygon","coordinates":[[[[79.9666,6.9514],[79.9669,6.9515],[79.9666,6.9514]]]]}},{"type":"Feature","properties":{"osm_id":"419802918","code":8200,"fclass":"water","name":null},"geometry":{"type":"MultiPolygon","coordinates":[[[[80.0116,6.9693],[80.012,6.969],[80.0116,6.9693]]]]}},{"type":"Feature","properties":{"osm_id":"419802920","code":8200,"fclass":"water","name":null},"geometry":{"type":"MultiPolygon","coordinates":[[[[80.0102,6.9689],[80.0102,6.9689]]]]}},{"type":"Feature","properties":{"osm_id":"419812460","code":8201,"fclass":"reservoir","name":null},"geometry":{"type":"MultiPolygon","coordinates":[[[[79.8871,6.9718],[79.8875,6.9736],[79.8878,6.9721],[79.8884,6.9717],[79.8881,6.9714],[79.8909,6.9695],[79.8898,6.9698],[79.8902,6.9691],[79.8896,6.969],[79.8871,6.9718]]]]}},{"type":"Feature","properties":{"osm_id":"419817632","code":8200,"fclass":"water","name":null},"geometry":{"type":"MultiPolygon","coordinates":[[[[79.9659,6.9506],[79.9663,6.9505],[79.9659,6.9506]]]]}},{"type":"Feature","properties":{"osm_id":"419823527","code":8200,"fclass":"water","name":null},"geometry":{"type":"MultiPolygon","coordinates":[[[[80.0185,6.9462],[80.0193,6.9463],[80.0188,6.9458],[80.0193,6.9451],[80.019,6.9448],[80.0186,6.9448],[80.0185,6.9462]]]]}},{"type":"Feature","properties":{"osm_id":"419824691","code":8200,"fclass":"water","name":null},"geometry":{"type":"MultiPolygon","coordinates":[[[[80.0168,6.9456],[80.0171,6.946],[80.0171,6.9455],[80.0168,6.9456]]]]}},{"type":"Feature","properties":{"osm_id":"419825062","code":8200,"fclass":"water","name":null},"geometry":{"type":"MultiPolygon","coordinates":[[[[80.0258,6.9097],[80.0263,6.9097],[80.0258,6.9097]]]]}},{"type":"Feature","properties":{"osm_id":"419832929","code":8200,"fclass":"water","name":null},"geometry":{"type":"MultiPolygon","coordinates":[[[[80.0461,6.9113],[80.0466,6.9117],[80.0476,6.9107],[80.0467,6.9103],[80.0461,6.9111],[80.0467,6.9111],[80.0461,6.9113]]]]}},{"type":"Feature","properties":{"osm_id":"419844955","code":8200,"fclass":"water","name":null},"geometry":{"type":"MultiPolygon","coordinates":[[[[79.9369,6.9427],[79.937,6.9433],[79.9372,6.943],[79.9382,6.9439],[79.9377,6.9427],[79.9369,6.9427]]]]}},{"type":"Feature","properties":{"osm_id":"419865316","code":8200,"fclass":"water","name":null},"geometry":{"type":"MultiPolygon","coordinates":[[[[80.0467,6.9303],[80.0473,6.9305],[80.0473,6.9301],[80.0468,6.9299],[80.0467,6.9303]]]]}},{"type":"Feature","properties":{"osm_id":"419867928","code":8200,"fclass":"water","name":null},"geometry":{"type":"MultiPolygon","coordinates":[[[[80.0487,6.9177],[80.0492,6.9173],[80.0487,6.9177]]]]}},{"type":"Feature","properties":{"osm_id":"419880566","code":8200,"fclass":"water","name":null},"geometry":{"type":"MultiPolygon","coordinates":[[[[80.0166,6.9313],[80.0166,6.9313]]]]}},{"type":"Feature","properties":{"osm_id":"419882483","code":8200,"fclass":"water","name":null},"geometry":{"type":"MultiPolygon","coordinates":[[[[79.9901,6.9376],[79.991,6.9387],[79.9918,6.9383],[79.9921,6.9391],[79.9916,6.9393],[79.9917,6.9398],[79.9936,6.9414],[79.9951,6.9403],[79.9945,6.9387],[79.9938,6.9384],[79.994,6.9372],[79.9932,6.9362],[79.9924,6.9367],[79.9925,6.9378],[79.9919,6.9378],[79.9911,6.937],[79.9901,6.9376]]]]}},{"type":"Feature","properties":{"osm_id":"419882484","code":8200,"fclass":"water","name":null},"geometry":{"type":"MultiPolygon","coordinates":[[[[79.9942,6.9317],[79.9949,6.9322],[79.9955,6.9317],[79.9948,6.9314],[79.9942,6.9317]]]]}},{"type":"Feature","properties":{"osm_id":"419882485","code":8200,"fclass":"water","name":null},"geometry":{"type":"MultiPolygon","coordinates":[[[[79.9937,6.9329],[79.994,6.9337],[79.9955,6.9333],[79.9949,6.9331],[79.9952,6.9327],[79.9948,6.9323],[79.9937,6.9329]]]]}},{"type":"Feature","properties":{"osm_id":"419885806","code":8200,"fclass":"water","name":null},"geometry":{"type":"MultiPolygon","coordinates":[[[[79.9742,6.9327],[79.9747,6.9325],[79.9742,6.9327]]]]}},{"type":"Feature","properties":{"osm_id":"419885807","code":8200,"fclass":"water","name":null},"geometry":{"type":"MultiPolygon","coordinates":[[[[79.9746,6.9329],[79.975,6.9325],[79.9746,6.9329]]]]}},{"type":"Feature","properties":{"osm_id":"419898228","code":8200,"fclass":"water","name":null},"geometry":{"type":"MultiPolygon","coordinates":[[[[79.9939,6.9279],[79.9954,6.9283],[79.9957,6.9276],[79.9951,6.9274],[79.9939,6.9279]]]]}},{"type":"Feature","properties":{"osm_id":"419898229","code":8200,"fclass":"water","name":null},"geometry":{"type":"MultiPolygon","coordinates":[[[[79.9899,6.9299],[79.9906,6.9303],[79.9921,6.9295],[79.992,6.9281],[79.9909,6.9275],[79.9902,6.9284],[79.9912,6.9291],[79.9908,6.9295],[79.9899,6.9295],[79.9899,6.9299]]]]}},{"type":"Feature","properties":{"osm_id":"419898230","code":8200,"fclass":"water","name":null},"geometry":{"type":"MultiPolygon","coordinates":[[[[79.991,6.9252],[79.9912,6.9266],[79.9928,6.9268],[79.9929,6.9263],[79.9921,6.926],[79.9929,6.9259],[79.9927,6.925],[79.991,6.9252]]]]}},{"type":"Feature","properties":{"osm_id":"419899631","code":8200,"fclass":"water","name":null},"geometry":{"type":"MultiPolygon","coordinates":[[[[79.9901,6.9311],[79.9906,6.9315],[79.9917,6.931],[79.9924,6.93],[79.9901,6.9311]]]]}},{"type":"Feature","properties":{"osm_id":"419915409","code":8200,"fclass":"water","name":null},"geometry":{"type":"MultiPolygon","coordinates":[[[[79.9485,6.9297],[79.9492,6.9297],[79.9485,6.9297]]]]}},{"type":"Feature","properties":{"osm_id":"419918515","code":8200,"fclass":"water","name":null},"geometry":{"type":"MultiPolygon","coordinates":[[[[79.9699,6.9552],[79.97,6.9548],[79.9699,6.9552]]]]}},{"type":"Feature","properties":{"osm_id":"419918516","code":8200,"fclass":"water","name":null},"geometry":{"type":"MultiPolygon","coordinates":[[[[79.9716,6.9539],[79.9721,6.9541],[79.9719,6.9536],[79.9716,6.9539]]]]}},{"type":"Feature","properties":{"osm_id":"419918517","code":8200,"fclass":"water","name":null},"geometry":{"type":"MultiPolygon","coordinates":[[[[79.9708,6.954],[79.9708,6.954]]]]}},{"type":"Feature","properties":{"osm_id":"419922680","code":8200,"fclass":"water","name":null},"geometry":{"type":"MultiPolygon","coordinates":[[[[80.0167,6.9424],[80.0167,6.9424]]]]}},{"type":"Feature","properties":{"osm_id":"419922721","code":8200,"fclass":"water","name":null},"geometry":{"type":"MultiPolygon","coordinates":[[[[80.0169,6.9423],[80.0169,6.9423]]]]}},{"type":"Feature","properties":{"osm_id":"419922776","code":8200,"fclass":"water","name":null},"geometry":{"type":"MultiPolygon","coordinates":[[[[80.0167,6.9423],[80.0167,6.9423]]]]}},{"type":"Feature","properties":{"osm_id":"419931293","code":8200,"fclass":"water","name":null},"geometry":{"type":"MultiPolygon","coordinates":[[[[79.9712,6.9441],[79.9718,6.9445],[79.972,6.9441],[79.9717,6.9437],[79.9712,6.9441]]]]}},{"type":"Feature","properties":{"osm_id":"419931294","code":8200,"fclass":"water","name":null},"geometry":{"type":"MultiPolygon","coordinates":[[[[79.9709,6.9436],[79.9709,6.9436]]]]}},{"type":"Feature","properties":{"osm_id":"419931295","code":8200,"fclass":"water","name":null},"geometry":{"type":"MultiPolygon","coordinates":[[[[79.9711,6.9436],[79.9716,6.9436],[79.9711,6.9436]]]]}},{"type":"Feature","properties":{"osm_id":"419931296","code":8200,"fclass":"water","name":null},"geometry":{"type":"MultiPolygon","coordinates":[[[[79.9709,6.9428],[79.9709,6.9433],[79.9716,6.9433],[79.9709,6.9428]]]]}},{"type":"Feature","properties":{"osm_id":"6242964","code":8200,"fclass":"water","name":null},"geometry":{"type":"MultiPolygon","coordinates":[[[[80.0418,6.9116],[80.0423,6.913],[80.0433,6.9132],[80.0424,6.912],[80.0426,6.9117],[80.042,6.912],[80.0418,6.9116]]]]}},{"type":"Feature","properties":{"osm_id":"419948312","code":8221,"fclass":"wetland","name":null},"geometry":{"type":"MultiPolygon","coordinates":[[[[80.0251,6.9204],[80.0261,6.9212],[80.0271,6.9212],[80.0277,6.9223],[80.0282,6.9222],[80.0291,6.9194],[80.0284,6.9189],[80.0287,6.9198],[80.0279,6.9204],[80.0272,6.9196],[80.0263,6.9197],[80.0263,6.9184],[80.0251,6.9204]]]]}},{"type":"Feature","properties":{"osm_id":"419955553","code":8200,"fclass":"water","name":null},"geometry":{"type":"MultiPolygon","coordinates":[[[[80.0172,6.941],[80.0172,6.941]]]]}},{"type":"Feature","properties":{"osm_id":"419955557","code":8200,"fclass":"water","name":null},"geometry":{"type":"MultiPolygon","coordinates":[[[[80.0171,6.9413],[80.0171,6.9413]]]]}},{"type":"Feature","properties":{"osm_id":"419955560","code":8200,"fclass":"water","name":null},"geometry":{"type":"MultiPolygon","coordinates":[[[[80.0165,6.9419],[80.0165,6.9419]]]]}},{"type":"Feature","properties":{"osm_id":"419955563","code":8200,"fclass":"water","name":null},"geometry":{"type":"MultiPolygon","coordinates":[[[[80.017,6.9413],[80.017,6.9413]]]]}},{"type":"Feature","properties":{"osm_id":"419955566","code":8200,"fclass":"water","name":null},"geometry":{"type":"MultiPolygon","coordinates":[[[[80.018,6.9387],[80.0183,6.9382],[80.018,6.9387]]]]}},{"type":"Feature","properties":{"osm_id":"419955569","code":8200,"fclass":"water","name":null},"geometry":{"type":"MultiPolygon","coordinates":[[[[80.0172,6.9415],[80.0177,6.9416],[80.0175,6.9412],[80.0172,6.9415]]]]}},{"type":"Feature","properties":{"osm_id":"419969626","code":8221,"fclass":"wetland","name":null},"geometry":{"type":"MultiPolygon","coordinates":[[[[80.0328,6.928],[80.0346,6.929],[80.0334,6.9276],[80.0328,6.928]]]]}},{"type":"Feature","properties":{"osm_id":"419999986","code":8201,"fclass":"reservoir","name":null},"geometry":{"type":"MultiPolygon","coordinates":[[[[79.8829,6.9568],[79.8829,6.9568]]]]}},{"type":"Feature","properties":{"osm_id":"420005497","code":8202,"fclass":"riverbank","name":null},"geometry":{"type":"MultiPolygon","coordinates":[[[[80.2076,6.9786],[80.2108,6.9768],[80.2134,6.9765],[80.2147,6.9742],[80.2159,6.975],[80.216,6.9747],[80.2149,6.9739],[80.2131,6.9764],[80.2105,6.9768],[80.2076,6.9786]]]]}},{"type":"Feature","properties":{"osm_id":"420007424","code":8200,"fclass":"water","name":null},"geometry":{"type":"MultiPolygon","coordinates":[[[[80.004,6.9262],[80.0043,6.9264],[80.0047,6.9258],[80.004,6.9262]]]]}},{"type":"Feature","properties":{"osm_id":"420007425","code":8200,"fclass":"water","name":null},"geometry":{"type":"MultiPolygon","coordinates":[[[[80.0046,6.9262],[80.0053,6.9266],[80.0055,6.9262],[80.0046,6.9262]]]]}},{"type":"Feature","properties":{"osm_id":"420007426","code":8200,"fclass":"water","name":null},"geometry":{"type":"MultiPolygon","coordinates":[[[[80.0033,6.9255],[80.004,6.9256],[80.004,6.9251],[80.0033,6.9255]]]]}},{"type":"Feature","properties":{"osm_id":"420017429","code":8200,"fclass":"water","name":null},"geometry":{"type":"MultiPolygon","coordinates":[[[[79.9267,6.9457],[79.9273,6.9459],[79.9274,6.9453],[79.9267,6.9457]]]]}},{"type":"Feature","properties":{"osm_id":"420017430","code":8200,"fclass":"water","name":null},"geometry":{"type":"MultiPolygon","coordinates":[[[[79.9261,6.9466],[79.9269,6.9465],[79.9261,6.9466]]]]}},{"type":"Feature","properties":{"osm_id":"420024669","code":8200,"fclass":"water","name":null},"geometry":{"type":"MultiPolygon","coordinates":[[[[79.9647,6.9135],[79.965,6.9139],[79.9647,6.9135]]]]}},{"type":"Feature","properties":{"osm_id":"420024670","code":8200,"fclass":"water","name":null},"geometry":{"type":"MultiPolygon","coordinates":[[[[79.9644,6.9133],[79.9644,6.9133]]]]}},{"type":"Feature","properties":{"osm_id":"420038432","code":8201,"fclass":"reservoir","name":null},"geometry":{"type":"MultiPolygon","coordinates":[[[[80.0286,6.9364],[80.0299,6.9379],[80.0309,6.9377],[80.0313,6.9382],[80.0316,6.9372],[80.0334,6.9366],[80.0337,6.9351],[80.033,6.935],[80.0309,6.9365],[80.03,6.9366],[80.0296,6.9363],[80.0294,6.9343],[80.0286,6.9364]]]]}},{"type":"Feature","properties":{"osm_id":"420041320","code":8200,"fclass":"water","name":null},"geometry":{"type":"MultiPolygon","coordinates":[[[[79.9936,6.9168],[79.9942,6.9165],[79.9936,6.9168]]]]}},{"type":"Feature","properties":{"osm_id":"420041324","code":8200,"fclass":"water","name":null},"geometry":{"type":"MultiPolygon","coordinates":[[[[79.9933,6.9166],[79.9939,6.9164],[79.9933,6.9166]]]]}},{"type":"Feature","properties":{"osm_id":"420080593","code":8200,"fclass":"water","name":null},"geometry":{"type":"MultiPolygon","coordinates":[[[[80.0094,6.9229],[80.0094,6.9229]]]]}},{"type":"Feature","properties":{"osm_id":"420111280","code":8200,"fclass":"water","name":null},"geometry":{"type":"MultiPolygon","coordinates":[[[[80.0704,6.9138],[80.0712,6.9134],[80.0704,6.9138]]]]}},{"type":"Feature","properties":{"osm_id":"420144458","code":8200,"fclass":"water","name":null},"geometry":{"type":"MultiPolygon","coordinates":[[[[80.1067,6.9486],[80.1072,6.9496],[80.1067,6.9486]]]]}},{"type":"Feature","properties":{"osm_id":"420145876","code":8200,"fclass":"water","name":null},"geometry":{"type":"MultiPolygon","coordinates":[[[[80.0692,6.8847],[80.0695,6.8853],[80.0699,6.8851],[80.0692,6.8847]]]]}},{"type":"Feature","properties":{"osm_id":"420146040","code":8200,"fclass":"water","name":null},"geometry":{"type":"MultiPolygon","coordinates":[[[[80.0693,6.8831],[80.0698,6.8835],[80.0693,6.8831]]]]}},{"type":"Feature","properties":{"osm_id":"420149816","code":8200,"fclass":"water","name":null},"geometry":{"type":"MultiPolygon","coordinates":[[[[80.1463,6.9746],[80.1467,6.9751],[80.1463,6.9746]]]]}},{"type":"Feature","properties":{"osm_id":"420149948","code":8200,"fclass":"water","name":null},"geometry":{"type":"MultiPolygon","coordinates":[[[[80.1524,6.9711],[80.1529,6.9712],[80.1524,6.9711]]]]}},{"type":"Feature","properties":{"osm_id":"420247114","code":8200,"fclass":"water","name":null},"geometry":{"type":"MultiPolygon","coordinates":[[[[80.1159,6.9787],[80.116,6.9794],[80.1186,6.9793],[80.1189,6.9788],[80.1159,6.9787]]]]}},{"type":"Feature","properties":{"osm_id":"420273653","code":8200,"fclass":"water","name":null},"geometry":{"type":"MultiPolygon","coordinates":[[[[80.1242,6.964],[80.1249,6.9638],[80.1258,6.9647],[80.1251,6.9631],[80.1245,6.9632],[80.1242,6.964]]]]}},{"type":"Feature","properties":{"osm_id":"420279554","code":8200,"fclass":"water","name":null},"geometry":{"type":"MultiPolygon","coordinates":[[[[80.1207,6.9351],[80.1213,6.9358],[80.1207,6.9351]]]]}},{"type":"Feature","properties":{"osm_id":"420295791","code":8200,"fclass":"water","name":null},"geometry":{"type":"MultiPolygon","coordinates":[[[[80.0801,6.9025],[80.0807,6.9028],[80.0808,6.9022],[80.0802,6.902],[80.0801,6.9025]]]]}},{"type":"Feature","properties":{"osm_id":"420295792","code":8200,"fclass":"water","name":null},"geometry":{"type":"MultiPolygon","coordinates":[[[[80.0783,6.9024],[80.079,6.9021],[80.0783,6.9024]]]]}},{"type":"Feature","properties":{"osm_id":"420295793","code":8200,"fclass":"water","name":null},"geometry":{"type":"MultiPolygon","coordinates":[[[[80.0776,6.9025],[80.0782,6.9023],[80.0776,6.9025]]]]}},{"type":"Feature","properties":{"osm_id":"420321818","code":8200,"fclass":"water","name":null},"geometry":{"type":"MultiPolygon","coordinates":[[[[80.0809,6.9019],[80.0813,6.9021],[80.0809,6.9019]]]]}},{"type":"Feature","properties":{"osm_id":"420341660","code":8200,"fclass":"water","name":null},"geometry":{"type":"MultiPolygon","coordinates":[[[[80.1272,6.9721],[80.1273,6.9725],[80.1276,6.972],[80.1272,6.9721]]]]}},{"type":"Feature","properties":{"osm_id":"420402503","code":8200,"fclass":"water","name":null},"geometry":{"type":"MultiPolygon","coordinates":[[[[80.093,6.9447],[80.0934,6.9458],[80.0942,6.9456],[80.0939,6.9446],[80.0932,6.9444],[80.093,6.9447]]]]}},{"type":"Feature","properties":{"osm_id":"420499749","code":8200,"fclass":"water","name":null},"geometry":{"type":"MultiPolygon","coordinates":[[[[79.9212,7.1171],[79.9221,7.1172],[79.9218,7.1167],[79.9212,7.1171]]]]}},{"type":"Feature","properties":{"osm_id":"420611230","code":8200,"fclass":"water","name":null},"geometry":{"type":"MultiPolygon","coordinates":[[[[80.0789,6.9002],[80.0791,6.9009],[80.0799,6.9005],[80.079,6.8997],[80.0789,6.9002]]]]}},{"type":"Feature","properties":{"osm_id":"420650836","code":8200,"fclass":"water","name":null},"geometry":{"type":"MultiPolygon","coordinates":[[[[80.1048,6.9602],[80.1048,6.9602]]]]}},{"type":"Feature","properties":{"osm_id":"420650837","code":8200,"fclass":"water","name":null},"geometry":{"type":"MultiPolygon","coordinates":[[[[80.1049,6.9596],[80.1053,6.9604],[80.1051,6.9611],[80.1063,6.9613],[80.1055,6.961],[80.1055,6.9601],[80.1049,6.9596]]]]}},{"type":"Feature","properties":{"osm_id":"420710798","code":8200,"fclass":"water","name":null},"geometry":{"type":"MultiPolygon","coordinates":[[[[79.9113,7.2124],[79.9117,7.213],[79.9113,7.2124]]]]}},{"type":"Feature","properties":{"osm_id":"420809000","code":8200,"fclass":"water","name":null},"geometry":{"type":"MultiPolygon","coordinates":[[[[80.0517,6.9015],[80.0517,6.9015]]]]}},{"type":"Feature","properties":{"osm_id":"420809001","code":8200,"fclass":"water","name":null},"geometry":{"type":"MultiPolygon","coordinates":[[[[80.0516,6.9005],[80.0516,6.9005]]]]}},{"type":"Feature","properties":{"osm_id":"420821985","code":8200,"fclass":"water","name":null},"geometry":{"type":"MultiPolygon","coordinates":[[[[79.8968,7.2223],[79.8968,7.2223]]]]}},{"type":"Feature","properties":{"osm_id":"420900225","code":8221,"fclass":"wetland","name":null},"geometry":{"type":"MultiPolygon","coordinates":[[[[79.9837,6.9257],[79.9838,6.9267],[79.9847,6.9267],[79.9852,6.9274],[79.9851,6.9298],[79.9857,6.9291],[79.9854,6.9288],[79.9862,6.9287],[79.987,6.9272],[79.9864,6.9274],[79.9861,6.9269],[79.9866,6.9265],[79.9856,6.9256],[79.9865,6.9245],[79.9857,6.9246],[79.9851,6.9231],[79.9844,6.9241],[79.985,6.9247],[79.9847,6.9256],[79.984,6.9253],[79.9837,6.9257]]]]}},{"type":"Feature","properties":{"osm_id":"420979890","code":8200,"fclass":"water","name":null},"geometry":{"type":"MultiPolygon","coordinates":[[[[80.0005,7.1449],[80.0005,7.1449]]]]}},{"type":"Feature","properties":{"osm_id":"421206418","code":8200,"fclass":"water","name":null},"geometry":{"type":"MultiPolygon","coordinates":[[[[80.0074,7.1748],[80.0078,7.1748],[80.0074,7.1748]]]]}},{"type":"Feature","properties":{"osm_id":"421209571","code":8200,"fclass":"water","name":null},"geometry":{"type":"MultiPolygon","coordinates":[[[[80.0104,7.1747],[80.0104,7.1747]]]]}},{"type":"Feature","properties":{"osm_id":"421247222","code":8200,"fclass":"water","name":null},"geometry":{"type":"MultiPolygon","coordinates":[[[[79.9838,7.1966],[79.9838,7.1966]]]]}},{"type":"Feature","properties":{"osm_id":"421323115","code":8200,"fclass":"water","name":null},"geometry":{"type":"MultiPolygon","coordinates":[[[[80.0966,6.9644],[80.097,6.9649],[80.0975,6.9644],[80.0966,6.9644]]]]}},{"type":"Feature","properties":{"osm_id":"421335620","code":8200,"fclass":"water","name":null},"geometry":{"type":"MultiPolygon","coordinates":[[[[80.0849,6.9557],[80.0862,6.9565],[80.0875,6.9565],[80.0862,6.9565],[80.0849,6.9557]]]]}},{"type":"Feature","properties":{"osm_id":"421568921","code":8200,"fclass":"water","name":null},"geometry":{"type":"MultiPolygon","coordinates":[[[[79.9691,7.0987],[79.9691,7.0987]]]]}},{"type":"Feature","properties":{"osm_id":"421699808","code":8200,"fclass":"water","name":null},"geometry":{"type":"MultiPolygon","coordinates":[[[[80.012,7.1228],[80.0123,7.1227],[80.012,7.1228]]]]}},{"type":"Feature","properties":{"osm_id":"421699809","code":8200,"fclass":"water","name":null},"geometry":{"type":"MultiPolygon","coordinates":[[[[80.012,7.1221],[80.0125,7.1227],[80.0129,7.1222],[80.0124,7.122],[80.0127,7.1209],[80.012,7.1221]]]]}},{"type":"Feature","properties":{"osm_id":"421700550","code":8200,"fclass":"water","name":null},"geometry":{"type":"MultiPolygon","coordinates":[[[[80.0093,7.1209],[80.0093,7.1209]]]]}},{"type":"Feature","properties":{"osm_id":"421713050","code":8200,"fclass":"water","name":null},"geometry":{"type":"MultiPolygon","coordinates":[[[[80.0125,7.1203],[80.0129,7.1203],[80.0125,7.1203]]]]}},{"type":"Feature","properties":{"osm_id":"421713054","code":8200,"fclass":"water","name":null},"geometry":{"type":"MultiPolygon","coordinates":[[[[80.0123,7.1192],[80.0125,7.1199],[80.0129,7.1197],[80.0134,7.1202],[80.0126,7.1183],[80.0123,7.1192]]]]}},{"type":"Feature","properties":{"osm_id":"421733932","code":8221,"fclass":"wetland","name":null},"geometry":{"type":"MultiPolygon","coordinates":[[[[79.8837,7.0545],[79.8839,7.0551],[79.8849,7.0552],[79.8849,7.0559],[79.8855,7.0556],[79.8853,7.0545],[79.8843,7.0546],[79.8842,7.054],[79.8837,7.0545]]]]}},{"type":"Feature","properties":{"osm_id":"421737643","code":8221,"fclass":"wetland","name":null},"geometry":{"type":"MultiPolygon","coordinates":[[[[79.8851,7.0522],[79.8873,7.0521],[79.8874,7.0533],[79.8881,7.0531],[79.8881,7.0524],[79.8886,7.0531],[79.8896,7.0526],[79.89,7.0515],[79.8883,7.0517],[79.8876,7.0523],[79.8885,7.0508],[79.888,7.0502],[79.887,7.0512],[79.8867,7.0509],[79.8868,7.0516],[79.8861,7.0518],[79.8854,7.0511],[79.8855,7.0521],[79.8851,7.0522]]]]}},{"type":"Feature","properties":{"osm_id":"421744480","code":8221,"fclass":"wetland","name":null},"geometry":{"type":"MultiPolygon","coordinates":[[[[79.8882,7.0616],[79.8888,7.0609],[79.8885,7.0605],[79.8887,7.0612],[79.8882,7.0616]]]]}},{"type":"Feature","properties":{"osm_id":"421753509","code":8221,"fclass":"wetland","name":null},"geometry":{"type":"MultiPolygon","coordinates":[[[[79.9045,7.0607],[79.9051,7.062],[79.9056,7.0656],[79.9071,7.0669],[79.9045,7.0607]]]]}},{"type":"Feature","properties":{"osm_id":"421753510","code":8221,"fclass":"wetland","name":null},"geometry":{"type":"MultiPolygon","coordinates":[[[[79.9036,7.0556],[79.9042,7.0564],[79.9088,7.0552],[79.9087,7.0546],[79.908,7.0544],[79.9073,7.0549],[79.9036,7.0556]]]]}},{"type":"Feature","properties":{"osm_id":"421753511","code":8221,"fclass":"wetland","name":null},"geometry":{"type":"MultiPolygon","coordinates":[[[[79.9005,7.0563],[79.9013,7.0568],[79.9013,7.0575],[79.9022,7.0581],[79.9028,7.0577],[79.9018,7.0566],[79.9018,7.0548],[79.9009,7.0549],[79.9005,7.0563]]]]}},{"type":"Feature","properties":{"osm_id":"421753512","code":8200,"fclass":"water","name":null},"geometry":{"type":"MultiPolygon","coordinates":[[[[79.9024,7.0581],[79.9029,7.058],[79.9024,7.0581]]]]}},{"type":"Feature","properties":{"osm_id":"421753513","code":8200,"fclass":"water","name":null},"geometry":{"type":"MultiPolygon","coordinates":[[[[79.9025,7.0552],[79.9026,7.0557],[79.903,7.0554],[79.9025,7.0552]]]]}},{"type":"Feature","properties":{"osm_id":"421753514","code":8200,"fclass":"water","name":null},"geometry":{"type":"MultiPolygon","coordinates":[[[[79.9009,7.0682],[79.9014,7.0683],[79.9009,7.0682]]]]}},{"type":"Feature","properties":{"osm_id":"421753515","code":8221,"fclass":"wetland","name":null},"geometry":{"type":"MultiPolygon","coordinates":[[[[79.8828,7.0532],[79.8845,7.0541],[79.8844,7.0546],[79.8851,7.0546],[79.8862,7.0525],[79.887,7.0525],[79.887,7.0539],[79.8874,7.0543],[79.8873,7.0522],[79.8851,7.0524],[79.8844,7.051],[79.8836,7.0513],[79.8838,7.0519],[79.8831,7.0519],[79.8828,7.0532]]]]}},{"type":"Feature","properties":{"osm_id":"421754244","code":8221,"fclass":"wetland","name":null},"geometry":{"type":"MultiPolygon","coordinates":[[[[79.8772,7.0653],[79.8783,7.0702],[79.8791,7.059],[79.8772,7.0653]]]]}},{"type":"Feature","properties":{"osm_id":"421760090","code":8200,"fclass":"water","name":null},"geometry":{"type":"MultiPolygon","coordinates":[[[[79.9211,7.1327],[79.9219,7.1332],[79.9218,7.1323],[79.9211,7.1327]]]]}},{"type":"Feature","properties":{"osm_id":"421764453","code":8200,"fclass":"water","name":null},"geometry":{"type":"MultiPolygon","coordinates":[[[[79.932,7.0776],[79.932,7.0776]]]]}},{"type":"Feature","properties":{"osm_id":"421866894","code":8201,"fclass":"reservoir","name":null},"geometry":{"type":"MultiPolygon","coordinates":[[[[80.0133,7.1386],[80.0133,7.1386]]]]}},{"type":"Feature","properties":{"osm_id":"422747110","code":8200,"fclass":"water","name":null},"geometry":{"type":"MultiPolygon","coordinates":[[[[80.0341,7.1891],[80.0341,7.1891]]]]}},{"type":"Feature","properties":{"osm_id":"422821484","code":8200,"fclass":"water","name":null},"geometry":{"type":"MultiPolygon","coordinates":[[[[80.0319,7.1925],[80.0319,7.1925]]]]}},{"type":"Feature","properties":{"osm_id":"422821486","code":8200,"fclass":"water","name":null},"geometry":{"type":"MultiPolygon","coordinates":[[[[80.0318,7.1924],[80.0318,7.1924]]]]}},{"type":"Feature","properties":{"osm_id":"422964135","code":8200,"fclass":"water","name":null},"geometry":{"type":"MultiPolygon","coordinates":[[[[79.9555,7.1428],[79.9555,7.1428]]]]}},{"type":"Feature","properties":{"osm_id":"422989029","code":8200,"fclass":"water","name":null},"geometry":{"type":"MultiPolygon","coordinates":[[[[79.9586,7.1392],[79.9586,7.1392]]]]}},{"type":"Feature","properties":{"osm_id":"423034741","code":8200,"fclass":"water","name":null},"geometry":{"type":"MultiPolygon","coordinates":[[[[79.9956,7.196],[79.9956,7.196]]]]}},{"type":"Feature","properties":{"osm_id":"423181313","code":8200,"fclass":"water","name":null},"geometry":{"type":"MultiPolygon","coordinates":[[[[80.0006,7.1244],[80.0006,7.1244]]]]}},{"type":"Feature","properties":{"osm_id":"423207700","code":8200,"fclass":"water","name":null},"geometry":{"type":"MultiPolygon","coordinates":[[[[80.0006,7.1898],[80.0006,7.1898]]]]}},{"type":"Feature","properties":{"osm_id":"423789890","code":8200,"fclass":"water","name":null},"geometry":{"type":"MultiPolygon","coordinates":[[[[79.9993,7.2033],[79.9993,7.2033]]]]}},{"type":"Feature","properties":{"osm_id":"424211860","code":8200,"fclass":"water","name":null},"geometry":{"type":"MultiPolygon","coordinates":[[[[79.9205,7.1297],[79.9208,7.1303],[79.9206,7.129],[79.9205,7.1297]]]]}},{"type":"Feature","properties":{"osm_id":"424212178","code":8200,"fclass":"water","name":null},"geometry":{"type":"MultiPolygon","coordinates":[[[[79.9217,7.1291],[79.9218,7.1294],[79.9217,7.1291]]]]}},{"type":"Feature","properties":{"osm_id":"424577349","code":8200,"fclass":"water","name":null},"geometry":{"type":"MultiPolygon","coordinates":[[[[79.9623,7.1449],[79.9623,7.1449]]]]}},{"type":"Feature","properties":{"osm_id":"424598641","code":8221,"fclass":"wetland","name":null},"geometry":{"type":"MultiPolygon","coordinates":[[[[79.8693,6.995],[79.8695,6.9955],[79.8706,6.9956],[79.8717,6.9946],[79.8716,6.9938],[79.8705,6.9932],[79.8695,6.9936],[79.8693,6.995]]]]}},{"type":"Feature","properties":{"osm_id":"428091436","code":8200,"fclass":"water","name":null},"geometry":{"type":"MultiPolygon","coordinates":[[[[79.9347,7.111],[79.9347,7.111]]]]}},{"type":"Feature","properties":{"osm_id":"428091437","code":8200,"fclass":"water","name":null},"geometry":{"type":"MultiPolygon","coordinates":[[[[79.9342,7.1117],[79.9347,7.1111],[79.9342,7.1117]]]]}},{"type":"Feature","properties":{"osm_id":"428361565","code":8200,"fclass":"water","name":null},"geometry":{"type":"MultiPolygon","coordinates":[[[[79.9768,7.172],[79.9768,7.172]]]]}},{"type":"Feature","properties":{"osm_id":"428361566","code":8200,"fclass":"water","name":null},"geometry":{"type":"MultiPolygon","coordinates":[[[[79.9762,7.1722],[79.9762,7.1722]]]]}},{"type":"Feature","properties":{"osm_id":"428779520","code":8200,"fclass":"water","name":null},"geometry":{"type":"MultiPolygon","coordinates":[[[[79.9452,7.1229],[79.9452,7.1229]]]]}},{"type":"Feature","properties":{"osm_id":"428876984","code":8200,"fclass":"water","name":null},"geometry":{"type":"MultiPolygon","coordinates":[[[[79.9932,7.1562],[79.994,7.1563],[79.9932,7.1562]]]]}},{"type":"Feature","properties":{"osm_id":"429280783","code":8200,"fclass":"water","name":null},"geometry":{"type":"MultiPolygon","coordinates":[[[[80.022,7.2002],[80.0226,7.2001],[80.022,7.2002]]]]}},{"type":"Feature","properties":{"osm_id":"430524707","code":8200,"fclass":"water","name":"Hirigolla Pond"},"geometry":{"type":"MultiPolygon","coordinates":[[[[79.9463,7.1089],[79.9466,7.1095],[79.948,7.109],[79.9467,7.1083],[79.9463,7.1089]]]]}},{"type":"Feature","properties":{"osm_id":"430660466","code":8200,"fclass":"water","name":null},"geometry":{"type":"MultiPolygon","coordinates":[[[[79.9486,7.1811],[79.9486,7.1811]]]]}},{"type":"Feature","properties":{"osm_id":"430803621","code":8200,"fclass":"water","name":null},"geometry":{"type":"MultiPolygon","coordinates":[[[[80.0309,7.1289],[80.0315,7.1288],[80.0309,7.1289]]]]}},{"type":"Feature","properties":{"osm_id":"430823635","code":8200,"fclass":"water","name":null},"geometry":{"type":"MultiPolygon","coordinates":[[[[80.0326,7.1419],[80.0326,7.1419]]]]}},{"type":"Feature","properties":{"osm_id":"430843726","code":8200,"fclass":"water","name":null},"geometry":{"type":"MultiPolygon","coordinates":[[[[79.9363,7.1391],[79.9363,7.1391]]]]}},{"type":"Feature","properties":{"osm_id":"431144869","code":8200,"fclass":"water","name":null},"geometry":{"type":"MultiPolygon","coordinates":[[[[79.9286,7.0997],[79.9296,7.0997],[79.93,7.099],[79.9293,7.0997],[79.9286,7.0997]]]]}},{"type":"Feature","properties":{"osm_id":"432082192","code":8200,"fclass":"water","name":null},"geometry":{"type":"MultiPolygon","coordinates":[[[[79.986,7.1691],[79.9865,7.1692],[79.986,7.1691]]]]}},{"type":"Feature","properties":{"osm_id":"432329782","code":8200,"fclass":"water","name":null},"geometry":{"type":"MultiPolygon","coordinates":[[[[79.9844,7.1664],[79.9844,7.1664]]]]}},{"type":"Feature","properties":{"osm_id":"432448969","code":8200,"fclass":"water","name":null},"geometry":{"type":"MultiPolygon","coordinates":[[[[79.9924,7.1886],[79.9924,7.1886]]]]}},{"type":"Feature","properties":{"osm_id":"432521826","code":8202,"fclass":"riverbank","name":null},"geometry":{"type":"MultiPolygon","coordinates":[[[[80.011,7.1096],[80.0116,7.1103],[80.0111,7.1114],[80.012,7.1117],[80.0121,7.1122],[80.0121,7.1117],[80.0111,7.1113],[80.0118,7.1103],[80.0115,7.1095],[80.0121,7.1101],[80.013,7.1097],[80.0121,7.11],[80.0114,7.1091],[80.0114,7.1096],[80.011,7.1096]]]]}},{"type":"Feature","properties":{"osm_id":"432525970","code":8202,"fclass":"riverbank","name":null},"geometry":{"type":"MultiPolygon","coordinates":[[[[80.0205,7.1243],[80.0215,7.1281],[80.0234,7.129],[80.0249,7.1281],[80.026,7.1284],[80.027,7.1279],[80.0275,7.1284],[80.0271,7.1303],[80.0279,7.1311],[80.0294,7.1318],[80.0321,7.1313],[80.0338,7.1315],[80.0337,7.1306],[80.0335,7.1315],[80.032,7.1311],[80.0294,7.1317],[80.0281,7.1311],[80.0273,7.1303],[80.028,7.1296],[80.0273,7.1293],[80.0276,7.1284],[80.027,7.1278],[80.0258,7.1283],[80.0245,7.128],[80.0233,7.1286],[80.0214,7.1278],[80.0217,7.1267],[80.0213,7.1264],[80.0212,7.1246],[80.0205,7.1243]]]]}},{"type":"Feature","properties":{"osm_id":"432526044","code":8200,"fclass":"water","name":null},"geometry":{"type":"MultiPolygon","coordinates":[[[[80.0211,7.1247],[80.0218,7.1249],[80.0213,7.1254],[80.0221,7.125],[80.0217,7.1245],[80.0211,7.1247]]]]}},{"type":"Feature","properties":{"osm_id":"432530954","code":8200,"fclass":"water","name":null},"geometry":{"type":"MultiPolygon","coordinates":[[[[80.027,7.1062],[80.029,7.1064],[80.0292,7.1071],[80.0312,7.1062],[80.0344,7.1066],[80.0363,7.106],[80.037,7.1066],[80.0373,7.1063],[80.0387,7.1068],[80.0392,7.1078],[80.0412,7.1076],[80.0421,7.1061],[80.042,7.1057],[80.0419,7.1066],[80.0411,7.1075],[80.0394,7.1078],[80.0387,7.1068],[80.0373,7.1063],[80.037,7.1066],[80.0363,7.1059],[80.0344,7.1066],[80.0311,7.1062],[80.0292,7.1071],[80.029,7.1063],[80.027,7.1062]]]]}},{"type":"Feature","properties":{"osm_id":"13218789","code":8202,"fclass":"riverbank","name":null},"geometry":{"type":"MultiPolygon","coordinates":[[[[80.0312,7.1013],[80.0344,7.1025],[80.036,7.1024],[80.0369,7.1019],[80.0382,7.1022],[80.0411,7.0987],[80.0409,7.0977],[80.0413,7.0973],[80.0443,7.0962],[80.0449,7.0976],[80.0473,7.0981],[80.0481,7.0988],[80.0484,7.0983],[80.0481,7.0988],[80.0471,7.0979],[80.0448,7.0974],[80.0448,7.0965],[80.0439,7.096],[80.045,7.0953],[80.0459,7.0966],[80.0469,7.097],[80.0488,7.0963],[80.05,7.0969],[80.0501,7.0981],[80.0522,7.0998],[80.053,7.1016],[80.0548,7.1017],[80.0558,7.1011],[80.0564,7.1019],[80.0584,7.1026],[80.0613,7.1066],[80.0611,7.1078],[80.0632,7.1088],[80.0627,7.111],[80.0645,7.1119],[80.0651,7.1113],[80.0663,7.1112],[80.0651,7.1111],[80.0643,7.1117],[80.0639,7.1111],[80.0628,7.111],[80.0634,7.1086],[80.0622,7.1084],[80.0612,7.1076],[80.0613,7.1066],[80.0585,7.1025],[80.0564,7.1017],[80.056,7.1008],[80.0549,7.1015],[80.0532,7.1015],[80.0522,7.0997],[80.0503,7.098],[80.0503,7.0969],[80.0499,7.0965],[80.0485,7.096],[80.0469,7.0969],[80.046,7.0964],[80.0452,7.0953],[80.0453,7.0929],[80.0441,7.0917],[80.0424,7.0919],[80.0422,7.0914],[80.0409,7.0911],[80.041,7.0916],[80.0401,7.0912],[80.0398,7.0917],[80.0391,7.0914],[80.0371,7.0921],[80.0377,7.0923],[80.0391,7.0915],[80.0397,7.0919],[80.0403,7.0913],[80.0412,7.0918],[80.0418,7.0915],[80.0421,7.0921],[80.0443,7.0918],[80.0452,7.0929],[80.0451,7.0952],[80.0426,7.0967],[80.0426,7.0958],[80.0425,7.0967],[80.0412,7.0969],[80.0394,7.0981],[80.0406,7.0979],[80.0409,7.0987],[80.0384,7.1019],[80.0371,7.1017],[80.0362,7.1022],[80.0342,7.1024],[80.0312,7.1013]],[[80.0419,7.0915],[80.0424,7.0919],[80.042,7.092],[80.0419,7.0915]]]]}},{"type":"Feature","properties":{"osm_id":"432988484","code":8200,"fclass":"water","name":null},"geometry":{"type":"MultiPolygon","coordinates":[[[[79.9594,7.1268],[79.9602,7.1269],[79.9594,7.1268]]]]}},{"type":"Feature","properties":{"osm_id":"433011822","code":8200,"fclass":"water","name":null},"geometry":{"type":"MultiPolygon","coordinates":[[[[79.9966,7.1421],[79.997,7.1421],[79.9966,7.1421]]]]}},{"type":"Feature","properties":{"osm_id":"433214197","code":8200,"fclass":"water","name":null},"geometry":{"type":"MultiPolygon","coordinates":[[[[79.9634,7.1375],[79.9634,7.1375]]]]}},{"type":"Feature","properties":{"osm_id":"433219336","code":8200,"fclass":"water","name":null},"geometry":{"type":"MultiPolygon","coordinates":[[[[79.9793,7.1666],[79.9797,7.1665],[79.9793,7.1666]]]]}},{"type":"Feature","properties":{"osm_id":"433776621","code":8200,"fclass":"water","name":null},"geometry":{"type":"MultiPolygon","coordinates":[[[[79.8766,7.0644],[79.8778,7.0712],[79.8769,7.0761],[79.8774,7.0752],[79.8781,7.0702],[79.8772,7.065],[79.8793,7.0587],[79.8802,7.052],[79.8821,7.0467],[79.8872,7.0357],[79.8886,7.0314],[79.8894,7.0269],[79.8889,7.027],[79.8884,7.0307],[79.8863,7.0368],[79.8804,7.0503],[79.8787,7.0595],[79.8766,7.0644]]]]}},{"type":"Feature","properties":{"osm_id":"433830621","code":8200,"fclass":"water","name":null},"geometry":{"type":"MultiPolygon","coordinates":[[[[79.929,7.2131],[79.929,7.2136],[79.9314,7.2138],[79.931,7.2125],[79.9296,7.2119],[79.929,7.2131]]]]}},{"type":"Feature","properties":{"osm_id":"434312603","code":8200,"fclass":"water","name":null},"geometry":{"type":"MultiPolygon","coordinates":[[[[79.8821,7.2329],[79.8824,7.2333],[79.8821,7.2329]]]]}},{"type":"Feature","properties":{"osm_id":"434312605","code":8200,"fclass":"water","name":null},"geometry":{"type":"MultiPolygon","coordinates":[[[[79.8812,7.2362],[79.8818,7.2352],[79.8812,7.2362]]]]}},{"type":"Feature","properties":{"osm_id":"434771930","code":8200,"fclass":"water","name":null},"geometry":{"type":"MultiPolygon","coordinates":[[[[80.0501,7.1965],[80.0503,7.1963],[80.0501,7.1965]]]]}},{"type":"Feature","properties":{"osm_id":"435092596","code":8202,"fclass":"riverbank","name":null},"geometry":{"type":"MultiPolygon","coordinates":[[[[80.0189,7.07],[80.0198,7.0695],[80.0201,7.0687],[80.0215,7.0683],[80.023,7.0687],[80.0238,7.0675],[80.0244,7.068],[80.0268,7.0674],[80.0267,7.0667],[80.0292,7.0625],[80.0266,7.0666],[80.0267,7.0674],[80.0243,7.0679],[80.0239,7.0674],[80.023,7.0685],[80.0215,7.0682],[80.0202,7.0685],[80.0189,7.07]]]]}},{"type":"Feature","properties":{"osm_id":"435093790","code":8200,"fclass":"water","name":null},"geometry":{"type":"MultiPolygon","coordinates":[[[[79.9844,7.083],[79.9856,7.0859],[79.9855,7.0868],[79.9879,7.0878],[79.9896,7.091],[79.9913,7.0919],[79.9913,7.0932],[79.9924,7.0939],[79.9913,7.0931],[79.9914,7.0918],[79.9897,7.0909],[79.9881,7.0877],[79.9865,7.0874],[79.9856,7.0867],[79.9857,7.0859],[79.9844,7.083]]]]}},{"type":"Feature","properties":{"osm_id":"6450466","code":8202,"fclass":"riverbank","name":"Dee Elle Oya"},"geometry":{"type":"MultiPolygon","coordinates":[[[[79.9646,7.0947],[79.9679,7.0952],[79.9683,7.0949],[79.9678,7.0941],[79.969,7.0932],[79.9719,7.0926],[79.973,7.0957],[79.9739,7.0954],[79.9765,7.0987],[79.9794,7.0998],[79.981,7.0989],[79.9818,7.0972],[79.9839,7.0981],[79.9844,7.0965],[79.9858,7.0958],[79.9862,7.095],[79.99,7.0965],[79.9905,7.0975],[79.991,7.097],[79.9923,7.0983],[79.9929,7.0981],[79.9935,7.0999],[79.9954,7.1014],[79.9959,7.1029],[79.997,7.104],[79.9974,7.1063],[79.9986,7.1067],[80.0009,7.1092],[80.0002,7.1106],[80.0014,7.111],[80.0023,7.1105],[80.0038,7.1112],[80.0047,7.1107],[80.0065,7.1111],[80.0073,7.1108],[80.0086,7.1113],[80.0095,7.1127],[80.0101,7.1128],[80.0094,7.1126],[80.0085,7.1112],[80.0057,7.1107],[80.0069,7.1098],[80.0073,7.1089],[80.0098,7.1102],[80.0102,7.1108],[80.0095,7.1112],[80.0097,7.1117],[80.0116,7.1126],[80.012,7.1145],[80.0112,7.1144],[80.0117,7.1147],[80.0119,7.1164],[80.0138,7.1178],[80.0155,7.1183],[80.0165,7.1214],[80.0164,7.12],[80.0176,7.1198],[80.018,7.1205],[80.0188,7.1204],[80.0198,7.1228],[80.0199,7.1242],[80.0206,7.1242],[80.0199,7.124],[80.0199,7.1227],[80.0188,7.1203],[80.0181,7.1204],[80.0177,7.1197],[80.0168,7.12],[80.0156,7.1182],[80.0121,7.1165],[80.0114,7.1144],[80.0122,7.1145],[80.0117,7.1126],[80.0097,7.1116],[80.0096,7.1113],[80.0103,7.1109],[80.01,7.1102],[80.0073,7.1087],[80.0055,7.1106],[80.0041,7.111],[80.0021,7.1104],[80.0015,7.1109],[80.0003,7.1105],[80.0011,7.1092],[79.9986,7.1066],[79.9974,7.1061],[79.9972,7.1047],[79.9971,7.1051],[79.9985,7.1063],[79.9977,7.1053],[79.9979,7.1048],[79.9961,7.1029],[79.9956,7.1013],[79.9936,7.0998],[79.9931,7.0979],[79.9921,7.0979],[79.9912,7.0968],[79.9904,7.097],[79.9903,7.0962],[79.989,7.0961],[79.9861,7.0948],[79.9857,7.0956],[79.9843,7.0962],[79.9828,7.095],[79.9832,7.096],[79.9821,7.0964],[79.9807,7.0989],[79.9794,7.0996],[79.9768,7.0986],[79.9741,7.0952],[79.9732,7.0954],[79.9731,7.0943],[79.9718,7.0924],[79.9688,7.0931],[79.9676,7.094],[79.9679,7.095],[79.9646,7.0947]],[[79.982,7.097],[79.9823,7.0964],[79.9832,7.0962],[79.9843,7.0964],[79.9838,7.0978],[79.9822,7.0975],[79.982,7.097]]]]}},{"type":"Feature","properties":{"osm_id":"6450560","code":8200,"fclass":"water","name":null},"geometry":{"type":"MultiPolygon","coordinates":[[[[79.9511,7.1005],[79.9523,7.0981],[79.9521,7.0978],[79.9531,7.0976],[79.9542,7.0954],[79.958,7.0963],[79.9545,7.0952],[79.9545,7.0947],[79.9558,7.0945],[79.956,7.0936],[79.957,7.0939],[79.9572,7.0933],[79.9554,7.0935],[79.9552,7.0939],[79.9548,7.0929],[79.9541,7.0926],[79.955,7.0913],[79.9546,7.0905],[79.9568,7.088],[79.9575,7.088],[79.9564,7.0879],[79.9545,7.0903],[79.9549,7.0912],[79.954,7.0926],[79.9551,7.0941],[79.9543,7.0946],[79.9532,7.097],[79.9519,7.0977],[79.9521,7.0981],[79.9511,7.1005]],[[79.9549,7.0944],[79.9558,7.0937],[79.9558,7.0945],[79.9549,7.0944]]]]}},{"type":"Feature","properties":{"osm_id":"435105542","code":8200,"fclass":"water","name":null},"geometry":{"type":"MultiPolygon","coordinates":[[[[79.9519,7.0994],[79.9529,7.0997],[79.9528,7.0989],[79.9519,7.0994]]]]}},{"type":"Feature","properties":{"osm_id":"435110094","code":8200,"fclass":"water","name":null},"geometry":{"type":"MultiPolygon","coordinates":[[[[79.9162,7.0915],[79.9179,7.0933],[79.9189,7.0929],[79.919,7.0937],[79.9206,7.0937],[79.9219,7.095],[79.922,7.096],[79.9229,7.0964],[79.9245,7.0961],[79.9249,7.0956],[79.927,7.0958],[79.928,7.0946],[79.9281,7.0935],[79.9294,7.0938],[79.9305,7.0957],[79.9316,7.096],[79.933,7.0955],[79.934,7.0963],[79.9349,7.0957],[79.9353,7.0937],[79.9379,7.0934],[79.9387,7.0926],[79.9384,7.0917],[79.939,7.0902],[79.9382,7.0916],[79.9386,7.0925],[79.9379,7.0932],[79.9352,7.0935],[79.9348,7.0956],[79.934,7.0958],[79.9329,7.0953],[79.9309,7.0957],[79.9295,7.0938],[79.9281,7.0934],[79.9277,7.0936],[79.9279,7.0945],[79.9269,7.0957],[79.9249,7.0955],[79.923,7.0963],[79.922,7.096],[79.9223,7.0951],[79.9206,7.0937],[79.9191,7.0936],[79.9189,7.0928],[79.918,7.0932],[79.9162,7.0915]]]]}},{"type":"Feature","properties":{"osm_id":"435112697","code":8200,"fclass":"water","name":null},"geometry":{"type":"MultiPolygon","coordinates":[[[[79.9183,7.1],[79.9195,7.1022],[79.9188,7.1041],[79.9195,7.1022],[79.919,7.1004],[79.9183,7.1]]]]}},{"type":"Feature","properties":{"osm_id":"435240933","code":8200,"fclass":"water","name":null},"geometry":{"type":"MultiPolygon","coordinates":[[[[79.8751,7.1128],[79.8763,7.1129],[79.8751,7.1128]]]]}},{"type":"Feature","properties":{"osm_id":"435242189","code":8200,"fclass":"water","name":null},"geometry":{"type":"MultiPolygon","coordinates":[[[[79.878,7.104],[79.8782,7.1064],[79.8788,7.0945],[79.878,7.104]]]]}},{"type":"Feature","properties":{"osm_id":"435249054","code":8200,"fclass":"water","name":null},"geometry":{"type":"MultiPolygon","coordinates":[[[[79.8974,7.1595],[79.8979,7.16],[79.8993,7.1601],[79.9016,7.1585],[79.9033,7.1593],[79.9047,7.1624],[79.9057,7.1614],[79.9064,7.1622],[79.9075,7.1623],[79.9082,7.1636],[79.9089,7.1632],[79.9104,7.1639],[79.9122,7.1636],[79.9104,7.1639],[79.909,7.1631],[79.9082,7.1635],[79.9078,7.1621],[79.9064,7.1621],[79.9056,7.1613],[79.9049,7.1623],[79.9033,7.1592],[79.9016,7.1584],[79.9003,7.1589],[79.8993,7.16],[79.8974,7.1595]]]]}},{"type":"Feature","properties":{"osm_id":"435251668","code":8200,"fclass":"water","name":null},"geometry":{"type":"MultiPolygon","coordinates":[[[[79.9121,7.1637],[79.9143,7.1643],[79.9154,7.1653],[79.9165,7.1651],[79.9172,7.1668],[79.9183,7.1679],[79.9217,7.1694],[79.9223,7.1694],[79.9227,7.1688],[79.9257,7.1693],[79.9252,7.1698],[79.9262,7.1713],[79.9303,7.1713],[79.929,7.1712],[79.9288,7.1707],[79.9314,7.1702],[79.9342,7.1704],[79.9346,7.1709],[79.9352,7.1687],[79.936,7.168],[79.9382,7.1677],[79.9384,7.167],[79.9429,7.1684],[79.9477,7.1675],[79.9477,7.1654],[79.9518,7.1646],[79.9521,7.164],[79.9536,7.1647],[79.9568,7.1614],[79.9566,7.1601],[79.9576,7.1599],[79.9583,7.1585],[79.9604,7.1563],[79.9612,7.1569],[79.9618,7.1567],[79.9621,7.1575],[79.9636,7.1579],[79.9641,7.1573],[79.9657,7.1582],[79.9662,7.1572],[79.9675,7.1566],[79.968,7.1555],[79.9694,7.1555],[79.9681,7.1553],[79.9675,7.1564],[79.9661,7.1571],[79.9656,7.158],[79.9642,7.1571],[79.9635,7.1578],[79.9626,7.1575],[79.9618,7.1566],[79.9611,7.1567],[79.9604,7.1562],[79.9574,7.1598],[79.9565,7.1601],[79.9568,7.1614],[79.9536,7.1645],[79.9521,7.164],[79.9518,7.1645],[79.9476,7.1653],[79.9475,7.1673],[79.943,7.1683],[79.939,7.1674],[79.9388,7.167],[79.9395,7.1667],[79.941,7.167],[79.9396,7.1666],[79.9383,7.167],[79.9382,7.1676],[79.9373,7.168],[79.9359,7.1679],[79.9351,7.1686],[79.9347,7.1708],[79.9343,7.1703],[79.9313,7.1701],[79.9288,7.1706],[79.9287,7.1712],[79.9262,7.1712],[79.9253,7.1698],[79.9258,7.1693],[79.9266,7.1695],[79.9227,7.1687],[79.9218,7.1693],[79.9183,7.1677],[79.9173,7.1668],[79.9168,7.1648],[79.9154,7.1652],[79.9145,7.1647],[79.9145,7.164],[79.9139,7.1643],[79.9121,7.1637]]]]}},{"type":"Feature","properties":{"osm_id":"435266858","code":8200,"fclass":"water","name":null},"geometry":{"type":"MultiPolygon","coordinates":[[[[79.9693,7.1556],[79.97,7.156],[79.9717,7.1546],[79.9736,7.156],[79.9742,7.1556],[79.9743,7.1562],[79.9748,7.1559],[79.9754,7.1562],[79.9756,7.1556],[79.9767,7.156],[79.9788,7.1556],[79.979,7.1552],[79.9799,7.1557],[79.9822,7.1548],[79.9825,7.1557],[79.9833,7.1555],[79.9825,7.1556],[79.9824,7.1548],[79.9798,7.1555],[79.9792,7.1548],[79.9788,7.1555],[79.9777,7.1554],[79.9767,7.1559],[79.9756,7.1555],[79.9754,7.1561],[79.9743,7.156],[79.9743,7.1555],[79.9736,7.1559],[79.9717,7.1545],[79.9709,7.1547],[79.9699,7.1558],[79.9693,7.1556]]]]}},{"type":"Feature","properties":{"osm_id":"435271771","code":8200,"fclass":"water","name":null},"geometry":{"type":"MultiPolygon","coordinates":[[[[79.9829,7.1561],[79.9834,7.1567],[79.9839,7.1564],[79.9846,7.1567],[79.9851,7.1557],[79.9858,7.1562],[79.9867,7.1555],[79.9867,7.1559],[79.9876,7.1559],[79.9875,7.1562],[79.988,7.1566],[79.9913,7.1571],[79.9918,7.1566],[79.9916,7.1556],[79.9939,7.1555],[79.9955,7.1549],[79.9963,7.1552],[79.9975,7.1545],[79.9988,7.1549],[79.9989,7.1555],[80.0008,7.156],[79.9975,7.1544],[79.9961,7.1551],[79.9954,7.1547],[79.9939,7.1554],[79.992,7.1553],[79.9913,7.1557],[79.9918,7.1563],[79.9913,7.157],[79.9881,7.1565],[79.9877,7.1557],[79.9868,7.1558],[79.9866,7.1554],[79.9858,7.156],[79.9851,7.1555],[79.9844,7.1564],[79.9831,7.1564],[79.9833,7.1555],[79.9829,7.1561]]]]}},{"type":"Feature","properties":{"osm_id":"435273590","code":8200,"fclass":"water","name":null},"geometry":{"type":"MultiPolygon","coordinates":[[[[79.9476,7.1675],[79.9482,7.1679],[79.9499,7.1673],[79.9541,7.1683],[79.9554,7.1692],[79.9616,7.1713],[79.9637,7.173],[79.9617,7.1712],[79.9554,7.1692],[79.9542,7.1683],[79.9499,7.1673],[79.9482,7.1679],[79.9476,7.1675]]]]}},{"type":"Feature","properties":{"osm_id":"435447189","code":8200,"fclass":"water","name":null},"geometry":{"type":"MultiPolygon","coordinates":[[[[79.9326,7.1563],[79.9331,7.1559],[79.9326,7.1563]]]]}},{"type":"Feature","properties":{"osm_id":"6462194","code":8200,"fclass":"water","name":null},"geometry":{"type":"MultiPolygon","coordinates":[[[[79.8864,7.206],[79.8878,7.207],[79.8879,7.2066],[79.8892,7.2068],[79.8897,7.2059],[79.8906,7.2059],[79.891,7.207],[79.8915,7.2067],[79.8921,7.2072],[79.8924,7.2088],[79.8936,7.2088],[79.8932,7.2095],[79.8936,7.2103],[79.8947,7.21],[79.8955,7.2115],[79.8951,7.2115],[79.8955,7.212],[79.8953,7.2134],[79.8984,7.2133],[79.9008,7.2155],[79.9012,7.2143],[79.9019,7.215],[79.9025,7.2149],[79.9043,7.2172],[79.9052,7.217],[79.9078,7.2189],[79.9088,7.219],[79.909,7.2197],[79.9103,7.2207],[79.9109,7.2206],[79.9126,7.2223],[79.9144,7.2227],[79.9149,7.2235],[79.9163,7.2239],[79.9159,7.2244],[79.9162,7.2257],[79.9178,7.2256],[79.9187,7.2267],[79.9196,7.2263],[79.9202,7.2271],[79.9201,7.2283],[79.9209,7.2284],[79.9216,7.2294],[79.9224,7.2295],[79.9254,7.228],[79.9258,7.2282],[79.9254,7.2279],[79.9224,7.2294],[79.9216,7.2294],[79.9209,7.2283],[79.9202,7.2283],[79.9202,7.227],[79.9196,7.2262],[79.9188,7.2266],[79.9178,7.2255],[79.9162,7.2257],[79.9159,7.2244],[79.9164,7.2238],[79.915,7.2235],[79.9145,7.2226],[79.9127,7.2223],[79.911,7.2205],[79.9091,7.2197],[79.9087,7.2188],[79.9078,7.2188],[79.905,7.2168],[79.904,7.2169],[79.9035,7.2163],[79.9035,7.2156],[79.9024,7.2147],[79.8998,7.2142],[79.8983,7.2132],[79.8953,7.2134],[79.8952,7.2115],[79.8956,7.2116],[79.8947,7.21],[79.8936,7.2102],[79.8936,7.2088],[79.8926,7.2088],[79.8921,7.2072],[79.8915,7.2066],[79.891,7.2069],[79.8906,7.2058],[79.8896,7.2059],[79.889,7.2068],[79.8879,7.2065],[79.8878,7.2069],[79.8867,7.2061],[79.8879,7.2017],[79.8891,7.201],[79.8899,7.199],[79.8889,7.197],[79.8897,7.1969],[79.8909,7.1957],[79.8925,7.1957],[79.8911,7.1955],[79.8897,7.1968],[79.8888,7.1967],[79.8887,7.1974],[79.8897,7.199],[79.889,7.2009],[79.8879,7.2015],[79.8872,7.2029],[79.887,7.2052],[79.8864,7.206]],[[79.8995,7.214],[79.901,7.2144],[79.9009,7.2153],[79.8995,7.214]]]]}},{"type":"Feature","properties":{"osm_id":"438249670","code":8200,"fclass":"water","name":null},"geometry":{"type":"MultiPolygon","coordinates":[[[[79.9828,7.1639],[79.9828,7.1639]]]]}},{"type":"Feature","properties":{"osm_id":"438293547","code":8200,"fclass":"water","name":null},"geometry":{"type":"MultiPolygon","coordinates":[[[[79.9838,7.1648],[79.9838,7.1648]]]]}},{"type":"Feature","properties":{"osm_id":"438344749","code":8200,"fclass":"water","name":null},"geometry":{"type":"MultiPolygon","coordinates":[[[[80.0138,7.1571],[80.0138,7.1571]]]]}},{"type":"Feature","properties":{"osm_id":"438347640","code":8200,"fclass":"water","name":null},"geometry":{"type":"MultiPolygon","coordinates":[[[[79.9702,7.1724],[79.9705,7.1724],[79.9702,7.1724]]]]}},{"type":"Feature","properties":{"osm_id":"445626760","code":8200,"fclass":"water","name":null},"geometry":{"type":"MultiPolygon","coordinates":[[[[79.9981,7.1724],[79.9983,7.1727],[79.9981,7.1724]]]]}},{"type":"Feature","properties":{"osm_id":"453493818","code":8202,"fclass":"riverbank","name":null},"geometry":{"type":"MultiPolygon","coordinates":[[[[79.8862,6.9049],[79.8872,6.9053],[79.8871,6.9061],[79.8878,6.9051],[79.89,6.9048],[79.8871,6.9048],[79.8867,6.9032],[79.887,6.9049],[79.8862,6.9049]]]]}},{"type":"Feature","properties":{"osm_id":"453494881","code":8202,"fclass":"riverbank","name":null},"geometry":{"type":"MultiPolygon","coordinates":[[[[79.89,6.9051],[79.8943,6.9048],[79.8968,6.9032],[79.899,6.9037],[79.9005,6.9036],[79.9018,6.9026],[79.9004,6.9034],[79.899,6.9036],[79.8967,6.903],[79.8943,6.9046],[79.8929,6.9045],[79.8928,6.9038],[79.8917,6.9037],[79.8926,6.9044],[79.8922,6.9048],[79.8927,6.9048],[79.89,6.9051]]]]}},{"type":"Feature","properties":{"osm_id":"455232215","code":8200,"fclass":"water","name":null},"geometry":{"type":"MultiPolygon","coordinates":[[[[79.8824,6.8881],[79.8836,6.889],[79.8846,6.8926],[79.8829,6.8995],[79.8848,6.8923],[79.8861,6.8923],[79.8852,6.8922],[79.8855,6.8913],[79.8848,6.8919],[79.8838,6.8888],[79.8827,6.8879],[79.8824,6.8881]]]]}},{"type":"Feature","properties":{"osm_id":"467373497","code":8200,"fclass":"water","name":"Goose and Ducks"},"geometry":{"type":"MultiPolygon","coordinates":[[[[79.8737,6.8566],[79.874,6.8568],[79.8737,6.8566]]]]}},{"type":"Feature","properties":{"osm_id":"467373524","code":8200,"fclass":"water","name":"Pelicans and other aquatic birds"},"geometry":{"type":"MultiPolygon","coordinates":[[[[79.8731,6.8579],[79.8735,6.8576],[79.8731,6.8579]]]]}},{"type":"Feature","properties":{"osm_id":"467585239","code":8221,"fclass":"wetland","name":null},"geometry":{"type":"MultiPolygon","coordinates":[[[[79.8743,7.1204],[79.8788,7.1202],[79.8792,7.1206],[79.8793,7.1194],[79.8783,7.1194],[79.8772,7.1178],[79.8753,7.1176],[79.8743,7.1204]]]]}},{"type":"Feature","properties":{"osm_id":"469001883","code":8200,"fclass":"water","name":null},"geometry":{"type":"MultiPolygon","coordinates":[[[[79.9335,6.6471],[79.9335,6.6471]]]]}},{"type":"Feature","properties":{"osm_id":"473973052","code":8200,"fclass":"water","name":null},"geometry":{"type":"MultiPolygon","coordinates":[[[[79.9308,6.6552],[79.9308,6.6552]]]]}},{"type":"Feature","properties":{"osm_id":"7201676","code":8202,"fclass":"riverbank","name":"Kaluganga"},"geometry":{"type":"MultiPolygon","coordinates":[[[[79.9556,6.588],[79.9574,6.5914],[79.9635,6.5939],[79.9701,6.599],[79.9701,6.6007],[79.9743,6.606],[79.9762,6.6094],[79.9764,6.6111],[79.98,6.6153],[79.9816,6.6211],[79.9825,6.622],[79.9843,6.6227],[79.9877,6.6216],[79.9895,6.6254],[79.9892,6.6276],[79.9902,6.6285],[79.9921,6.6293],[80.0034,6.6287],[80.0048,6.629],[80.0081,6.6315],[80.0084,6.6337],[80.008,6.6343],[80.0083,6.635],[80.0094,6.6355],[80.011,6.6348],[80.0147,6.6306],[80.0189,6.6271],[80.0219,6.6274],[80.0246,6.6268],[80.0274,6.6228],[80.0291,6.6021],[80.0329,6.5979],[80.0334,6.5977],[80.0344,6.5983],[80.0367,6.5977],[80.0424,6.5909],[80.0438,6.5916],[80.0439,6.5926],[80.045,6.5926],[80.0462,6.5918],[80.0474,6.5891],[80.0495,6.5887],[80.052,6.5908],[80.0531,6.5927],[80.0581,6.6081],[80.0605,6.6136],[80.0612,6.6173],[80.0636,6.6197],[80.0769,6.627],[80.0789,6.6298],[80.081,6.6362],[80.0806,6.6392],[80.0811,6.6409],[80.0866,6.6469],[80.0886,6.6485],[80.0916,6.6495],[80.0938,6.6519],[80.0941,6.6552],[80.0938,6.6569],[80.0933,6.6581],[80.0907,6.6609],[80.0907,6.6638],[80.0888,6.6657],[80.0873,6.6689],[80.0886,6.6715],[80.089,6.6734],[80.0887,6.6744],[80.0896,6.6758],[80.0921,6.6768],[80.0929,6.676],[80.0934,6.676],[80.0923,6.6794],[80.0905,6.6819],[80.0906,6.6829],[80.0927,6.6839],[80.0928,6.6844],[80.0939,6.6839],[80.0943,6.6849],[80.0939,6.6858],[80.0945,6.6864],[80.0981,6.6865],[80.0986,6.6869],[80.1008,6.6907],[80.1016,6.6954],[80.1059,6.699],[80.107,6.7014],[80.1073,6.7035],[80.1081,6.7046],[80.109,6.7047],[80.1148,6.7012],[80.1193,6.6995],[80.1218,6.6998],[80.1243,6.7008],[80.1276,6.7027],[80.1303,6.705],[80.134,6.7104],[80.1361,6.7118],[80.1367,6.713],[80.1367,6.7159],[80.1372,6.7165],[80.1381,6.7167],[80.1386,6.7158],[80.1396,6.7153],[80.141,6.7155],[80.1434,6.7195],[80.1438,6.7195],[80.1412,6.7149],[80.1398,6.7146],[80.1377,6.7158],[80.1372,6.7154],[80.1372,6.7124],[80.1367,6.7115],[80.1344,6.7095],[80.1318,6.7055],[80.1277,6.702],[80.122,6.6989],[80.1195,6.6988],[80.1157,6.7003],[80.1085,6.7042],[80.1078,6.7031],[80.1075,6.7006],[80.1062,6.6983],[80.1027,6.6956],[80.1021,6.6947],[80.1012,6.6896],[80.0994,6.6867],[80.0983,6.6861],[80.0951,6.6861],[80.0948,6.6856],[80.0951,6.6841],[80.0946,6.6833],[80.094,6.683],[80.0929,6.6835],[80.0911,6.6826],[80.091,6.6821],[80.0933,6.6791],[80.094,6.6758],[80.0929,6.6751],[80.0922,6.676],[80.0915,6.6761],[80.0895,6.6746],[80.0895,6.6726],[80.088,6.6687],[80.0896,6.6657],[80.0912,6.6641],[80.0916,6.6627],[80.091,6.6621],[80.0913,6.6611],[80.093,6.6597],[80.094,6.6581],[80.0949,6.6531],[80.0946,6.6518],[80.0926,6.6491],[80.0903,6.6485],[80.0879,6.647],[80.0823,6.6409],[80.0815,6.6394],[80.0818,6.6362],[80.0808,6.6326],[80.0797,6.6296],[80.0777,6.6263],[80.0706,6.6231],[80.0619,6.6164],[80.0546,6.5937],[80.0534,6.5913],[80.0512,6.5886],[80.0496,6.5878],[80.0473,6.5883],[80.0449,6.5918],[80.0428,6.5897],[80.0421,6.5898],[80.0357,6.5972],[80.035,6.5974],[80.0333,6.5966],[80.0323,6.5971],[80.0279,6.6027],[80.0274,6.6137],[80.0261,6.6232],[80.0243,6.6255],[80.0228,6.6264],[80.0183,6.6261],[80.0132,6.63],[80.0112,6.6332],[80.0099,6.6342],[80.0092,6.6307],[80.0052,6.6281],[79.9999,6.6275],[79.9929,6.6277],[79.9903,6.6265],[79.9903,6.6239],[79.9898,6.6218],[79.989,6.6206],[79.9872,6.6202],[79.9866,6.621],[79.9856,6.621],[79.9843,6.6208],[79.983,6.62],[79.9806,6.6135],[79.978,6.6112],[79.9765,6.606],[79.9756,6.6045],[79.9731,6.6023],[79.9707,6.5977],[79.9701,6.5975],[79.9678,6.5948],[79.9657,6.5915],[79.963,6.59],[79.9606,6.5875],[79.9584,6.5876],[79.9578,6.5882],[79.957,6.5875],[79.9556,6.588]],[[79.9578,6.5884],[79.958,6.5882],[79.9598,6.5891],[79.9607,6.5907],[79.959,6.5902],[79.9578,6.5884]]]]}},{"type":"Feature","properties":{"osm_id":"492479911","code":8201,"fclass":"reservoir","name":null},"geometry":{"type":"MultiPolygon","coordinates":[[[[80.1159,6.7678],[80.1168,6.7693],[80.1167,6.7672],[80.1164,6.767],[80.1159,6.7678]]]]}},{"type":"Feature","properties":{"osm_id":"494139070","code":8200,"fclass":"water","name":"Small water body"},"geometry":{"type":"MultiPolygon","coordinates":[[[[80.1151,7.1711],[80.1154,7.1711],[80.1151,7.1711]]]]}},{"type":"Feature","properties":{"osm_id":"504650405","code":8200,"fclass":"water","name":null},"geometry":{"type":"MultiPolygon","coordinates":[[[[80.0145,6.9347],[80.015,6.9352],[80.0159,6.934],[80.0152,6.9337],[80.0145,6.9347]]]]}},{"type":"Feature","properties":{"osm_id":"504650406","code":8200,"fclass":"water","name":null},"geometry":{"type":"MultiPolygon","coordinates":[[[[80.014,6.9361],[80.0145,6.9364],[80.0148,6.9359],[80.0143,6.9356],[80.014,6.9361]]]]}},{"type":"Feature","properties":{"osm_id":"506168515","code":8200,"fclass":"water","name":null},"geometry":{"type":"MultiPolygon","coordinates":[[[[80.0139,6.9496],[80.0143,6.95],[80.0141,6.9493],[80.0139,6.9496]]]]}},{"type":"Feature","properties":{"osm_id":"506168516","code":8221,"fclass":"wetland","name":null},"geometry":{"type":"MultiPolygon","coordinates":[[[[79.9983,6.9454],[79.9997,6.9461],[79.9999,6.9466],[79.9994,6.9474],[80.0004,6.9484],[79.9998,6.9491],[80.0006,6.9496],[80.0005,6.9501],[80.001,6.9501],[80.0015,6.9487],[80.0021,6.9485],[80.0026,6.9487],[80.0027,6.9501],[80.0031,6.9502],[80.0035,6.9475],[80.0049,6.9467],[80.0058,6.947],[80.0062,6.9502],[80.0073,6.9473],[80.0055,6.9466],[80.0047,6.9453],[80.0024,6.9443],[80.0,6.9449],[79.9987,6.9448],[79.9983,6.9454]]]]}},{"type":"Feature","properties":{"osm_id":"509550010","code":8200,"fclass":"water","name":null},"geometry":{"type":"MultiPolygon","coordinates":[[[[79.955,6.9656],[79.956,6.966],[79.956,6.9653],[79.955,6.9656]]]]}},{"type":"Feature","properties":{"osm_id":"509740738","code":8200,"fclass":"water","name":null},"geometry":{"type":"MultiPolygon","coordinates":[[[[79.9848,6.8593],[79.9852,6.8595],[79.9855,6.8586],[79.9865,6.8583],[79.9866,6.8576],[79.9853,6.8579],[79.9848,6.8593]]]]}},{"type":"Feature","properties":{"osm_id":"511633212","code":8200,"fclass":"water","name":null},"geometry":{"type":"MultiPolygon","coordinates":[[[[80.0573,6.8111],[80.0576,6.8113],[80.0573,6.8111]]]]}},{"type":"Feature","properties":{"osm_id":"512014636","code":8200,"fclass":"water","name":null},"geometry":{"type":"MultiPolygon","coordinates":[[[[79.9153,6.9425],[79.9173,6.9431],[79.9153,6.9425]]]]}},{"type":"Feature","properties":{"osm_id":"514706213","code":8200,"fclass":"water","name":null},"geometry":{"type":"MultiPolygon","coordinates":[[[[79.8812,6.9043],[79.8817,6.905],[79.882,6.9043],[79.8812,6.9043]]]]}},{"type":"Feature","properties":{"osm_id":"514706214","code":8200,"fclass":"water","name":null},"geometry":{"type":"MultiPolygon","coordinates":[[[[79.8813,6.9059],[79.8816,6.9062],[79.8813,6.9059]]]]}},{"type":"Feature","properties":{"osm_id":"514706215","code":8200,"fclass":"water","name":null},"geometry":{"type":"MultiPolygon","coordinates":[[[[79.8812,6.9057],[79.8812,6.9057]]]]}},{"type":"Feature","properties":{"osm_id":"514706216","code":8200,"fclass":"water","name":null},"geometry":{"type":"MultiPolygon","coordinates":[[[[79.8811,6.9056],[79.8811,6.9056]]]]}},{"type":"Feature","properties":{"osm_id":"514706217","code":8200,"fclass":"water","name":null},"geometry":{"type":"MultiPolygon","coordinates":[[[[79.8807,6.9052],[79.8811,6.9056],[79.8807,6.9052]]]]}},{"type":"Feature","properties":{"osm_id":"514706218","code":8200,"fclass":"water","name":null},"geometry":{"type":"MultiPolygon","coordinates":[[[[79.881,6.9052],[79.8817,6.906],[79.8815,6.905],[79.881,6.9052]]]]}},{"type":"Feature","properties":{"osm_id":"515056572","code":8202,"fclass":"riverbank","name":null},"geometry":{"type":"MultiPolygon","coordinates":[[[[80.2053,6.7305],[80.1992,6.7313],[80.1987,6.7304],[80.1995,6.7265],[80.1985,6.7252],[80.1919,6.7257],[80.1857,6.7244],[80.1811,6.7229],[80.1785,6.7247],[80.1718,6.723],[80.1639,6.7225],[80.1596,6.7233],[80.1541,6.7231],[80.1514,6.7239],[80.1455,6.7236],[80.1452,6.723],[80.146,6.7221],[80.146,6.7211],[80.1444,6.7207],[80.1438,6.7195],[80.1434,6.7195],[80.144,6.7214],[80.1455,6.7217],[80.1444,6.7235],[80.1452,6.7243],[80.1515,6.7243],[80.1538,6.7238],[80.159,6.7239],[80.1637,6.7231],[80.1722,6.7237],[80.1783,6.7252],[80.1815,6.7235],[80.1868,6.7253],[80.1929,6.7263],[80.1983,6.7255],[80.199,6.7271],[80.1986,6.7302],[80.1991,6.7314],[80.201,6.7315],[80.2053,6.7305]]]]}},{"type":"Feature","properties":{"osm_id":"515820574","code":8200,"fclass":"water","name":null},"geometry":{"type":"MultiPolygon","coordinates":[[[[79.9746,6.9119],[79.975,6.9125],[79.9753,6.9117],[79.9746,6.9119]]]]}},{"type":"Feature","properties":{"osm_id":"517495742","code":8200,"fclass":"water","name":null},"geometry":{"type":"MultiPolygon","coordinates":[[[[79.8815,6.9079],[79.8817,6.9074],[79.8815,6.9079]]]]}},{"type":"Feature","properties":{"osm_id":"519949317","code":8221,"fclass":"wetland","name":null},"geometry":{"type":"MultiPolygon","coordinates":[[[[79.9124,6.9124],[79.9136,6.9137],[79.9142,6.914],[79.9147,6.9136],[79.914,6.9133],[79.9139,6.9127],[79.9135,6.913],[79.9137,6.9126],[79.9131,6.9118],[79.9124,6.9124]]]]}},{"type":"Feature","properties":{"osm_id":"519949322","code":8221,"fclass":"wetland","name":null},"geometry":{"type":"MultiPolygon","coordinates":[[[[79.9146,6.914],[79.9164,6.9151],[79.9164,6.9145],[79.9149,6.9137],[79.9146,6.914]]]]}},{"type":"Feature","properties":{"osm_id":"519950403","code":8221,"fclass":"wetland","name":null},"geometry":{"type":"MultiPolygon","coordinates":[[[[79.9184,6.8993],[79.9184,6.9003],[79.9195,6.9001],[79.9197,6.9006],[79.9201,6.8999],[79.9196,6.8991],[79.9184,6.8993]]]]}},{"type":"Feature","properties":{"osm_id":"519950406","code":8221,"fclass":"wetland","name":null},"geometry":{"type":"MultiPolygon","coordinates":[[[[79.9239,6.8975],[79.9248,6.8998],[79.9266,6.9011],[79.9244,6.8982],[79.9249,6.8966],[79.9242,6.8969],[79.9239,6.8975]]]]}},{"type":"Feature","properties":{"osm_id":"519951474","code":8221,"fclass":"wetland","name":null},"geometry":{"type":"MultiPolygon","coordinates":[[[[79.9196,6.8812],[79.9197,6.8816],[79.9211,6.8824],[79.921,6.8836],[79.9224,6.8833],[79.9202,6.884],[79.9201,6.8847],[79.9222,6.8841],[79.9237,6.8832],[79.9236,6.8825],[79.9241,6.8825],[79.9242,6.882],[79.9258,6.8806],[79.925,6.8807],[79.9248,6.8802],[79.9266,6.8772],[79.9259,6.8776],[79.9243,6.8801],[79.9232,6.8787],[79.922,6.879],[79.9222,6.8801],[79.9217,6.8805],[79.9199,6.8807],[79.9196,6.8812]]]]}},{"type":"Feature","properties":{"osm_id":"519957163","code":8221,"fclass":"wetland","name":null},"geometry":{"type":"MultiPolygon","coordinates":[[[[79.9156,6.8818],[79.917,6.8835],[79.9185,6.8838],[79.9158,6.8816],[79.9156,6.8818]]]]}},{"type":"Feature","properties":{"osm_id":"523790694","code":8221,"fclass":"wetland","name":null},"geometry":{"type":"MultiPolygon","coordinates":[[[[79.9235,6.9546],[79.9238,6.9551],[79.9251,6.9549],[79.9254,6.9556],[79.9267,6.9552],[79.927,6.9566],[79.9282,6.955],[79.9259,6.9542],[79.9235,6.9546]]]]}},{"type":"Feature","properties":{"osm_id":"527797153","code":8200,"fclass":"water","name":null},"geometry":{"type":"MultiPolygon","coordinates":[[[[79.8985,6.929],[79.8987,6.9293],[79.8991,6.9287],[79.9004,6.9282],[79.9022,6.929],[79.9027,6.9311],[79.9023,6.9289],[79.8998,6.928],[79.8985,6.929]]]]}},{"type":"Feature","properties":{"osm_id":"7640266","code":8200,"fclass":"water","name":null},"geometry":{"type":"MultiPolygon","coordinates":[[[[79.9172,6.9275],[79.9177,6.9284],[79.9183,6.9281],[79.9196,6.9283],[79.9206,6.9272],[79.9234,6.9258],[79.9243,6.9238],[79.9227,6.924],[79.9218,6.9234],[79.9222,6.9251],[79.9212,6.9266],[79.9185,6.9274],[79.9181,6.9267],[79.9172,6.9275]],[[79.9191,6.9278],[79.9194,6.9277],[79.9191,6.9278]],[[79.9222,6.9259],[79.9222,6.9259]],[[79.9223,6.9245],[79.9227,6.9244],[79.9223,6.9245]],[[79.9231,6.9251],[79.9231,6.9251]],[[79.9237,6.9241],[79.924,6.924],[79.9237,6.9241]]]]}},{"type":"Feature","properties":{"osm_id":"531476499","code":8200,"fclass":"water","name":null},"geometry":{"type":"MultiPolygon","coordinates":[[[[79.9602,7.0],[79.9605,7.0023],[79.9616,7.0026],[79.9607,7.002],[79.9607,7.0005],[79.9602,7.0]]]]}},{"type":"Feature","properties":{"osm_id":"531626177","code":8221,"fclass":"wetland","name":null},"geometry":{"type":"MultiPolygon","coordinates":[[[[79.9718,7.2865],[79.9725,7.2877],[79.9739,7.2868],[79.9743,7.286],[79.9751,7.2856],[79.975,7.2841],[79.9742,7.2838],[79.9737,7.2847],[79.9726,7.285],[79.9718,7.2865]]]]}},{"type":"Feature","properties":{"osm_id":"531626181","code":8221,"fclass":"wetland","name":null},"geometry":{"type":"MultiPolygon","coordinates":[[[[79.9668,7.2561],[79.9678,7.257],[79.9681,7.2562],[79.9673,7.2557],[79.9668,7.2561]]]]}},{"type":"Feature","properties":{"osm_id":"531626195","code":8221,"fclass":"wetland","name":null},"geometry":{"type":"MultiPolygon","coordinates":[[[[79.9777,7.2815],[79.9808,7.285],[79.9811,7.2837],[79.9802,7.2825],[79.982,7.2814],[79.9806,7.2799],[79.9804,7.2786],[79.9795,7.2788],[79.98,7.2809],[79.9777,7.2815]]]]}},{"type":"Feature","properties":{"osm_id":"532029149","code":8200,"fclass":"water","name":null},"geometry":{"type":"MultiPolygon","coordinates":[[[[79.8861,6.9044],[79.8861,6.9044]]]]}},{"type":"Feature","properties":{"osm_id":"7657043","code":8200,"fclass":"water","name":null},"geometry":{"type":"MultiPolygon","coordinates":[[[[79.837,7.2079],[79.848,7.2334],[79.847,7.2387],[79.8451,7.2422],[79.8451,7.2457],[79.8447,7.2466],[79.8451,7.2551],[79.8447,7.2576],[79.8438,7.2588],[79.8445,7.2616],[79.8442,7.2675],[79.8481,7.2694],[79.8489,7.2711],[79.8486,7.2717],[79.849,7.271],[79.8482,7.2694],[79.8442,7.2672],[79.8446,7.2615],[79.8439,7.2587],[79.8448,7.2576],[79.8452,7.2554],[79.8448,7.2465],[79.8452,7.2457],[79.8452,7.2422],[79.847,7.239],[79.8481,7.2333],[79.837,7.2079]]],[[[79.8478,7.0941],[79.8487,7.1084],[79.8491,7.1096],[79.8495,7.1093],[79.8489,7.1083],[79.848,7.0937],[79.8561,7.0692],[79.8635,7.0412],[79.8688,7.0054],[79.8743,6.9936],[79.8746,6.982],[79.8741,6.9938],[79.8689,7.0046],[79.8685,7.0065],[79.8675,7.0063],[79.8685,7.0067],[79.8634,7.0411],[79.8555,7.0707],[79.8478,7.0941]]]]}},{"type":"Feature","properties":{"osm_id":"533132425","code":8221,"fclass":"wetland","name":null},"geometry":{"type":"MultiPolygon","coordinates":[[[[79.9436,6.8484],[79.9477,6.8494],[79.9472,6.8488],[79.9436,6.8484]]]]}},{"type":"Feature","properties":{"osm_id":"534103359","code":8221,"fclass":"wetland","name":null},"geometry":{"type":"MultiPolygon","coordinates":[[[[79.9258,6.97],[79.927,6.9706],[79.9272,6.9719],[79.9293,6.9723],[79.9284,6.9745],[79.9271,6.9749],[79.9287,6.9756],[79.9288,6.9766],[79.9294,6.9765],[79.9291,6.974],[79.9298,6.9727],[79.9309,6.9729],[79.9315,6.9717],[79.9311,6.9711],[79.9318,6.971],[79.932,6.9704],[79.93,6.9705],[79.9301,6.9711],[79.9296,6.9713],[79.9261,6.9695],[79.9258,6.97]]]]}},{"type":"Feature","properties":{"osm_id":"534175748","code":8221,"fclass":"wetland","name":null},"geometry":{"type":"MultiPolygon","coordinates":[[[[79.9303,6.9804],[79.9305,6.9811],[79.9315,6.9815],[79.9319,6.9809],[79.9327,6.9809],[79.9326,6.9803],[79.9303,6.9804]]]]}},{"type":"Feature","properties":{"osm_id":"535074172","code":8221,"fclass":"wetland","name":null},"geometry":{"type":"MultiPolygon","coordinates":[[[[80.0028,6.6995],[80.0039,6.6987],[80.0049,6.6988],[80.0073,6.7021],[80.007,6.7032],[80.0053,6.7056],[80.0047,6.7059],[80.0053,6.7061],[80.0048,6.7074],[80.0056,6.7077],[80.005,6.7092],[80.0054,6.7099],[80.006,6.7099],[80.0065,6.7079],[80.0082,6.7057],[80.0089,6.7063],[80.0089,6.708],[80.0104,6.7078],[80.0102,6.7082],[80.0115,6.7092],[80.0119,6.7088],[80.0111,6.7077],[80.011,6.7064],[80.0123,6.7065],[80.0124,6.7058],[80.0116,6.705],[80.0116,6.7035],[80.0105,6.7018],[80.0131,6.7],[80.0134,6.6992],[80.0148,6.6988],[80.0128,6.6977],[80.0129,6.6962],[80.0123,6.6959],[80.0118,6.6964],[80.0105,6.6958],[80.0094,6.6977],[80.0086,6.6971],[80.0073,6.6978],[80.0096,6.6993],[80.0092,6.7004],[80.0077,6.7002],[80.007,6.6968],[80.0059,6.6962],[80.0044,6.6961],[80.0035,6.6966],[80.0028,6.6995]]]]}},{"type":"Feature","properties":{"osm_id":"536167084","code":8200,"fclass":"water","name":null},"geometry":{"type":"MultiPolygon","coordinates":[[[[79.9749,6.8505],[79.9768,6.8501],[79.9749,6.8505]]]]}},{"type":"Feature","properties":{"osm_id":"536883937","code":8201,"fclass":"reservoir","name":null},"geometry":{"type":"MultiPolygon","coordinates":[[[[79.9063,7.0209],[79.907,7.0206],[79.907,7.0214],[79.9076,7.0215],[79.9071,7.0217],[79.9078,7.0223],[79.9093,7.0208],[79.9095,7.0199],[79.9071,7.02],[79.9063,7.0209]]]]}},{"type":"Feature","properties":{"osm_id":"537679828","code":8201,"fclass":"reservoir","name":null},"geometry":{"type":"MultiPolygon","coordinates":[[[[80.0811,7.2288],[80.0822,7.2287],[80.0823,7.2274],[80.0814,7.2273],[80.0811,7.2288]]]]}},{"type":"Feature","properties":{"osm_id":"537689716","code":8221,"fclass":"wetland","name":null},"geometry":{"type":"MultiPolygon","coordinates":[[[[79.8906,6.8254],[79.8923,6.827],[79.8929,6.8263],[79.8906,6.8254]]]]}},{"type":"Feature","properties":{"osm_id":"539095550","code":8200,"fclass":"water","name":null},"geometry":{"type":"MultiPolygon","coordinates":[[[[79.8861,6.8803],[79.8861,6.8803]]]]}},{"type":"Feature","properties":{"osm_id":"539468762","code":8200,"fclass":"water","name":null},"geometry":{"type":"MultiPolygon","coordinates":[[[[79.8918,6.8666],[79.8918,6.8666]]]]}},{"type":"Feature","properties":{"osm_id":"540781618","code":8221,"fclass":"wetland","name":null},"geometry":{"type":"MultiPolygon","coordinates":[[[[79.9708,6.8489],[79.9716,6.8507],[79.9722,6.8504],[79.9748,6.8509],[79.975,6.85],[79.9727,6.8494],[79.9723,6.8497],[79.972,6.8484],[79.9716,6.849],[79.9708,6.8489]]]]}},{"type":"Feature","properties":{"osm_id":"540784919","code":8221,"fclass":"wetland","name":null},"geometry":{"type":"MultiPolygon","coordinates":[[[[79.9723,6.8488],[79.9723,6.8496],[79.9727,6.8492],[79.9723,6.8488]]]]}},{"type":"Feature","properties":{"osm_id":"544174769","code":8200,"fclass":"water","name":null},"geometry":{"type":"MultiPolygon","coordinates":[[[[79.8611,6.9137],[79.8614,6.9144],[79.8615,6.9139],[79.8611,6.9137]]]]}},{"type":"Feature","properties":{"osm_id":"544174770","code":8200,"fclass":"water","name":null},"geometry":{"type":"MultiPolygon","coordinates":[[[[79.8648,6.9057],[79.8651,6.9061],[79.8652,6.9057],[79.8648,6.9057]]]]}},{"type":"Feature","properties":{"osm_id":"544174771","code":8200,"fclass":"water","name":null},"geometry":{"type":"MultiPolygon","coordinates":[[[[79.8666,6.9035],[79.8666,6.9035]]]]}},{"type":"Feature","properties":{"osm_id":"544174772","code":8200,"fclass":"water","name":null},"geometry":{"type":"MultiPolygon","coordinates":[[[[79.8667,6.9034],[79.8667,6.9034]]]]}},{"type":"Feature","properties":{"osm_id":"544174773","code":8200,"fclass":"water","name":null},"geometry":{"type":"MultiPolygon","coordinates":[[[[79.8669,6.9037],[79.8669,6.9037]]]]}},{"type":"Feature","properties":{"osm_id":"544174774","code":8200,"fclass":"water","name":null},"geometry":{"type":"MultiPolygon","coordinates":[[[[79.867,6.9037],[79.867,6.9037]]]]}},{"type":"Feature","properties":{"osm_id":"544201033","code":8200,"fclass":"water","name":null},"geometry":{"type":"MultiPolygon","coordinates":[[[[79.8672,6.9045],[79.8672,6.9045]]]]}},{"type":"Feature","properties":{"osm_id":"544201625","code":8200,"fclass":"water","name":null},"geometry":{"type":"MultiPolygon","coordinates":[[[[79.8721,6.9027],[79.8721,6.9027]]]]}},{"type":"Feature","properties":{"osm_id":"544326147","code":8221,"fclass":"wetland","name":null},"geometry":{"type":"MultiPolygon","coordinates":[[[[79.8639,7.0183],[79.8653,7.0186],[79.8653,7.0196],[79.8665,7.02],[79.8667,7.0177],[79.8653,7.0174],[79.8646,7.018],[79.8642,7.0174],[79.8639,7.0183]]]]}},{"type":"Feature","properties":{"osm_id":"545257269","code":8221,"fclass":"wetland","name":null},"geometry":{"type":"MultiPolygon","coordinates":[[[[79.8614,7.2627],[79.8633,7.2632],[79.8634,7.2626],[79.8655,7.2623],[79.8666,7.2641],[79.8669,7.2653],[79.8681,7.2646],[79.8665,7.263],[79.8664,7.2605],[79.8692,7.2595],[79.8708,7.2596],[79.8719,7.26],[79.8727,7.2612],[79.8725,7.2602],[79.8719,7.2596],[79.872,7.2588],[79.8732,7.2583],[79.875,7.2587],[79.8751,7.2582],[79.8724,7.2579],[79.8712,7.2589],[79.8696,7.2591],[79.8686,7.2583],[79.8667,7.2596],[79.866,7.2593],[79.8653,7.2569],[79.8655,7.2552],[79.8667,7.2532],[79.8678,7.2535],[79.8681,7.2519],[79.8675,7.2518],[79.8667,7.253],[79.8648,7.2532],[79.8642,7.2544],[79.8625,7.2545],[79.8637,7.2552],[79.8635,7.2567],[79.8643,7.2583],[79.8638,7.2583],[79.8638,7.259],[79.8642,7.2591],[79.8643,7.2599],[79.8631,7.2626],[79.8617,7.2623],[79.8614,7.2627]]]]}},{"type":"Feature","properties":{"osm_id":"547012123","code":8221,"fclass":"wetland","name":null},"geometry":{"type":"MultiPolygon","coordinates":[[[[79.9,6.8453],[79.9008,6.8458],[79.9011,6.8452],[79.9001,6.8448],[79.9,6.8453]]]]}},{"type":"Feature","properties":{"osm_id":"549098256","code":8200,"fclass":"water","name":null},"geometry":{"type":"MultiPolygon","coordinates":[[[[80.0847,7.1985],[80.0851,7.1988],[80.0847,7.1985]]]]}},{"type":"Feature","properties":{"osm_id":"549098259","code":8200,"fclass":"water","name":null},"geometry":{"type":"MultiPolygon","coordinates":[[[[80.0845,7.1982],[80.0848,7.1984],[80.085,7.1977],[80.0845,7.1982]]]]}},{"type":"Feature","properties":{"osm_id":"554057732","code":8200,"fclass":"water","name":null},"geometry":{"type":"MultiPolygon","coordinates":[[[[80.0472,6.9681],[80.0479,6.9684],[80.0472,6.9681]]]]}},{"type":"Feature","properties":{"osm_id":"554256270","code":8200,"fclass":"water","name":null},"geometry":{"type":"MultiPolygon","coordinates":[[[[80.0602,7.0803],[80.0606,7.0804],[80.0608,7.08],[80.0602,7.0803]]]]}},{"type":"Feature","properties":{"osm_id":"554297693","code":8202,"fclass":"riverbank","name":null},"geometry":{"type":"MultiPolygon","coordinates":[[[[80.0663,7.1112],[80.0688,7.11],[80.0692,7.1081],[80.0718,7.1097],[80.0732,7.1114],[80.0754,7.1118],[80.0744,7.1126],[80.0755,7.1121],[80.0763,7.1127],[80.0755,7.1117],[80.0732,7.1113],[80.0717,7.1094],[80.0691,7.108],[80.0687,7.1086],[80.0687,7.1099],[80.0663,7.1112]]]]}},{"type":"Feature","properties":{"osm_id":"556028859","code":8202,"fclass":"riverbank","name":null},"geometry":{"type":"MultiPolygon","coordinates":[[[[80.0573,7.1476],[80.058,7.1491],[80.058,7.1504],[80.0591,7.1511],[80.0589,7.1522],[80.0601,7.1547],[80.0606,7.1542],[80.0591,7.1522],[80.0592,7.151],[80.0581,7.1502],[80.058,7.1488],[80.0573,7.1476]]]]}},{"type":"Feature","properties":{"osm_id":"557139506","code":8200,"fclass":"water","name":null},"geometry":{"type":"MultiPolygon","coordinates":[[[[79.8948,6.8577],[79.8954,6.859],[79.8967,6.8584],[79.8967,6.8578],[79.898,6.8581],[79.8975,6.8569],[79.8964,6.8566],[79.8948,6.8577]]]]}},{"type":"Feature","properties":{"osm_id":"557139508","code":8200,"fclass":"water","name":null},"geometry":{"type":"MultiPolygon","coordinates":[[[[79.898,6.8567],[79.8984,6.858],[79.8988,6.858],[79.8988,6.8561],[79.8988,6.8565],[79.898,6.8567]]]]}},{"type":"Feature","properties":{"osm_id":"557341050","code":8200,"fclass":"water","name":null},"geometry":{"type":"MultiPolygon","coordinates":[[[[79.9197,6.8556],[79.9197,6.8556]]]]}},{"type":"Feature","properties":{"osm_id":"559866538","code":8200,"fclass":"water","name":null},"geometry":{"type":"MultiPolygon","coordinates":[[[[79.8783,6.9271],[79.8783,6.9271]]]]}},{"type":"Feature","properties":{"osm_id":"571198741","code":8221,"fclass":"wetland","name":null},"geometry":{"type":"MultiPolygon","coordinates":[[[[79.8839,6.8888],[79.8841,6.8898],[79.8851,6.889],[79.8847,6.8885],[79.8839,6.8888]]]]}},{"type":"Feature","properties":{"osm_id":"573227882","code":8200,"fclass":"water","name":null},"geometry":{"type":"MultiPolygon","coordinates":[[[[80.1083,7.1607],[80.1083,7.1607]]]]}},{"type":"Feature","properties":{"osm_id":"577097810","code":8200,"fclass":"water","name":null},"geometry":{"type":"MultiPolygon","coordinates":[[[[79.9175,6.8444],[79.9175,6.8444]]]]}},{"type":"Feature","properties":{"osm_id":"577291050","code":8221,"fclass":"wetland","name":null},"geometry":{"type":"MultiPolygon","coordinates":[[[[79.9068,6.8888],[79.9094,6.8898],[79.9088,6.8917],[79.9126,6.8932],[79.9124,6.8956],[79.9128,6.8932],[79.9105,6.8917],[79.9114,6.8909],[79.9143,6.8917],[79.9165,6.8903],[79.9168,6.8889],[79.9159,6.8866],[79.9164,6.8836],[79.9153,6.882],[79.9148,6.8836],[79.9137,6.8835],[79.9123,6.8844],[79.9094,6.8839],[79.9102,6.885],[79.9123,6.8857],[79.9141,6.8856],[79.9145,6.8861],[79.915,6.8859],[79.9153,6.8865],[79.9149,6.8882],[79.9156,6.8878],[79.9163,6.8883],[79.9166,6.889],[79.9162,6.8901],[79.9145,6.8895],[79.9135,6.8909],[79.9068,6.8888]]]]}},{"type":"Feature","properties":{"osm_id":"578212405","code":8221,"fclass":"wetland","name":null},"geometry":{"type":"MultiPolygon","coordinates":[[[[79.8986,6.8098],[79.9012,6.8099],[79.8993,6.8093],[79.8986,6.8098]]]]}},{"type":"Feature","properties":{"osm_id":"10239507","code":8200,"fclass":"water","name":"Diyawanna Lake"},"geometry":{"type":"MultiPolygon","coordinates":[[[[79.9087,6.9028],[79.9096,6.9031],[79.9106,6.9027],[79.9118,6.9007],[79.9112,6.8981],[79.9119,6.8973],[79.9129,6.8972],[79.9129,6.8988],[79.9159,6.8925],[79.9186,6.8921],[79.9186,6.8885],[79.9178,6.8881],[79.9178,6.8858],[79.9197,6.8857],[79.92,6.8867],[79.9199,6.8881],[79.9189,6.8885],[79.9189,6.892],[79.9217,6.8924],[79.9219,6.8921],[79.9207,6.8916],[79.9207,6.8894],[79.9276,6.8816],[79.9282,6.8797],[79.9279,6.8771],[79.9269,6.8771],[79.926,6.8803],[79.9242,6.882],[79.9241,6.8825],[79.9236,6.8825],[79.9237,6.8832],[79.9208,6.8848],[79.9201,6.8847],[79.9198,6.884],[79.917,6.8837],[79.9153,6.8818],[79.9165,6.8839],[79.9159,6.8866],[79.9168,6.8895],[79.9161,6.8906],[79.9143,6.8917],[79.911,6.8909],[79.9106,6.892],[79.9126,6.893],[79.9129,6.894],[79.9122,6.8962],[79.9104,6.8973],[79.9087,6.9028]],[[79.925,6.8831],[79.9259,6.8822],[79.9255,6.8833],[79.925,6.8831]]]]}},{"type":"Feature","properties":{"osm_id":"579861804","code":8200,"fclass":"water","name":null},"geometry":{"type":"MultiPolygon","coordinates":[[[[79.8912,6.859],[79.8918,6.8591],[79.8912,6.859]]]]}},{"type":"Feature","properties":{"osm_id":"580058035","code":8200,"fclass":"water","name":null},"geometry":{"type":"MultiPolygon","coordinates":[[[[79.9019,6.8316],[79.9021,6.8322],[79.9027,6.8319],[79.9025,6.8314],[79.9019,6.8316]]]]}},{"type":"Feature","properties":{"osm_id":"580281325","code":8200,"fclass":"water","name":null},"geometry":{"type":"MultiPolygon","coordinates":[[[[79.881,6.8441],[79.881,6.8441]]]]}},{"type":"Feature","properties":{"osm_id":"580282161","code":8221,"fclass":"wetland","name":null},"geometry":{"type":"MultiPolygon","coordinates":[[[[79.9081,6.8769],[79.91,6.8771],[79.9117,6.8787],[79.9124,6.8776],[79.9119,6.8759],[79.9105,6.876],[79.9093,6.8754],[79.9093,6.8731],[79.9088,6.8727],[79.9081,6.8769]]]]}},{"type":"Feature","properties":{"osm_id":"582419392","code":8200,"fclass":"water","name":null},"geometry":{"type":"MultiPolygon","coordinates":[[[[79.9207,6.8965],[79.9208,6.897],[79.9223,6.8973],[79.9216,6.8965],[79.9207,6.8965]]]]}},{"type":"Feature","properties":{"osm_id":"583043814","code":8200,"fclass":"water","name":null},"geometry":{"type":"MultiPolygon","coordinates":[[[[79.9291,6.8661],[79.9302,6.8663],[79.9294,6.8658],[79.9291,6.8661]]]]}},{"type":"Feature","properties":{"osm_id":"583437837","code":8221,"fclass":"wetland","name":null},"geometry":{"type":"MultiPolygon","coordinates":[[[[79.9315,6.8626],[79.9318,6.8639],[79.9324,6.8638],[79.9325,6.8643],[79.9343,6.8659],[79.9354,6.8658],[79.9353,6.8643],[79.9365,6.864],[79.9365,6.8628],[79.9352,6.8632],[79.9341,6.8611],[79.9328,6.861],[79.9323,6.8627],[79.9315,6.8626]]]]}},{"type":"Feature","properties":{"osm_id":"8246009","code":8221,"fclass":"wetland","name":null},"geometry":{"type":"MultiPolygon","coordinates":[[[[79.9365,6.997],[79.9368,6.9973],[79.9377,6.9966],[79.9374,6.9956],[79.9365,6.997]]]]}},{"type":"Feature","properties":{"osm_id":"8246010","code":8221,"fclass":"wetland","name":null},"geometry":{"type":"MultiPolygon","coordinates":[[[[79.929,6.9992],[79.9296,7.0009],[79.9311,7.0009],[79.9307,7.0001],[79.9309,6.9989],[79.9322,6.9982],[79.9338,6.9988],[79.9338,6.9981],[79.9309,6.9974],[79.929,6.9992]]]]}},{"type":"Feature","properties":{"osm_id":"583765238","code":8200,"fclass":"water","name":null},"geometry":{"type":"MultiPolygon","coordinates":[[[[80.0153,6.6407],[80.0156,6.6415],[80.0159,6.6408],[80.0153,6.6407]]]]}},{"type":"Feature","properties":{"osm_id":"583765571","code":8200,"fclass":"water","name":null},"geometry":{"type":"MultiPolygon","coordinates":[[[[80.0145,6.6415],[80.0153,6.6422],[80.0155,6.6415],[80.0145,6.6415]]]]}},{"type":"Feature","properties":{"osm_id":"583765713","code":8200,"fclass":"water","name":null},"geometry":{"type":"MultiPolygon","coordinates":[[[[80.0158,6.6422],[80.0162,6.6422],[80.0158,6.6422]]]]}},{"type":"Feature","properties":{"osm_id":"583766111","code":8200,"fclass":"water","name":null},"geometry":{"type":"MultiPolygon","coordinates":[[[[80.0135,6.6424],[80.014,6.6427],[80.0144,6.6421],[80.014,6.6418],[80.0135,6.6424]]]]}},{"type":"Feature","properties":{"osm_id":"583766255","code":8200,"fclass":"water","name":null},"geometry":{"type":"MultiPolygon","coordinates":[[[[80.0128,6.6423],[80.0136,6.642],[80.0128,6.6423]]]]}},{"type":"Feature","properties":{"osm_id":"587059405","code":8200,"fclass":"water","name":null},"geometry":{"type":"MultiPolygon","coordinates":[[[[79.9024,6.8358],[79.903,6.8359],[79.9037,6.8353],[79.9041,6.8342],[79.9028,6.8342],[79.9025,6.8346],[79.9031,6.8351],[79.9024,6.8358]]]]}},{"type":"Feature","properties":{"osm_id":"587061048","code":8200,"fclass":"water","name":null},"geometry":{"type":"MultiPolygon","coordinates":[[[[79.9131,6.8215],[79.9131,6.8215]]]]}},{"type":"Feature","properties":{"osm_id":"587517489","code":8221,"fclass":"wetland","name":null},"geometry":{"type":"MultiPolygon","coordinates":[[[[79.9117,6.879],[79.913,6.8799],[79.9141,6.8797],[79.9144,6.8817],[79.915,6.882],[79.9156,6.8815],[79.9144,6.8788],[79.9124,6.8781],[79.9117,6.879]]]]}},{"type":"Feature","properties":{"osm_id":"590237878","code":8221,"fclass":"wetland","name":null},"geometry":{"type":"MultiPolygon","coordinates":[[[[79.9163,6.9663],[79.9166,6.9669],[79.9186,6.9664],[79.9205,6.967],[79.9214,6.9661],[79.9197,6.9662],[79.9194,6.9654],[79.9187,6.9653],[79.9173,6.9655],[79.9163,6.9663]]]]}},{"type":"Feature","properties":{"osm_id":"590237879","code":8221,"fclass":"wetland","name":null},"geometry":{"type":"MultiPolygon","coordinates":[[[[79.9139,6.969],[79.915,6.9698],[79.9168,6.9686],[79.917,6.968],[79.9157,6.9669],[79.9155,6.9683],[79.9142,6.9682],[79.9139,6.969]]]]}},{"type":"Feature","properties":{"osm_id":"590237880","code":8221,"fclass":"wetland","name":null},"geometry":{"type":"MultiPolygon","coordinates":[[[[79.9085,6.9665],[79.9111,6.9671],[79.9117,6.9681],[79.9115,6.9685],[79.9131,6.9691],[79.9134,6.9683],[79.9129,6.9676],[79.9133,6.9663],[79.9103,6.9668],[79.9085,6.9665]]]]}},{"type":"Feature","properties":{"osm_id":"593773382","code":8221,"fclass":"wetland","name":null},"geometry":{"type":"MultiPolygon","coordinates":[[[[80.0307,6.9187],[80.0314,6.9203],[80.0322,6.9204],[80.0313,6.9182],[80.0307,6.9187]]]]}},{"type":"Feature","properties":{"osm_id":"594523584","code":8201,"fclass":"reservoir","name":"Weras Lake"},"geometry":{"type":"MultiPolygon","coordinates":[[[[79.8911,6.8453],[79.8929,6.8464],[79.8952,6.846],[79.8958,6.8455],[79.8952,6.8436],[79.8959,6.8422],[79.8934,6.8414],[79.8911,6.8453]]]]}},{"type":"Feature","properties":{"osm_id":"594856538","code":8221,"fclass":"wetland","name":null},"geometry":{"type":"MultiPolygon","coordinates":[[[[79.8945,6.8416],[79.8952,6.8416],[79.8945,6.8416]]]]}},{"type":"Feature","properties":{"osm_id":"594889857","code":8200,"fclass":"water","name":null},"geometry":{"type":"MultiPolygon","coordinates":[[[[79.8973,6.8411],[79.8983,6.8414],[79.8973,6.8411]]]]}},{"type":"Feature","properties":{"osm_id":"595286374","code":8200,"fclass":"water","name":null},"geometry":{"type":"MultiPolygon","coordinates":[[[[79.8915,6.8459],[79.8915,6.8459]]]]}},{"type":"Feature","properties":{"osm_id":"597452568","code":8200,"fclass":"water","name":null},"geometry":{"type":"MultiPolygon","coordinates":[[[[79.9003,6.872],[79.9003,6.872]]]]}},{"type":"Feature","properties":{"osm_id":"597882525","code":8200,"fclass":"water","name":null},"geometry":{"type":"MultiPolygon","coordinates":[[[[79.8711,7.279],[79.8715,7.28],[79.8719,7.2788],[79.8711,7.279]]]]}},{"type":"Feature","properties":{"osm_id":"597882535","code":8200,"fclass":"water","name":null},"geometry":{"type":"MultiPolygon","coordinates":[[[[79.8719,7.279],[79.8721,7.2793],[79.8723,7.2789],[79.8719,7.279]]]]}},{"type":"Feature","properties":{"osm_id":"597887181","code":8200,"fclass":"water","name":null},"geometry":{"type":"MultiPolygon","coordinates":[[[[79.8751,7.2794],[79.8751,7.2794]]]]}},{"type":"Feature","properties":{"osm_id":"597887182","code":8200,"fclass":"water","name":null},"geometry":{"type":"MultiPolygon","coordinates":[[[[79.8722,7.2784],[79.8731,7.278],[79.8725,7.2777],[79.8722,7.2784]]]]}},{"type":"Feature","properties":{"osm_id":"597887185","code":8201,"fclass":"reservoir","name":null},"geometry":{"type":"MultiPolygon","coordinates":[[[[79.8728,7.2775],[79.8733,7.278],[79.8734,7.2776],[79.8728,7.2775]]]]}},{"type":"Feature","properties":{"osm_id":"597887185","code":8200,"fclass":"water","name":null},"geometry":{"type":"MultiPolygon","coordinates":[[[[79.8728,7.2775],[79.8733,7.278],[79.8734,7.2776],[79.8728,7.2775]]]]}},{"type":"Feature","properties":{"osm_id":"597887187","code":8200,"fclass":"water","name":null},"geometry":{"type":"MultiPolygon","coordinates":[[[[79.8758,7.2792],[79.8759,7.2796],[79.8763,7.2792],[79.8758,7.2792]]]]}},{"type":"Feature","properties":{"osm_id":"597894034","code":8200,"fclass":"water","name":null},"geometry":{"type":"MultiPolygon","coordinates":[[[[79.8759,7.2766],[79.8759,7.2766]]]]}},{"type":"Feature","properties":{"osm_id":"597910015","code":8200,"fclass":"water","name":null},"geometry":{"type":"MultiPolygon","coordinates":[[[[80.0175,7.3114],[80.0182,7.3115],[80.0176,7.311],[80.0175,7.3114]]]]}},{"type":"Feature","properties":{"osm_id":"597910016","code":8200,"fclass":"water","name":null},"geometry":{"type":"MultiPolygon","coordinates":[[[[80.0185,7.312],[80.0185,7.312]]]]}},{"type":"Feature","properties":{"osm_id":"597910017","code":8200,"fclass":"water","name":null},"geometry":{"type":"MultiPolygon","coordinates":[[[[80.0184,7.3125],[80.0184,7.3125]]]]}},{"type":"Feature","properties":{"osm_id":"597910018","code":8200,"fclass":"water","name":null},"geometry":{"type":"MultiPolygon","coordinates":[[[[80.0181,7.3124],[80.0181,7.3124]]]]}},{"type":"Feature","properties":{"osm_id":"597910019","code":8200,"fclass":"water","name":null},"geometry":{"type":"MultiPolygon","coordinates":[[[[80.0176,7.3126],[80.0179,7.3125],[80.0176,7.3126]]]]}},{"type":"Feature","properties":{"osm_id":"597910020","code":8200,"fclass":"water","name":null},"geometry":{"type":"MultiPolygon","coordinates":[[[[80.0182,7.3126],[80.0182,7.3126]]]]}},{"type":"Feature","properties":{"osm_id":"597910023","code":8200,"fclass":"water","name":null},"geometry":{"type":"MultiPolygon","coordinates":[[[[80.0158,7.3131],[80.0163,7.313],[80.0158,7.3131]]]]}},{"type":"Feature","properties":{"osm_id":"598409140","code":8200,"fclass":"water","name":null},"geometry":{"type":"MultiPolygon","coordinates":[[[[80.018,7.3128],[80.018,7.3128]]]]}},{"type":"Feature","properties":{"osm_id":"598955324","code":8200,"fclass":"water","name":null},"geometry":{"type":"MultiPolygon","coordinates":[[[[79.9581,7.2918],[79.959,7.2921],[79.9585,7.2915],[79.9581,7.2918]]]]}},{"type":"Feature","properties":{"osm_id":"598976302","code":8200,"fclass":"water","name":null},"geometry":{"type":"MultiPolygon","coordinates":[[[[79.9657,7.2866],[79.9662,7.2873],[79.9657,7.2866]]]]}},{"type":"Feature","properties":{"osm_id":"598976303","code":8200,"fclass":"water","name":null},"geometry":{"type":"MultiPolygon","coordinates":[[[[79.9642,7.2895],[79.9647,7.2894],[79.9643,7.2891],[79.9642,7.2895]]]]}},{"type":"Feature","properties":{"osm_id":"598976338","code":8200,"fclass":"water","name":null},"geometry":{"type":"MultiPolygon","coordinates":[[[[79.965,7.2893],[79.965,7.2893]]]]}},{"type":"Feature","properties":{"osm_id":"599120147","code":8200,"fclass":"water","name":null},"geometry":{"type":"MultiPolygon","coordinates":[[[[79.9002,6.8425],[79.9002,6.8425]]]]}},{"type":"Feature","properties":{"osm_id":"599126914","code":8221,"fclass":"wetland","name":null},"geometry":{"type":"MultiPolygon","coordinates":[[[[79.9007,6.8413],[79.9011,6.8412],[79.9007,6.8413]]]]}},{"type":"Feature","properties":{"osm_id":"599140124","code":8221,"fclass":"wetland","name":null},"geometry":{"type":"MultiPolygon","coordinates":[[[[79.8952,6.8436],[79.8955,6.8444],[79.8963,6.8441],[79.8955,6.843],[79.8974,6.8425],[79.8983,6.8414],[79.8974,6.8412],[79.8959,6.8422],[79.8952,6.8436]]]]}},{"type":"Feature","properties":{"osm_id":"599140971","code":8221,"fclass":"wetland","name":null},"geometry":{"type":"MultiPolygon","coordinates":[[[[79.8976,6.8443],[79.8981,6.8445],[79.8981,6.8438],[79.8977,6.8438],[79.8976,6.8443]]]]}},{"type":"Feature","properties":{"osm_id":"599158283","code":8221,"fclass":"wetland","name":null},"geometry":{"type":"MultiPolygon","coordinates":[[[[79.8969,6.8454],[79.8975,6.8457],[79.8972,6.8447],[79.8969,6.8454]]]]}},{"type":"Feature","properties":{"osm_id":"599455659","code":8200,"fclass":"water","name":null},"geometry":{"type":"MultiPolygon","coordinates":[[[[79.9036,7.2734],[79.9041,7.2735],[79.904,7.2729],[79.9036,7.2734]]]]}},{"type":"Feature","properties":{"osm_id":"599455661","code":8200,"fclass":"water","name":null},"geometry":{"type":"MultiPolygon","coordinates":[[[[79.9056,7.2717],[79.906,7.2723],[79.9061,7.2716],[79.9056,7.2717]]]]}},{"type":"Feature","properties":{"osm_id":"599455666","code":8200,"fclass":"water","name":null},"geometry":{"type":"MultiPolygon","coordinates":[[[[79.9057,7.2725],[79.9064,7.2735],[79.9069,7.2734],[79.9066,7.2725],[79.9057,7.2725]]]]}},{"type":"Feature","properties":{"osm_id":"600543410","code":8201,"fclass":"reservoir","name":null},"geometry":{"type":"MultiPolygon","coordinates":[[[[79.8907,6.848],[79.8909,6.8504],[79.8914,6.8506],[79.8926,6.8466],[79.8916,6.8461],[79.8907,6.848]]]]}},{"type":"Feature","properties":{"osm_id":"600543411","code":8221,"fclass":"wetland","name":null},"geometry":{"type":"MultiPolygon","coordinates":[[[[79.8905,6.8504],[79.8909,6.8502],[79.8906,6.8479],[79.8908,6.847],[79.8914,6.8469],[79.8913,6.8458],[79.8912,6.8468],[79.8907,6.847],[79.8905,6.8504]]]]}},{"type":"Feature","properties":{"osm_id":"600545797","code":8221,"fclass":"wetland","name":null},"geometry":{"type":"MultiPolygon","coordinates":[[[[79.8919,6.8484],[79.8921,6.8488],[79.892,6.8481],[79.893,6.8466],[79.8919,6.8484]]]]}},{"type":"Feature","properties":{"osm_id":"600545799","code":8221,"fclass":"wetland","name":null},"geometry":{"type":"MultiPolygon","coordinates":[[[[79.8914,6.8507],[79.8922,6.85],[79.8917,6.8494],[79.8914,6.8507]]]]}},{"type":"Feature","properties":{"osm_id":"600589935","code":8221,"fclass":"wetland","name":null},"geometry":{"type":"MultiPolygon","coordinates":[[[[79.8942,6.8488],[79.8951,6.8487],[79.8942,6.8488]]]]}},{"type":"Feature","properties":{"osm_id":"600589938","code":8221,"fclass":"wetland","name":null},"geometry":{"type":"MultiPolygon","coordinates":[[[[79.8945,6.8493],[79.895,6.8495],[79.8945,6.8493]]]]}},{"type":"Feature","properties":{"osm_id":"600601574","code":8221,"fclass":"wetland","name":null},"geometry":{"type":"MultiPolygon","coordinates":[[[[79.8948,6.847],[79.8952,6.8474],[79.8952,6.8466],[79.8948,6.847]]]]}},{"type":"Feature","properties":{"osm_id":"600611145","code":8221,"fclass":"wetland","name":null},"geometry":{"type":"MultiPolygon","coordinates":[[[[79.896,6.8453],[79.8965,6.8447],[79.896,6.8453]]]]}},{"type":"Feature","properties":{"osm_id":"600622526","code":8200,"fclass":"water","name":null},"geometry":{"type":"MultiPolygon","coordinates":[[[[79.8957,6.8456],[79.8966,6.846],[79.8974,6.8482],[79.8966,6.846],[79.8957,6.8456]]]]}},{"type":"Feature","properties":{"osm_id":"601225558","code":8200,"fclass":"water","name":null},"geometry":{"type":"MultiPolygon","coordinates":[[[[79.8897,7.271],[79.8909,7.2727],[79.8921,7.2724],[79.8919,7.2735],[79.8941,7.2738],[79.8942,7.2719],[79.8935,7.2709],[79.8904,7.2705],[79.8905,7.2708],[79.8897,7.271]]]]}},{"type":"Feature","properties":{"osm_id":"602243588","code":8201,"fclass":"reservoir","name":null},"geometry":{"type":"MultiPolygon","coordinates":[[[[80.2063,6.9742],[80.2067,6.9742],[80.2063,6.9742]]]]}},{"type":"Feature","properties":{"osm_id":"606859951","code":8221,"fclass":"wetland","name":null},"geometry":{"type":"MultiPolygon","coordinates":[[[[79.8938,6.7992],[79.8942,6.8005],[79.8951,6.8004],[79.8959,6.8014],[79.8958,6.8023],[79.8978,6.8028],[79.9005,6.8022],[79.9005,6.8015],[79.8985,6.8016],[79.8969,6.8008],[79.8955,6.7991],[79.895,6.7966],[79.8943,6.7968],[79.8942,6.7979],[79.8948,6.799],[79.8938,6.7992]]]]}},{"type":"Feature","properties":{"osm_id":"606860266","code":8221,"fclass":"wetland","name":null},"geometry":{"type":"MultiPolygon","coordinates":[[[[79.902,6.8144],[79.9048,6.8166],[79.9047,6.8176],[79.9074,6.8175],[79.9059,6.8153],[79.9072,6.815],[79.9074,6.8156],[79.9079,6.8154],[79.9073,6.814],[79.9076,6.813],[79.9053,6.8133],[79.9057,6.8143],[79.9047,6.8154],[79.9024,6.8135],[79.902,6.8144]]]]}},{"type":"Feature","properties":{"osm_id":"606911557","code":8221,"fclass":"wetland","name":null},"geometry":{"type":"MultiPolygon","coordinates":[[[[79.8995,6.8045],[79.9001,6.8053],[79.9009,6.8052],[79.9005,6.8083],[79.9012,6.8085],[79.9009,6.8066],[79.9015,6.8046],[79.8995,6.8045]]]]}},{"type":"Feature","properties":{"osm_id":"8382366","code":8202,"fclass":"riverbank","name":null},"geometry":{"type":"MultiPolygon","coordinates":[[[[79.843,7.2729],[79.847,7.2722],[79.8505,7.2723],[79.8522,7.2731],[79.8526,7.2739],[79.8518,7.2763],[79.8541,7.277],[79.856,7.2761],[79.8579,7.2717],[79.8595,7.2701],[79.8664,7.271],[79.8682,7.2727],[79.87,7.2758],[79.8705,7.2803],[79.8723,7.2819],[79.8746,7.2827],[79.877,7.2822],[79.8806,7.2806],[79.8835,7.2757],[79.8817,7.2769],[79.8812,7.2783],[79.8814,7.2792],[79.8807,7.2801],[79.8792,7.2813],[79.8748,7.2826],[79.8725,7.2814],[79.8728,7.2806],[79.8738,7.2808],[79.874,7.2794],[79.8731,7.2794],[79.873,7.2799],[79.8718,7.2797],[79.8715,7.2802],[79.8723,7.2811],[79.8708,7.2804],[79.8703,7.2779],[79.8712,7.2784],[79.8704,7.2776],[79.8699,7.2751],[79.8681,7.2719],[79.8664,7.2707],[79.8637,7.2705],[79.8612,7.2697],[79.8593,7.2697],[79.8578,7.2713],[79.8561,7.2755],[79.8542,7.2769],[79.8527,7.2767],[79.8518,7.2762],[79.8519,7.2754],[79.8532,7.2742],[79.8531,7.2733],[79.8522,7.2724],[79.8485,7.2717],[79.8451,7.2717],[79.8434,7.2721],[79.8425,7.2714],[79.8424,7.2722],[79.843,7.2729]]],[[[79.8837,7.2753],[79.8853,7.2737],[79.8907,7.2733],[79.8855,7.2736],[79.8842,7.2742],[79.8837,7.2753]]],[[[79.891,7.2734],[79.8975,7.2748],[79.8983,7.2755],[79.8989,7.2753],[79.898,7.2747],[79.891,7.2734]]]]}},{"type":"Feature","properties":{"osm_id":"12882478","code":8202,"fclass":"riverbank","name":null},"geometry":{"type":"MultiPolygon","coordinates":[[[[79.8986,7.2759],[79.8989,7.2774],[79.8986,7.2805],[79.8993,7.2814],[79.9005,7.2811],[79.9014,7.2799],[79.9027,7.275],[79.9048,7.274],[79.9059,7.2744],[79.9071,7.2759],[79.9065,7.2795],[79.9067,7.2803],[79.9083,7.2801],[79.9092,7.2792],[79.9094,7.277],[79.9091,7.2791],[79.9082,7.2799],[79.9071,7.2799],[79.9069,7.2788],[79.9076,7.2764],[79.9078,7.2773],[79.9071,7.2788],[79.9078,7.2792],[79.9077,7.2799],[79.9083,7.2796],[79.9078,7.279],[79.9082,7.2779],[79.908,7.2759],[79.9074,7.2756],[79.9074,7.2764],[79.9069,7.2746],[79.9056,7.2737],[79.9054,7.2726],[79.905,7.2733],[79.9027,7.2749],[79.9017,7.2782],[79.9005,7.2768],[79.8992,7.2763],[79.8998,7.2758],[79.8989,7.2753],[79.8983,7.2755],[79.8986,7.2759]],[[79.8991,7.2794],[79.8993,7.2772],[79.8995,7.2797],[79.8998,7.2779],[79.9003,7.278],[79.9002,7.2793],[79.9008,7.2801],[79.8994,7.2808],[79.8991,7.2794]]],[[[79.9092,7.2758],[79.9092,7.2758]]],[[[79.9087,7.2741],[79.905,7.269],[79.9059,7.266],[79.9081,7.2652],[79.9104,7.2671],[79.9149,7.2687],[79.9161,7.27],[79.9165,7.2719],[79.9144,7.2754],[79.9152,7.277],[79.9199,7.2767],[79.9155,7.2765],[79.9149,7.2754],[79.915,7.2744],[79.9168,7.2717],[79.9162,7.2696],[79.9143,7.2681],[79.9144,7.2677],[79.9142,7.268],[79.9122,7.2672],[79.913,7.2668],[79.9125,7.2662],[79.912,7.2672],[79.9115,7.2668],[79.9115,7.2672],[79.9082,7.2651],[79.9063,7.2653],[79.9055,7.2661],[79.9047,7.2688],[79.9054,7.2705],[79.9084,7.2739],[79.9083,7.2743],[79.9087,7.2746],[79.9083,7.2745],[79.9089,7.275],[79.9087,7.2741]]],[[[79.9204,7.2769],[79.9229,7.2783],[79.9244,7.2778],[79.9249,7.2759],[79.924,7.2725],[79.9248,7.2759],[79.9246,7.2775],[79.9234,7.2782],[79.9204,7.2769]]],[[[79.9242,7.2719],[79.9256,7.2712],[79.9276,7.272],[79.9255,7.271],[79.9242,7.2719]]]]}},{"type":"Feature","properties":{"osm_id":"609707054","code":8221,"fclass":"wetland","name":null},"geometry":{"type":"MultiPolygon","coordinates":[[[[79.899,7.2798],[79.8994,7.2808],[79.9008,7.2801],[79.9002,7.2793],[79.9003,7.278],[79.8998,7.2779],[79.8995,7.2797],[79.8993,7.2772],[79.899,7.2798]]]]}},{"type":"Feature","properties":{"osm_id":"611450729","code":8221,"fclass":"wetland","name":null},"geometry":{"type":"MultiPolygon","coordinates":[[[[79.8966,6.8317],[79.8978,6.8318],[79.8978,6.833],[79.8979,6.8325],[79.8996,6.8317],[79.8996,6.8335],[79.8998,6.833],[79.9008,6.8332],[79.9011,6.8337],[79.9015,6.8333],[79.9016,6.8339],[79.9024,6.8345],[79.9035,6.8337],[79.9028,6.8314],[79.9027,6.832],[79.902,6.8321],[79.9019,6.8315],[79.9025,6.8314],[79.9021,6.8307],[79.9028,6.8303],[79.9015,6.8278],[79.9011,6.8277],[79.9015,6.828],[79.9009,6.8291],[79.8995,6.8275],[79.8993,6.8278],[79.8996,6.8299],[79.9006,6.8303],[79.9,6.8316],[79.8992,6.8318],[79.8986,6.8282],[79.8975,6.8287],[79.8966,6.8317]]]]}},{"type":"Feature","properties":{"osm_id":"611529639","code":8200,"fclass":"water","name":null},"geometry":{"type":"MultiPolygon","coordinates":[[[[79.9001,6.8281],[79.9011,6.829],[79.9015,6.8279],[79.9005,6.8277],[79.9001,6.8281]]]]}},{"type":"Feature","properties":{"osm_id":"611529640","code":8200,"fclass":"water","name":null},"geometry":{"type":"MultiPolygon","coordinates":[[[[79.8996,6.8334],[79.9012,6.834],[79.9008,6.8332],[79.8998,6.833],[79.8996,6.8334]]]]}},{"type":"Feature","properties":{"osm_id":"611529642","code":8200,"fclass":"water","name":null},"geometry":{"type":"MultiPolygon","coordinates":[[[[79.9012,6.8345],[79.9021,6.8355],[79.9027,6.8349],[79.9017,6.8342],[79.9012,6.8345]]]]}},{"type":"Feature","properties":{"osm_id":"611533450","code":8221,"fclass":"wetland","name":null},"geometry":{"type":"MultiPolygon","coordinates":[[[[79.9027,6.8311],[79.9033,6.832],[79.9027,6.8311]]]]}},{"type":"Feature","properties":{"osm_id":"614371787","code":8221,"fclass":"wetland","name":null},"geometry":{"type":"MultiPolygon","coordinates":[[[[79.9015,6.8278],[79.9027,6.8292],[79.9015,6.8278]]]]}},{"type":"Feature","properties":{"osm_id":"614405458","code":8221,"fclass":"wetland","name":null},"geometry":{"type":"MultiPolygon","coordinates":[[[[79.8977,6.823],[79.8993,6.8278],[79.8999,6.827],[79.8983,6.8245],[79.8994,6.8232],[79.8984,6.8229],[79.9002,6.8228],[79.9002,6.8224],[79.8989,6.8225],[79.8988,6.8218],[79.898,6.8218],[79.8982,6.8211],[79.8991,6.8209],[79.8989,6.8199],[79.8984,6.8197],[79.8977,6.823]]]]}},{"type":"Feature","properties":{"osm_id":"614452781","code":8221,"fclass":"wetland","name":null},"geometry":{"type":"MultiPolygon","coordinates":[[[[79.8974,6.8214],[79.8984,6.8184],[79.8978,6.8187],[79.8974,6.8214]]]]}},{"type":"Feature","properties":{"osm_id":"614651216","code":8221,"fclass":"wetland","name":null},"geometry":{"type":"MultiPolygon","coordinates":[[[[79.8877,6.829],[79.889,6.8293],[79.8878,6.8287],[79.8877,6.829]]]]}},{"type":"Feature","properties":{"osm_id":"614665352","code":8221,"fclass":"wetland","name":null},"geometry":{"type":"MultiPolygon","coordinates":[[[[79.8879,6.8349],[79.8892,6.8345],[79.8881,6.8344],[79.8879,6.8349]]]]}},{"type":"Feature","properties":{"osm_id":"615067437","code":8221,"fclass":"wetland","name":null},"geometry":{"type":"MultiPolygon","coordinates":[[[[79.8847,6.844],[79.8854,6.8441],[79.8847,6.844]]]]}},{"type":"Feature","properties":{"osm_id":"619725730","code":8200,"fclass":"water","name":null},"geometry":{"type":"MultiPolygon","coordinates":[[[[79.987,6.5884],[79.9882,6.5881],[79.9879,6.5877],[79.987,6.5884]]]]}},{"type":"Feature","properties":{"osm_id":"621969482","code":8200,"fclass":"water","name":"Arcade Indpendence Square Pond"},"geometry":{"type":"MultiPolygon","coordinates":[[[[79.8689,6.9026],[79.8689,6.9026]]]]}},{"type":"Feature","properties":{"osm_id":"626632953","code":8201,"fclass":"reservoir","name":"Magalegoda Wewa"},"geometry":{"type":"MultiPolygon","coordinates":[[[[80.0405,7.1399],[80.0412,7.1403],[80.0414,7.14],[80.0409,7.1396],[80.0405,7.1399]]]]}},{"type":"Feature","properties":{"osm_id":"629282947","code":8200,"fclass":"water","name":null},"geometry":{"type":"MultiPolygon","coordinates":[[[[80.0898,7.3038],[80.0906,7.3039],[80.0905,7.3026],[80.0898,7.3038]]]]}},{"type":"Feature","properties":{"osm_id":"633224346","code":8200,"fclass":"water","name":null},"geometry":{"type":"MultiPolygon","coordinates":[[[[80.0898,6.4557],[80.09,6.4563],[80.0904,6.4551],[80.0898,6.4557]]]]}},{"type":"Feature","properties":{"osm_id":"636764479","code":8200,"fclass":"water","name":null},"geometry":{"type":"MultiPolygon","coordinates":[[[[79.9083,7.2491],[79.9087,7.249],[79.9085,7.2488],[79.9083,7.2491]]]]}},{"type":"Feature","properties":{"osm_id":"637060405","code":8200,"fclass":"water","name":null},"geometry":{"type":"MultiPolygon","coordinates":[[[[80.0321,6.4362],[80.0328,6.436],[80.0321,6.4362]]]]}},{"type":"Feature","properties":{"osm_id":"652106090","code":8221,"fclass":"wetland","name":null},"geometry":{"type":"MultiPolygon","coordinates":[[[[80.0425,6.423],[80.0437,6.4236],[80.0432,6.4223],[80.0425,6.423]]]]}},{"type":"Feature","properties":{"osm_id":"652106097","code":8221,"fclass":"wetland","name":null},"geometry":{"type":"MultiPolygon","coordinates":[[[[80.0443,6.4219],[80.0458,6.4222],[80.0467,6.421],[80.0451,6.421],[80.0443,6.4219]]]]}},{"type":"Feature","properties":{"osm_id":"652108302","code":8221,"fclass":"wetland","name":null},"geometry":{"type":"MultiPolygon","coordinates":[[[[80.0335,6.4202],[80.0349,6.4212],[80.0365,6.4214],[80.0335,6.4202]]]]}},{"type":"Feature","properties":{"osm_id":"652108304","code":8221,"fclass":"wetland","name":null},"geometry":{"type":"MultiPolygon","coordinates":[[[[80.026,6.4263],[80.0267,6.4283],[80.029,6.4283],[80.03,6.4268],[80.0314,6.427],[80.0304,6.4242],[80.0303,6.4255],[80.0285,6.4247],[80.0285,6.4238],[80.0295,6.4228],[80.0301,6.423],[80.0308,6.4216],[80.0312,6.4216],[80.031,6.4207],[80.0318,6.4204],[80.0329,6.4207],[80.0335,6.4202],[80.0305,6.4202],[80.027,6.4239],[80.026,6.4263]]]]}},{"type":"Feature","properties":{"osm_id":"652120140","code":8221,"fclass":"wetland","name":null},"geometry":{"type":"MultiPolygon","coordinates":[[[[80.0415,6.4262],[80.0423,6.4275],[80.0432,6.4272],[80.0432,6.4267],[80.0449,6.4273],[80.045,6.4269],[80.0457,6.4268],[80.0454,6.4299],[80.0462,6.4296],[80.0466,6.43],[80.0464,6.4277],[80.0478,6.4272],[80.0483,6.4281],[80.0494,6.4273],[80.0494,6.4253],[80.0501,6.4248],[80.0496,6.4213],[80.0471,6.4218],[80.0465,6.4225],[80.0475,6.4246],[80.0469,6.4254],[80.0461,6.4247],[80.0451,6.4249],[80.0458,6.4262],[80.0432,6.4263],[80.0424,6.4262],[80.0423,6.4256],[80.0415,6.4262]]]]}},{"type":"Feature","properties":{"osm_id":"653111115","code":8221,"fclass":"wetland","name":null},"geometry":{"type":"MultiPolygon","coordinates":[[[[79.8945,6.9238],[79.8972,6.9236],[79.8963,6.9233],[79.8945,6.9238]]]]}},{"type":"Feature","properties":{"osm_id":"653111116","code":8221,"fclass":"wetland","name":null},"geometry":{"type":"MultiPolygon","coordinates":[[[[79.8984,6.9231],[79.9002,6.9233],[79.9008,6.9229],[79.9009,6.9213],[79.9003,6.9196],[79.8997,6.9207],[79.9005,6.9219],[79.8996,6.9231],[79.8984,6.9231]]]]}},{"type":"Feature","properties":{"osm_id":"653111119","code":8221,"fclass":"wetland","name":null},"geometry":{"type":"MultiPolygon","coordinates":[[[[79.8988,6.9194],[79.9002,6.9194],[79.8998,6.9188],[79.8988,6.9194]]]]}},{"type":"Feature","properties":{"osm_id":"9202094","code":8201,"fclass":"reservoir","name":"Labugama Tank"},"geometry":{"type":"MultiPolygon","coordinates":[[[[80.1776,6.846],[80.178,6.847],[80.179,6.8472],[80.1793,6.8457],[80.1808,6.8444],[80.1814,6.8425],[80.1837,6.841],[80.1837,6.8407],[80.1824,6.8405],[80.1824,6.8393],[80.1813,6.8395],[80.1812,6.8372],[80.1823,6.837],[80.1822,6.8346],[80.1831,6.833],[80.183,6.831],[80.1835,6.8304],[80.1827,6.8299],[80.183,6.8288],[80.184,6.8295],[80.184,6.8272],[80.1849,6.8262],[80.1843,6.8248],[80.1851,6.823],[80.1851,6.8206],[80.1847,6.8223],[80.1835,6.8235],[80.1831,6.8261],[80.1822,6.8267],[80.1821,6.8279],[80.1807,6.8295],[80.1799,6.8319],[80.1787,6.8336],[80.1797,6.8344],[80.1787,6.8364],[80.1789,6.8379],[80.1783,6.8392],[80.1788,6.84],[80.1788,6.8419],[80.1776,6.846]],[[80.1808,6.8324],[80.1815,6.8298],[80.1822,6.8303],[80.1816,6.8314],[80.1813,6.8347],[80.1809,6.8349],[80.1808,6.8324]]]]}},{"type":"Feature","properties":{"osm_id":"662833615","code":8221,"fclass":"wetland","name":null},"geometry":{"type":"MultiPolygon","coordinates":[[[[80.0141,6.8576],[80.0146,6.8578],[80.0151,6.8568],[80.0144,6.8558],[80.0141,6.8576]]]]}},{"type":"Feature","properties":{"osm_id":"662833616","code":8200,"fclass":"water","name":null},"geometry":{"type":"MultiPolygon","coordinates":[[[[80.0205,6.851],[80.0209,6.851],[80.0205,6.851]]]]}},{"type":"Feature","properties":{"osm_id":"662833625","code":8200,"fclass":"water","name":null},"geometry":{"type":"MultiPolygon","coordinates":[[[[80.0173,6.8501],[80.018,6.8497],[80.0183,6.8486],[80.0179,6.8485],[80.0173,6.8501]]]]}},{"type":"Feature","properties":{"osm_id":"662833626","code":8221,"fclass":"wetland","name":null},"geometry":{"type":"MultiPolygon","coordinates":[[[[80.0169,6.8509],[80.0175,6.8503],[80.0172,6.8502],[80.0169,6.8509]]]]}},{"type":"Feature","properties":{"osm_id":"662833630","code":8200,"fclass":"water","name":null},"geometry":{"type":"MultiPolygon","coordinates":[[[[80.0199,6.8581],[80.0205,6.8585],[80.0199,6.8581]]]]}},{"type":"Feature","properties":{"osm_id":"662833680","code":8200,"fclass":"water","name":null},"geometry":{"type":"MultiPolygon","coordinates":[[[[80.0141,6.8554],[80.0148,6.8559],[80.0165,6.8518],[80.0159,6.852],[80.0157,6.8535],[80.0141,6.8554]]]]}},{"type":"Feature","properties":{"osm_id":"662833702","code":8200,"fclass":"water","name":null},"geometry":{"type":"MultiPolygon","coordinates":[[[[80.0164,6.8601],[80.0169,6.8608],[80.0175,6.8604],[80.0168,6.8599],[80.0164,6.8601]]]]}},{"type":"Feature","properties":{"osm_id":"667901385","code":8200,"fclass":"water","name":null},"geometry":{"type":"MultiPolygon","coordinates":[[[[79.9127,6.9067],[79.9141,6.9073],[79.9132,6.9068],[79.9132,6.9062],[79.9127,6.9067]]]]}},{"type":"Feature","properties":{"osm_id":"667901391","code":8200,"fclass":"water","name":null},"geometry":{"type":"MultiPolygon","coordinates":[[[[79.9094,6.906],[79.9108,6.906],[79.9104,6.9051],[79.9094,6.906]]]]}},{"type":"Feature","properties":{"osm_id":"667901392","code":8200,"fclass":"water","name":null},"geometry":{"type":"MultiPolygon","coordinates":[[[[79.9106,6.9063],[79.9114,6.9064],[79.9106,6.9063]]]]}},{"type":"Feature","properties":{"osm_id":"669628767","code":8221,"fclass":"wetland","name":null},"geometry":{"type":"MultiPolygon","coordinates":[[[[79.8948,6.8927],[79.895,6.8934],[79.8965,6.8941],[79.8969,6.8948],[79.8978,6.8943],[79.8966,6.8926],[79.8953,6.8917],[79.8948,6.8927]]]]}},{"type":"Feature","properties":{"osm_id":"669628768","code":8221,"fclass":"wetland","name":null},"geometry":{"type":"MultiPolygon","coordinates":[[[[79.8967,6.8922],[79.8975,6.8935],[79.9008,6.8966],[79.902,6.8963],[79.9013,6.8955],[79.9021,6.8943],[79.9018,6.8938],[79.9013,6.8945],[79.8998,6.894],[79.8986,6.8926],[79.8987,6.8921],[79.8982,6.892],[79.8977,6.8926],[79.8967,6.8922]]]]}},{"type":"Feature","properties":{"osm_id":"669628769","code":8221,"fclass":"wetland","name":null},"geometry":{"type":"MultiPolygon","coordinates":[[[[79.8936,6.8894],[79.8938,6.8902],[79.8948,6.8898],[79.8946,6.8892],[79.8936,6.8894]]]]}},{"type":"Feature","properties":{"osm_id":"669628770","code":8221,"fclass":"wetland","name":null},"geometry":{"type":"MultiPolygon","coordinates":[[[[79.8917,6.8922],[79.8927,6.892],[79.8934,6.893],[79.8945,6.8922],[79.8948,6.8924],[79.8953,6.8916],[79.8948,6.8898],[79.8938,6.8902],[79.8936,6.8894],[79.8932,6.8897],[79.8929,6.8908],[79.8918,6.8911],[79.8917,6.8922]]]]}},{"type":"Feature","properties":{"osm_id":"669628771","code":8221,"fclass":"wetland","name":null},"geometry":{"type":"MultiPolygon","coordinates":[[[[79.8936,6.8857],[79.8956,6.8914],[79.8964,6.8921],[79.8961,6.8903],[79.8977,6.8877],[79.8966,6.8885],[79.8953,6.8872],[79.8947,6.8851],[79.8936,6.8857]]]]}},{"type":"Feature","properties":{"osm_id":"7102055","code":8202,"fclass":"riverbank","name":null},"geometry":{"type":"MultiPolygon","coordinates":[[[[79.9023,6.908],[79.9038,6.9102],[79.9033,6.9085],[79.9041,6.9087],[79.9048,6.908],[79.9041,6.9085],[79.9031,6.9076],[79.9023,6.908]],[[79.9027,6.908],[79.9031,6.9079],[79.9033,6.9084],[79.9027,6.908]]]]}},{"type":"Feature","properties":{"osm_id":"669631148","code":8221,"fclass":"wetland","name":null},"geometry":{"type":"MultiPolygon","coordinates":[[[[79.9027,6.908],[79.9033,6.9084],[79.9031,6.9079],[79.9027,6.908]]]]}},{"type":"Feature","properties":{"osm_id":"669631149","code":8221,"fclass":"wetland","name":null},"geometry":{"type":"MultiPolygon","coordinates":[[[[79.9032,6.9086],[79.9039,6.91],[79.9049,6.9081],[79.9041,6.9087],[79.9032,6.9086]]]]}},{"type":"Feature","properties":{"osm_id":"669631150","code":8221,"fclass":"wetland","name":null},"geometry":{"type":"MultiPolygon","coordinates":[[[[79.9006,6.9005],[79.901,6.9012],[79.9017,6.9012],[79.9015,6.8997],[79.9006,6.9005]]]]}},{"type":"Feature","properties":{"osm_id":"669631151","code":8221,"fclass":"wetland","name":null},"geometry":{"type":"MultiPolygon","coordinates":[[[[79.902,6.9008],[79.9023,6.9027],[79.9027,6.901],[79.902,6.9008]]]]}},{"type":"Feature","properties":{"osm_id":"669631158","code":8221,"fclass":"wetland","name":null},"geometry":{"type":"MultiPolygon","coordinates":[[[[79.9127,6.9],[79.9141,6.901],[79.9134,6.8988],[79.9127,6.9]]]]}},{"type":"Feature","properties":{"osm_id":"669631159","code":8221,"fclass":"wetland","name":null},"geometry":{"type":"MultiPolygon","coordinates":[[[[79.911,6.903],[79.9135,6.9021],[79.9141,6.9015],[79.914,6.9011],[79.9116,6.9019],[79.911,6.903]]]]}},{"type":"Feature","properties":{"osm_id":"669631160","code":8221,"fclass":"wetland","name":null},"geometry":{"type":"MultiPolygon","coordinates":[[[[79.9096,6.9031],[79.9103,6.9034],[79.9109,6.9029],[79.9131,6.8992],[79.9114,6.8996],[79.9117,6.901],[79.9106,6.9027],[79.9096,6.9031]]]]}},{"type":"Feature","properties":{"osm_id":"669631161","code":8221,"fclass":"wetland","name":null},"geometry":{"type":"MultiPolygon","coordinates":[[[[79.9079,6.9006],[79.908,6.9021],[79.9087,6.9024],[79.9097,6.8988],[79.9093,6.8988],[79.9079,6.9006]]]]}},{"type":"Feature","properties":{"osm_id":"669631162","code":8221,"fclass":"wetland","name":null},"geometry":{"type":"MultiPolygon","coordinates":[[[[79.9015,6.8983],[79.9019,6.9],[79.9023,6.899],[79.9035,6.8988],[79.903,6.8982],[79.9015,6.8983]]]]}},{"type":"Feature","properties":{"osm_id":"669631163","code":8221,"fclass":"wetland","name":null},"geometry":{"type":"MultiPolygon","coordinates":[[[[79.9008,6.8966],[79.9015,6.8983],[79.902,6.8983],[79.902,6.8963],[79.9008,6.8966]]]]}},{"type":"Feature","properties":{"osm_id":"669631164","code":8221,"fclass":"wetland","name":null},"geometry":{"type":"MultiPolygon","coordinates":[[[[79.8907,6.8913],[79.891,6.8922],[79.8917,6.8923],[79.8918,6.8911],[79.8907,6.8913]]]]}},{"type":"Feature","properties":{"osm_id":"673827676","code":8200,"fclass":"water","name":null},"geometry":{"type":"MultiPolygon","coordinates":[[[[79.9038,6.9119],[79.9047,6.9151],[79.9061,6.9139],[79.9068,6.914],[79.9085,6.9131],[79.9089,6.9137],[79.9071,6.9145],[79.9071,6.9155],[79.9072,6.9146],[79.909,6.9137],[79.9081,6.9129],[79.9068,6.9139],[79.906,6.9137],[79.9048,6.915],[79.9039,6.9119],[79.9046,6.9105],[79.9043,6.9104],[79.9046,6.9107],[79.9038,6.9119]]]]}},{"type":"Feature","properties":{"osm_id":"673827677","code":8221,"fclass":"wetland","name":null},"geometry":{"type":"MultiPolygon","coordinates":[[[[79.916,6.9115],[79.9163,6.9121],[79.917,6.9109],[79.9166,6.9107],[79.916,6.9115]]]]}},{"type":"Feature","properties":{"osm_id":"673827678","code":8221,"fclass":"wetland","name":null},"geometry":{"type":"MultiPolygon","coordinates":[[[[79.9102,6.91],[79.9107,6.9108],[79.9121,6.9092],[79.9145,6.909],[79.9115,6.9079],[79.9102,6.91]]]]}},{"type":"Feature","properties":{"osm_id":"673827680","code":8200,"fclass":"water","name":null},"geometry":{"type":"MultiPolygon","coordinates":[[[[79.9104,6.905],[79.9106,6.9055],[79.9113,6.9055],[79.9109,6.906],[79.9116,6.9055],[79.9108,6.9046],[79.9104,6.905]]]]}},{"type":"Feature","properties":{"osm_id":"673827681","code":8200,"fclass":"water","name":null},"geometry":{"type":"MultiPolygon","coordinates":[[[[79.9095,6.9051],[79.9106,6.9046],[79.9099,6.9045],[79.9095,6.9051]]]]}},{"type":"Feature","properties":{"osm_id":"676061613","code":8200,"fclass":"water","name":null},"geometry":{"type":"MultiPolygon","coordinates":[[[[79.9307,6.8835],[79.9313,6.8836],[79.9317,6.8826],[79.9307,6.8835]]]]}},{"type":"Feature","properties":{"osm_id":"676061619","code":8200,"fclass":"water","name":null},"geometry":{"type":"MultiPolygon","coordinates":[[[[79.9334,6.8816],[79.9339,6.8819],[79.9342,6.881],[79.9336,6.881],[79.9334,6.8816]]]]}},{"type":"Feature","properties":{"osm_id":"690509377","code":8200,"fclass":"water","name":null},"geometry":{"type":"MultiPolygon","coordinates":[[[[79.9385,6.8811],[79.939,6.8814],[79.9391,6.8811],[79.9386,6.8808],[79.9385,6.8811]]]]}},{"type":"Feature","properties":{"osm_id":"9598310","code":8200,"fclass":"water","name":null},"geometry":{"type":"MultiPolygon","coordinates":[[[[79.9031,6.9069],[79.9033,6.9076],[79.9042,6.9073],[79.9058,6.9088],[79.9087,6.907],[79.9111,6.9079],[79.9108,6.909],[79.9099,6.9098],[79.9102,6.9105],[79.9117,6.908],[79.9258,6.9129],[79.9269,6.9146],[79.9263,6.9124],[79.9129,6.9076],[79.9123,6.9061],[79.9122,6.9073],[79.9091,6.9062],[79.9094,6.9038],[79.9085,6.9032],[79.9075,6.9036],[79.9041,6.907],[79.9035,6.9064],[79.9031,6.9069]],[[79.9055,6.9079],[79.9074,6.9056],[79.9079,6.9059],[79.9062,6.908],[79.9055,6.9079]],[[79.9077,6.9066],[79.9084,6.9063],[79.9077,6.9066]],[[79.9081,6.907],[79.9088,6.9065],[79.9081,6.907]]]]}},{"type":"Feature","properties":{"osm_id":"693145759","code":8221,"fclass":"wetland","name":null},"geometry":{"type":"MultiPolygon","coordinates":[[[[79.897,6.9146],[79.899,6.915],[79.8992,6.9141],[79.8975,6.9137],[79.897,6.9146]]]]}},{"type":"Feature","properties":{"osm_id":"705776369","code":8200,"fclass":"water","name":null},"geometry":{"type":"MultiPolygon","coordinates":[[[[79.8318,6.9351],[79.8319,6.9357],[79.8334,6.9355],[79.8354,6.934],[79.835,6.9336],[79.8333,6.9349],[79.8318,6.9351]]]]}},{"type":"Feature","properties":{"osm_id":"706509998","code":8200,"fclass":"water","name":null},"geometry":{"type":"MultiPolygon","coordinates":[[[[79.8293,7.2027],[79.8287,7.2017],[79.8302,7.2003],[79.825,7.2038],[79.8262,7.2036],[79.8284,7.2024],[79.8293,7.2027]]]]}},{"type":"Feature","properties":{"osm_id":"9966507","code":8200,"fclass":"water","name":null},"geometry":{"type":"MultiPolygon","coordinates":[[[[79.983,7.131],[79.9832,7.1313],[79.9848,7.13],[79.984,7.1285],[79.9837,7.1287],[79.9842,7.1299],[79.983,7.131]],[[79.9845,7.13],[79.9845,7.13]]]]}},{"type":"Feature","properties":{"osm_id":"722290557","code":8201,"fclass":"reservoir","name":null},"geometry":{"type":"MultiPolygon","coordinates":[[[[79.9557,6.9597],[79.9563,6.9595],[79.9557,6.9597]]]]}},{"type":"Feature","properties":{"osm_id":"722290558","code":8201,"fclass":"reservoir","name":null},"geometry":{"type":"MultiPolygon","coordinates":[[[[79.9557,6.9599],[79.9563,6.9597],[79.9557,6.9599]]]]}},{"type":"Feature","properties":{"osm_id":"722290559","code":8201,"fclass":"reservoir","name":null},"geometry":{"type":"MultiPolygon","coordinates":[[[[79.9557,6.9601],[79.9563,6.9599],[79.9557,6.9601]]]]}},{"type":"Feature","properties":{"osm_id":"722290560","code":8201,"fclass":"reservoir","name":null},"geometry":{"type":"MultiPolygon","coordinates":[[[[79.9557,6.9602],[79.9563,6.9601],[79.9557,6.9602]]]]}},{"type":"Feature","properties":{"osm_id":"722290561","code":8201,"fclass":"reservoir","name":null},"geometry":{"type":"MultiPolygon","coordinates":[[[[79.955,6.9599],[79.9553,6.9597],[79.955,6.9599]]]]}},{"type":"Feature","properties":{"osm_id":"722290562","code":8201,"fclass":"reservoir","name":null},"geometry":{"type":"MultiPolygon","coordinates":[[[[79.955,6.9602],[79.9555,6.9601],[79.955,6.9602]]]]}},{"type":"Feature","properties":{"osm_id":"737192735","code":8200,"fclass":"water","name":null},"geometry":{"type":"MultiPolygon","coordinates":[[[[79.9123,6.9527],[79.9128,6.9528],[79.9123,6.9527]]]]}},{"type":"Feature","properties":{"osm_id":"737769678","code":8221,"fclass":"wetland","name":null},"geometry":{"type":"MultiPolygon","coordinates":[[[[79.9163,6.9528],[79.9165,6.9536],[79.9166,6.9528],[79.9163,6.9528]]]]}},{"type":"Feature","properties":{"osm_id":"737769680","code":8221,"fclass":"wetland","name":null},"geometry":{"type":"MultiPolygon","coordinates":[[[[79.9158,6.9527],[79.9163,6.9533],[79.9163,6.9528],[79.9158,6.9527]]]]}},{"type":"Feature","properties":{"osm_id":"738188439","code":8200,"fclass":"water","name":"Grego Lake"},"geometry":{"type":"MultiPolygon","coordinates":[[[[79.9088,6.9082],[79.9097,6.9081],[79.9093,6.9076],[79.9088,6.9082]]]]}},{"type":"Feature","properties":{"osm_id":"10231004","code":8200,"fclass":"water","name":"Kadurugama Tank"},"geometry":{"type":"MultiPolygon","coordinates":[[[[79.9196,7.0507],[79.9203,7.0533],[79.9218,7.0532],[79.9216,7.0518],[79.9207,7.0504],[79.9196,7.0507]],[[79.9206,7.0523],[79.921,7.0524],[79.9206,7.0523]]]]}},{"type":"Feature","properties":{"osm_id":"740619263","code":8221,"fclass":"wetland","name":null},"geometry":{"type":"MultiPolygon","coordinates":[[[[79.9313,6.973],[79.9353,6.9752],[79.9362,6.9751],[79.936,6.9741],[79.9365,6.9737],[79.939,6.9729],[79.9388,6.972],[79.9366,6.9725],[79.9336,6.9715],[79.9318,6.9718],[79.932,6.9723],[79.9313,6.973]]]]}},{"type":"Feature","properties":{"osm_id":"10239389","code":8200,"fclass":"water","name":null},"geometry":{"type":"MultiPolygon","coordinates":[[[[79.9311,6.8665],[79.9339,6.867],[79.9343,6.8659],[79.933,6.8645],[79.9319,6.864],[79.9311,6.8665]],[[79.9316,6.8666],[79.9319,6.8665],[79.9316,6.8666]],[[79.9316,6.8655],[79.9316,6.8655]],[[79.9319,6.8654],[79.9319,6.8654]],[[79.932,6.8659],[79.9326,6.8652],[79.9327,6.866],[79.932,6.8659]],[[79.9328,6.8655],[79.933,6.8651],[79.9328,6.8655]],[[79.933,6.866],[79.9331,6.8655],[79.9336,6.8656],[79.933,6.866]]]]}},{"type":"Feature","properties":{"osm_id":"5359594","code":8200,"fclass":"water","name":null},"geometry":{"type":"MultiPolygon","coordinates":[[[[79.9177,7.0992],[79.9184,7.0999],[79.9193,7.0989],[79.9207,7.0985],[79.9218,7.0987],[79.9225,7.1001],[79.9243,7.0989],[79.9253,7.0994],[79.9284,7.0997],[79.9292,7.0991],[79.9297,7.0993],[79.9301,7.0986],[79.9312,7.0991],[79.9323,7.0984],[79.9317,7.0979],[79.9323,7.0971],[79.9369,7.0966],[79.9353,7.0962],[79.9324,7.0968],[79.9315,7.0976],[79.9315,7.0986],[79.931,7.0988],[79.9301,7.0984],[79.9298,7.099],[79.9284,7.0994],[79.9242,7.0987],[79.9224,7.0999],[79.9218,7.0985],[79.9208,7.0983],[79.9193,7.0987],[79.9184,7.0997],[79.9177,7.0992]]]]}},{"type":"Feature","properties":{"osm_id":"746524797","code":8200,"fclass":"water","name":null},"geometry":{"type":"MultiPolygon","coordinates":[[[[79.9231,7.1156],[79.9234,7.1152],[79.9231,7.1156]]]]}},{"type":"Feature","properties":{"osm_id":"749751426","code":8200,"fclass":"water","name":null},"geometry":{"type":"MultiPolygon","coordinates":[[[[80.1195,6.8976],[80.1199,6.8975],[80.1198,6.897],[80.1195,6.8976]]]]}},{"type":"Feature","properties":{"osm_id":"751917266","code":8201,"fclass":"reservoir","name":null},"geometry":{"type":"MultiPolygon","coordinates":[[[[79.9342,6.8934],[79.9347,6.8933],[79.9342,6.8934]]]]}},{"type":"Feature","properties":{"osm_id":"751917267","code":8201,"fclass":"reservoir","name":null},"geometry":{"type":"MultiPolygon","coordinates":[[[[79.934,6.8938],[79.9345,6.8938],[79.934,6.8938]]]]}},{"type":"Feature","properties":{"osm_id":"12936920","code":8221,"fclass":"wetland","name":null},"geometry":{"type":"MultiPolygon","coordinates":[[[[79.9252,6.8962],[79.9256,6.8975],[79.9274,6.8994],[79.9306,6.8992],[79.9318,6.8982],[79.9326,6.8943],[79.933,6.894],[79.9339,6.8942],[79.9338,6.8939],[79.9326,6.894],[79.9322,6.8948],[79.9323,6.8958],[79.931,6.8975],[79.929,6.898],[79.9277,6.8987],[79.9266,6.8976],[79.9258,6.8957],[79.9252,6.8962]],[[79.9301,6.8981],[79.9308,6.898],[79.9301,6.8981]]]]}},{"type":"Feature","properties":{"osm_id":"751917268","code":8200,"fclass":"water","name":null},"geometry":{"type":"MultiPolygon","coordinates":[[[[79.9301,6.8981],[79.9308,6.898],[79.9301,6.8981]]]]}},{"type":"Feature","properties":{"osm_id":"755109915","code":8200,"fclass":"water","name":"Duck Pond"},"geometry":{"type":"MultiPolygon","coordinates":[[[[79.9096,6.8909],[79.9105,6.8911],[79.9111,6.8904],[79.9096,6.89],[79.9096,6.8909]]]]}},{"type":"Feature","properties":{"osm_id":"760218086","code":8221,"fclass":"wetland","name":null},"geometry":{"type":"MultiPolygon","coordinates":[[[[79.9023,6.9336],[79.903,6.9339],[79.9025,6.9332],[79.9023,6.9336]]]]}},{"type":"Feature","properties":{"osm_id":"771182349","code":8221,"fclass":"wetland","name":null},"geometry":{"type":"MultiPolygon","coordinates":[[[[79.9934,6.9264],[79.9948,6.9261],[79.9943,6.9252],[79.9934,6.9264]]]]}},{"type":"Feature","properties":{"osm_id":"771276967","code":8200,"fclass":"water","name":null},"geometry":{"type":"MultiPolygon","coordinates":[[[[79.9897,6.8642],[79.9902,6.8643],[79.9897,6.8642]]]]}},{"type":"Feature","properties":{"osm_id":"778304921","code":8200,"fclass":"water","name":null},"geometry":{"type":"MultiPolygon","coordinates":[[[[79.8354,6.9329],[79.8361,6.933],[79.8378,6.9277],[79.8365,6.9273],[79.8368,6.9287],[79.8354,6.9329]]]]}},{"type":"Feature","properties":{"osm_id":"778304923","code":8200,"fclass":"water","name":null},"geometry":{"type":"MultiPolygon","coordinates":[[[[79.8296,6.9352],[79.8297,6.9358],[79.8315,6.9356],[79.8314,6.935],[79.8296,6.9352]]]]}},{"type":"Feature","properties":{"osm_id":"778304924","code":8200,"fclass":"water","name":null},"geometry":{"type":"MultiPolygon","coordinates":[[[[79.8273,6.9353],[79.8274,6.9359],[79.829,6.9357],[79.829,6.9352],[79.8273,6.9353]]]]}},{"type":"Feature","properties":{"osm_id":"785541799","code":8201,"fclass":"reservoir","name":"Wevita Lake"},"geometry":{"type":"MultiPolygon","coordinates":[[[[79.9915,6.7058],[79.9932,6.7064],[79.9944,6.7078],[79.9949,6.7064],[79.9936,6.7051],[79.9921,6.7044],[79.9915,6.7058]]]]}},{"type":"Feature","properties":{"osm_id":"788777624","code":8200,"fclass":"water","name":null},"geometry":{"type":"MultiPolygon","coordinates":[[[[80.0777,6.7058],[80.0777,6.7058]]]]}},{"type":"Feature","properties":{"osm_id":"788777626","code":8200,"fclass":"water","name":null},"geometry":{"type":"MultiPolygon","coordinates":[[[[80.0768,6.7068],[80.0768,6.7068]]]]}},{"type":"Feature","properties":{"osm_id":"792175574","code":8200,"fclass":"water","name":null},"geometry":{"type":"MultiPolygon","coordinates":[[[[80.0285,6.9638],[80.0292,6.964],[80.0293,6.9636],[80.0285,6.9638]]]]}},{"type":"Feature","properties":{"osm_id":"796500153","code":8200,"fclass":"water","name":null},"geometry":{"type":"MultiPolygon","coordinates":[[[[80.0609,6.6322],[80.0615,6.6333],[80.0621,6.6333],[80.0621,6.6322],[80.0609,6.6322]]]]}},{"type":"Feature","properties":{"osm_id":"796500156","code":8200,"fclass":"water","name":null},"geometry":{"type":"MultiPolygon","coordinates":[[[[80.0611,6.6407],[80.0616,6.6402],[80.0615,6.6391],[80.0611,6.6407]]]]}},{"type":"Feature","properties":{"osm_id":"808205287","code":8202,"fclass":"riverbank","name":null},"geometry":{"type":"MultiPolygon","coordinates":[[[[79.897,7.1542],[79.9004,7.1523],[79.901,7.1538],[79.9032,7.1548],[79.9036,7.1536],[79.903,7.1524],[79.9037,7.15],[79.9059,7.15],[79.907,7.1489],[79.9067,7.1463],[79.9078,7.1448],[79.9082,7.1452],[79.9073,7.1458],[79.9079,7.1462],[79.9093,7.1455],[79.9118,7.146],[79.9135,7.1454],[79.9159,7.1461],[79.918,7.1458],[79.9181,7.1461],[79.9182,7.145],[79.9174,7.1452],[79.9178,7.144],[79.9173,7.1406],[79.9187,7.1402],[79.919,7.1393],[79.9185,7.1401],[79.9169,7.1401],[79.9176,7.144],[79.9171,7.1452],[79.9177,7.1457],[79.9167,7.146],[79.9133,7.1451],[79.9128,7.1457],[79.9091,7.1453],[79.9079,7.146],[79.9077,7.1457],[79.9087,7.145],[79.9077,7.1446],[79.9065,7.1464],[79.9069,7.1487],[79.9057,7.1498],[79.904,7.1494],[79.9034,7.15],[79.9028,7.1525],[79.9032,7.1541],[79.9025,7.1544],[79.9014,7.1539],[79.9004,7.1521],[79.897,7.1542]]]]}},{"type":"Feature","properties":{"osm_id":"808205289","code":8202,"fclass":"riverbank","name":null},"geometry":{"type":"MultiPolygon","coordinates":[[[[79.8948,7.1592],[79.895,7.1617],[79.8953,7.1616],[79.8951,7.1594],[79.8955,7.1589],[79.8961,7.1585],[79.8976,7.1595],[79.8981,7.1589],[79.8976,7.157],[79.8961,7.1555],[79.8973,7.1543],[79.8963,7.1548],[79.8959,7.1556],[79.8977,7.1576],[79.8978,7.1589],[79.8973,7.1591],[79.896,7.1582],[79.8948,7.1592]]]]}},{"type":"Feature","properties":{"osm_id":"808205290","code":8202,"fclass":"riverbank","name":null},"geometry":{"type":"MultiPolygon","coordinates":[[[[79.8547,7.1068],[79.8556,7.1057],[79.8562,7.1058],[79.856,7.1052],[79.8576,7.1034],[79.8584,7.1034],[79.8598,7.1066],[79.8595,7.1075],[79.8628,7.1105],[79.8608,7.1122],[79.8625,7.1127],[79.8629,7.1132],[79.8609,7.1145],[79.8597,7.1163],[79.8607,7.1179],[79.8604,7.1198],[79.8599,7.1201],[79.8604,7.12],[79.8616,7.1212],[79.8622,7.1257],[79.8625,7.1249],[79.8619,7.1211],[79.8608,7.12],[79.861,7.1179],[79.86,7.116],[79.8612,7.1145],[79.863,7.1135],[79.863,7.1126],[79.8611,7.1123],[79.863,7.1105],[79.861,7.1082],[79.8696,7.109],[79.8698,7.1097],[79.8677,7.1093],[79.8672,7.1107],[79.8673,7.1118],[79.8677,7.1117],[79.8674,7.1108],[79.8679,7.1095],[79.8711,7.1101],[79.8727,7.1075],[79.8752,7.1079],[79.8786,7.1071],[79.8802,7.1089],[79.8824,7.11],[79.8829,7.1119],[79.8818,7.1156],[79.8817,7.12],[79.8826,7.1227],[79.8843,7.1238],[79.8863,7.124],[79.8886,7.1221],[79.8909,7.1248],[79.8931,7.126],[79.8939,7.1287],[79.8903,7.1322],[79.89,7.1333],[79.8901,7.1372],[79.8927,7.1385],[79.8914,7.1423],[79.8913,7.146],[79.8909,7.1468],[79.8865,7.1489],[79.887,7.1514],[79.8843,7.1583],[79.885,7.1593],[79.8905,7.1618],[79.8946,7.1625],[79.8954,7.1619],[79.8968,7.1623],[79.8963,7.1614],[79.896,7.1619],[79.8955,7.1616],[79.8944,7.1622],[79.8907,7.1615],[79.8848,7.1586],[79.8847,7.158],[79.8855,7.1568],[79.8871,7.152],[79.8868,7.149],[79.89,7.1477],[79.8916,7.1462],[79.8919,7.1412],[79.8922,7.1406],[79.8926,7.1406],[79.8924,7.1402],[79.8933,7.1385],[79.8904,7.137],[79.8905,7.1328],[79.8909,7.1319],[79.8938,7.1295],[79.8942,7.1283],[79.8934,7.1259],[79.8911,7.1245],[79.8886,7.1217],[79.888,7.1216],[79.8868,7.1234],[79.886,7.1236],[79.8844,7.1235],[79.8827,7.1223],[79.882,7.1184],[79.8833,7.1115],[79.883,7.11],[79.8783,7.1067],[79.8751,7.1075],[79.8726,7.1071],[79.8717,7.1084],[79.86,7.1073],[79.8597,7.1055],[79.8607,7.1065],[79.8657,7.1047],[79.8655,7.1033],[79.867,7.1017],[79.8669,7.1004],[79.8675,7.0994],[79.8671,7.0991],[79.866,7.1001],[79.8658,7.1013],[79.8653,7.1016],[79.8661,7.0986],[79.8651,7.1013],[79.8632,7.1045],[79.8614,7.1051],[79.8598,7.1049],[79.8586,7.1033],[79.8575,7.103],[79.8552,7.1054],[79.8547,7.1068]]]]}},{"type":"Feature","properties":{"osm_id":"7472950","code":8200,"fclass":"water","name":null},"geometry":{"type":"MultiPolygon","coordinates":[[[[79.8925,7.1958],[79.8941,7.196],[79.8957,7.1949],[79.8973,7.192],[79.8962,7.1882],[79.8975,7.187],[79.898,7.184],[79.8969,7.1831],[79.8962,7.1813],[79.8982,7.1808],[79.8979,7.1794],[79.8991,7.1779],[79.8987,7.1766],[79.8959,7.1767],[79.8947,7.1747],[79.8954,7.1743],[79.8958,7.1718],[79.8969,7.1704],[79.8995,7.1696],[79.8987,7.1688],[79.8992,7.1685],[79.8994,7.1676],[79.9002,7.1671],[79.9034,7.1672],[79.9032,7.1668],[79.902,7.1672],[79.9014,7.1651],[79.901,7.1653],[79.8996,7.1637],[79.8994,7.1634],[79.9,7.1633],[79.899,7.1601],[79.8987,7.1611],[79.8971,7.1616],[79.8967,7.1622],[79.8988,7.1611],[79.899,7.1606],[79.8998,7.1631],[79.8991,7.1634],[79.9005,7.1649],[79.9005,7.1655],[79.9016,7.1662],[79.9018,7.167],[79.8991,7.1674],[79.8991,7.1685],[79.8985,7.1688],[79.8994,7.1694],[79.8992,7.1698],[79.8966,7.1704],[79.8958,7.1716],[79.8953,7.174],[79.8945,7.1745],[79.8959,7.1769],[79.8984,7.1768],[79.899,7.1777],[79.8978,7.1794],[79.898,7.1808],[79.8961,7.1812],[79.8969,7.1833],[79.8979,7.1841],[79.8974,7.187],[79.8959,7.1882],[79.8972,7.192],[79.8956,7.1949],[79.8941,7.1959],[79.8925,7.1958]]]]}},{"type":"Feature","properties":{"osm_id":"808205292","code":8200,"fclass":"water","name":null},"geometry":{"type":"MultiPolygon","coordinates":[[[[79.8862,7.1281],[79.8875,7.1251],[79.8874,7.1234],[79.8874,7.1252],[79.8862,7.1281]]]]}},{"type":"Feature","properties":{"osm_id":"813852390","code":8200,"fclass":"water","name":null},"geometry":{"type":"MultiPolygon","coordinates":[[[[79.9194,6.896],[79.9194,6.896]]]]}},{"type":"Feature","properties":{"osm_id":"813858515","code":8200,"fclass":"water","name":null},"geometry":{"type":"MultiPolygon","coordinates":[[[[79.9218,6.8939],[79.9218,6.8939]]]]}},{"type":"Feature","properties":{"osm_id":"11506715","code":8200,"fclass":"water","name":null},"geometry":{"type":"MultiPolygon","coordinates":[[[[79.9217,6.8923],[79.9245,6.8947],[79.9248,6.8943],[79.9232,6.8932],[79.9233,6.8925],[79.9226,6.8919],[79.9217,6.8923]],[[79.9222,6.8925],[79.9226,6.892],[79.9233,6.8926],[79.9231,6.893],[79.9222,6.8925]]]]}},{"type":"Feature","properties":{"osm_id":"816920072","code":8200,"fclass":"water","name":null},"geometry":{"type":"MultiPolygon","coordinates":[[[[80.1021,6.6843],[80.1025,6.6841],[80.1021,6.6843]]]]}},{"type":"Feature","properties":{"osm_id":"819075321","code":8202,"fclass":"riverbank","name":null},"geometry":{"type":"MultiPolygon","coordinates":[[[[80.1064,6.39],[80.0967,6.3947],[80.0894,6.4001],[80.0853,6.402],[80.0799,6.4016],[80.0788,6.4011],[80.0768,6.3989],[80.0744,6.3979],[80.0716,6.3976],[80.0691,6.3982],[80.066,6.4009],[80.0645,6.405],[80.0634,6.4066],[80.0616,6.4079],[80.0594,6.4085],[80.0594,6.4094],[80.0625,6.4079],[80.0636,6.4068],[80.0651,6.4045],[80.0669,6.4002],[80.0697,6.3984],[80.0725,6.3979],[80.0743,6.3982],[80.0769,6.3992],[80.078,6.4008],[80.0803,6.4019],[80.0844,6.4024],[80.0858,6.4021],[80.0911,6.3992],[80.096,6.3954],[80.1068,6.3902],[80.1064,6.39]]]]}},{"type":"Feature","properties":{"osm_id":"819075323","code":8202,"fclass":"riverbank","name":null},"geometry":{"type":"MultiPolygon","coordinates":[[[[80.0588,6.4084],[80.0556,6.4085],[80.0523,6.4121],[80.0496,6.4142],[80.0475,6.415],[80.0423,6.4157],[80.0388,6.4189],[80.0374,6.4194],[80.0374,6.42],[80.0387,6.4196],[80.043,6.416],[80.0471,6.4157],[80.0502,6.4144],[80.056,6.4089],[80.0594,6.4094],[80.0594,6.4085],[80.0588,6.4084]]]]}},{"type":"Feature","properties":{"osm_id":"819298298","code":8202,"fclass":"riverbank","name":null},"geometry":{"type":"MultiPolygon","coordinates":[[[[80.176,6.3595],[80.1702,6.3599],[80.1673,6.3612],[80.1655,6.3628],[80.163,6.3633],[80.1581,6.3654],[80.1545,6.3678],[80.1525,6.3674],[80.1464,6.3678],[80.1549,6.3678],[80.1583,6.3655],[80.1635,6.3633],[80.1651,6.3632],[80.1698,6.3601],[80.176,6.3595]]]]}},{"type":"Feature","properties":{"osm_id":"819298299","code":8202,"fclass":"riverbank","name":null},"geometry":{"type":"MultiPolygon","coordinates":[[[[80.1464,6.3676],[80.141,6.3665],[80.1385,6.3678],[80.1361,6.3663],[80.1356,6.3674],[80.1323,6.368],[80.1315,6.3658],[80.1306,6.3659],[80.1282,6.3696],[80.1258,6.3696],[80.1229,6.3705],[80.1206,6.3736],[80.1194,6.378],[80.1169,6.3819],[80.1121,6.3864],[80.1067,6.3898],[80.1068,6.3902],[80.1109,6.3877],[80.1168,6.3823],[80.1195,6.3781],[80.1204,6.3744],[80.123,6.3705],[80.1258,6.3698],[80.1283,6.3699],[80.1305,6.3661],[80.1314,6.366],[80.132,6.3679],[80.1327,6.3682],[80.1359,6.3675],[80.1359,6.3665],[80.1383,6.3679],[80.1413,6.3668],[80.1447,6.3677],[80.1464,6.3676]]]]}},{"type":"Feature","properties":{"osm_id":"835667215","code":8200,"fclass":"water","name":null},"geometry":{"type":"MultiPolygon","coordinates":[[[[80.0533,6.8194],[80.054,6.8194],[80.0536,6.8191],[80.0533,6.8194]]]]}},{"type":"Feature","properties":{"osm_id":"835667219","code":8200,"fclass":"water","name":null},"geometry":{"type":"MultiPolygon","coordinates":[[[[80.0564,6.8158],[80.0569,6.8159],[80.0564,6.8158]]]]}},{"type":"Feature","properties":{"osm_id":"835667221","code":8200,"fclass":"water","name":null},"geometry":{"type":"MultiPolygon","coordinates":[[[[80.0595,6.8205],[80.0602,6.8208],[80.0604,6.8196],[80.0595,6.8205]]]]}},{"type":"Feature","properties":{"osm_id":"836328779","code":8200,"fclass":"water","name":null},"geometry":{"type":"MultiPolygon","coordinates":[[[[80.0502,6.8332],[80.0508,6.8339],[80.0509,6.833],[80.0502,6.8332]]]]}},{"type":"Feature","properties":{"osm_id":"836328781","code":8200,"fclass":"water","name":null},"geometry":{"type":"MultiPolygon","coordinates":[[[[80.0521,6.8305],[80.0524,6.8302],[80.0521,6.8305]]]]}},{"type":"Feature","properties":{"osm_id":"836328790","code":8200,"fclass":"water","name":null},"geometry":{"type":"MultiPolygon","coordinates":[[[[80.058,6.831],[80.0585,6.8309],[80.0585,6.8303],[80.058,6.831]]]]}},{"type":"Feature","properties":{"osm_id":"836670847","code":8221,"fclass":"wetland","name":null},"geometry":{"type":"MultiPolygon","coordinates":[[[[80.0418,6.8255],[80.0421,6.8258],[80.0424,6.8254],[80.0439,6.8223],[80.044,6.8206],[80.0418,6.8255]]]]}},{"type":"Feature","properties":{"osm_id":"836670855","code":8200,"fclass":"water","name":null},"geometry":{"type":"MultiPolygon","coordinates":[[[[80.0678,6.855],[80.0682,6.8553],[80.0683,6.8547],[80.0678,6.855]]]]}},{"type":"Feature","properties":{"osm_id":"836670868","code":8200,"fclass":"water","name":null},"geometry":{"type":"MultiPolygon","coordinates":[[[[80.0369,6.8262],[80.0373,6.8263],[80.0369,6.8262]]]]}},{"type":"Feature","properties":{"osm_id":"836677942","code":8221,"fclass":"wetland","name":null},"geometry":{"type":"MultiPolygon","coordinates":[[[[80.0308,6.8186],[80.0332,6.8178],[80.0324,6.818],[80.0325,6.8173],[80.0322,6.8173],[80.0308,6.8186]]]]}},{"type":"Feature","properties":{"osm_id":"846842725","code":8200,"fclass":"water","name":null},"geometry":{"type":"MultiPolygon","coordinates":[[[[79.9316,6.9481],[79.9328,6.9483],[79.9322,6.9471],[79.9316,6.9481]]]]}},{"type":"Feature","properties":{"osm_id":"846842726","code":8200,"fclass":"water","name":null},"geometry":{"type":"MultiPolygon","coordinates":[[[[79.9296,6.947],[79.93,6.9472],[79.9305,6.9464],[79.9296,6.947]]]]}},{"type":"Feature","properties":{"osm_id":"846842727","code":8200,"fclass":"water","name":null},"geometry":{"type":"MultiPolygon","coordinates":[[[[79.9292,6.9466],[79.9296,6.9471],[79.9292,6.9466]]]]}},{"type":"Feature","properties":{"osm_id":"11621192","code":8200,"fclass":"water","name":"Bosath Pond"},"geometry":{"type":"MultiPolygon","coordinates":[[[[79.952,6.9443],[79.952,6.9456],[79.9532,6.9449],[79.9536,6.946],[79.9539,6.9454],[79.9534,6.9445],[79.9525,6.9436],[79.952,6.9443]],[[79.9527,6.9447],[79.953,6.9446],[79.9527,6.9447]],[[79.9535,6.9454],[79.9535,6.9454]]]]}},{"type":"Feature","properties":{"osm_id":"847034821","code":8200,"fclass":"water","name":null},"geometry":{"type":"MultiPolygon","coordinates":[[[[79.9514,6.9455],[79.9514,6.9455]]]]}},{"type":"Feature","properties":{"osm_id":"847034822","code":8200,"fclass":"water","name":null},"geometry":{"type":"MultiPolygon","coordinates":[[[[79.9514,6.9456],[79.9514,6.9456]]]]}},{"type":"Feature","properties":{"osm_id":"847034839","code":8200,"fclass":"water","name":"Herbal Pond"},"geometry":{"type":"MultiPolygon","coordinates":[[[[79.9494,6.9474],[79.9503,6.9479],[79.9504,6.9474],[79.9496,6.9471],[79.9494,6.9474]]]]}},{"type":"Feature","properties":{"osm_id":"847034840","code":8200,"fclass":"water","name":null},"geometry":{"type":"MultiPolygon","coordinates":[[[[79.9492,6.9473],[79.9493,6.9469],[79.9492,6.9473]]]]}},{"type":"Feature","properties":{"osm_id":"11621191","code":8200,"fclass":"water","name":"Lotus Pond"},"geometry":{"type":"MultiPolygon","coordinates":[[[[79.9488,6.9457],[79.9491,6.9463],[79.9497,6.9451],[79.9488,6.9457]],[[79.9488,6.9457],[79.9488,6.9457]],[[79.949,6.9458],[79.949,6.9458]]]]}},{"type":"Feature","properties":{"osm_id":"849865006","code":8200,"fclass":"water","name":null},"geometry":{"type":"MultiPolygon","coordinates":[[[[79.9971,6.8136],[79.9974,6.814],[79.9976,6.8131],[79.9971,6.8136]]]]}},{"type":"Feature","properties":{"osm_id":"849865022","code":8200,"fclass":"water","name":null},"geometry":{"type":"MultiPolygon","coordinates":[[[[80.0097,6.6427],[80.0101,6.6424],[80.0097,6.6427]]]]}},{"type":"Feature","properties":{"osm_id":"849865026","code":8200,"fclass":"water","name":null},"geometry":{"type":"MultiPolygon","coordinates":[[[[80.0182,6.6424],[80.0189,6.6425],[80.0186,6.6419],[80.0182,6.6424]]]]}},{"type":"Feature","properties":{"osm_id":"849865027","code":8200,"fclass":"water","name":null},"geometry":{"type":"MultiPolygon","coordinates":[[[[80.0178,6.6424],[80.0181,6.6425],[80.0178,6.6424]]]]}},{"type":"Feature","properties":{"osm_id":"849865028","code":8200,"fclass":"water","name":null},"geometry":{"type":"MultiPolygon","coordinates":[[[[80.0191,6.6405],[80.0195,6.6407],[80.0196,6.6401],[80.0191,6.6405]]]]}},{"type":"Feature","properties":{"osm_id":"849865029","code":8200,"fclass":"water","name":null},"geometry":{"type":"MultiPolygon","coordinates":[[[[80.0181,6.6399],[80.0187,6.64],[80.0191,6.6391],[80.0185,6.6389],[80.0181,6.6399]]]]}},{"type":"Feature","properties":{"osm_id":"849865030","code":8200,"fclass":"water","name":null},"geometry":{"type":"MultiPolygon","coordinates":[[[[80.0176,6.6406],[80.0185,6.6407],[80.0186,6.6412],[80.0191,6.6408],[80.0176,6.6406]]]]}},{"type":"Feature","properties":{"osm_id":"849865031","code":8200,"fclass":"water","name":null},"geometry":{"type":"MultiPolygon","coordinates":[[[[80.0168,6.6413],[80.0173,6.6414],[80.0168,6.6413]]]]}},{"type":"Feature","properties":{"osm_id":"849865032","code":8200,"fclass":"water","name":null},"geometry":{"type":"MultiPolygon","coordinates":[[[[80.0165,6.6414],[80.017,6.6417],[80.0165,6.6414]]]]}},{"type":"Feature","properties":{"osm_id":"849865033","code":8200,"fclass":"water","name":null},"geometry":{"type":"MultiPolygon","coordinates":[[[[80.0159,6.6414],[80.0166,6.6412],[80.0159,6.6414]]]]}},{"type":"Feature","properties":{"osm_id":"849865042","code":8200,"fclass":"water","name":null},"geometry":{"type":"MultiPolygon","coordinates":[[[[80.019,6.6506],[80.0192,6.6503],[80.019,6.6506]]]]}},{"type":"Feature","properties":{"osm_id":"849865068","code":8200,"fclass":"water","name":null},"geometry":{"type":"MultiPolygon","coordinates":[[[[80.0063,6.6654],[80.0066,6.6652],[80.0063,6.6654]]]]}},{"type":"Feature","properties":{"osm_id":"852631613","code":8200,"fclass":"water","name":null},"geometry":{"type":"MultiPolygon","coordinates":[[[[80.0124,6.9569],[80.0129,6.9572],[80.0124,6.9569]]]]}},{"type":"Feature","properties":{"osm_id":"852631615","code":8200,"fclass":"water","name":null},"geometry":{"type":"MultiPolygon","coordinates":[[[[80.0109,6.9572],[80.0113,6.9574],[80.0115,6.9565],[80.0109,6.9572]]]]}},{"type":"Feature","properties":{"osm_id":"852631624","code":8221,"fclass":"wetland","name":null},"geometry":{"type":"MultiPolygon","coordinates":[[[[80.0033,6.9574],[80.0045,6.9593],[80.0055,6.9586],[80.0039,6.9569],[80.0052,6.9589],[80.0033,6.9574]]]]}},{"type":"Feature","properties":{"osm_id":"854135547","code":8200,"fclass":"water","name":null},"geometry":{"type":"MultiPolygon","coordinates":[[[[80.0742,6.6638],[80.0748,6.664],[80.0742,6.6638]]]]}},{"type":"Feature","properties":{"osm_id":"856252509","code":8200,"fclass":"water","name":null},"geometry":{"type":"MultiPolygon","coordinates":[[[[79.9345,6.878],[79.9349,6.8784],[79.9345,6.878]]]]}},{"type":"Feature","properties":{"osm_id":"868537249","code":8221,"fclass":"wetland","name":null},"geometry":{"type":"MultiPolygon","coordinates":[[[[79.9896,6.7859],[79.9904,6.7862],[79.9922,6.7891],[79.9922,6.788],[79.9911,6.7857],[79.9914,6.7853],[79.9897,6.7852],[79.9896,6.7859]]]]}},{"type":"Feature","properties":{"osm_id":"868537250","code":8221,"fclass":"wetland","name":null},"geometry":{"type":"MultiPolygon","coordinates":[[[[79.9883,6.7835],[79.9883,6.785],[79.9912,6.7846],[79.9883,6.7835]]]]}},{"type":"Feature","properties":{"osm_id":"870447017","code":8221,"fclass":"wetland","name":null},"geometry":{"type":"MultiPolygon","coordinates":[[[[79.8752,7.0101],[79.8752,7.0138],[79.8776,7.0139],[79.8778,7.0086],[79.8756,7.0087],[79.8755,7.01],[79.8752,7.0101]]]]}},{"type":"Feature","properties":{"osm_id":"870447037","code":8221,"fclass":"wetland","name":null},"geometry":{"type":"MultiPolygon","coordinates":[[[[79.8811,7.0104],[79.8812,7.0111],[79.8834,7.013],[79.8831,7.0172],[79.8834,7.0176],[79.884,7.0175],[79.8847,7.0171],[79.8846,7.0126],[79.8836,7.0119],[79.8837,7.011],[79.883,7.0104],[79.8811,7.0104]]]]}},{"type":"Feature","properties":{"osm_id":"873111834","code":8201,"fclass":"reservoir","name":null},"geometry":{"type":"MultiPolygon","coordinates":[[[[80.0776,6.666],[80.0786,6.6662],[80.0776,6.666]]]]}},{"type":"Feature","properties":{"osm_id":"875546481","code":8200,"fclass":"water","name":null},"geometry":{"type":"MultiPolygon","coordinates":[[[[80.1017,6.8978],[80.102,6.8982],[80.1025,6.8976],[80.1022,6.8972],[80.1023,6.8977],[80.1017,6.8978]]]]}},{"type":"Feature","properties":{"osm_id":"877494583","code":8221,"fclass":"wetland","name":null},"geometry":{"type":"MultiPolygon","coordinates":[[[[80.2154,6.9534],[80.2169,6.9541],[80.217,6.9545],[80.2159,6.9553],[80.2162,6.9557],[80.2174,6.9554],[80.2177,6.9544],[80.219,6.9535],[80.2157,6.9528],[80.2154,6.9534]]]]}},{"type":"Feature","properties":{"osm_id":"877800635","code":8200,"fclass":"water","name":null},"geometry":{"type":"MultiPolygon","coordinates":[[[[80.1809,6.9323],[80.1817,6.932],[80.1809,6.9323]]]]}},{"type":"Feature","properties":{"osm_id":"878066042","code":8200,"fclass":"water","name":null},"geometry":{"type":"MultiPolygon","coordinates":[[[[80.1081,6.8867],[80.109,6.8867],[80.1081,6.8867]]]]}},{"type":"Feature","properties":{"osm_id":"878066046","code":8200,"fclass":"water","name":null},"geometry":{"type":"MultiPolygon","coordinates":[[[[80.097,6.8844],[80.0975,6.8851],[80.098,6.8844],[80.0979,6.884],[80.097,6.8844]]]]}},{"type":"Feature","properties":{"osm_id":"878066047","code":8200,"fclass":"water","name":null},"geometry":{"type":"MultiPolygon","coordinates":[[[[80.0957,6.8939],[80.0966,6.8945],[80.0965,6.8935],[80.0957,6.8939]]]]}},{"type":"Feature","properties":{"osm_id":"878085922","code":8200,"fclass":"water","name":null},"geometry":{"type":"MultiPolygon","coordinates":[[[[80.1061,6.9233],[80.1065,6.9235],[80.1063,6.9229],[80.1061,6.9233]]]]}},{"type":"Feature","properties":{"osm_id":"878648107","code":8200,"fclass":"water","name":null},"geometry":{"type":"MultiPolygon","coordinates":[[[[79.9283,6.8996],[79.9313,6.8999],[79.9327,6.8974],[79.9341,6.8974],[79.9342,6.897],[79.9328,6.8963],[79.9331,6.897],[79.9324,6.8976],[79.9327,6.8962],[79.9314,6.8991],[79.9283,6.8996]]]]}},{"type":"Feature","properties":{"osm_id":"12097040","code":8200,"fclass":"water","name":null},"geometry":{"type":"MultiPolygon","coordinates":[[[[80.1788,6.7091],[80.1797,6.7098],[80.1794,6.7089],[80.1788,6.7091]],[[80.1789,6.7092],[80.1794,6.709],[80.1796,6.7098],[80.1789,6.7092]]]]}},{"type":"Feature","properties":{"osm_id":"888713183","code":8200,"fclass":"water","name":null},"geometry":{"type":"MultiPolygon","coordinates":[[[[80.1771,6.7137],[80.1776,6.714],[80.1771,6.7137]]]]}},{"type":"Feature","properties":{"osm_id":"891821031","code":8200,"fclass":"water","name":null},"geometry":{"type":"MultiPolygon","coordinates":[[[[79.9516,6.9193],[79.9521,6.9193],[79.9516,6.9193]]]]}},{"type":"Feature","properties":{"osm_id":"891821032","code":8200,"fclass":"water","name":null},"geometry":{"type":"MultiPolygon","coordinates":[[[[79.9523,6.9199],[79.9523,6.9199]]]]}},{"type":"Feature","properties":{"osm_id":"892537770","code":8221,"fclass":"wetland","name":null},"geometry":{"type":"MultiPolygon","coordinates":[[[[79.9564,6.9101],[79.9595,6.9118],[79.96,6.9104],[79.9582,6.9088],[79.9566,6.9091],[79.9564,6.9101]]]]}},{"type":"Feature","properties":{"osm_id":"892537774","code":8200,"fclass":"water","name":null},"geometry":{"type":"MultiPolygon","coordinates":[[[[79.9609,6.92],[79.9609,6.92]]]]}},{"type":"Feature","properties":{"osm_id":"892537775","code":8200,"fclass":"water","name":null},"geometry":{"type":"MultiPolygon","coordinates":[[[[79.9607,6.92],[79.9607,6.92]]]]}},{"type":"Feature","properties":{"osm_id":"892537776","code":8200,"fclass":"water","name":null},"geometry":{"type":"MultiPolygon","coordinates":[[[[79.9608,6.9201],[79.9612,6.9201],[79.9608,6.9201]]]]}},{"type":"Feature","properties":{"osm_id":"892537777","code":8200,"fclass":"water","name":null},"geometry":{"type":"MultiPolygon","coordinates":[[[[79.9605,6.9199],[79.9605,6.9199]]]]}},{"type":"Feature","properties":{"osm_id":"904699278","code":8200,"fclass":"water","name":null},"geometry":{"type":"MultiPolygon","coordinates":[[[[79.8939,6.7956],[79.894,6.7964],[79.8945,6.7964],[79.8955,6.7953],[79.8939,6.7956]]]]}},{"type":"Feature","properties":{"osm_id":"912300654","code":8200,"fclass":"water","name":null},"geometry":{"type":"MultiPolygon","coordinates":[[[[79.9043,6.8361],[79.905,6.8366],[79.906,6.8353],[79.9048,6.8352],[79.9043,6.8361]]]]}},{"type":"Feature","properties":{"osm_id":"12424852","code":8201,"fclass":"reservoir","name":null},"geometry":{"type":"MultiPolygon","coordinates":[[[[79.9271,6.8766],[79.9288,6.876],[79.9276,6.8753],[79.9271,6.8766]],[[79.9279,6.8762],[79.9282,6.876],[79.9279,6.8762]]]]}},{"type":"Feature","properties":{"osm_id":"920001180","code":8200,"fclass":"water","name":null},"geometry":{"type":"MultiPolygon","coordinates":[[[[79.9381,6.8884],[79.9389,6.8885],[79.9389,6.8882],[79.9381,6.8884]]]]}},{"type":"Feature","properties":{"osm_id":"920505931","code":8202,"fclass":"riverbank","name":null},"geometry":{"type":"MultiPolygon","coordinates":[[[[79.9286,7.2736],[79.9283,7.2748],[79.9247,7.279],[79.9231,7.2823],[79.9232,7.2838],[79.9241,7.2846],[79.9254,7.2841],[79.9239,7.2843],[79.9233,7.2834],[79.9234,7.2821],[79.925,7.2792],[79.9282,7.2756],[79.9289,7.2737],[79.9288,7.2726],[79.9284,7.2728],[79.9286,7.2736]]]]}},{"type":"Feature","properties":{"osm_id":"12475001","code":8202,"fclass":"riverbank","name":null},"geometry":{"type":"MultiPolygon","coordinates":[[[[79.9279,7.2724],[79.9288,7.2726],[79.9278,7.2717],[79.9279,7.2724]],[[79.9279,7.2722],[79.9282,7.2724],[79.9279,7.2722]]]]}},{"type":"Feature","properties":{"osm_id":"922907775","code":8200,"fclass":"water","name":null},"geometry":{"type":"MultiPolygon","coordinates":[[[[79.9936,6.8827],[79.9943,6.8834],[79.9951,6.8823],[79.9956,6.8823],[79.9962,6.881],[79.9954,6.8806],[79.9946,6.8811],[79.9938,6.8808],[79.9944,6.8819],[79.9936,6.8827]]]]}},{"type":"Feature","properties":{"osm_id":"12526338","code":8200,"fclass":"water","name":null},"geometry":{"type":"MultiPolygon","coordinates":[[[[79.885,6.8964],[79.887,6.8964],[79.8873,6.896],[79.8859,6.8956],[79.8854,6.8947],[79.885,6.8964]],[[79.8855,6.8958],[79.8856,6.8954],[79.8872,6.8961],[79.8856,6.8962],[79.8855,6.8958]]]]}},{"type":"Feature","properties":{"osm_id":"12526339","code":8202,"fclass":"riverbank","name":null},"geometry":{"type":"MultiPolygon","coordinates":[[[[79.8826,6.8999],[79.8862,6.9049],[79.8836,6.9013],[79.8854,6.9012],[79.8867,6.9032],[79.8857,6.9012],[79.8857,6.8999],[79.8833,6.8999],[79.8827,6.8994],[79.8826,6.8999]],[[79.8828,6.9],[79.8837,6.901],[79.8828,6.9]]]]}},{"type":"Feature","properties":{"osm_id":"925078201","code":8202,"fclass":"riverbank","name":null},"geometry":{"type":"MultiPolygon","coordinates":[[[[79.8871,6.9061],[79.8882,6.909],[79.8871,6.9061]]]]}},{"type":"Feature","properties":{"osm_id":"925292832","code":8200,"fclass":"water","name":null},"geometry":{"type":"MultiPolygon","coordinates":[[[[79.883,6.9029],[79.8836,6.9032],[79.883,6.9029]]]]}},{"type":"Feature","properties":{"osm_id":"926067270","code":8200,"fclass":"water","name":null},"geometry":{"type":"MultiPolygon","coordinates":[[[[79.8793,6.9024],[79.8793,6.9024]]]]}},{"type":"Feature","properties":{"osm_id":"926067271","code":8200,"fclass":"water","name":null},"geometry":{"type":"MultiPolygon","coordinates":[[[[79.8795,6.9024],[79.8798,6.9025],[79.8795,6.9024]]]]}},{"type":"Feature","properties":{"osm_id":"926067272","code":8200,"fclass":"water","name":null},"geometry":{"type":"MultiPolygon","coordinates":[[[[79.8826,6.9029],[79.8829,6.9036],[79.8826,6.9029]]]]}},{"type":"Feature","properties":{"osm_id":"926067276","code":8200,"fclass":"water","name":null},"geometry":{"type":"MultiPolygon","coordinates":[[[[79.8854,6.9061],[79.8859,6.906],[79.8854,6.9061]]]]}},{"type":"Feature","properties":{"osm_id":"926904894","code":8200,"fclass":"water","name":null},"geometry":{"type":"MultiPolygon","coordinates":[[[[80.074,7.1628],[80.0743,7.1631],[80.0747,7.1621],[80.074,7.1628]]]]}},{"type":"Feature","properties":{"osm_id":"940431871","code":8200,"fclass":"water","name":null},"geometry":{"type":"MultiPolygon","coordinates":[[[[79.8733,7.0092],[79.8744,7.0093],[79.874,7.0089],[79.8733,7.0092]]]]}},{"type":"Feature","properties":{"osm_id":"940431872","code":8221,"fclass":"wetland","name":null},"geometry":{"type":"MultiPolygon","coordinates":[[[[79.8776,7.0081],[79.8799,7.008],[79.8777,7.0067],[79.8776,7.0081]]]]}},{"type":"Feature","properties":{"osm_id":"940431873","code":8221,"fclass":"wetland","name":null},"geometry":{"type":"MultiPolygon","coordinates":[[[[79.8722,7.0071],[79.8728,7.0082],[79.8771,7.0081],[79.8772,7.0068],[79.8752,7.0068],[79.8748,7.003],[79.8737,7.003],[79.874,7.0047],[79.8736,7.0046],[79.8722,7.0071]]]]}},{"type":"Feature","properties":{"osm_id":"941233698","code":8200,"fclass":"water","name":null},"geometry":{"type":"MultiPolygon","coordinates":[[[[79.8787,7.0195],[79.8791,7.0193],[79.8787,7.0195]]]]}},{"type":"Feature","properties":{"osm_id":"941233699","code":8200,"fclass":"water","name":null},"geometry":{"type":"MultiPolygon","coordinates":[[[[79.8786,7.0197],[79.8789,7.0196],[79.8786,7.0197]]]]}},{"type":"Feature","properties":{"osm_id":"941233700","code":8200,"fclass":"water","name":null},"geometry":{"type":"MultiPolygon","coordinates":[[[[79.8785,7.02],[79.8788,7.0199],[79.8785,7.02]]]]}},{"type":"Feature","properties":{"osm_id":"941241730","code":8221,"fclass":"wetland","name":null},"geometry":{"type":"MultiPolygon","coordinates":[[[[79.8653,7.0363],[79.8661,7.0365],[79.8661,7.037],[79.8673,7.038],[79.8682,7.0382],[79.8672,7.0389],[79.8683,7.0386],[79.8671,7.0399],[79.8667,7.0418],[79.8674,7.0421],[79.8667,7.0424],[79.8662,7.0433],[79.866,7.0453],[79.8673,7.0454],[79.8678,7.0466],[79.8692,7.046],[79.8693,7.0467],[79.8708,7.0469],[79.8716,7.0465],[79.8718,7.046],[79.8723,7.0459],[79.8726,7.0466],[79.8727,7.0459],[79.8732,7.0459],[79.8733,7.0477],[79.8744,7.0476],[79.8749,7.0471],[79.8749,7.0461],[79.8759,7.0464],[79.876,7.0459],[79.8769,7.0459],[79.8772,7.0463],[79.8772,7.0459],[79.8776,7.0459],[79.878,7.0469],[79.8786,7.0458],[79.8793,7.0459],[79.8791,7.0467],[79.8796,7.0466],[79.8797,7.0461],[79.8803,7.0466],[79.8808,7.0463],[79.8808,7.0468],[79.881,7.0463],[79.8815,7.0464],[79.8815,7.0467],[79.8869,7.0344],[79.8825,7.0332],[79.8824,7.0307],[79.8819,7.0301],[79.8809,7.03],[79.8807,7.0291],[79.8833,7.0287],[79.884,7.0296],[79.8858,7.0298],[79.8864,7.0291],[79.8873,7.0295],[79.8884,7.0294],[79.8889,7.0271],[79.8867,7.0272],[79.8866,7.028],[79.8862,7.0281],[79.8857,7.0278],[79.8864,7.0272],[79.8838,7.0271],[79.8832,7.0275],[79.8833,7.0271],[79.8813,7.027],[79.8811,7.0276],[79.8805,7.0277],[79.881,7.027],[79.8804,7.027],[79.8796,7.0279],[79.879,7.0277],[79.879,7.0268],[79.8728,7.0266],[79.8736,7.0264],[79.8731,7.0258],[79.8694,7.0256],[79.8693,7.0217],[79.8681,7.0216],[79.8684,7.0225],[79.8672,7.0224],[79.8671,7.0229],[79.868,7.0232],[79.8678,7.0247],[79.8686,7.0247],[79.8684,7.0273],[79.867,7.0274],[79.8664,7.0282],[79.8669,7.0285],[79.8667,7.0294],[79.866,7.0294],[79.8662,7.0301],[79.8678,7.0307],[79.8677,7.0314],[79.8663,7.0317],[79.8668,7.032],[79.8662,7.0331],[79.8667,7.0335],[79.8664,7.0342],[79.8672,7.0345],[79.8664,7.0344],[79.8664,7.0357],[79.8654,7.0355],[79.8653,7.0363]]]]}},{"type":"Feature","properties":{"osm_id":"941241732","code":8200,"fclass":"water","name":null},"geometry":{"type":"MultiPolygon","coordinates":[[[[79.8728,7.0266],[79.879,7.0268],[79.879,7.0277],[79.8796,7.0279],[79.8804,7.027],[79.881,7.027],[79.8805,7.0277],[79.8811,7.0276],[79.8813,7.027],[79.8833,7.0271],[79.8832,7.0275],[79.8838,7.0271],[79.8864,7.0272],[79.8857,7.0278],[79.8862,7.0281],[79.8866,7.028],[79.8867,7.0272],[79.8889,7.0271],[79.8728,7.0266]]]]}},{"type":"Feature","properties":{"osm_id":"941241733","code":8221,"fclass":"wetland","name":null},"geometry":{"type":"MultiPolygon","coordinates":[[[[79.8807,7.0291],[79.8809,7.03],[79.8819,7.0301],[79.8824,7.0307],[79.8825,7.0332],[79.8869,7.0344],[79.8884,7.0294],[79.8873,7.0295],[79.8864,7.0291],[79.8858,7.0298],[79.884,7.0296],[79.8833,7.0287],[79.8807,7.0291]]]]}},{"type":"Feature","properties":{"osm_id":"12696442","code":8200,"fclass":"water","name":null},"geometry":{"type":"MultiPolygon","coordinates":[[[[79.8525,7.0746],[79.8534,7.0747],[79.853,7.0742],[79.8525,7.0746]],[[79.8527,7.0745],[79.8527,7.0745]]]]}},{"type":"Feature","properties":{"osm_id":"941512641","code":8200,"fclass":"water","name":null},"geometry":{"type":"MultiPolygon","coordinates":[[[[79.8533,7.0718],[79.8539,7.072],[79.8542,7.0714],[79.8535,7.0711],[79.8533,7.0718]]]]}},{"type":"Feature","properties":{"osm_id":"941512642","code":8200,"fclass":"water","name":null},"geometry":{"type":"MultiPolygon","coordinates":[[[[79.854,7.0723],[79.8545,7.0723],[79.854,7.0723]]]]}},{"type":"Feature","properties":{"osm_id":"941512643","code":8200,"fclass":"water","name":null},"geometry":{"type":"MultiPolygon","coordinates":[[[[79.8531,7.0727],[79.8538,7.0722],[79.8532,7.0719],[79.8531,7.0727]]]]}},{"type":"Feature","properties":{"osm_id":"941512644","code":8200,"fclass":"water","name":null},"geometry":{"type":"MultiPolygon","coordinates":[[[[79.8527,7.0719],[79.8531,7.0719],[79.8527,7.0719]]]]}},{"type":"Feature","properties":{"osm_id":"941512645","code":8200,"fclass":"water","name":null},"geometry":{"type":"MultiPolygon","coordinates":[[[[79.8544,7.0709],[79.8548,7.0712],[79.8544,7.0709]]]]}},{"type":"Feature","properties":{"osm_id":"941512646","code":8200,"fclass":"water","name":null},"geometry":{"type":"MultiPolygon","coordinates":[[[[79.8543,7.0696],[79.8549,7.0702],[79.8553,7.0695],[79.8546,7.0691],[79.8543,7.0696]]]]}},{"type":"Feature","properties":{"osm_id":"941512649","code":8200,"fclass":"water","name":null},"geometry":{"type":"MultiPolygon","coordinates":[[[[79.8547,7.0658],[79.855,7.0664],[79.8555,7.066],[79.8561,7.0663],[79.8559,7.0669],[79.8565,7.0673],[79.8564,7.0665],[79.8569,7.066],[79.8557,7.0655],[79.8547,7.0658]]]]}},{"type":"Feature","properties":{"osm_id":"941512673","code":8200,"fclass":"water","name":null},"geometry":{"type":"MultiPolygon","coordinates":[[[[79.8581,7.0526],[79.8586,7.0525],[79.8581,7.0526]]]]}},{"type":"Feature","properties":{"osm_id":"941512683","code":8200,"fclass":"water","name":null},"geometry":{"type":"MultiPolygon","coordinates":[[[[79.863,7.0509],[79.8645,7.0508],[79.8633,7.0503],[79.863,7.0509]]]]}},{"type":"Feature","properties":{"osm_id":"941512684","code":8200,"fclass":"water","name":null},"geometry":{"type":"MultiPolygon","coordinates":[[[[79.8616,7.0519],[79.8626,7.0527],[79.8633,7.0522],[79.8631,7.0515],[79.8618,7.0514],[79.8616,7.0519]]]]}},{"type":"Feature","properties":{"osm_id":"941512685","code":8200,"fclass":"water","name":null},"geometry":{"type":"MultiPolygon","coordinates":[[[[79.858,7.0528],[79.8583,7.0536],[79.8588,7.053],[79.8599,7.0534],[79.8603,7.0526],[79.8596,7.0522],[79.8596,7.0527],[79.858,7.0528]]]]}},{"type":"Feature","properties":{"osm_id":"941512686","code":8200,"fclass":"water","name":null},"geometry":{"type":"MultiPolygon","coordinates":[[[[79.8573,7.0517],[79.8583,7.0523],[79.8573,7.0517]]]]}},{"type":"Feature","properties":{"osm_id":"941512687","code":8200,"fclass":"water","name":null},"geometry":{"type":"MultiPolygon","coordinates":[[[[79.8578,7.0499],[79.8587,7.0504],[79.8578,7.0499]]]]}},{"type":"Feature","properties":{"osm_id":"941512688","code":8200,"fclass":"water","name":null},"geometry":{"type":"MultiPolygon","coordinates":[[[[79.8574,7.0508],[79.8583,7.0507],[79.8574,7.0504],[79.8574,7.0508]]]]}},{"type":"Feature","properties":{"osm_id":"941512689","code":8200,"fclass":"water","name":null},"geometry":{"type":"MultiPolygon","coordinates":[[[[79.8581,7.049],[79.8582,7.0498],[79.8609,7.0509],[79.8605,7.0498],[79.8581,7.049]]]]}},{"type":"Feature","properties":{"osm_id":"943770398","code":8200,"fclass":"water","name":null},"geometry":{"type":"MultiPolygon","coordinates":[[[[79.8312,7.1523],[79.8318,7.1523],[79.8312,7.1523]]]]}},{"type":"Feature","properties":{"osm_id":"943770399","code":8200,"fclass":"water","name":null},"geometry":{"type":"MultiPolygon","coordinates":[[[[79.8317,7.1526],[79.832,7.1528],[79.8321,7.1525],[79.8317,7.1526]]]]}},{"type":"Feature","properties":{"osm_id":"1359990","code":8200,"fclass":"water","name":null},"geometry":{"type":"MultiPolygon","coordinates":[[[[79.8192,7.2052],[79.8206,7.2061],[79.8245,7.2058],[79.8252,7.2068],[79.826,7.2052],[79.8252,7.2059],[79.824,7.2054],[79.825,7.2038],[79.8214,7.2041],[79.8192,7.2052]],[[79.8207,7.2049],[79.8212,7.2047],[79.8215,7.2051],[79.8207,7.2049]],[[79.8226,7.205],[79.8226,7.205]],[[79.8227,7.2046],[79.8237,7.2045],[79.8232,7.205],[79.8227,7.2046]]]]}},{"type":"Feature","properties":{"osm_id":"944328344","code":8200,"fclass":"water","name":null},"geometry":{"type":"MultiPolygon","coordinates":[[[[79.8238,7.1935],[79.8243,7.1936],[79.8243,7.194],[79.8245,7.1936],[79.8238,7.1935]]]]}},{"type":"Feature","properties":{"osm_id":"12728382","code":8200,"fclass":"water","name":null},"geometry":{"type":"MultiPolygon","coordinates":[[[[79.8245,7.1935],[79.8253,7.194],[79.8249,7.1948],[79.8257,7.195],[79.826,7.1956],[79.8246,7.1957],[79.8279,7.1962],[79.8279,7.1957],[79.8268,7.196],[79.8263,7.1934],[79.8249,7.1927],[79.8245,7.1935]],[[79.8259,7.1947],[79.8263,7.1951],[79.8259,7.1947]],[[79.826,7.1955],[79.8263,7.1957],[79.826,7.1955]]]]}},{"type":"Feature","properties":{"osm_id":"944328349","code":8200,"fclass":"water","name":null},"geometry":{"type":"MultiPolygon","coordinates":[[[[79.8242,7.1963],[79.8246,7.1954],[79.8242,7.1963]]]]}},{"type":"Feature","properties":{"osm_id":"944328362","code":8200,"fclass":"water","name":null},"geometry":{"type":"MultiPolygon","coordinates":[[[[79.8251,7.172],[79.8255,7.1719],[79.8251,7.172]]]]}},{"type":"Feature","properties":{"osm_id":"947000925","code":8200,"fclass":"water","name":null},"geometry":{"type":"MultiPolygon","coordinates":[[[[80.0083,7.2798],[80.0087,7.2798],[80.0083,7.2798]]]]}},{"type":"Feature","properties":{"osm_id":"947000926","code":8200,"fclass":"water","name":null},"geometry":{"type":"MultiPolygon","coordinates":[[[[80.0077,7.2803],[80.008,7.2807],[80.0085,7.2804],[80.0083,7.2799],[80.0077,7.2803]]]]}},{"type":"Feature","properties":{"osm_id":"948248121","code":8200,"fclass":"water","name":null},"geometry":{"type":"MultiPolygon","coordinates":[[[[79.9228,6.9105],[79.9237,6.9109],[79.9228,6.9105]]]]}},{"type":"Feature","properties":{"osm_id":"948376122","code":8200,"fclass":"water","name":null},"geometry":{"type":"MultiPolygon","coordinates":[[[[79.9117,6.9058],[79.9117,6.9058]]]]}},{"type":"Feature","properties":{"osm_id":"949700605","code":8201,"fclass":"reservoir","name":null},"geometry":{"type":"MultiPolygon","coordinates":[[[[79.8888,6.9266],[79.8891,6.9269],[79.8891,6.9259],[79.8888,6.9266]]]]}},{"type":"Feature","properties":{"osm_id":"949700606","code":8201,"fclass":"reservoir","name":null},"geometry":{"type":"MultiPolygon","coordinates":[[[[79.8892,6.9265],[79.8895,6.9269],[79.8892,6.9265]]]]}},{"type":"Feature","properties":{"osm_id":"950067519","code":8221,"fclass":"wetland","name":null},"geometry":{"type":"MultiPolygon","coordinates":[[[[79.9604,6.7923],[79.9615,6.7933],[79.9618,6.7925],[79.9625,6.7927],[79.9624,6.792],[79.9632,6.7916],[79.9628,6.7913],[79.9636,6.79],[79.9624,6.789],[79.9628,6.7881],[79.9619,6.788],[79.9616,6.7894],[79.9623,6.7898],[79.9604,6.7923]]]]}},{"type":"Feature","properties":{"osm_id":"951258512","code":8221,"fclass":"wetland","name":null},"geometry":{"type":"MultiPolygon","coordinates":[[[[79.9497,6.8091],[79.9498,6.8099],[79.9506,6.8098],[79.9511,6.8114],[79.9523,6.8104],[79.9512,6.8078],[79.9511,6.8085],[79.9499,6.8086],[79.9497,6.8091]]]]}},{"type":"Feature","properties":{"osm_id":"951769883","code":8200,"fclass":"water","name":null},"geometry":{"type":"MultiPolygon","coordinates":[[[[79.9297,6.727],[79.9299,6.7277],[79.9301,6.727],[79.9297,6.727]]]]}},{"type":"Feature","properties":{"osm_id":"951769884","code":8200,"fclass":"water","name":null},"geometry":{"type":"MultiPolygon","coordinates":[[[[79.9285,6.7276],[79.9286,6.7282],[79.9294,6.7281],[79.9291,6.7285],[79.9295,6.7287],[79.9297,6.7279],[79.9285,6.7276]]]]}},{"type":"Feature","properties":{"osm_id":"957910586","code":8200,"fclass":"water","name":null},"geometry":{"type":"MultiPolygon","coordinates":[[[[79.959,6.5817],[79.9619,6.5784],[79.9637,6.5744],[79.9637,6.5685],[79.9643,6.5677],[79.9639,6.5688],[79.9643,6.5692],[79.9652,6.5656],[79.9651,6.5617],[79.9647,6.5617],[79.9644,6.5632],[79.9631,6.5635],[79.9633,6.566],[79.9629,6.567],[79.9618,6.567],[79.9608,6.5679],[79.9605,6.5696],[79.9614,6.5678],[79.9621,6.5678],[79.9615,6.5691],[79.9632,6.5719],[79.9635,6.5735],[79.963,6.5725],[79.9623,6.5739],[79.9629,6.5741],[79.9618,6.5746],[79.959,6.5817]]]]}},{"type":"Feature","properties":{"osm_id":"961972645","code":8201,"fclass":"reservoir","name":null},"geometry":{"type":"MultiPolygon","coordinates":[[[[80.0185,6.9257],[80.0185,6.9257]]]]}},{"type":"Feature","properties":{"osm_id":"961972646","code":8201,"fclass":"reservoir","name":null},"geometry":{"type":"MultiPolygon","coordinates":[[[[80.0184,6.9259],[80.0184,6.9259]]]]}},{"type":"Feature","properties":{"osm_id":"961972651","code":8200,"fclass":"water","name":null},"geometry":{"type":"MultiPolygon","coordinates":[[[[80.0056,6.9219],[80.0064,6.9219],[80.0066,6.9212],[80.0056,6.9219]]]]}},{"type":"Feature","properties":{"osm_id":"961972652","code":8200,"fclass":"water","name":null},"geometry":{"type":"MultiPolygon","coordinates":[[[[80.0076,6.921],[80.0083,6.9211],[80.008,6.92],[80.0076,6.921]]]]}},{"type":"Feature","properties":{"osm_id":"961972653","code":8200,"fclass":"water","name":null},"geometry":{"type":"MultiPolygon","coordinates":[[[[80.0064,6.9199],[80.0069,6.9202],[80.0076,6.9198],[80.0064,6.9199]]]]}},{"type":"Feature","properties":{"osm_id":"962536414","code":8200,"fclass":"water","name":null},"geometry":{"type":"MultiPolygon","coordinates":[[[[79.9256,6.902],[79.9269,6.9029],[79.9268,6.9017],[79.9265,6.9025],[79.9256,6.902]]]]}},{"type":"Feature","properties":{"osm_id":"963176231","code":8221,"fclass":"wetland","name":null},"geometry":{"type":"MultiPolygon","coordinates":[[[[79.9312,6.8833],[79.9318,6.8843],[79.9324,6.8836],[79.9318,6.8828],[79.9312,6.8833]]]]}},{"type":"Feature","properties":{"osm_id":"963176243","code":8200,"fclass":"water","name":null},"geometry":{"type":"MultiPolygon","coordinates":[[[[79.9472,6.9583],[79.9472,6.9583]]]]}},{"type":"Feature","properties":{"osm_id":"963176247","code":8200,"fclass":"water","name":null},"geometry":{"type":"MultiPolygon","coordinates":[[[[79.9478,6.9577],[79.9481,6.9575],[79.9478,6.9577]]]]}},{"type":"Feature","properties":{"osm_id":"963176248","code":8200,"fclass":"water","name":null},"geometry":{"type":"MultiPolygon","coordinates":[[[[79.9476,6.9576],[79.9476,6.9576]]]]}},{"type":"Feature","properties":{"osm_id":"963176249","code":8200,"fclass":"water","name":null},"geometry":{"type":"MultiPolygon","coordinates":[[[[79.9476,6.9581],[79.9476,6.9581]]]]}},{"type":"Feature","properties":{"osm_id":"963176250","code":8200,"fclass":"water","name":null},"geometry":{"type":"MultiPolygon","coordinates":[[[[79.9473,6.958],[79.9476,6.9577],[79.9473,6.958]]]]}},{"type":"Feature","properties":{"osm_id":"963176251","code":8200,"fclass":"water","name":null},"geometry":{"type":"MultiPolygon","coordinates":[[[[79.947,6.9586],[79.9475,6.9582],[79.947,6.9586]]]]}},{"type":"Feature","properties":{"osm_id":"963176252","code":8200,"fclass":"water","name":null},"geometry":{"type":"MultiPolygon","coordinates":[[[[79.9468,6.9585],[79.9472,6.958],[79.9468,6.9585]]]]}},{"type":"Feature","properties":{"osm_id":"963176253","code":8200,"fclass":"water","name":null},"geometry":{"type":"MultiPolygon","coordinates":[[[[79.9465,6.959],[79.9473,6.9589],[79.9467,6.9586],[79.9465,6.959]]]]}},{"type":"Feature","properties":{"osm_id":"963176255","code":8201,"fclass":"reservoir","name":null},"geometry":{"type":"MultiPolygon","coordinates":[[[[79.9497,6.9596],[79.9503,6.9599],[79.9497,6.9596]]]]}},{"type":"Feature","properties":{"osm_id":"963176260","code":8201,"fclass":"reservoir","name":null},"geometry":{"type":"MultiPolygon","coordinates":[[[[79.9503,6.9583],[79.9503,6.9583]]]]}},{"type":"Feature","properties":{"osm_id":"963176261","code":8201,"fclass":"reservoir","name":null},"geometry":{"type":"MultiPolygon","coordinates":[[[[79.9501,6.9586],[79.9501,6.9586]]]]}},{"type":"Feature","properties":{"osm_id":"971978047","code":8200,"fclass":"water","name":null},"geometry":{"type":"MultiPolygon","coordinates":[[[[80.0944,7.0666],[80.0944,7.0666]]]]}},{"type":"Feature","properties":{"osm_id":"972553059","code":8221,"fclass":"wetland","name":null},"geometry":{"type":"MultiPolygon","coordinates":[[[[79.9036,6.8115],[79.9037,6.8123],[79.9043,6.8111],[79.9061,6.8112],[79.9065,6.8107],[79.9043,6.8095],[79.9048,6.8084],[79.9061,6.8083],[79.9059,6.8072],[79.904,6.8085],[79.9036,6.8115]]]]}},{"type":"Feature","properties":{"osm_id":"981468415","code":8202,"fclass":"riverbank","name":null},"geometry":{"type":"MultiPolygon","coordinates":[[[[79.9391,6.9646],[79.9394,6.964],[79.9391,6.9646]]]]}},{"type":"Feature","properties":{"osm_id":"983747804","code":8200,"fclass":"water","name":"Keratiyabada Lake"},"geometry":{"type":"MultiPolygon","coordinates":[[[[80.0476,7.0998],[80.0486,7.1002],[80.0486,7.099],[80.0478,7.0989],[80.0476,7.0998]]]]}},{"type":"Feature","properties":{"osm_id":"989665420","code":8200,"fclass":"water","name":null},"geometry":{"type":"MultiPolygon","coordinates":[[[[79.9187,6.6832],[79.9187,6.6832]]]]}},{"type":"Feature","properties":{"osm_id":"993560791","code":8200,"fclass":"water","name":"Holy Cross College Pond"},"geometry":{"type":"MultiPolygon","coordinates":[[[[80.0064,7.0869],[80.0068,7.0868],[80.0064,7.0869]]]]}},{"type":"Feature","properties":{"osm_id":"998048633","code":8200,"fclass":"water","name":null},"geometry":{"type":"MultiPolygon","coordinates":[[[[79.9097,6.9111],[79.9108,6.911],[79.9122,6.9094],[79.9134,6.9092],[79.9121,6.9092],[79.9108,6.9108],[79.9102,6.9105],[79.9097,6.9111]]]]}},{"type":"Feature","properties":{"osm_id":"1005740341","code":8200,"fclass":"water","name":null},"geometry":{"type":"MultiPolygon","coordinates":[[[[79.9303,6.8793],[79.9303,6.8793]]]]}},{"type":"Feature","properties":{"osm_id":"13474203","code":8221,"fclass":"wetland","name":null},"geometry":{"type":"MultiPolygon","coordinates":[[[[79.9273,6.8827],[79.9284,6.8828],[79.9297,6.8812],[79.9308,6.8821],[79.931,6.8833],[79.9322,6.8822],[79.9337,6.8819],[79.9336,6.881],[79.932,6.8809],[79.9318,6.8798],[79.9329,6.8775],[79.9336,6.8772],[79.9331,6.8771],[79.9335,6.8756],[79.9328,6.8755],[79.9312,6.877],[79.9304,6.8786],[79.9294,6.8792],[79.9297,6.8805],[79.9292,6.8809],[79.9284,6.8804],[79.9273,6.8827]],[[79.9303,6.8793],[79.9303,6.8793]],[[79.9305,6.8801],[79.9305,6.8801]],[[79.9309,6.8783],[79.9313,6.8784],[79.9309,6.8783]]]]}},{"type":"Feature","properties":{"osm_id":"1005740344","code":8200,"fclass":"water","name":null},"geometry":{"type":"MultiPolygon","coordinates":[[[[79.9305,6.8801],[79.9305,6.8801]]]]}},{"type":"Feature","properties":{"osm_id":"1009537481","code":8202,"fclass":"riverbank","name":null},"geometry":{"type":"MultiPolygon","coordinates":[[[[79.8959,6.8289],[79.8962,6.8314],[79.8975,6.8287],[79.8986,6.8282],[79.8992,6.8318],[79.9006,6.8309],[79.9006,6.8303],[79.8996,6.8299],[79.8997,6.8285],[79.8993,6.8283],[79.8991,6.8267],[79.8977,6.8233],[79.8981,6.8203],[79.8989,6.8188],[79.8984,6.8185],[79.8975,6.8214],[79.8977,6.8243],[79.8959,6.8289]]]]}},{"type":"Feature","properties":{"osm_id":"13516612","code":8202,"fclass":"riverbank","name":null},"geometry":{"type":"MultiPolygon","coordinates":[[[[79.9003,6.8178],[79.9029,6.8174],[79.9009,6.8164],[79.9003,6.8178]],[[79.9007,6.8175],[79.9008,6.8167],[79.9026,6.8175],[79.9007,6.8175]]]]}},{"type":"Feature","properties":{"osm_id":"13634276","code":8202,"fclass":"riverbank","name":null},"geometry":{"type":"MultiPolygon","coordinates":[[[[79.9259,7.2841],[79.9273,7.2833],[79.9259,7.2841]]],[[[79.9281,7.2829],[79.9302,7.2804],[79.9281,7.2829]]],[[[79.9354,7.2783],[79.9381,7.2809],[79.9401,7.278],[79.9381,7.2807],[79.9354,7.2783]]],[[[79.9405,7.2772],[79.9405,7.2772]]],[[[79.9427,7.2755],[79.9439,7.2747],[79.9427,7.2755]]],[[[79.9442,7.2745],[79.9442,7.2745]]],[[[79.9459,7.2739],[79.9468,7.2757],[79.9466,7.2786],[79.9476,7.2801],[79.9492,7.2811],[79.9515,7.2806],[79.9493,7.2807],[79.9476,7.2798],[79.9469,7.2784],[79.948,7.2769],[79.9468,7.2745],[79.9459,7.2739]],[[79.9469,7.2763],[79.9473,7.2764],[79.9473,7.2772],[79.9469,7.2763]]],[[[79.9535,7.2804],[79.9549,7.2807],[79.9542,7.2802],[79.9535,7.2804]]],[[[79.956,7.2827],[79.9526,7.2847],[79.9559,7.2835],[79.956,7.2827]]]]}},{"type":"Feature","properties":{"osm_id":"1024603207","code":8200,"fclass":"water","name":null},"geometry":{"type":"MultiPolygon","coordinates":[[[[80.1312,7.2623],[80.1317,7.2628],[80.1323,7.2625],[80.1318,7.2619],[80.1312,7.2623]]]]}},{"type":"Feature","properties":{"osm_id":"1026645592","code":8200,"fclass":"water","name":null},"geometry":{"type":"MultiPolygon","coordinates":[[[[79.8628,6.9147],[79.8628,6.9147]]]]}},{"type":"Feature","properties":{"osm_id":"1026645597","code":8200,"fclass":"water","name":null},"geometry":{"type":"MultiPolygon","coordinates":[[[[79.8624,6.9142],[79.8627,6.9146],[79.8624,6.9142]]]]}},{"type":"Feature","properties":{"osm_id":"1026645602","code":8200,"fclass":"water","name":null},"geometry":{"type":"MultiPolygon","coordinates":[[[[79.8622,6.9139],[79.8622,6.9139]]]]}},{"type":"Feature","properties":{"osm_id":"1026657879","code":8200,"fclass":"water","name":null},"geometry":{"type":"MultiPolygon","coordinates":[[[[79.8716,6.9036],[79.8716,6.9036]]]]}},{"type":"Feature","properties":{"osm_id":"1026682890","code":8200,"fclass":"water","name":null},"geometry":{"type":"MultiPolygon","coordinates":[[[[79.8353,6.9332],[79.8357,6.9337],[79.8359,6.9334],[79.8353,6.9332]]]]}},{"type":"Feature","properties":{"osm_id":"1028541782","code":8200,"fclass":"water","name":null},"geometry":{"type":"MultiPolygon","coordinates":[[[[79.9493,6.6043],[79.9493,6.6043]]]]}},{"type":"Feature","properties":{"osm_id":"1028541783","code":8200,"fclass":"water","name":null},"geometry":{"type":"MultiPolygon","coordinates":[[[[79.9496,6.6044],[79.9517,6.6052],[79.9496,6.6044]]]]}},{"type":"Feature","properties":{"osm_id":"1029533189","code":8200,"fclass":"water","name":null},"geometry":{"type":"MultiPolygon","coordinates":[[[[79.8856,6.9716],[79.8879,6.9698],[79.8872,6.9684],[79.8884,6.9673],[79.8879,6.9672],[79.887,6.9683],[79.8873,6.97],[79.8856,6.9716]]]]}},{"type":"Feature","properties":{"osm_id":"1029533190","code":8200,"fclass":"water","name":null},"geometry":{"type":"MultiPolygon","coordinates":[[[[79.888,6.9664],[79.8886,6.9667],[79.8885,6.9673],[79.8889,6.967],[79.8887,6.966],[79.8903,6.9649],[79.8911,6.9667],[79.8909,6.9677],[79.8898,6.9684],[79.8909,6.968],[79.8914,6.966],[79.8902,6.9641],[79.8889,6.9656],[79.8883,6.9656],[79.888,6.9664]]]]}},{"type":"Feature","properties":{"osm_id":"1029533201","code":8200,"fclass":"water","name":null},"geometry":{"type":"MultiPolygon","coordinates":[[[[79.8902,6.9688],[79.8911,6.9685],[79.8913,6.9689],[79.8909,6.9695],[79.8913,6.9691],[79.8928,6.9699],[79.8935,6.9697],[79.8919,6.9691],[79.8913,6.9684],[79.8902,6.9688]]]]}},{"type":"Feature","properties":{"osm_id":"1029544677","code":8200,"fclass":"water","name":null},"geometry":{"type":"MultiPolygon","coordinates":[[[[79.8934,6.9695],[79.8934,6.9695]]]]}},{"type":"Feature","properties":{"osm_id":"1029544678","code":8200,"fclass":"water","name":null},"geometry":{"type":"MultiPolygon","coordinates":[[[[79.8938,6.9694],[79.8942,6.9697],[79.8938,6.9694]]]]}},{"type":"Feature","properties":{"osm_id":"1031121854","code":8221,"fclass":"wetland","name":null},"geometry":{"type":"MultiPolygon","coordinates":[[[[79.9756,6.9201],[79.9792,6.9215],[79.9795,6.9219],[79.9791,6.9234],[79.9823,6.9205],[79.9835,6.9208],[79.9836,6.9196],[79.9856,6.9192],[79.986,6.9195],[79.9857,6.92],[79.9864,6.92],[79.9868,6.9207],[79.9856,6.9212],[79.9883,6.9226],[79.9871,6.9211],[79.9875,6.9204],[79.9881,6.9203],[79.9884,6.922],[79.9893,6.9219],[79.9897,6.9211],[79.9894,6.9208],[79.9896,6.9193],[79.9891,6.9192],[79.9875,6.9165],[79.9853,6.9174],[79.9846,6.9165],[79.9852,6.9154],[79.9864,6.9151],[79.9879,6.9139],[79.9882,6.9123],[79.9871,6.9119],[79.9872,6.9125],[79.9858,6.9141],[79.9843,6.9133],[79.9845,6.9114],[79.9832,6.9127],[79.9823,6.9121],[79.981,6.9126],[79.9812,6.9138],[79.9804,6.9149],[79.9817,6.9153],[79.9816,6.9163],[79.9824,6.9168],[79.9817,6.9173],[79.983,6.9181],[79.983,6.9188],[79.9803,6.9212],[79.9779,6.9203],[79.9756,6.9201]]]]}},{"type":"Feature","properties":{"osm_id":"1033319702","code":8200,"fclass":"water","name":null},"geometry":{"type":"MultiPolygon","coordinates":[[[[79.9618,6.9216],[79.9621,6.9217],[79.9618,6.9216]]]]}},{"type":"Feature","properties":{"osm_id":"1033471702","code":8200,"fclass":"water","name":null},"geometry":{"type":"MultiPolygon","coordinates":[[[[79.9494,6.9327],[79.9494,6.9327]]]]}},{"type":"Feature","properties":{"osm_id":"1033471705","code":8200,"fclass":"water","name":null},"geometry":{"type":"MultiPolygon","coordinates":[[[[79.951,6.9329],[79.9512,6.9334],[79.9526,6.933],[79.9527,6.932],[79.951,6.9325],[79.951,6.9329]]]]}},{"type":"Feature","properties":{"osm_id":"13887423","code":8200,"fclass":"water","name":null},"geometry":{"type":"MultiPolygon","coordinates":[[[[79.8619,6.9154],[79.8622,6.9152],[79.8619,6.9154]]],[[[79.8623,6.9151],[79.8626,6.9148],[79.8623,6.9151]]],[[[79.8628,6.9147],[79.8628,6.9147]]]]}},{"type":"Feature","properties":{"osm_id":"13887426","code":8200,"fclass":"water","name":null},"geometry":{"type":"MultiPolygon","coordinates":[[[[79.8631,6.9144],[79.8635,6.9142],[79.8631,6.9144]]],[[[79.8637,6.914],[79.864,6.9137],[79.8637,6.914]]]]}},{"type":"Feature","properties":{"osm_id":"13887428","code":8200,"fclass":"water","name":null},"geometry":{"type":"MultiPolygon","coordinates":[[[[79.8617,6.9133],[79.8621,6.9137],[79.8617,6.9133]]]]}},{"type":"Feature","properties":{"osm_id":"1046211571","code":8200,"fclass":"water","name":null},"geometry":{"type":"MultiPolygon","coordinates":[[[[80.079,6.6038],[80.079,6.6038]]]]}},{"type":"Feature","properties":{"osm_id":"1056856876","code":8200,"fclass":"water","name":null},"geometry":{"type":"MultiPolygon","coordinates":[[[[80.1344,6.729],[80.1349,6.7288],[80.1344,6.729]]]]}},{"type":"Feature","properties":{"osm_id":"1056856877","code":8200,"fclass":"water","name":null},"geometry":{"type":"MultiPolygon","coordinates":[[[[80.1344,6.7293],[80.1348,6.7291],[80.1344,6.7293]]]]}},{"type":"Feature","properties":{"osm_id":"1056856878","code":8200,"fclass":"water","name":null},"geometry":{"type":"MultiPolygon","coordinates":[[[[80.1342,6.7296],[80.1347,6.7294],[80.1342,6.7296]]]]}},{"type":"Feature","properties":{"osm_id":"1056856879","code":8200,"fclass":"water","name":null},"geometry":{"type":"MultiPolygon","coordinates":[[[[80.1358,6.73],[80.1366,6.7302],[80.1369,6.7293],[80.1361,6.729],[80.1358,6.73]]]]}},{"type":"Feature","properties":{"osm_id":"1060575609","code":8200,"fclass":"water","name":null},"geometry":{"type":"MultiPolygon","coordinates":[[[[79.9286,6.8722],[79.9289,6.8723],[79.9299,6.87],[79.9296,6.8707],[79.9293,6.87],[79.9292,6.8713],[79.9286,6.8722]]]]}},{"type":"Feature","properties":{"osm_id":"1077460516","code":8200,"fclass":"water","name":"swiming pool"},"geometry":{"type":"MultiPolygon","coordinates":[[[[79.9212,6.8],[79.9217,6.7999],[79.9212,6.8]]]]}},{"type":"Feature","properties":{"osm_id":"1082896951","code":8200,"fclass":"water","name":"Mattegoda lake"},"geometry":{"type":"MultiPolygon","coordinates":[[[[79.9723,6.8131],[79.9727,6.8133],[79.973,6.813],[79.9723,6.8131]]]]}},{"type":"Feature","properties":{"osm_id":"1083163679","code":8221,"fclass":"wetland","name":null},"geometry":{"type":"MultiPolygon","coordinates":[[[[79.8836,7.24],[79.8839,7.2399],[79.8836,7.24]]]]}},{"type":"Feature","properties":{"osm_id":"1084519343","code":8200,"fclass":"water","name":null},"geometry":{"type":"MultiPolygon","coordinates":[[[[80.1044,6.9223],[80.1057,6.9223],[80.1054,6.9218],[80.1046,6.9222],[80.1046,6.9218],[80.1044,6.9223]]]]}},{"type":"Feature","properties":{"osm_id":"1092014798","code":8200,"fclass":"water","name":"Talangama Lake"},"geometry":{"type":"MultiPolygon","coordinates":[[[[79.9462,6.8892],[79.9465,6.8888],[79.9476,6.8893],[79.9478,6.8874],[79.9483,6.8871],[79.9475,6.886],[79.9474,6.8846],[79.947,6.8845],[79.9471,6.885],[79.9464,6.8855],[79.9468,6.8869],[79.9462,6.8892]]]]}},{"type":"Feature","properties":{"osm_id":"1092015499","code":8221,"fclass":"wetland","name":null},"geometry":{"type":"MultiPolygon","coordinates":[[[[79.9461,6.8815],[79.9467,6.8845],[79.9474,6.8846],[79.9475,6.886],[79.9481,6.8868],[79.948,6.8857],[79.9486,6.885],[79.9478,6.8835],[79.9481,6.8804],[79.9473,6.8803],[79.9472,6.8811],[79.9461,6.8815]]]]}},{"type":"Feature","properties":{"osm_id":"1092015708","code":8221,"fclass":"wetland","name":null},"geometry":{"type":"MultiPolygon","coordinates":[[[[79.9448,6.8855],[79.9464,6.8861],[79.9464,6.8855],[79.9449,6.8851],[79.9448,6.8855]]]]}},{"type":"Feature","properties":{"osm_id":"1098157053","code":8200,"fclass":"water","name":null},"geometry":{"type":"MultiPolygon","coordinates":[[[[80.1172,6.7027],[80.1177,6.7026],[80.1172,6.7027]]]]}},{"type":"Feature","properties":{"osm_id":"1098157055","code":8200,"fclass":"water","name":null},"geometry":{"type":"MultiPolygon","coordinates":[[[[80.1159,6.7033],[80.1162,6.7031],[80.1159,6.7033]]]]}},{"type":"Feature","properties":{"osm_id":"1098157056","code":8200,"fclass":"water","name":null},"geometry":{"type":"MultiPolygon","coordinates":[[[[80.1155,6.7034],[80.1155,6.7034]]]]}},{"type":"Feature","properties":{"osm_id":"1098157057","code":8200,"fclass":"water","name":null},"geometry":{"type":"MultiPolygon","coordinates":[[[[80.119,6.7033],[80.1194,6.7032],[80.119,6.7033]]]]}},{"type":"Feature","properties":{"osm_id":"1098157058","code":8200,"fclass":"water","name":null},"geometry":{"type":"MultiPolygon","coordinates":[[[[80.1192,6.7042],[80.1192,6.7042]]]]}},{"type":"Feature","properties":{"osm_id":"1101714681","code":8200,"fclass":"water","name":null},"geometry":{"type":"MultiPolygon","coordinates":[[[[79.9369,6.8794],[79.9375,6.8797],[79.9369,6.8794]]]]}},{"type":"Feature","properties":{"osm_id":"1101804970","code":8221,"fclass":"wetland","name":null},"geometry":{"type":"MultiPolygon","coordinates":[[[[80.1408,6.5843],[80.1417,6.5843],[80.1413,6.5836],[80.1408,6.5843]]]]}},{"type":"Feature","properties":{"osm_id":"1106280618","code":8200,"fclass":"water","name":null},"geometry":{"type":"MultiPolygon","coordinates":[[[[79.8709,6.8811],[79.8714,6.8851],[79.8711,6.8807],[79.873,6.8787],[79.8709,6.8811]]]]}},{"type":"Feature","properties":{"osm_id":"1106489139","code":8221,"fclass":"wetland","name":null},"geometry":{"type":"MultiPolygon","coordinates":[[[[80.055,6.705],[80.0555,6.705],[80.0556,6.7046],[80.055,6.7045],[80.055,6.705]]]]}},{"type":"Feature","properties":{"osm_id":"1106490246","code":8221,"fclass":"wetland","name":null},"geometry":{"type":"MultiPolygon","coordinates":[[[[80.0738,6.7087],[80.0742,6.7088],[80.0744,6.7082],[80.0738,6.7087]]]]}},{"type":"Feature","properties":{"osm_id":"1106490247","code":8221,"fclass":"wetland","name":null},"geometry":{"type":"MultiPolygon","coordinates":[[[[80.0726,6.7091],[80.0731,6.7092],[80.0732,6.7087],[80.0727,6.7086],[80.0726,6.7091]]]]}},{"type":"Feature","properties":{"osm_id":"1106494824","code":8200,"fclass":"water","name":null},"geometry":{"type":"MultiPolygon","coordinates":[[[[80.1335,6.6574],[80.134,6.6572],[80.1335,6.6574]]]]}},{"type":"Feature","properties":{"osm_id":"1106510984","code":8200,"fclass":"water","name":null},"geometry":{"type":"MultiPolygon","coordinates":[[[[80.0756,6.5897],[80.0766,6.5899],[80.0769,6.589],[80.0757,6.5888],[80.0756,6.5897]]]]}},{"type":"Feature","properties":{"osm_id":"1106518619","code":8200,"fclass":"water","name":null},"geometry":{"type":"MultiPolygon","coordinates":[[[[80.1329,6.661],[80.1339,6.6597],[80.1329,6.661]]]]}},{"type":"Feature","properties":{"osm_id":"1106597333","code":8200,"fclass":"water","name":null},"geometry":{"type":"MultiPolygon","coordinates":[[[[80.0747,7.285],[80.0752,7.2846],[80.0747,7.285]]]]}},{"type":"Feature","properties":{"osm_id":"1106597334","code":8200,"fclass":"water","name":null},"geometry":{"type":"MultiPolygon","coordinates":[[[[80.0752,7.2844],[80.0756,7.2844],[80.0752,7.2844]]]]}},{"type":"Feature","properties":{"osm_id":"1106597335","code":8200,"fclass":"water","name":null},"geometry":{"type":"MultiPolygon","coordinates":[[[[80.0756,7.284],[80.0763,7.2835],[80.0756,7.284]]]]}},{"type":"Feature","properties":{"osm_id":"1106597336","code":8200,"fclass":"water","name":null},"geometry":{"type":"MultiPolygon","coordinates":[[[[80.0752,7.2834],[80.0756,7.2834],[80.0752,7.2834]]]]}},{"type":"Feature","properties":{"osm_id":"1106597337","code":8200,"fclass":"water","name":null},"geometry":{"type":"MultiPolygon","coordinates":[[[[80.0757,7.2831],[80.0765,7.2825],[80.0759,7.2825],[80.0757,7.2831]]]]}},{"type":"Feature","properties":{"osm_id":"1106743007","code":8200,"fclass":"water","name":null},"geometry":{"type":"MultiPolygon","coordinates":[[[[80.0478,6.6292],[80.0492,6.6301],[80.0493,6.6298],[80.0478,6.6288],[80.0478,6.6292]]]]}},{"type":"Feature","properties":{"osm_id":"1107194740","code":8200,"fclass":"water","name":null},"geometry":{"type":"MultiPolygon","coordinates":[[[[80.0525,7.2489],[80.0528,7.2492],[80.053,7.2487],[80.0525,7.2489]]]]}},{"type":"Feature","properties":{"osm_id":"1107764182","code":8200,"fclass":"water","name":null},"geometry":{"type":"MultiPolygon","coordinates":[[[[80.0197,7.1294],[80.02,7.1295],[80.0197,7.1294]]]]}},{"type":"Feature","properties":{"osm_id":"1109922903","code":8201,"fclass":"reservoir","name":null},"geometry":{"type":"MultiPolygon","coordinates":[[[[80.0266,6.9005],[80.0267,6.9008],[80.0272,6.9005],[80.0266,6.9005]]]]}},{"type":"Feature","properties":{"osm_id":"1111525459","code":8200,"fclass":"water","name":null},"geometry":{"type":"MultiPolygon","coordinates":[[[[79.8912,6.8294],[79.8928,6.8285],[79.8923,6.8279],[79.8912,6.8294]]]]}},{"type":"Feature","properties":{"osm_id":"1111528545","code":8200,"fclass":"water","name":null},"geometry":{"type":"MultiPolygon","coordinates":[[[[79.8737,7.1643],[79.8745,7.1653],[79.8757,7.1644],[79.8746,7.1632],[79.8737,7.1643]]]]}},{"type":"Feature","properties":{"osm_id":"1114920134","code":8200,"fclass":"water","name":null},"geometry":{"type":"MultiPolygon","coordinates":[[[[80.0536,6.6811],[80.0539,6.681],[80.0536,6.6811]]]]}},{"type":"Feature","properties":{"osm_id":"1114920135","code":8200,"fclass":"water","name":null},"geometry":{"type":"MultiPolygon","coordinates":[[[[80.0529,6.6803],[80.0529,6.6807],[80.0534,6.6806],[80.0529,6.6803]]]]}},{"type":"Feature","properties":{"osm_id":"1148402866","code":8200,"fclass":"water","name":null},"geometry":{"type":"MultiPolygon","coordinates":[[[[80.1101,6.4404],[80.1101,6.4404]]]]}},{"type":"Feature","properties":{"osm_id":"1152328183","code":8200,"fclass":"water","name":null},"geometry":{"type":"MultiPolygon","coordinates":[[[[80.0484,7.0423],[80.0487,7.0427],[80.0492,7.0419],[80.0484,7.0423]]]]}},{"type":"Feature","properties":{"osm_id":"16480164","code":8200,"fclass":"water","name":"Lake Sila"},"geometry":{"type":"MultiPolygon","coordinates":[[[[79.9752,6.4668],[79.9761,6.4682],[79.9764,6.468],[79.9762,6.4664],[79.9752,6.4668]],[[79.9758,6.467],[79.9758,6.467]],[[79.9761,6.4667],[79.9761,6.4667]]]]}},{"type":"Feature","properties":{"osm_id":"1164462691","code":8200,"fclass":"water","name":null},"geometry":{"type":"MultiPolygon","coordinates":[[[[80.0468,6.7232],[80.0471,6.7235],[80.0468,6.7232]]]]}},{"type":"Feature","properties":{"osm_id":"1165613186","code":8200,"fclass":"water","name":null},"geometry":{"type":"MultiPolygon","coordinates":[[[[80.1011,6.7342],[80.1015,6.7344],[80.102,6.7339],[80.1011,6.7342]]]]}},{"type":"Feature","properties":{"osm_id":"1165613187","code":8200,"fclass":"water","name":null},"geometry":{"type":"MultiPolygon","coordinates":[[[[80.1022,6.734],[80.1023,6.7343],[80.1029,6.734],[80.1022,6.734]]]]}},{"type":"Feature","properties":{"osm_id":"1173015657","code":8200,"fclass":"water","name":null},"geometry":{"type":"MultiPolygon","coordinates":[[[[80.1775,6.7156],[80.1778,6.7162],[80.1782,6.716],[80.1781,6.7152],[80.1775,6.7156]]]]}},{"type":"Feature","properties":{"osm_id":"1175361528","code":8200,"fclass":"water","name":null},"geometry":{"type":"MultiPolygon","coordinates":[[[[80.0933,6.883],[80.0933,6.883]]]]}},{"type":"Feature","properties":{"osm_id":"1180368883","code":8200,"fclass":"water","name":null},"geometry":{"type":"MultiPolygon","coordinates":[[[[79.9857,6.9313],[79.9864,6.9312],[79.9858,6.9308],[79.9857,6.9313]]]]}},{"type":"Feature","properties":{"osm_id":"1180728610","code":8200,"fclass":"water","name":null},"geometry":{"type":"MultiPolygon","coordinates":[[[[80.1363,6.7282],[80.1363,6.7289],[80.1368,6.7292],[80.1372,6.7288],[80.1363,6.7282]]]]}},{"type":"Feature","properties":{"osm_id":"1180729788","code":8200,"fclass":"water","name":null},"geometry":{"type":"MultiPolygon","coordinates":[[[[80.1373,6.7255],[80.1373,6.7255]]]]}},{"type":"Feature","properties":{"osm_id":"1180729789","code":8200,"fclass":"water","name":null},"geometry":{"type":"MultiPolygon","coordinates":[[[[80.1373,6.7224],[80.1376,6.7221],[80.1373,6.7224]]]]}},{"type":"Feature","properties":{"osm_id":"1180729790","code":8200,"fclass":"water","name":null},"geometry":{"type":"MultiPolygon","coordinates":[[[[80.1371,6.7231],[80.1374,6.7226],[80.1371,6.7231]]]]}},{"type":"Feature","properties":{"osm_id":"1180729791","code":8200,"fclass":"water","name":null},"geometry":{"type":"MultiPolygon","coordinates":[[[[80.1383,6.7209],[80.1385,6.7213],[80.1383,6.7209]]]]}},{"type":"Feature","properties":{"osm_id":"1180765372","code":8200,"fclass":"water","name":null},"geometry":{"type":"MultiPolygon","coordinates":[[[[80.1845,6.8191],[80.1851,6.8202],[80.1846,6.8193],[80.1848,6.8186],[80.1845,6.8191]]]]}},{"type":"Feature","properties":{"osm_id":"1180966663","code":8200,"fclass":"water","name":null},"geometry":{"type":"MultiPolygon","coordinates":[[[[79.965,6.56],[79.9651,6.5607],[79.965,6.56]]]]}},{"type":"Feature","properties":{"osm_id":"1181338685","code":8200,"fclass":"water","name":null},"geometry":{"type":"MultiPolygon","coordinates":[[[[80.1372,6.7191],[80.1378,6.7191],[80.1372,6.7191]]]]}},{"type":"Feature","properties":{"osm_id":"1181338700","code":8200,"fclass":"water","name":null},"geometry":{"type":"MultiPolygon","coordinates":[[[[80.138,6.7216],[80.1384,6.7214],[80.138,6.7216]]]]}},{"type":"Feature","properties":{"osm_id":"1182288714","code":8200,"fclass":"water","name":null},"geometry":{"type":"MultiPolygon","coordinates":[[[[80.1378,6.7257],[80.1382,6.7255],[80.1378,6.7257]]]]}},{"type":"Feature","properties":{"osm_id":"1182742870","code":8200,"fclass":"water","name":null},"geometry":{"type":"MultiPolygon","coordinates":[[[[80.1823,6.5893],[80.1827,6.5898],[80.1827,6.5893],[80.1823,6.5893]]]]}},{"type":"Feature","properties":{"osm_id":"1183393279","code":8200,"fclass":"water","name":null},"geometry":{"type":"MultiPolygon","coordinates":[[[[79.9862,6.4462],[79.987,6.4456],[79.9862,6.4462]]]]}},{"type":"Feature","properties":{"osm_id":"1183637284","code":8200,"fclass":"water","name":null},"geometry":{"type":"MultiPolygon","coordinates":[[[[80.096,6.7949],[80.096,6.7949]]]]}},{"type":"Feature","properties":{"osm_id":"1183637285","code":8200,"fclass":"water","name":null},"geometry":{"type":"MultiPolygon","coordinates":[[[[80.0962,6.7949],[80.0962,6.7949]]]]}},{"type":"Feature","properties":{"osm_id":"1183637286","code":8200,"fclass":"water","name":null},"geometry":{"type":"MultiPolygon","coordinates":[[[[80.0964,6.7949],[80.0964,6.7949]]]]}},{"type":"Feature","properties":{"osm_id":"1183637287","code":8200,"fclass":"water","name":null},"geometry":{"type":"MultiPolygon","coordinates":[[[[80.096,6.7947],[80.096,6.7947]]]]}},{"type":"Feature","properties":{"osm_id":"1183637288","code":8200,"fclass":"water","name":null},"geometry":{"type":"MultiPolygon","coordinates":[[[[80.0962,6.7948],[80.0962,6.7948]]]]}},{"type":"Feature","properties":{"osm_id":"1183637289","code":8200,"fclass":"water","name":null},"geometry":{"type":"MultiPolygon","coordinates":[[[[80.0964,6.7948],[80.0964,6.7948]]]]}},{"type":"Feature","properties":{"osm_id":"1183702946","code":8202,"fclass":"riverbank","name":null},"geometry":{"type":"MultiPolygon","coordinates":[[[[79.9193,6.737],[79.9197,6.738],[79.9195,6.7369],[79.9199,6.7353],[79.9193,6.737]]]]}},{"type":"Feature","properties":{"osm_id":"1183702947","code":8200,"fclass":"water","name":null},"geometry":{"type":"MultiPolygon","coordinates":[[[[79.9204,6.7345],[79.9213,6.7349],[79.9204,6.7345]]]]}},{"type":"Feature","properties":{"osm_id":"1183874289","code":8200,"fclass":"water","name":null},"geometry":{"type":"MultiPolygon","coordinates":[[[[79.9955,6.4486],[79.9955,6.4486]]]]}},{"type":"Feature","properties":{"osm_id":"1183876122","code":8200,"fclass":"water","name":null},"geometry":{"type":"MultiPolygon","coordinates":[[[[79.9943,6.4483],[79.9943,6.4483]]]]}},{"type":"Feature","properties":{"osm_id":"1183877956","code":8200,"fclass":"water","name":null},"geometry":{"type":"MultiPolygon","coordinates":[[[[79.9918,6.4482],[79.9918,6.4482]]]]}},{"type":"Feature","properties":{"osm_id":"1183878196","code":8200,"fclass":"water","name":null},"geometry":{"type":"MultiPolygon","coordinates":[[[[79.9526,6.5963],[79.9526,6.5963]]]]}},{"type":"Feature","properties":{"osm_id":"1184808272","code":8200,"fclass":"water","name":null},"geometry":{"type":"MultiPolygon","coordinates":[[[[80.0779,6.6102],[80.0784,6.6095],[80.0779,6.6102]]]]}},{"type":"Feature","properties":{"osm_id":"1184931316","code":8221,"fclass":"wetland","name":null},"geometry":{"type":"MultiPolygon","coordinates":[[[[79.9151,6.982],[79.9156,6.9835],[79.917,6.9826],[79.9177,6.9828],[79.9182,6.9838],[79.9189,6.9823],[79.9224,6.9829],[79.9224,6.9825],[79.919,6.9811],[79.918,6.9819],[79.9153,6.9816],[79.9151,6.982]]]]}},{"type":"Feature","properties":{"osm_id":"1184935961","code":8200,"fclass":"water","name":"Uyanwatta Lake"},"geometry":{"type":"MultiPolygon","coordinates":[[[[80.0037,6.7269],[80.0048,6.7266],[80.0058,6.7272],[80.0059,6.7299],[80.007,6.7281],[80.0077,6.7277],[80.0099,6.7299],[80.0101,6.7295],[80.0108,6.7299],[80.0112,6.7297],[80.0095,6.7274],[80.008,6.7268],[80.0078,6.7261],[80.0082,6.7254],[80.0062,6.7238],[80.0052,6.7254],[80.0038,6.7252],[80.0037,6.7269]]]]}},{"type":"Feature","properties":{"osm_id":"1184982953","code":8200,"fclass":"water","name":null},"geometry":{"type":"MultiPolygon","coordinates":[[[[80.0979,6.5099],[80.0979,6.5099]]]]}},{"type":"Feature","properties":{"osm_id":"1185185410","code":8200,"fclass":"water","name":null},"geometry":{"type":"MultiPolygon","coordinates":[[[[80.1045,6.5019],[80.1045,6.5019]]]]}},{"type":"Feature","properties":{"osm_id":"1185185411","code":8200,"fclass":"water","name":null},"geometry":{"type":"MultiPolygon","coordinates":[[[[80.1045,6.5021],[80.1045,6.5021]]]]}},{"type":"Feature","properties":{"osm_id":"1185185412","code":8200,"fclass":"water","name":null},"geometry":{"type":"MultiPolygon","coordinates":[[[[80.1048,6.5018],[80.1048,6.5018]]]]}},{"type":"Feature","properties":{"osm_id":"1185185413","code":8200,"fclass":"water","name":null},"geometry":{"type":"MultiPolygon","coordinates":[[[[80.1049,6.5019],[80.1049,6.5019]]]]}},{"type":"Feature","properties":{"osm_id":"1185185414","code":8200,"fclass":"water","name":null},"geometry":{"type":"MultiPolygon","coordinates":[[[[80.1036,6.5025],[80.1036,6.5025]]]]}},{"type":"Feature","properties":{"osm_id":"1185266117","code":8200,"fclass":"water","name":null},"geometry":{"type":"MultiPolygon","coordinates":[[[[80.0102,6.6848],[80.0105,6.6849],[80.0104,6.6844],[80.0102,6.6848]]]]}},{"type":"Feature","properties":{"osm_id":"1185524262","code":8201,"fclass":"reservoir","name":null},"geometry":{"type":"MultiPolygon","coordinates":[[[[80.1036,6.5007],[80.1036,6.5007]]]]}},{"type":"Feature","properties":{"osm_id":"1185524263","code":8201,"fclass":"reservoir","name":null},"geometry":{"type":"MultiPolygon","coordinates":[[[[80.1037,6.5003],[80.1041,6.5004],[80.1037,6.5003]]]]}},{"type":"Feature","properties":{"osm_id":"1185524264","code":8201,"fclass":"reservoir","name":null},"geometry":{"type":"MultiPolygon","coordinates":[[[[80.1047,6.5004],[80.1047,6.5004]]]]}},{"type":"Feature","properties":{"osm_id":"1185524265","code":8201,"fclass":"reservoir","name":null},"geometry":{"type":"MultiPolygon","coordinates":[[[[80.1049,6.5003],[80.1049,6.5003]]]]}},{"type":"Feature","properties":{"osm_id":"1185563458","code":8200,"fclass":"water","name":null},"geometry":{"type":"MultiPolygon","coordinates":[[[[80.0501,6.4384],[80.0507,6.4379],[80.0501,6.4384]]]]}},{"type":"Feature","properties":{"osm_id":"1185563459","code":8200,"fclass":"water","name":null},"geometry":{"type":"MultiPolygon","coordinates":[[[[80.054,6.436],[80.0552,6.4365],[80.0543,6.4355],[80.054,6.436]]]]}},{"type":"Feature","properties":{"osm_id":"1185563460","code":8200,"fclass":"water","name":null},"geometry":{"type":"MultiPolygon","coordinates":[[[[80.0522,6.4368],[80.0527,6.4366],[80.0522,6.4368]]]]}},{"type":"Feature","properties":{"osm_id":"1185563474","code":8200,"fclass":"water","name":null},"geometry":{"type":"MultiPolygon","coordinates":[[[[80.058,6.4456],[80.058,6.4456]]]]}},{"type":"Feature","properties":{"osm_id":"1185733045","code":8200,"fclass":"water","name":null},"geometry":{"type":"MultiPolygon","coordinates":[[[[80.2222,6.5123],[80.2222,6.5123]]]]}},{"type":"Feature","properties":{"osm_id":"1185944369","code":8200,"fclass":"water","name":null},"geometry":{"type":"MultiPolygon","coordinates":[[[[80.1307,6.7961],[80.1309,6.7966],[80.1307,6.7961]]]]}},{"type":"Feature","properties":{"osm_id":"1186048034","code":8200,"fclass":"water","name":null},"geometry":{"type":"MultiPolygon","coordinates":[[[[80.1695,6.569],[80.1701,6.5691],[80.1695,6.569]]]]}},{"type":"Feature","properties":{"osm_id":"1186073350","code":8200,"fclass":"water","name":null},"geometry":{"type":"MultiPolygon","coordinates":[[[[79.9446,6.6787],[79.9451,6.6775],[79.9446,6.6787]]]]}},{"type":"Feature","properties":{"osm_id":"1186187418","code":8200,"fclass":"water","name":null},"geometry":{"type":"MultiPolygon","coordinates":[[[[80.1242,6.4785],[80.1242,6.4785]]]]}},{"type":"Feature","properties":{"osm_id":"1186973435","code":8200,"fclass":"water","name":null},"geometry":{"type":"MultiPolygon","coordinates":[[[[79.982,6.4491],[79.9828,6.4511],[79.982,6.4491]]]]}},{"type":"Feature","properties":{"osm_id":"1187249770","code":8200,"fclass":"water","name":null},"geometry":{"type":"MultiPolygon","coordinates":[[[[80.0626,6.5413],[80.0626,6.5413]]]]}},{"type":"Feature","properties":{"osm_id":"1187253170","code":8200,"fclass":"water","name":null},"geometry":{"type":"MultiPolygon","coordinates":[[[[80.0731,6.5904],[80.0731,6.5904]]]]}},{"type":"Feature","properties":{"osm_id":"1187259997","code":8200,"fclass":"water","name":null},"geometry":{"type":"MultiPolygon","coordinates":[[[[80.1222,6.5016],[80.1222,6.5016]]]]}},{"type":"Feature","properties":{"osm_id":"1187501837","code":8221,"fclass":"wetland","name":null},"geometry":{"type":"MultiPolygon","coordinates":[[[[79.979,6.5794],[79.9801,6.5773],[79.9797,6.5773],[79.979,6.5794]]]]}},{"type":"Feature","properties":{"osm_id":"1187506083","code":8200,"fclass":"water","name":null},"geometry":{"type":"MultiPolygon","coordinates":[[[[80.1295,6.5754],[80.1301,6.5747],[80.1295,6.5754]]]]}},{"type":"Feature","properties":{"osm_id":"1187548284","code":8201,"fclass":"reservoir","name":null},"geometry":{"type":"MultiPolygon","coordinates":[[[[79.9121,6.7227],[79.9121,6.7227]]]]}},{"type":"Feature","properties":{"osm_id":"1187557795","code":8200,"fclass":"water","name":null},"geometry":{"type":"MultiPolygon","coordinates":[[[[80.0562,6.7415],[80.0562,6.7415]]]]}},{"type":"Feature","properties":{"osm_id":"1187818547","code":8200,"fclass":"water","name":null},"geometry":{"type":"MultiPolygon","coordinates":[[[[80.0001,6.6814],[80.0001,6.6814]]]]}},{"type":"Feature","properties":{"osm_id":"1187819047","code":8200,"fclass":"water","name":null},"geometry":{"type":"MultiPolygon","coordinates":[[[[80.0054,6.651],[80.0059,6.651],[80.0054,6.651]]]]}},{"type":"Feature","properties":{"osm_id":"1187831932","code":8200,"fclass":"water","name":null},"geometry":{"type":"MultiPolygon","coordinates":[[[[79.9625,6.6922],[79.9625,6.6922]]]]}},{"type":"Feature","properties":{"osm_id":"1187836049","code":8200,"fclass":"water","name":null},"geometry":{"type":"MultiPolygon","coordinates":[[[[79.9625,6.6868],[79.9632,6.6869],[79.9625,6.6868]]]]}},{"type":"Feature","properties":{"osm_id":"1188142363","code":8200,"fclass":"water","name":null},"geometry":{"type":"MultiPolygon","coordinates":[[[[79.9013,6.7564],[79.9016,6.7565],[79.9013,6.7564]]]]}},{"type":"Feature","properties":{"osm_id":"1188165903","code":8221,"fclass":"wetland","name":null},"geometry":{"type":"MultiPolygon","coordinates":[[[[79.9696,6.6813],[79.9717,6.6816],[79.9715,6.6813],[79.9722,6.6803],[79.9711,6.6803],[79.9696,6.6813]]]]}},{"type":"Feature","properties":{"osm_id":"1188165907","code":8200,"fclass":"water","name":null},"geometry":{"type":"MultiPolygon","coordinates":[[[[79.9792,6.6802],[79.9794,6.6808],[79.9798,6.6798],[79.9801,6.6779],[79.9792,6.6802]]]]}},{"type":"Feature","properties":{"osm_id":"1188226938","code":8200,"fclass":"water","name":null},"geometry":{"type":"MultiPolygon","coordinates":[[[[80.02,6.639],[80.0204,6.6395],[80.0206,6.6384],[80.02,6.639]]]]}},{"type":"Feature","properties":{"osm_id":"1188276391","code":8200,"fclass":"water","name":null},"geometry":{"type":"MultiPolygon","coordinates":[[[[80.0206,6.6322],[80.0208,6.6326],[80.0217,6.6305],[80.0229,6.6302],[80.0228,6.6297],[80.0216,6.6303],[80.0214,6.6315],[80.0206,6.6322]]]]}},{"type":"Feature","properties":{"osm_id":"1188278812","code":8200,"fclass":"water","name":null},"geometry":{"type":"MultiPolygon","coordinates":[[[[80.0158,6.6264],[80.0169,6.6257],[80.0158,6.6264]]]]}},{"type":"Feature","properties":{"osm_id":"1188278813","code":8200,"fclass":"water","name":null},"geometry":{"type":"MultiPolygon","coordinates":[[[[80.022,6.623],[80.0225,6.6245],[80.0229,6.6239],[80.0229,6.6236],[80.0225,6.6238],[80.0228,6.6218],[80.022,6.623]]]]}},{"type":"Feature","properties":{"osm_id":"1188278815","code":8200,"fclass":"water","name":null},"geometry":{"type":"MultiPolygon","coordinates":[[[[80.0211,6.621],[80.0215,6.6211],[80.0213,6.6207],[80.0211,6.621]]]]}},{"type":"Feature","properties":{"osm_id":"1188338950","code":8200,"fclass":"water","name":null},"geometry":{"type":"MultiPolygon","coordinates":[[[[79.97,6.7519],[79.97,6.7519]]]]}},{"type":"Feature","properties":{"osm_id":"1188393258","code":8221,"fclass":"wetland","name":null},"geometry":{"type":"MultiPolygon","coordinates":[[[[80.0112,6.6948],[80.0119,6.695],[80.0117,6.6945],[80.0125,6.6931],[80.0135,6.6931],[80.0135,6.6879],[80.0126,6.6878],[80.0122,6.6887],[80.0124,6.6895],[80.0115,6.6917],[80.0112,6.6948]]]]}},{"type":"Feature","properties":{"osm_id":"1188393259","code":8200,"fclass":"water","name":null},"geometry":{"type":"MultiPolygon","coordinates":[[[[80.0096,6.6898],[80.0102,6.69],[80.0104,6.6896],[80.0097,6.6894],[80.0096,6.6898]]]]}},{"type":"Feature","properties":{"osm_id":"1188393260","code":8200,"fclass":"water","name":null},"geometry":{"type":"MultiPolygon","coordinates":[[[[80.0075,6.6912],[80.008,6.6918],[80.0075,6.6912]]]]}},{"type":"Feature","properties":{"osm_id":"1188393261","code":8221,"fclass":"wetland","name":null},"geometry":{"type":"MultiPolygon","coordinates":[[[[80.0023,6.6878],[80.0024,6.6905],[80.0031,6.6907],[80.0042,6.6921],[80.0044,6.689],[80.0059,6.6863],[80.0029,6.6864],[80.0029,6.6874],[80.0023,6.6878]]]]}},{"type":"Feature","properties":{"osm_id":"1188393262","code":8221,"fclass":"wetland","name":null},"geometry":{"type":"MultiPolygon","coordinates":[[[[80.0039,6.6958],[80.006,6.6959],[80.0071,6.6966],[80.0072,6.6974],[80.0078,6.6974],[80.0087,6.6929],[80.0097,6.6926],[80.0099,6.6911],[80.0078,6.6918],[80.0071,6.6899],[80.0084,6.6897],[80.0078,6.6887],[80.0095,6.6864],[80.0067,6.6863],[80.0039,6.6958]]]]}},{"type":"Feature","properties":{"osm_id":"1188679791","code":8200,"fclass":"water","name":null},"geometry":{"type":"MultiPolygon","coordinates":[[[[80.1517,6.7283],[80.1517,6.7283]]]]}},{"type":"Feature","properties":{"osm_id":"1188679792","code":8200,"fclass":"water","name":null},"geometry":{"type":"MultiPolygon","coordinates":[[[[80.1516,6.7284],[80.1516,6.7284]]]]}},{"type":"Feature","properties":{"osm_id":"1188679793","code":8200,"fclass":"water","name":null},"geometry":{"type":"MultiPolygon","coordinates":[[[[80.1515,6.7285],[80.1515,6.7285]]]]}},{"type":"Feature","properties":{"osm_id":"1188878888","code":8221,"fclass":"wetland","name":null},"geometry":{"type":"MultiPolygon","coordinates":[[[[79.9804,6.5068],[79.9807,6.507],[79.9804,6.5068]]]]}},{"type":"Feature","properties":{"osm_id":"1188949802","code":8200,"fclass":"water","name":null},"geometry":{"type":"MultiPolygon","coordinates":[[[[80.1406,6.4583],[80.1408,6.4581],[80.1406,6.4583]]]]}},{"type":"Feature","properties":{"osm_id":"1188949803","code":8200,"fclass":"water","name":null},"geometry":{"type":"MultiPolygon","coordinates":[[[[80.1408,6.4583],[80.1412,6.4585],[80.1408,6.4583]]]]}},{"type":"Feature","properties":{"osm_id":"1188949804","code":8200,"fclass":"water","name":null},"geometry":{"type":"MultiPolygon","coordinates":[[[[80.1414,6.4587],[80.142,6.4587],[80.1414,6.4587]]]]}},{"type":"Feature","properties":{"osm_id":"1189195199","code":8200,"fclass":"water","name":null},"geometry":{"type":"MultiPolygon","coordinates":[[[[80.0051,6.4802],[80.0051,6.4802]]]]}},{"type":"Feature","properties":{"osm_id":"1189218353","code":8200,"fclass":"water","name":null},"geometry":{"type":"MultiPolygon","coordinates":[[[[79.9672,6.5729],[79.9674,6.5733],[79.9672,6.5729]]]]}},{"type":"Feature","properties":{"osm_id":"1189312918","code":8200,"fclass":"water","name":null},"geometry":{"type":"MultiPolygon","coordinates":[[[[79.9161,6.6871],[79.9161,6.6871]]]]}},{"type":"Feature","properties":{"osm_id":"1189321485","code":8200,"fclass":"water","name":null},"geometry":{"type":"MultiPolygon","coordinates":[[[[79.9634,6.7572],[79.9647,6.7569],[79.9634,6.7572]]]]}},{"type":"Feature","properties":{"osm_id":"1189421149","code":8200,"fclass":"water","name":"Swimming pool"},"geometry":{"type":"MultiPolygon","coordinates":[[[[80.0091,6.439],[80.0091,6.439]]]]}},{"type":"Feature","properties":{"osm_id":"1189421150","code":8200,"fclass":"water","name":"Swimming pool"},"geometry":{"type":"MultiPolygon","coordinates":[[[[80.0092,6.4393],[80.0092,6.4393]]]]}},{"type":"Feature","properties":{"osm_id":"1189421151","code":8200,"fclass":"water","name":"Swimming pool"},"geometry":{"type":"MultiPolygon","coordinates":[[[[80.0095,6.4395],[80.0095,6.4395]]]]}},{"type":"Feature","properties":{"osm_id":"1189611491","code":8200,"fclass":"water","name":null},"geometry":{"type":"MultiPolygon","coordinates":[[[[79.955,6.6236],[79.9555,6.6237],[79.9556,6.6234],[79.955,6.6236]]]]}},{"type":"Feature","properties":{"osm_id":"1189611492","code":8200,"fclass":"water","name":null},"geometry":{"type":"MultiPolygon","coordinates":[[[[79.9549,6.6247],[79.9551,6.6249],[79.9558,6.6245],[79.9551,6.624],[79.9549,6.6247]]]]}},{"type":"Feature","properties":{"osm_id":"1189611493","code":8200,"fclass":"water","name":null},"geometry":{"type":"MultiPolygon","coordinates":[[[[79.9533,6.6255],[79.9542,6.6257],[79.9543,6.6249],[79.9549,6.6249],[79.9548,6.6242],[79.9538,6.6234],[79.9533,6.6255]]]]}},{"type":"Feature","properties":{"osm_id":"1189611494","code":8200,"fclass":"water","name":null},"geometry":{"type":"MultiPolygon","coordinates":[[[[79.9545,6.6224],[79.9546,6.6229],[79.9557,6.6233],[79.9558,6.6227],[79.9569,6.6226],[79.9545,6.6224]]]]}},{"type":"Feature","properties":{"osm_id":"1189624831","code":8200,"fclass":"water","name":null},"geometry":{"type":"MultiPolygon","coordinates":[[[[79.96,6.6274],[79.9619,6.6277],[79.96,6.6274]]]]}},{"type":"Feature","properties":{"osm_id":"1189682632","code":8202,"fclass":"riverbank","name":null},"geometry":{"type":"MultiPolygon","coordinates":[[[[80.0847,6.4552],[80.0866,6.457],[80.0886,6.4569],[80.0883,6.4577],[80.0891,6.4588],[80.0887,6.4645],[80.0921,6.4669],[80.0914,6.4679],[80.0914,6.471],[80.0924,6.4748],[80.0929,6.4752],[80.0932,6.475],[80.0927,6.4749],[80.0917,6.4714],[80.0916,6.4677],[80.0925,6.4669],[80.0888,6.4642],[80.0894,6.4589],[80.0886,6.4575],[80.0889,6.4568],[80.0868,6.4568],[80.0849,6.4553],[80.0869,6.4539],[80.0871,6.4528],[80.0865,6.4521],[80.0867,6.4539],[80.0847,6.4552]]]]}},{"type":"Feature","properties":{"osm_id":"1189719112","code":8200,"fclass":"water","name":null},"geometry":{"type":"MultiPolygon","coordinates":[[[[79.9571,6.7096],[79.9576,6.7094],[79.9571,6.7096]]]]}},{"type":"Feature","properties":{"osm_id":"1189763265","code":8221,"fclass":"wetland","name":null},"geometry":{"type":"MultiPolygon","coordinates":[[[[79.931,6.7231],[79.931,6.7231]]]]}},{"type":"Feature","properties":{"osm_id":"1189846975","code":8200,"fclass":"water","name":null},"geometry":{"type":"MultiPolygon","coordinates":[[[[80.257,6.5547],[80.2575,6.5533],[80.257,6.5547]]]]}},{"type":"Feature","properties":{"osm_id":"1189851553","code":8200,"fclass":"water","name":null},"geometry":{"type":"MultiPolygon","coordinates":[[[[80.2462,6.5445],[80.2462,6.5445]]]]}},{"type":"Feature","properties":{"osm_id":"1190160172","code":8200,"fclass":"water","name":null},"geometry":{"type":"MultiPolygon","coordinates":[[[[80.1052,6.4968],[80.1052,6.4968]]]]}},{"type":"Feature","properties":{"osm_id":"1190160173","code":8200,"fclass":"water","name":null},"geometry":{"type":"MultiPolygon","coordinates":[[[[80.1012,6.4988],[80.1017,6.4985],[80.1012,6.4988]]]]}},{"type":"Feature","properties":{"osm_id":"1190160174","code":8200,"fclass":"water","name":null},"geometry":{"type":"MultiPolygon","coordinates":[[[[80.1053,6.4956],[80.1053,6.4956]]]]}},{"type":"Feature","properties":{"osm_id":"1190214398","code":8200,"fclass":"water","name":null},"geometry":{"type":"MultiPolygon","coordinates":[[[[80.0989,6.4943],[80.0989,6.4943]]]]}},{"type":"Feature","properties":{"osm_id":"1190214399","code":8200,"fclass":"water","name":null},"geometry":{"type":"MultiPolygon","coordinates":[[[[80.0988,6.4945],[80.0988,6.4945]]]]}},{"type":"Feature","properties":{"osm_id":"1190287855","code":8200,"fclass":"water","name":null},"geometry":{"type":"MultiPolygon","coordinates":[[[[79.9529,6.7038],[79.9529,6.7038]]]]}},{"type":"Feature","properties":{"osm_id":"1190287856","code":8200,"fclass":"water","name":null},"geometry":{"type":"MultiPolygon","coordinates":[[[[79.9529,6.7037],[79.9529,6.7037]]]]}},{"type":"Feature","properties":{"osm_id":"1190287857","code":8200,"fclass":"water","name":null},"geometry":{"type":"MultiPolygon","coordinates":[[[[79.9529,6.7036],[79.9529,6.7036]]]]}},{"type":"Feature","properties":{"osm_id":"1190287858","code":8200,"fclass":"water","name":null},"geometry":{"type":"MultiPolygon","coordinates":[[[[79.9529,6.7035],[79.9529,6.7035]]]]}},{"type":"Feature","properties":{"osm_id":"1190298264","code":8200,"fclass":"water","name":null},"geometry":{"type":"MultiPolygon","coordinates":[[[[79.9222,6.7223],[79.9222,6.7223]]]]}},{"type":"Feature","properties":{"osm_id":"1190450990","code":8200,"fclass":"water","name":null},"geometry":{"type":"MultiPolygon","coordinates":[[[[79.9434,6.7153],[79.9438,6.7155],[79.9434,6.7153]]]]}},{"type":"Feature","properties":{"osm_id":"1191599923","code":8200,"fclass":"water","name":null},"geometry":{"type":"MultiPolygon","coordinates":[[[[80.0295,6.442],[80.03,6.442],[80.0301,6.4415],[80.0296,6.4413],[80.0295,6.442]]]]}},{"type":"Feature","properties":{"osm_id":"1191618671","code":8200,"fclass":"water","name":null},"geometry":{"type":"MultiPolygon","coordinates":[[[[80.0275,6.4448],[80.0289,6.4421],[80.0275,6.4448]]]]}},{"type":"Feature","properties":{"osm_id":"1191780428","code":8200,"fclass":"water","name":null},"geometry":{"type":"MultiPolygon","coordinates":[[[[79.8457,7.2093],[79.8462,7.2093],[79.8457,7.2093]]]]}},{"type":"Feature","properties":{"osm_id":"1192045922","code":8200,"fclass":"water","name":null},"geometry":{"type":"MultiPolygon","coordinates":[[[[80.0542,6.6933],[80.0542,6.6933]]]]}},{"type":"Feature","properties":{"osm_id":"1192344082","code":8200,"fclass":"water","name":null},"geometry":{"type":"MultiPolygon","coordinates":[[[[80.0573,6.6923],[80.0573,6.6923]]]]}},{"type":"Feature","properties":{"osm_id":"1192344083","code":8200,"fclass":"water","name":null},"geometry":{"type":"MultiPolygon","coordinates":[[[[80.0572,6.6931],[80.0574,6.6934],[80.0575,6.6931],[80.0572,6.6931]]]]}},{"type":"Feature","properties":{"osm_id":"1192664524","code":8202,"fclass":"riverbank","name":null},"geometry":{"type":"MultiPolygon","coordinates":[[[[79.9486,6.7609],[79.9488,6.7625],[79.9523,6.7643],[79.9535,6.7666],[79.955,6.7654],[79.9557,6.7667],[79.9568,6.7661],[79.9569,6.7668],[79.9581,6.7674],[79.9607,6.768],[79.9608,6.7691],[79.9616,6.7694],[79.9631,6.7691],[79.9651,6.7697],[79.9683,6.7682],[79.9703,6.7682],[79.9711,6.7691],[79.9743,6.7687],[79.976,6.7693],[79.9763,6.7704],[79.9781,6.7725],[79.9778,6.7714],[79.9768,6.771],[79.9762,6.7691],[79.9744,6.7685],[79.9713,6.7689],[79.9703,6.768],[79.9685,6.768],[79.9649,6.7694],[79.9627,6.769],[79.9616,6.7692],[79.9609,6.7688],[79.9608,6.7678],[79.9581,6.7671],[79.957,6.7665],[79.9568,6.7658],[79.9557,6.7665],[79.955,6.7652],[79.9543,6.7662],[79.9534,6.7664],[79.9524,6.7642],[79.9493,6.7627],[79.9486,6.7609]]]]}},{"type":"Feature","properties":{"osm_id":"1193404289","code":8200,"fclass":"water","name":null},"geometry":{"type":"MultiPolygon","coordinates":[[[[79.999,6.446],[79.999,6.446]]]]}},{"type":"Feature","properties":{"osm_id":"1193404307","code":8200,"fclass":"water","name":null},"geometry":{"type":"MultiPolygon","coordinates":[[[[79.9983,6.4457],[79.9983,6.4457]]]]}},{"type":"Feature","properties":{"osm_id":"1193406993","code":8200,"fclass":"water","name":null},"geometry":{"type":"MultiPolygon","coordinates":[[[[79.9984,6.444],[79.9984,6.444]]]]}},{"type":"Feature","properties":{"osm_id":"1193409345","code":8200,"fclass":"water","name":null},"geometry":{"type":"MultiPolygon","coordinates":[[[[80.0006,6.4462],[80.0006,6.4462]]]]}},{"type":"Feature","properties":{"osm_id":"1193409624","code":8200,"fclass":"water","name":null},"geometry":{"type":"MultiPolygon","coordinates":[[[[80.0005,6.4443],[80.0005,6.4443]]]]}},{"type":"Feature","properties":{"osm_id":"1193573860","code":8200,"fclass":"water","name":null},"geometry":{"type":"MultiPolygon","coordinates":[[[[80.1851,6.623],[80.1859,6.6229],[80.1852,6.6226],[80.1851,6.623]]]]}},{"type":"Feature","properties":{"osm_id":"1193573871","code":8200,"fclass":"water","name":null},"geometry":{"type":"MultiPolygon","coordinates":[[[[80.1884,6.625],[80.189,6.6242],[80.1884,6.625]]]]}},{"type":"Feature","properties":{"osm_id":"1193817960","code":8200,"fclass":"water","name":null},"geometry":{"type":"MultiPolygon","coordinates":[[[[80.0127,6.7778],[80.0138,6.7786],[80.0127,6.7778]]]]}},{"type":"Feature","properties":{"osm_id":"1193817963","code":8200,"fclass":"water","name":null},"geometry":{"type":"MultiPolygon","coordinates":[[[[80.0126,6.7796],[80.0136,6.7798],[80.0126,6.7796]]]]}},{"type":"Feature","properties":{"osm_id":"1193818081","code":8200,"fclass":"water","name":null},"geometry":{"type":"MultiPolygon","coordinates":[[[[80.0138,6.7774],[80.0143,6.7776],[80.0144,6.7769],[80.0138,6.7774]]]]}},{"type":"Feature","properties":{"osm_id":"1193842335","code":8200,"fclass":"water","name":null},"geometry":{"type":"MultiPolygon","coordinates":[[[[80.0062,6.4539],[80.0062,6.4539]]]]}},{"type":"Feature","properties":{"osm_id":"1193846287","code":8200,"fclass":"water","name":null},"geometry":{"type":"MultiPolygon","coordinates":[[[[80.0102,6.4543],[80.0102,6.4543]]]]}},{"type":"Feature","properties":{"osm_id":"1193846288","code":8200,"fclass":"water","name":null},"geometry":{"type":"MultiPolygon","coordinates":[[[[80.0101,6.4541],[80.0101,6.4541]]]]}},{"type":"Feature","properties":{"osm_id":"1193852004","code":8200,"fclass":"water","name":null},"geometry":{"type":"MultiPolygon","coordinates":[[[[79.9986,6.4289],[79.9986,6.4289]]]]}},{"type":"Feature","properties":{"osm_id":"1193995335","code":8200,"fclass":"water","name":null},"geometry":{"type":"MultiPolygon","coordinates":[[[[80.022,6.4993],[80.0222,6.4999],[80.0223,6.4989],[80.022,6.4993]]]]}},{"type":"Feature","properties":{"osm_id":"1194916337","code":8200,"fclass":"water","name":null},"geometry":{"type":"MultiPolygon","coordinates":[[[[79.9074,6.7006],[79.9074,6.7006]]]]}},{"type":"Feature","properties":{"osm_id":"1195048851","code":8200,"fclass":"water","name":null},"geometry":{"type":"MultiPolygon","coordinates":[[[[79.9106,6.6976],[79.9106,6.6976]]]]}},{"type":"Feature","properties":{"osm_id":"1195439821","code":8200,"fclass":"water","name":null},"geometry":{"type":"MultiPolygon","coordinates":[[[[80.0864,6.7727],[80.0864,6.7727]]]]}},{"type":"Feature","properties":{"osm_id":"1195896667","code":8200,"fclass":"water","name":null},"geometry":{"type":"MultiPolygon","coordinates":[[[[79.9984,6.7603],[79.999,6.7606],[80.0002,6.7602],[79.9984,6.7603]]]]}},{"type":"Feature","properties":{"osm_id":"1196033546","code":8200,"fclass":"water","name":null},"geometry":{"type":"MultiPolygon","coordinates":[[[[80.1793,6.6368],[80.1797,6.6375],[80.18,6.6372],[80.1793,6.6368]]]]}},{"type":"Feature","properties":{"osm_id":"1196036783","code":8200,"fclass":"water","name":null},"geometry":{"type":"MultiPolygon","coordinates":[[[[80.2115,6.6231],[80.2122,6.6232],[80.2115,6.6231]]]]}},{"type":"Feature","properties":{"osm_id":"1196322890","code":8200,"fclass":"water","name":null},"geometry":{"type":"MultiPolygon","coordinates":[[[[80.1755,6.6407],[80.176,6.6405],[80.1755,6.6407]]]]}},{"type":"Feature","properties":{"osm_id":"1197498070","code":8200,"fclass":"water","name":null},"geometry":{"type":"MultiPolygon","coordinates":[[[[80.1499,6.6279],[80.1512,6.627],[80.1499,6.6279]]]]}},{"type":"Feature","properties":{"osm_id":"1197586294","code":8200,"fclass":"water","name":null},"geometry":{"type":"MultiPolygon","coordinates":[[[[79.9998,6.6193],[80.0004,6.6202],[80.0003,6.6179],[79.9998,6.6193]]]]}},{"type":"Feature","properties":{"osm_id":"1197645487","code":8200,"fclass":"water","name":null},"geometry":{"type":"MultiPolygon","coordinates":[[[[80.1135,6.7263],[80.1135,6.7263]]]]}},{"type":"Feature","properties":{"osm_id":"1197832457","code":8200,"fclass":"water","name":null},"geometry":{"type":"MultiPolygon","coordinates":[[[[80.1134,6.7262],[80.1134,6.7262]]]]}},{"type":"Feature","properties":{"osm_id":"1198121542","code":8200,"fclass":"water","name":null},"geometry":{"type":"MultiPolygon","coordinates":[[[[79.9295,6.6713],[79.9295,6.6713]]]]}},{"type":"Feature","properties":{"osm_id":"1198140028","code":8200,"fclass":"water","name":null},"geometry":{"type":"MultiPolygon","coordinates":[[[[80.1754,6.6503],[80.1754,6.6503]]]]}},{"type":"Feature","properties":{"osm_id":"1200835466","code":8200,"fclass":"water","name":null},"geometry":{"type":"MultiPolygon","coordinates":[[[[80.117,6.7015],[80.117,6.7015]]]]}},{"type":"Feature","properties":{"osm_id":"1200835467","code":8200,"fclass":"water","name":null},"geometry":{"type":"MultiPolygon","coordinates":[[[[80.1161,6.702],[80.1161,6.702]]]]}},{"type":"Feature","properties":{"osm_id":"1200919831","code":8200,"fclass":"water","name":null},"geometry":{"type":"MultiPolygon","coordinates":[[[[80.0315,6.6256],[80.0326,6.6257],[80.032,6.6253],[80.0315,6.6256]]]]}},{"type":"Feature","properties":{"osm_id":"1200919832","code":8200,"fclass":"water","name":null},"geometry":{"type":"MultiPolygon","coordinates":[[[[80.0326,6.6258],[80.0326,6.6258]]]]}},{"type":"Feature","properties":{"osm_id":"1200919833","code":8200,"fclass":"water","name":null},"geometry":{"type":"MultiPolygon","coordinates":[[[[80.0328,6.6261],[80.0335,6.6267],[80.0345,6.6266],[80.0344,6.6261],[80.0338,6.6262],[80.0333,6.6257],[80.0328,6.6261]]]]}},{"type":"Feature","properties":{"osm_id":"1201146002","code":8200,"fclass":"water","name":null},"geometry":{"type":"MultiPolygon","coordinates":[[[[80.0462,6.7273],[80.0462,6.7273]]]]}},{"type":"Feature","properties":{"osm_id":"1201162933","code":8201,"fclass":"reservoir","name":null},"geometry":{"type":"MultiPolygon","coordinates":[[[[80.1333,6.7322],[80.1336,6.7318],[80.1333,6.7322]]]]}},{"type":"Feature","properties":{"osm_id":"1201249911","code":8200,"fclass":"water","name":null},"geometry":{"type":"MultiPolygon","coordinates":[[[[80.0633,6.7437],[80.0638,6.7437],[80.0633,6.7437]]]]}},{"type":"Feature","properties":{"osm_id":"1202249319","code":8200,"fclass":"water","name":null},"geometry":{"type":"MultiPolygon","coordinates":[[[[79.9076,6.7467],[79.9076,6.7467]]]]}},{"type":"Feature","properties":{"osm_id":"1202346272","code":8200,"fclass":"water","name":null},"geometry":{"type":"MultiPolygon","coordinates":[[[[80.0357,6.5577],[80.0366,6.5588],[80.0364,6.5574],[80.0357,6.5577]]]]}},{"type":"Feature","properties":{"osm_id":"1202480486","code":8201,"fclass":"reservoir","name":null},"geometry":{"type":"MultiPolygon","coordinates":[[[[80.111,6.7148],[80.111,6.7148]]]]}},{"type":"Feature","properties":{"osm_id":"1202516335","code":8200,"fclass":"water","name":null},"geometry":{"type":"MultiPolygon","coordinates":[[[[80.0144,6.6478],[80.0148,6.6477],[80.0144,6.6478]]]]}},{"type":"Feature","properties":{"osm_id":"1202516336","code":8200,"fclass":"water","name":null},"geometry":{"type":"MultiPolygon","coordinates":[[[[80.0152,6.6485],[80.0155,6.6492],[80.0158,6.6489],[80.0152,6.6485]]]]}},{"type":"Feature","properties":{"osm_id":"1202722437","code":8200,"fclass":"water","name":null},"geometry":{"type":"MultiPolygon","coordinates":[[[[79.9943,6.4514],[79.9943,6.4514]]]]}},{"type":"Feature","properties":{"osm_id":"1202722438","code":8200,"fclass":"water","name":null},"geometry":{"type":"MultiPolygon","coordinates":[[[[79.9955,6.4515],[79.9955,6.4515]]]]}},{"type":"Feature","properties":{"osm_id":"1202970442","code":8200,"fclass":"water","name":null},"geometry":{"type":"MultiPolygon","coordinates":[[[[79.9958,6.7155],[79.9958,6.7155]]]]}},{"type":"Feature","properties":{"osm_id":"1203050048","code":8200,"fclass":"water","name":null},"geometry":{"type":"MultiPolygon","coordinates":[[[[79.993,6.4482],[79.993,6.4482]]]]}},{"type":"Feature","properties":{"osm_id":"1204495465","code":8200,"fclass":"water","name":null},"geometry":{"type":"MultiPolygon","coordinates":[[[[79.9886,6.4491],[79.9886,6.4491]]]]}},{"type":"Feature","properties":{"osm_id":"1204749475","code":8200,"fclass":"water","name":null},"geometry":{"type":"MultiPolygon","coordinates":[[[[79.9596,6.6108],[79.9596,6.6108]]]]}},{"type":"Feature","properties":{"osm_id":"1205268872","code":8200,"fclass":"water","name":null},"geometry":{"type":"MultiPolygon","coordinates":[[[[80.0156,6.6889],[80.0156,6.6889]]]]}},{"type":"Feature","properties":{"osm_id":"1205269207","code":8200,"fclass":"water","name":null},"geometry":{"type":"MultiPolygon","coordinates":[[[[80.0153,6.6892],[80.0156,6.6891],[80.0153,6.6892]]]]}},{"type":"Feature","properties":{"osm_id":"1205269355","code":8200,"fclass":"water","name":null},"geometry":{"type":"MultiPolygon","coordinates":[[[[80.0152,6.6891],[80.0152,6.6891]]]]}},{"type":"Feature","properties":{"osm_id":"1205269476","code":8200,"fclass":"water","name":null},"geometry":{"type":"MultiPolygon","coordinates":[[[[80.0152,6.689],[80.0152,6.689]]]]}},{"type":"Feature","properties":{"osm_id":"1205279842","code":8200,"fclass":"water","name":null},"geometry":{"type":"MultiPolygon","coordinates":[[[[80.0023,6.477],[80.0027,6.4771],[80.0025,6.4764],[80.0023,6.477]]]]}},{"type":"Feature","properties":{"osm_id":"1205527508","code":8200,"fclass":"water","name":null},"geometry":{"type":"MultiPolygon","coordinates":[[[[79.9841,6.4827],[79.9841,6.4827]]]]}},{"type":"Feature","properties":{"osm_id":"1207152526","code":8200,"fclass":"water","name":null},"geometry":{"type":"MultiPolygon","coordinates":[[[[79.9968,6.5047],[79.9977,6.5048],[79.9968,6.5047]]]]}},{"type":"Feature","properties":{"osm_id":"1207198752","code":8200,"fclass":"water","name":null},"geometry":{"type":"MultiPolygon","coordinates":[[[[80.0291,6.7521],[80.0295,6.752],[80.0291,6.7521]]]]}},{"type":"Feature","properties":{"osm_id":"1207849298","code":8200,"fclass":"water","name":null},"geometry":{"type":"MultiPolygon","coordinates":[[[[79.9758,6.5383],[79.9761,6.5383],[79.9758,6.5383]]]]}},{"type":"Feature","properties":{"osm_id":"1207929533","code":8200,"fclass":"water","name":null},"geometry":{"type":"MultiPolygon","coordinates":[[[[80.0844,6.9186],[80.0846,6.9188],[80.0853,6.9176],[80.0844,6.9186]]]]}},{"type":"Feature","properties":{"osm_id":"1207936945","code":8202,"fclass":"riverbank","name":null},"geometry":{"type":"MultiPolygon","coordinates":[[[[80.216,6.9751],[80.2168,6.9754],[80.2176,6.9741],[80.217,6.9752],[80.216,6.9747],[80.216,6.9751]]],[[[80.2179,6.9735],[80.2182,6.9728],[80.2179,6.9735]]],[[[80.2178,6.9718],[80.2175,6.9672],[80.2178,6.9718]]],[[[80.2171,6.9647],[80.2171,6.9647]]]]}},{"type":"Feature","properties":{"osm_id":"1209689009","code":8200,"fclass":"water","name":null},"geometry":{"type":"MultiPolygon","coordinates":[[[[79.9363,6.6569],[79.9363,6.6569]]]]}},{"type":"Feature","properties":{"osm_id":"1209703106","code":8200,"fclass":"water","name":null},"geometry":{"type":"MultiPolygon","coordinates":[[[[79.9578,6.6335],[79.9579,6.6338],[79.9585,6.6337],[79.958,6.6336],[79.9581,6.633],[79.9578,6.6335]]]]}},{"type":"Feature","properties":{"osm_id":"1209703108","code":8200,"fclass":"water","name":null},"geometry":{"type":"MultiPolygon","coordinates":[[[[79.9574,6.6336],[79.9577,6.6337],[79.9576,6.6331],[79.9574,6.6336]]]]}},{"type":"Feature","properties":{"osm_id":"1209703109","code":8200,"fclass":"water","name":null},"geometry":{"type":"MultiPolygon","coordinates":[[[[79.9574,6.6328],[79.9576,6.6324],[79.9574,6.6328]]]]}},{"type":"Feature","properties":{"osm_id":"1209703110","code":8200,"fclass":"water","name":null},"geometry":{"type":"MultiPolygon","coordinates":[[[[79.9581,6.6326],[79.9585,6.6328],[79.9581,6.6326]]]]}},{"type":"Feature","properties":{"osm_id":"1209703111","code":8200,"fclass":"water","name":null},"geometry":{"type":"MultiPolygon","coordinates":[[[[79.9562,6.6323],[79.9571,6.6331],[79.9571,6.6323],[79.9562,6.6323]]]]}},{"type":"Feature","properties":{"osm_id":"1209705698","code":8200,"fclass":"water","name":null},"geometry":{"type":"MultiPolygon","coordinates":[[[[80.0667,6.7159],[80.0667,6.7159]]]]}},{"type":"Feature","properties":{"osm_id":"1209778957","code":8200,"fclass":"water","name":null},"geometry":{"type":"MultiPolygon","coordinates":[[[[80.029,6.7393],[80.0296,6.7395],[80.029,6.7393]]]]}},{"type":"Feature","properties":{"osm_id":"1209959637","code":8200,"fclass":"water","name":null},"geometry":{"type":"MultiPolygon","coordinates":[[[[80.0517,6.716],[80.0517,6.716]]]]}},{"type":"Feature","properties":{"osm_id":"1213793254","code":8201,"fclass":"reservoir","name":null},"geometry":{"type":"MultiPolygon","coordinates":[[[[79.9913,6.4674],[79.9913,6.4674]]]]}},{"type":"Feature","properties":{"osm_id":"1214535563","code":8200,"fclass":"water","name":null},"geometry":{"type":"MultiPolygon","coordinates":[[[[79.9754,6.4676],[79.9754,6.4676]]]]}},{"type":"Feature","properties":{"osm_id":"1214536837","code":8200,"fclass":"water","name":null},"geometry":{"type":"MultiPolygon","coordinates":[[[[79.9787,6.4689],[79.9787,6.4689]]]]}},{"type":"Feature","properties":{"osm_id":"1214797588","code":8200,"fclass":"water","name":null},"geometry":{"type":"MultiPolygon","coordinates":[[[[79.9864,6.488],[79.9864,6.488]]]]}},{"type":"Feature","properties":{"osm_id":"1215149232","code":8200,"fclass":"water","name":null},"geometry":{"type":"MultiPolygon","coordinates":[[[[79.9733,6.5678],[79.9733,6.5678]]]]}},{"type":"Feature","properties":{"osm_id":"16480776","code":8200,"fclass":"water","name":null},"geometry":{"type":"MultiPolygon","coordinates":[[[[79.9897,6.5848],[79.991,6.5854],[79.9907,6.5843],[79.9898,6.584],[79.9897,6.5848]],[[79.9903,6.5846],[79.9903,6.5846]]]]}},{"type":"Feature","properties":{"osm_id":"16485792","code":8200,"fclass":"water","name":null},"geometry":{"type":"MultiPolygon","coordinates":[[[[79.9877,6.5824],[79.9882,6.5833],[79.9894,6.5832],[79.9892,6.5828],[79.9883,6.5829],[79.9881,6.5822],[79.9877,6.5824]],[[79.9885,6.5832],[79.9885,6.5832]]]]}},{"type":"Feature","properties":{"osm_id":"1215607059","code":8200,"fclass":"water","name":null},"geometry":{"type":"MultiPolygon","coordinates":[[[[79.9843,6.5792],[79.9846,6.5796],[79.9843,6.5792]]]]}},{"type":"Feature","properties":{"osm_id":"1217038809","code":8200,"fclass":"water","name":null},"geometry":{"type":"MultiPolygon","coordinates":[[[[79.9574,6.6322],[79.9581,6.6326],[79.9583,6.6319],[79.9576,6.6317],[79.9574,6.6322]]]]}},{"type":"Feature","properties":{"osm_id":"1217068850","code":8200,"fclass":"water","name":null},"geometry":{"type":"MultiPolygon","coordinates":[[[[79.9542,6.6232],[79.9545,6.6232],[79.9542,6.6232]]]]}},{"type":"Feature","properties":{"osm_id":"1222945874","code":8221,"fclass":"wetland","name":null},"geometry":{"type":"MultiPolygon","coordinates":[[[[79.8907,6.8271],[79.8913,6.8281],[79.8907,6.8271]]]]}},{"type":"Feature","properties":{"osm_id":"1223436426","code":8200,"fclass":"water","name":null},"geometry":{"type":"MultiPolygon","coordinates":[[[[79.8848,6.8281],[79.8855,6.8288],[79.8852,6.8273],[79.8848,6.8281]]]]}},{"type":"Feature","properties":{"osm_id":"1223436427","code":8200,"fclass":"water","name":null},"geometry":{"type":"MultiPolygon","coordinates":[[[[79.8858,6.8265],[79.8864,6.8267],[79.8858,6.8265]]]]}},{"type":"Feature","properties":{"osm_id":"1223436428","code":8200,"fclass":"water","name":null},"geometry":{"type":"MultiPolygon","coordinates":[[[[79.9184,6.8876],[79.9187,6.888],[79.9191,6.8878],[79.9184,6.8876]]]]}},{"type":"Feature","properties":{"osm_id":"1223436429","code":8200,"fclass":"water","name":null},"geometry":{"type":"MultiPolygon","coordinates":[[[[79.9184,6.8875],[79.9186,6.8872],[79.9184,6.8875]]]]}},{"type":"Feature","properties":{"osm_id":"1223436430","code":8200,"fclass":"water","name":null},"geometry":{"type":"MultiPolygon","coordinates":[[[[79.9188,6.8872],[79.9191,6.8875],[79.9188,6.8872]]]]}},{"type":"Feature","properties":{"osm_id":"1223445363","code":8200,"fclass":"water","name":null},"geometry":{"type":"MultiPolygon","coordinates":[[[[79.923,6.8881],[79.923,6.8881]]]]}},{"type":"Feature","properties":{"osm_id":"1223445364","code":8200,"fclass":"water","name":null},"geometry":{"type":"MultiPolygon","coordinates":[[[[79.9231,6.8882],[79.9231,6.8882]]]]}},{"type":"Feature","properties":{"osm_id":"1223445365","code":8200,"fclass":"water","name":null},"geometry":{"type":"MultiPolygon","coordinates":[[[[79.9232,6.8882],[79.9232,6.8882]]]]}},{"type":"Feature","properties":{"osm_id":"1223445366","code":8200,"fclass":"water","name":null},"geometry":{"type":"MultiPolygon","coordinates":[[[[79.9233,6.8882],[79.9233,6.8882]]]]}},{"type":"Feature","properties":{"osm_id":"1223445367","code":8200,"fclass":"water","name":null},"geometry":{"type":"MultiPolygon","coordinates":[[[[79.9233,6.8881],[79.9233,6.8881]]]]}},{"type":"Feature","properties":{"osm_id":"1223445368","code":8200,"fclass":"water","name":null},"geometry":{"type":"MultiPolygon","coordinates":[[[[79.9234,6.8881],[79.9234,6.8881]]]]}},{"type":"Feature","properties":{"osm_id":"1223445369","code":8200,"fclass":"water","name":null},"geometry":{"type":"MultiPolygon","coordinates":[[[[79.9235,6.8881],[79.9235,6.8881]]]]}},{"type":"Feature","properties":{"osm_id":"1223445370","code":8200,"fclass":"water","name":null},"geometry":{"type":"MultiPolygon","coordinates":[[[[79.9235,6.888],[79.9235,6.888]]]]}},{"type":"Feature","properties":{"osm_id":"1223445371","code":8200,"fclass":"water","name":null},"geometry":{"type":"MultiPolygon","coordinates":[[[[79.9235,6.888],[79.9235,6.888]]]]}},{"type":"Feature","properties":{"osm_id":"1223445372","code":8200,"fclass":"water","name":null},"geometry":{"type":"MultiPolygon","coordinates":[[[[79.9235,6.8878],[79.9235,6.8878]]]]}},{"type":"Feature","properties":{"osm_id":"1223445373","code":8200,"fclass":"water","name":null},"geometry":{"type":"MultiPolygon","coordinates":[[[[79.9235,6.8878],[79.9235,6.8878]]]]}},{"type":"Feature","properties":{"osm_id":"1223445374","code":8200,"fclass":"water","name":null},"geometry":{"type":"MultiPolygon","coordinates":[[[[79.9235,6.8877],[79.9235,6.8877]]]]}},{"type":"Feature","properties":{"osm_id":"1226686119","code":8200,"fclass":"water","name":null},"geometry":{"type":"MultiPolygon","coordinates":[[[[79.8743,7.1752],[79.8748,7.1755],[79.8743,7.1752]]]]}},{"type":"Feature","properties":{"osm_id":"1231052627","code":8200,"fclass":"water","name":null},"geometry":{"type":"MultiPolygon","coordinates":[[[[79.8996,6.859],[79.8999,6.8595],[79.9004,6.8589],[79.9,6.8585],[79.8996,6.859]]]]}},{"type":"Feature","properties":{"osm_id":"1231052631","code":8200,"fclass":"water","name":null},"geometry":{"type":"MultiPolygon","coordinates":[[[[79.9,6.8602],[79.901,6.8605],[79.9015,6.8615],[79.9019,6.8615],[79.9012,6.8607],[79.9025,6.86],[79.9025,6.8592],[79.9031,6.8591],[79.903,6.8583],[79.9037,6.8584],[79.9036,6.8575],[79.9023,6.8586],[79.902,6.8598],[79.9008,6.8603],[79.9001,6.8596],[79.9,6.8602]]]]}},{"type":"Feature","properties":{"osm_id":"1231580898","code":8200,"fclass":"water","name":null},"geometry":{"type":"MultiPolygon","coordinates":[[[[79.8919,6.8609],[79.8924,6.8616],[79.8939,6.8592],[79.8919,6.8609]]]]}},{"type":"Feature","properties":{"osm_id":"1232415602","code":8200,"fclass":"water","name":null},"geometry":{"type":"MultiPolygon","coordinates":[[[[79.8882,6.8658],[79.8889,6.8646],[79.8898,6.8645],[79.8887,6.8645],[79.8882,6.8658]]]]}},{"type":"Feature","properties":{"osm_id":"1239334528","code":8200,"fclass":"water","name":null},"geometry":{"type":"MultiPolygon","coordinates":[[[[79.8985,6.8181],[79.8989,6.8184],[79.899,6.8174],[79.8985,6.8181]]]]}},{"type":"Feature","properties":{"osm_id":"1239334549","code":8200,"fclass":"water","name":null},"geometry":{"type":"MultiPolygon","coordinates":[[[[79.9036,6.7177],[79.9039,6.7191],[79.9036,6.7177]]]]}},{"type":"Feature","properties":{"osm_id":"1239334897","code":8200,"fclass":"water","name":null},"geometry":{"type":"MultiPolygon","coordinates":[[[[79.8926,6.7573],[79.893,6.7545],[79.8943,6.7519],[79.8935,6.7519],[79.8926,6.7537],[79.8926,6.7573]]]]}},{"type":"Feature","properties":{"osm_id":"1239556693","code":8200,"fclass":"water","name":null},"geometry":{"type":"MultiPolygon","coordinates":[[[[79.8871,6.7709],[79.8895,6.7683],[79.888,6.7684],[79.8881,6.7691],[79.8871,6.7695],[79.8871,6.7709]]]]}},{"type":"Feature","properties":{"osm_id":"1240681067","code":8200,"fclass":"water","name":null},"geometry":{"type":"MultiPolygon","coordinates":[[[[79.8975,6.8177],[79.8975,6.8177]]]]}},{"type":"Feature","properties":{"osm_id":"1241646700","code":8200,"fclass":"water","name":null},"geometry":{"type":"MultiPolygon","coordinates":[[[[79.8958,6.8753],[79.8958,6.8753]]]]}},{"type":"Feature","properties":{"osm_id":"1242538439","code":8200,"fclass":"water","name":null},"geometry":{"type":"MultiPolygon","coordinates":[[[[79.8722,6.8566],[79.8727,6.8566],[79.8722,6.8566]]]]}},{"type":"Feature","properties":{"osm_id":"1242542639","code":8200,"fclass":"water","name":null},"geometry":{"type":"MultiPolygon","coordinates":[[[[79.8916,6.8667],[79.8916,6.8667]]]]}},{"type":"Feature","properties":{"osm_id":"1242554888","code":8200,"fclass":"water","name":null},"geometry":{"type":"MultiPolygon","coordinates":[[[[79.8832,6.8717],[79.8832,6.8717]]]]}},{"type":"Feature","properties":{"osm_id":"1242774262","code":8200,"fclass":"water","name":null},"geometry":{"type":"MultiPolygon","coordinates":[[[[79.8619,6.8455],[79.8623,6.8455],[79.8619,6.8455]]]]}},{"type":"Feature","properties":{"osm_id":"1245770478","code":8200,"fclass":"water","name":null},"geometry":{"type":"MultiPolygon","coordinates":[[[[79.92,6.9458],[79.9206,6.9466],[79.9214,6.9459],[79.9207,6.9452],[79.92,6.9458]]]]}},{"type":"Feature","properties":{"osm_id":"1247068069","code":8200,"fclass":"water","name":null},"geometry":{"type":"MultiPolygon","coordinates":[[[[80.2563,6.4907],[80.2563,6.4914],[80.2569,6.4917],[80.2571,6.4913],[80.2563,6.4907]]]]}},{"type":"Feature","properties":{"osm_id":"1257421128","code":8221,"fclass":"wetland","name":"Watawala Kumbura"},"geometry":{"type":"MultiPolygon","coordinates":[[[[79.9262,6.7624],[79.9264,6.7641],[79.9268,6.7641],[79.9271,6.7622],[79.9264,6.7617],[79.9262,6.7624]]]]}},{"type":"Feature","properties":{"osm_id":"1257421129","code":8221,"fclass":"wetland","name":null},"geometry":{"type":"MultiPolygon","coordinates":[[[[79.9252,6.7606],[79.9259,6.7641],[79.9264,6.7641],[79.9264,6.7608],[79.9252,6.7606]]]]}},{"type":"Feature","properties":{"osm_id":"1265418092","code":8200,"fclass":"water","name":"Primelife Swimming Pool"},"geometry":{"type":"MultiPolygon","coordinates":[[[[79.9596,6.9911],[79.9596,6.9911]]]]}},{"type":"Feature","properties":{"osm_id":"1276705611","code":8221,"fclass":"wetland","name":null},"geometry":{"type":"MultiPolygon","coordinates":[[[[79.8979,7.0058],[79.8979,7.0062],[79.8996,7.0057],[79.8988,7.0049],[79.898,7.0051],[79.8979,7.0058]]]]}},{"type":"Feature","properties":{"osm_id":"1300739638","code":8200,"fclass":"water","name":null},"geometry":{"type":"MultiPolygon","coordinates":[[[[79.9773,6.5586],[79.9775,6.5576],[79.9773,6.5586]]]]}},{"type":"Feature","properties":{"osm_id":"9143876","code":8202,"fclass":"riverbank","name":"Bolgoda_Lake"},"geometry":{"type":"MultiPolygon","coordinates":[[[[79.9173,6.6824],[79.9218,6.6839],[79.9245,6.6843],[79.9266,6.6856],[79.9279,6.6854],[79.9278,6.6859],[79.9301,6.6826],[79.9322,6.6822],[79.9342,6.6837],[79.9378,6.6877],[79.9402,6.6885],[79.9394,6.6895],[79.9389,6.6923],[79.9416,6.6931],[79.9423,6.6947],[79.9453,6.6929],[79.9475,6.6928],[79.9477,6.6917],[79.9493,6.6907],[79.9506,6.6905],[79.9528,6.6917],[79.9553,6.6922],[79.9558,6.6916],[79.9583,6.6915],[79.9576,6.6905],[79.9582,6.6896],[79.9604,6.6899],[79.9611,6.6915],[79.9619,6.692],[79.9634,6.6915],[79.9646,6.6918],[79.966,6.6909],[79.9673,6.6912],[79.9682,6.6921],[79.97,6.6971],[79.9717,6.6986],[79.9722,6.6998],[79.9723,6.7009],[79.9717,6.7027],[79.9681,6.7047],[79.9673,6.7061],[79.9686,6.7088],[79.9713,6.712],[79.9721,6.7158],[79.9717,6.7168],[79.9698,6.7183],[79.9652,6.724],[79.9647,6.728],[79.9621,6.7337],[79.9607,6.7407],[79.9585,6.7436],[79.9545,6.7447],[79.9506,6.7431],[79.952,6.7428],[79.9515,6.7418],[79.9505,6.7415],[79.9501,6.7425],[79.9489,6.7416],[79.9466,6.7425],[79.9404,6.7469],[79.9256,6.7469],[79.9235,6.7487],[79.9227,6.7511],[79.9195,6.7559],[79.9191,6.7554],[79.92,6.7536],[79.9186,6.7537],[79.918,6.7532],[79.9179,6.7525],[79.9185,6.751],[79.9205,6.7488],[79.9184,6.748],[79.917,6.748],[79.9163,6.7501],[79.9159,6.7494],[79.9161,6.7479],[79.9173,6.7467],[79.9193,6.7465],[79.9234,6.7472],[79.9243,6.7461],[79.9233,6.7457],[79.9213,6.7463],[79.9211,6.746],[79.921,6.7446],[79.9202,6.7436],[79.9208,6.7431],[79.9219,6.7434],[79.9227,6.7428],[79.9228,6.7422],[79.9212,6.7412],[79.9215,6.7408],[79.9227,6.7408],[79.922,6.7399],[79.922,6.7377],[79.9212,6.7382],[79.92,6.737],[79.9205,6.7386],[79.9202,6.7402],[79.9193,6.7404],[79.9185,6.7423],[79.9156,6.7431],[79.9172,6.7433],[79.9176,6.7438],[79.9174,6.7457],[79.9162,6.7461],[79.9155,6.7476],[79.9147,6.7476],[79.9126,6.7458],[79.9104,6.7456],[79.9102,6.7472],[79.9122,6.7484],[79.9124,6.7502],[79.913,6.7501],[79.9128,6.7508],[79.9137,6.7508],[79.914,6.7502],[79.9154,6.7505],[79.9161,6.7519],[79.9154,6.7531],[79.9169,6.7538],[79.9176,6.7554],[79.915,6.7601],[79.9135,6.7608],[79.9133,6.7626],[79.9119,6.7634],[79.9107,6.7649],[79.9096,6.7652],[79.9083,6.7637],[79.9062,6.7634],[79.9049,6.762],[79.9038,6.7628],[79.9,6.762],[79.897,6.7657],[79.8972,6.7664],[79.8989,6.7663],[79.8994,6.7673],[79.8988,6.7681],[79.8984,6.7696],[79.8966,6.7709],[79.8963,6.7719],[79.8943,6.7729],[79.8922,6.7748],[79.8898,6.7753],[79.8887,6.7751],[79.8879,6.7741],[79.8873,6.7725],[79.8877,6.771],[79.8897,6.7699],[79.8929,6.7663],[79.8935,6.7661],[79.8944,6.7637],[79.8962,6.7624],[79.8973,6.76],[79.8979,6.7581],[79.8974,6.7563],[79.8987,6.7539],[79.8965,6.7492],[79.8961,6.7468],[79.8979,6.7452],[79.9011,6.7364],[79.903,6.7329],[79.9034,6.7329],[79.9038,6.7312],[79.9035,6.7269],[79.9051,6.7207],[79.905,6.7182],[79.9025,6.7146],[79.9009,6.7147],[79.9007,6.7167],[79.8995,6.7165],[79.8996,6.717],[79.9007,6.7172],[79.9012,6.7161],[79.9016,6.7161],[79.9023,6.7169],[79.9032,6.7196],[79.903,6.7228],[79.9009,6.7289],[79.899,6.738],[79.8949,6.7455],[79.8945,6.7503],[79.8919,6.756],[79.8916,6.7617],[79.8921,6.7643],[79.887,6.7698],[79.8859,6.7735],[79.8861,6.7761],[79.8869,6.7776],[79.8863,6.779],[79.888,6.7798],[79.8879,6.7806],[79.8884,6.7808],[79.8893,6.7798],[79.8917,6.7787],[79.8928,6.7796],[79.8936,6.7797],[79.8945,6.7791],[79.8949,6.7799],[79.8965,6.7786],[79.8978,6.7766],[79.8998,6.7757],[79.9019,6.7735],[79.9028,6.7736],[79.903,6.775],[79.9036,6.7752],[79.9047,6.7745],[79.9063,6.7767],[79.9063,6.7777],[79.9047,6.7794],[79.9049,6.7804],[79.9045,6.7809],[79.906,6.7801],[79.905,6.781],[79.9051,6.7815],[79.906,6.7818],[79.9055,6.7812],[79.9064,6.7805],[79.9071,6.781],[79.9072,6.7821],[79.907,6.7826],[79.906,6.7825],[79.9063,6.7848],[79.9054,6.7864],[79.9057,6.7873],[79.9041,6.7887],[79.9045,6.7886],[79.9043,6.79],[79.9051,6.7903],[79.9043,6.7906],[79.9041,6.7922],[79.9046,6.795],[79.9041,6.796],[79.904,6.7991],[79.9033,6.8007],[79.9016,6.8028],[79.9018,6.804],[79.9009,6.8066],[79.9015,6.8095],[79.9004,6.8143],[79.8994,6.8162],[79.9003,6.8165],[79.9011,6.8155],[79.9013,6.8141],[79.9019,6.8143],[79.9035,6.8123],[79.9041,6.8083],[79.9063,6.8069],[79.9056,6.8055],[79.9038,6.8045],[79.9034,6.8029],[79.9045,6.8004],[79.905,6.7947],[79.9056,6.7936],[79.9066,6.793],[79.9072,6.7934],[79.9078,6.7928],[79.9068,6.7901],[79.9085,6.7882],[79.908,6.7856],[79.91,6.7826],[79.9117,6.7812],[79.9137,6.7811],[79.9149,6.7801],[79.9138,6.776],[79.9138,6.7743],[79.9132,6.774],[79.9135,6.7731],[79.9155,6.7719],[79.9152,6.7707],[79.9137,6.7694],[79.9121,6.7704],[79.9108,6.7702],[79.91,6.7676],[79.9109,6.7672],[79.9124,6.7674],[79.9133,6.7665],[79.9139,6.7669],[79.9166,6.764],[79.917,6.7628],[79.9193,6.7631],[79.9206,6.7651],[79.9213,6.7654],[79.9206,6.7626],[79.9213,6.7607],[79.921,6.7592],[79.9218,6.7586],[79.9258,6.7603],[79.9274,6.7586],[79.9292,6.76],[79.9308,6.7602],[79.9307,6.7592],[79.9286,6.7563],[79.9275,6.7561],[79.9266,6.7547],[79.9248,6.7537],[79.9237,6.7537],[79.9216,6.7569],[79.9199,6.7574],[79.9241,6.7496],[79.9254,6.7486],[79.9265,6.7484],[79.9291,6.7481],[79.9329,6.749],[79.9357,6.7486],[79.9387,6.7519],[79.9403,6.7525],[79.9421,6.7518],[79.9447,6.7523],[79.9451,6.7513],[79.9447,6.7505],[79.9431,6.7502],[79.9398,6.7516],[79.9389,6.7503],[79.9369,6.749],[79.9371,6.7482],[79.9363,6.7483],[79.936,6.7476],[79.9382,6.7477],[79.9394,6.7487],[79.9454,6.7496],[79.9465,6.7524],[79.9471,6.7528],[79.9471,6.7555],[79.9482,6.7573],[79.9488,6.7609],[79.9485,6.7574],[79.9474,6.7553],[79.9475,6.753],[79.9467,6.752],[79.9461,6.7499],[79.9453,6.7493],[79.9413,6.7489],[79.9389,6.7482],[79.9421,6.7481],[79.9479,6.7428],[79.9484,6.7427],[79.9529,6.7455],[79.9543,6.7459],[79.9572,6.7458],[79.9579,6.7451],[79.9603,6.7445],[79.9608,6.744],[79.9627,6.7405],[79.9633,6.7345],[79.964,6.732],[79.9653,6.7294],[79.9662,6.7245],[79.967,6.7233],[79.9678,6.7232],[79.9687,6.7223],[79.9705,6.7185],[79.9725,6.7173],[79.9732,6.7162],[79.9727,6.7131],[79.9716,6.7112],[79.969,6.7086],[79.9678,6.7061],[79.9685,6.7051],[79.9715,6.7034],[79.9723,6.7022],[79.9724,6.695],[79.9758,6.6915],[79.9767,6.6882],[79.9781,6.6873],[79.9811,6.6863],[79.982,6.683],[79.9845,6.6823],[79.9856,6.6829],[79.9859,6.684],[79.9873,6.6854],[79.9886,6.6855],[79.9897,6.6844],[79.991,6.6859],[79.9924,6.6865],[79.9928,6.6883],[79.9942,6.6896],[79.9937,6.6904],[79.9907,6.6878],[79.9889,6.6854],[79.9889,6.6859],[79.9903,6.687],[79.9911,6.6885],[79.994,6.6909],[79.9938,6.6913],[79.9949,6.6915],[79.9941,6.6904],[79.9946,6.6898],[79.9967,6.6909],[79.9967,6.6918],[79.9975,6.6929],[79.9971,6.6936],[79.9976,6.694],[79.9976,6.6934],[79.9995,6.6943],[80.0008,6.6964],[80.0025,6.6968],[80.0046,6.6961],[80.0027,6.6965],[80.0008,6.6961],[79.9997,6.6943],[79.9979,6.6934],[79.997,6.6906],[79.9932,6.6884],[79.9927,6.6865],[79.9912,6.6858],[79.99,6.6842],[79.9887,6.6852],[79.9877,6.6852],[79.9858,6.6826],[79.9846,6.682],[79.9819,6.6827],[79.9811,6.6861],[79.978,6.6871],[79.9768,6.6879],[79.9757,6.6913],[79.9724,6.6947],[79.9719,6.6983],[79.9708,6.6972],[79.9694,6.694],[79.9695,6.6926],[79.9706,6.6912],[79.9719,6.6916],[79.9716,6.6906],[79.9725,6.6887],[79.9691,6.685],[79.9697,6.6825],[79.9694,6.6795],[79.9677,6.6806],[79.9691,6.6818],[79.9682,6.6841],[79.9683,6.688],[79.9663,6.69],[79.9649,6.6905],[79.964,6.6896],[79.9639,6.6874],[79.9631,6.6869],[79.9624,6.687],[79.962,6.686],[79.9606,6.6855],[79.9604,6.6848],[79.9589,6.6844],[79.9585,6.6838],[79.9589,6.683],[79.9585,6.6827],[79.9574,6.6826],[79.9573,6.6841],[79.9536,6.6836],[79.9512,6.6823],[79.95,6.6828],[79.9506,6.6832],[79.9503,6.6835],[79.9487,6.6837],[79.9489,6.683],[79.9542,6.6792],[79.9554,6.6796],[79.9555,6.6812],[79.9572,6.683],[79.9556,6.6812],[79.9558,6.68],[79.9585,6.6797],[79.9615,6.6778],[79.9624,6.6757],[79.9683,6.6837],[79.9625,6.6754],[79.9645,6.674],[79.9654,6.671],[79.9686,6.6673],[79.9706,6.6667],[79.9751,6.6677],[79.9724,6.6666],[79.9724,6.6639],[79.9721,6.6643],[79.9726,6.6659],[79.9723,6.6665],[79.9702,6.6662],[79.9681,6.6673],[79.9673,6.6655],[79.968,6.6637],[79.9672,6.6655],[79.968,6.6673],[79.9657,6.6697],[79.9645,6.6682],[79.9607,6.6674],[79.9607,6.6671],[79.9601,6.6677],[79.9634,6.6679],[79.9647,6.6685],[79.9657,6.6698],[79.9642,6.6737],[79.9622,6.675],[79.9583,6.6663],[79.9583,6.666],[79.9588,6.6661],[79.9593,6.6673],[79.9601,6.6676],[79.9583,6.6659],[79.9574,6.6646],[79.9573,6.6635],[79.9554,6.6615],[79.9559,6.6607],[79.9554,6.6614],[79.9543,6.6599],[79.9516,6.6544],[79.9494,6.6529],[79.9479,6.65],[79.9487,6.6476],[79.9495,6.6413],[79.9563,6.6382],[79.9572,6.6355],[79.9573,6.6326],[79.9571,6.6353],[79.9561,6.6382],[79.9494,6.6411],[79.9485,6.6478],[79.9477,6.6499],[79.9492,6.653],[79.9486,6.6533],[79.9496,6.6532],[79.9514,6.6545],[79.9539,6.6598],[79.9571,6.6636],[79.9571,6.6648],[79.9579,6.6655],[79.9621,6.6751],[79.9616,6.6772],[79.9579,6.6795],[79.9559,6.6796],[79.9537,6.6789],[79.9481,6.6839],[79.9475,6.6837],[79.944,6.6863],[79.9422,6.6861],[79.9401,6.688],[79.9381,6.6877],[79.9344,6.6836],[79.9321,6.682],[79.9299,6.6824],[79.9283,6.6847],[79.9271,6.6853],[79.9245,6.684],[79.9173,6.6824]],[[79.8937,6.7543],[79.8953,6.7521],[79.8973,6.7523],[79.898,6.7533],[79.8972,6.7564],[79.8976,6.7581],[79.8971,6.7597],[79.896,6.7609],[79.8951,6.7605],[79.894,6.7576],[79.8937,6.7543]],[[79.9021,6.771],[79.9021,6.771]],[[79.903,6.7671],[79.9042,6.7666],[79.9043,6.7671],[79.9035,6.7677],[79.903,6.7671]],[[79.9124,6.7772],[79.9132,6.7772],[79.9127,6.7782],[79.9124,6.7772]],[[79.9184,6.7613],[79.9188,6.7615],[79.9187,6.762],[79.9183,6.7619],[79.9184,6.7613]],[[79.9239,6.7559],[79.9243,6.7559],[79.9245,6.7564],[79.9239,6.7559]],[[79.9476,6.6844],[79.9483,6.6846],[79.9476,6.6844]],[[79.9482,6.684],[79.9482,6.684]],[[79.9483,6.6839],[79.9483,6.6839]],[[79.9489,6.6838],[79.9489,6.6838]],[[79.9489,6.6839],[79.9489,6.6839]],[[79.952,6.6833],[79.952,6.6833]]]]}},{"type":"Feature","properties":{"osm_id":"1301890774","code":8200,"fclass":"water","name":null},"geometry":{"type":"MultiPolygon","coordinates":[[[[80.0309,6.8317],[80.0319,6.832],[80.0309,6.8317]]]]}},{"type":"Feature","properties":{"osm_id":"1301928646","code":8200,"fclass":"water","name":null},"geometry":{"type":"MultiPolygon","coordinates":[[[[80.0369,6.8357],[80.0369,6.8357]]]]}},{"type":"Feature","properties":{"osm_id":"1302554978","code":8200,"fclass":"water","name":null},"geometry":{"type":"MultiPolygon","coordinates":[[[[80.161,6.5467],[80.161,6.5467]]]]}},{"type":"Feature","properties":{"osm_id":"1304963639","code":8221,"fclass":"wetland","name":null},"geometry":{"type":"MultiPolygon","coordinates":[[[[79.9086,6.7947],[79.909,6.7956],[79.9103,6.7965],[79.9097,6.7951],[79.9086,6.7947]]]]}},{"type":"Feature","properties":{"osm_id":"1304963640","code":8221,"fclass":"wetland","name":null},"geometry":{"type":"MultiPolygon","coordinates":[[[[79.9072,6.7935],[79.908,6.7937],[79.9083,6.7948],[79.9088,6.7943],[79.9078,6.7929],[79.9072,6.7935]]]]}},{"type":"Feature","properties":{"osm_id":"1308711203","code":8200,"fclass":"water","name":null},"geometry":{"type":"MultiPolygon","coordinates":[[[[80.1302,7.3222],[80.1304,7.3228],[80.1312,7.3221],[80.1307,7.3216],[80.1302,7.3222]]]]}},{"type":"Feature","properties":{"osm_id":"1320947291","code":8200,"fclass":"water","name":null},"geometry":{"type":"MultiPolygon","coordinates":[[[[79.9518,6.9472],[79.9526,6.9474],[79.9525,6.947],[79.9518,6.9472]]]]}},{"type":"Feature","properties":{"osm_id":"1320950859","code":8200,"fclass":"water","name":null},"geometry":{"type":"MultiPolygon","coordinates":[[[[80.1213,7.0694],[80.1214,7.0698],[80.122,7.0696],[80.1213,7.0694]]]]}},{"type":"Feature","properties":{"osm_id":"1338620637","code":8200,"fclass":"water","name":null},"geometry":{"type":"MultiPolygon","coordinates":[[[[79.8596,7.0352],[79.8596,7.0352]]]]}}]}